model,trial_id,mode,field,answer,gold,label
gemma4,E1_img_0240_mixed_N1_k1_P1,open,item,Apple crumble tart,Tarte Tatin,
gemma4,E1_img_0240_mixed_N2_k1_P1,open,item,Apple crumble tart,Tarte Tatin,
gemma4,E1_img_0240_mixed_N3_k1_P1,open,item,Apple crumble tart,Tarte Tatin,
gemma4,E1_img_0240_mixed_N4_k1_P1,open,item,Apple crumble tart,Tarte Tatin,
gemma4,E2_img_0240_mixed_N5_k1_P1,open,item,Apple crumble,Tarte Tatin,
gemma4,E2_img_0240_mixed_N5_k2_P1,open,item,Crostata,Tarte Tatin,
gemma4,E2_img_0240_mixed_N5_k2_P1,open,country,Italy,France,
gemma4,E2_img_0240_mixed_N5_k4_P1,open,item,Crostata,Tarte Tatin,
gemma4,E2_img_0240_mixed_N5_k4_P1,open,country,Italy,France,
gemma4,E2_img_0240_mixed_N5_k5_P1,open,item,Crostata,Tarte Tatin,
gemma4,E2_img_0240_mixed_N5_k5_P1,open,country,Italy,France,
gemma4,E3_img_0240_near_N2_k1_P1,open,item,Apple crumble tart,Tarte Tatin,
gemma4,E3_img_0240_near_N5_k1_P1,open,item,Apple crumble,Tarte Tatin,
gemma4,E3_img_0240_far_N2_k1_P1,open,item,Apple crumble tart,Tarte Tatin,
gemma4,E3_img_0240_far_N5_k1_P1,open,item,Apple crumble,Tarte Tatin,
gemma4,E5_img_0240_mixed_N1_k1_P2,open,item,Apple crumble tart,Tarte Tatin,
gemma4,E5_img_0240_mixed_N2_k1_P2,open,item,Apple Strudel,Tarte Tatin,
gemma4,E5_img_0240_mixed_N2_k1_P2,open,country,Austria,France,
gemma4,E5_img_0240_mixed_N3_k1_P2,open,item,Apple crumble tart,Tarte Tatin,
gemma4,E5_img_0240_mixed_N4_k1_P2,open,item,Apple crumble tart,Tarte Tatin,
gemma4,E5_img_0240_mixed_N5_k1_P2,open,item,Apple Crumble,Tarte Tatin,
gemma4,E5_img_0240_mixed_N1_k1_P3,open,item,Apple crumble tart,Tarte Tatin,
gemma4,E5_img_0240_mixed_N2_k1_P3,open,item,Apple Strudel,Tarte Tatin,
gemma4,E5_img_0240_mixed_N2_k1_P3,open,country,Austria,France,
gemma4,E5_img_0240_mixed_N3_k1_P3,open,item,Apple crumble tart,Tarte Tatin,
gemma4,E5_img_0240_mixed_N4_k1_P3,open,item,Apple crumble tart,Tarte Tatin,
gemma4,E5_img_0240_mixed_N5_k1_P3,open,item,Apple Crumble Tart,Tarte Tatin,
gemma4,E6_img_0240_mixed_N1_k1_P4,open,item,Fruit tart,Tarte Tatin,
gemma4,E6_img_0240_mixed_N2_k1_P4,open,item,Apple crumble tart,Tarte Tatin,
gemma4,E6_img_0240_mixed_N3_k1_P4,open,item,Apple Crumble Tart,Tarte Tatin,
gemma4,E6_img_0240_mixed_N4_k1_P4,open,item,Fruit tart,Tarte Tatin,
gemma4,E6_img_0240_mixed_N5_k1_P4,open,item,Fruit crumble tart,Tarte Tatin,
gemma4,E1_img_0108_mixed_N1_k1_P1,open,item,Pineapple cake,Bika Ambon,
gemma4,E1_img_0108_mixed_N1_k1_P1,open,country,Taiwan,Indonesia,
gemma4,E1_img_0108_mixed_N2_k2_P1,open,item,Pineapple cake,Bika Ambon,
gemma4,E1_img_0108_mixed_N2_k2_P1,open,country,Taiwan,Indonesia,
gemma4,E1_img_0108_mixed_N3_k2_P1,open,item,Pineapple cake,Bika Ambon,
gemma4,E1_img_0108_mixed_N3_k2_P1,open,country,Taiwan,Indonesia,
gemma4,E1_img_0108_mixed_N4_k2_P1,open,item,Pineapple cake,Bika Ambon,
gemma4,E1_img_0108_mixed_N4_k2_P1,open,country,Taiwan,Indonesia,
gemma4,E2_img_0108_mixed_N5_k1_P1,open,item,Pineapple cake,Bika Ambon,
gemma4,E2_img_0108_mixed_N5_k1_P1,open,country,Taiwan,Indonesia,
gemma4,E2_img_0108_mixed_N5_k2_P1,open,item,Pineapple cake,Bika Ambon,
gemma4,E2_img_0108_mixed_N5_k2_P1,open,country,Taiwan,Indonesia,
gemma4,E2_img_0108_mixed_N5_k3_P1,open,item,Pineapple cake,Bika Ambon,
gemma4,E2_img_0108_mixed_N5_k3_P1,open,country,Taiwan,Indonesia,
gemma4,E2_img_0108_mixed_N5_k4_P1,open,item,Pineapple cake,Bika Ambon,
gemma4,E2_img_0108_mixed_N5_k4_P1,open,country,Taiwan,Indonesia,
gemma4,E2_img_0108_mixed_N5_k5_P1,open,item,Pineapple cake,Bika Ambon,
gemma4,E2_img_0108_mixed_N5_k5_P1,open,country,Taiwan,Indonesia,
gemma4,E3_img_0108_near_N2_k2_P1,open,item,Pineapple Upside-Down Cake,Bika Ambon,
gemma4,E3_img_0108_near_N5_k2_P1,open,item,Pineapple cake,Bika Ambon,
gemma4,E3_img_0108_near_N5_k2_P1,open,country,Taiwan,Indonesia,
gemma4,E3_img_0108_far_N2_k2_P1,open,item,Pineapple cake,Bika Ambon,
gemma4,E3_img_0108_far_N5_k2_P1,open,item,Pineapple Upside-Down Cake,Bika Ambon,
gemma4,E1_img_0483_mixed_N1_k1_P1,open,item,Ropa Vieja,Pabellón criollo,
gemma4,E1_img_0483_mixed_N1_k1_P1,open,country,Cuba,Venezuela,
gemma4,E1_img_0483_mixed_N2_k1_P1,open,item,"Ropa Vieja with rice, black beans, and fried plantains",Pabellón criollo,
gemma4,E1_img_0483_mixed_N2_k1_P1,open,country,Cuba,Venezuela,
gemma4,E1_img_0483_mixed_N3_k3_P1,open,item,Ropa Vieja,Pabellón criollo,
gemma4,E1_img_0483_mixed_N3_k3_P1,open,country,Cuba,Venezuela,
gemma4,E1_img_0483_mixed_N4_k3_P1,open,item,Ropa Vieja,Pabellón criollo,
gemma4,E1_img_0483_mixed_N4_k3_P1,open,country,Cuba,Venezuela,
gemma4,E2_img_0483_mixed_N5_k1_P1,open,item,Ropa Vieja,Pabellón criollo,
gemma4,E2_img_0483_mixed_N5_k1_P1,open,country,Cuba,Venezuela,
gemma4,E2_img_0483_mixed_N5_k2_P1,open,item,Ropa Vieja,Pabellón criollo,
gemma4,E2_img_0483_mixed_N5_k2_P1,open,country,Cuba,Venezuela,
gemma4,E2_img_0483_mixed_N5_k3_P1,open,item,Ropa Vieja,Pabellón criollo,
gemma4,E2_img_0483_mixed_N5_k3_P1,open,country,Cuba,Venezuela,
gemma4,E2_img_0483_mixed_N5_k4_P1,open,item,Ropa Vieja,Pabellón criollo,
gemma4,E2_img_0483_mixed_N5_k4_P1,open,country,Cuba,Venezuela,
gemma4,E2_img_0483_mixed_N5_k5_P1,open,item,Ropa Vieja,Pabellón criollo,
gemma4,E2_img_0483_mixed_N5_k5_P1,open,country,Cuba,Venezuela,
gemma4,E3_img_0483_near_N2_k1_P1,open,item,Ropa Vieja,Pabellón criollo,
gemma4,E3_img_0483_near_N2_k1_P1,open,country,Cuba,Venezuela,
gemma4,E3_img_0483_near_N5_k3_P1,open,item,Ropa Vieja,Pabellón criollo,
gemma4,E3_img_0483_near_N5_k3_P1,open,country,Cuba,Venezuela,
gemma4,E3_img_0483_far_N2_k1_P1,open,item,Ropa Vieja,Pabellón criollo,
gemma4,E3_img_0483_far_N2_k1_P1,open,country,Cuba,Venezuela,
gemma4,E3_img_0483_far_N5_k3_P1,open,item,Ropa Vieja,Pabellón criollo,
gemma4,E3_img_0483_far_N5_k3_P1,open,country,Cuba,Venezuela,
gemma4,E1_img_0164_mixed_N1_k1_P1,open,item,Sesame balls,Jin deui,
gemma4,E1_img_0164_mixed_N2_k2_P1,open,item,Sesame balls,Jin deui,
gemma4,E1_img_0164_mixed_N3_k1_P1,open,item,Sesame balls,Jin deui,
gemma4,E1_img_0164_mixed_N4_k4_P1,open,item,Sesame balls,Jin deui,
gemma4,E2_img_0164_mixed_N5_k1_P1,open,item,Sesame balls,Jin deui,
gemma4,E2_img_0164_mixed_N5_k2_P1,open,item,Sesame balls,Jin deui,
gemma4,E2_img_0164_mixed_N5_k3_P1,open,item,Sesame balls,Jin deui,
gemma4,E2_img_0164_mixed_N5_k4_P1,open,item,Sesame balls,Jin deui,
gemma4,E2_img_0164_mixed_N5_k5_P1,open,item,Sesame balls,Jin deui,
gemma4,E3_img_0164_near_N2_k2_P1,open,item,Sesame balls,Jin deui,
gemma4,E3_img_0164_near_N5_k4_P1,open,item,Sesame balls,Jin deui,
gemma4,E3_img_0164_far_N2_k2_P1,open,item,Sesame balls,Jin deui,
gemma4,E3_img_0164_far_N2_k2_P1,open,country,China,Indonesia,
gemma4,E3_img_0164_far_N5_k4_P1,open,item,Sesame balls,Jin deui,
gemma4,E3_img_0164_far_N5_k4_P1,open,country,China,Indonesia,
gemma4,E5_img_0164_mixed_N2_k2_P2,open,item,Sesame balls,Jin deui,
gemma4,E5_img_0164_mixed_N3_k1_P2,open,item,Sesame balls,Jin deui,
gemma4,E5_img_0164_mixed_N4_k4_P2,open,item,Sesame balls,Jin deui,
gemma4,E5_img_0164_mixed_N5_k4_P2,open,item,Sesame balls,Jin deui,
gemma4,E5_img_0164_mixed_N2_k2_P3,open,item,Sesame balls,Jin deui,
gemma4,E5_img_0164_mixed_N3_k1_P3,open,item,Sesame balls,Jin deui,
gemma4,E5_img_0164_mixed_N4_k4_P3,open,item,Sesame balls,Jin deui,
gemma4,E5_img_0164_mixed_N5_k4_P3,open,item,Sesame balls,Jin deui,
gemma4,E6_img_0164_mixed_N1_k1_P4,open,item,Sesame balls,Jin deui,
gemma4,E6_img_0164_mixed_N2_k2_P4,open,item,Sesame balls,Jin deui,
gemma4,E6_img_0164_mixed_N3_k1_P4,open,item,Sesame balls,Jin deui,
gemma4,E6_img_0164_mixed_N4_k4_P4,open,item,Sesame balls,Jin deui,
gemma4,E6_img_0164_mixed_N5_k4_P4,open,item,Sesame balls,Jin deui,
gemma4,E1_img_0297_mixed_N1_k1_P1,open,item,Frappuccino,Egg cream,
gemma4,E1_img_0297_mixed_N2_k1_P1,open,item,Frappé,Egg cream,
gemma4,E1_img_0297_mixed_N2_k1_P1,open,country,Greece,United States,
gemma4,E1_img_0297_mixed_N3_k2_P1,open,item,Iced coffee,Egg cream,
gemma4,E1_img_0297_mixed_N4_k1_P1,open,item,Frappé,Egg cream,
gemma4,E1_img_0297_mixed_N4_k1_P1,open,country,Greece,United States,
gemma4,E2_img_0297_mixed_N5_k1_P1,open,item,Frappuccino,Egg cream,
gemma4,E2_img_0297_mixed_N5_k2_P1,open,item,Iced coffee,Egg cream,
gemma4,E2_img_0297_mixed_N5_k3_P1,open,item,Cappuccino,Egg cream,
gemma4,E2_img_0297_mixed_N5_k3_P1,open,country,Italy,United States,
gemma4,E2_img_0297_mixed_N5_k4_P1,open,item,Cappuccino,Egg cream,
gemma4,E2_img_0297_mixed_N5_k4_P1,open,country,Italy,United States,
gemma4,E2_img_0297_mixed_N5_k5_P1,open,item,Iced coffee,Egg cream,
gemma4,E3_img_0297_near_N2_k1_P1,open,item,Frappé,Egg cream,
gemma4,E3_img_0297_near_N2_k1_P1,open,country,Greece,United States,
gemma4,E3_img_0297_near_N5_k5_P1,open,item,Café con leche,Egg cream,
gemma4,E3_img_0297_far_N2_k1_P1,open,item,Frappé,Egg cream,
gemma4,E3_img_0297_far_N2_k1_P1,open,country,Greece,United States,
gemma4,E3_img_0297_far_N5_k5_P1,open,item,Iced coffee,Egg cream,
gemma4,E1_img_0408_mixed_N1_k1_P1,open,item,Baked Camembert,Changua,
gemma4,E1_img_0408_mixed_N1_k1_P1,open,country,France,Colombia,
gemma4,E1_img_0408_mixed_N2_k2_P1,open,item,Baked Brie (or Brie en Croûte),Changua,
gemma4,E1_img_0408_mixed_N2_k2_P1,open,country,France,Colombia,
gemma4,E1_img_0408_mixed_N3_k3_P1,open,item,Baked Brie,Changua,
gemma4,E1_img_0408_mixed_N3_k3_P1,open,country,France,Colombia,
gemma4,E1_img_0408_mixed_N4_k2_P1,open,item,Baked Alaska,Changua,
gemma4,E2_img_0408_mixed_N5_k1_P1,open,item,Bacalhau à Brás,Changua,
gemma4,E2_img_0408_mixed_N5_k1_P1,open,country,Portugal,Colombia,
gemma4,E2_img_0408_mixed_N5_k2_P1,open,item,Bacalhau à Brás,Changua,
gemma4,E2_img_0408_mixed_N5_k2_P1,open,country,Portugal,Colombia,
gemma4,E2_img_0408_mixed_N5_k3_P1,open,item,Baked Brie,Changua,
gemma4,E2_img_0408_mixed_N5_k3_P1,open,country,France,Colombia,
gemma4,E2_img_0408_mixed_N5_k4_P1,open,item,Fondue,Changua,
gemma4,E2_img_0408_mixed_N5_k4_P1,open,country,Switzerland,Colombia,
gemma4,E2_img_0408_mixed_N5_k5_P1,open,item,Zuppa di Mare,Changua,
gemma4,E2_img_0408_mixed_N5_k5_P1,open,country,Italy,Colombia,
gemma4,E3_img_0408_near_N2_k2_P1,open,country,Spain,Colombia,
gemma4,E3_img_0408_near_N5_k1_P1,open,item,Bacalhau à Brás,Changua,
gemma4,E3_img_0408_near_N5_k1_P1,open,country,Portugal,Colombia,
gemma4,E3_img_0408_far_N2_k2_P1,open,item,Baked Brie,Changua,
gemma4,E3_img_0408_far_N2_k2_P1,open,country,France,Colombia,
gemma4,E3_img_0408_far_N5_k1_P1,open,item,Fondue,Changua,
gemma4,E3_img_0408_far_N5_k1_P1,open,country,Switzerland,Colombia,
gemma4,E3_img_0254_far_N5_k2_P1,open,item,Chrusciki,Vanillekipferl,
gemma4,E3_img_0254_far_N5_k2_P1,open,country,Poland,Austria,
gemma4,E1_img_0359_mixed_N1_k1_P1,open,item,Chai,Teh Tarik,
gemma4,E1_img_0359_mixed_N1_k1_P1,open,country,India,Malaysia,
gemma4,E1_img_0359_mixed_N2_k2_P1,open,item,Masala Chai,Teh Tarik,
gemma4,E1_img_0359_mixed_N2_k2_P1,open,country,India,Malaysia,
gemma4,E1_img_0359_mixed_N3_k2_P1,open,item,Chai,Teh Tarik,
gemma4,E1_img_0359_mixed_N3_k2_P1,open,country,India,Malaysia,
gemma4,E1_img_0359_mixed_N4_k4_P1,open,item,Coffee,Teh Tarik,
gemma4,E2_img_0359_mixed_N5_k1_P1,open,item,Chai,Teh Tarik,
gemma4,E2_img_0359_mixed_N5_k1_P1,open,country,India,Malaysia,
gemma4,E2_img_0359_mixed_N5_k2_P1,open,item,Chai,Teh Tarik,
gemma4,E2_img_0359_mixed_N5_k2_P1,open,country,India,Malaysia,
gemma4,E2_img_0359_mixed_N5_k3_P1,open,item,Chai,Teh Tarik,
gemma4,E2_img_0359_mixed_N5_k3_P1,open,country,India,Malaysia,
gemma4,E2_img_0359_mixed_N5_k4_P1,open,item,Latte,Teh Tarik,
gemma4,E2_img_0359_mixed_N5_k5_P1,open,item,Coffee,Teh Tarik,
gemma4,E3_img_0359_near_N2_k2_P1,open,item,Chai,Teh Tarik,
gemma4,E3_img_0359_near_N5_k3_P1,open,item,Chai,Teh Tarik,
gemma4,E3_img_0359_far_N2_k2_P1,open,item,Cappuccino,Teh Tarik,
gemma4,E3_img_0359_far_N2_k2_P1,open,country,Italy,Malaysia,
gemma4,E3_img_0359_far_N5_k3_P1,open,item,Cappuccino,Teh Tarik,
gemma4,E3_img_0359_far_N5_k3_P1,open,country,Italy,Malaysia,
gemma4,E1_img_0530_mixed_N1_k1_P1,open,item,Coq au Vin Blanc,Vori vori,
gemma4,E1_img_0530_mixed_N1_k1_P1,open,country,France,Paraguay,
gemma4,E1_img_0530_mixed_N4_k1_P1,open,item,Coq au Vin Blanc,Vori vori,
gemma4,E1_img_0530_mixed_N4_k1_P1,open,country,France,Paraguay,
gemma4,E2_img_0530_mixed_N5_k1_P1,open,item,Coq au Vin Blanc,Vori vori,
gemma4,E2_img_0530_mixed_N5_k1_P1,open,country,France,Paraguay,
gemma4,E2_img_0530_mixed_N5_k2_P1,open,item,Coq au Vin Blanc,Vori vori,
gemma4,E2_img_0530_mixed_N5_k2_P1,open,country,France,Paraguay,
gemma4,E3_img_0530_far_N5_k4_P1,open,item,Coq au Vin Blanc,Vori vori,
gemma4,E1_img_0260_mixed_N1_k1_P1,open,item,Orange dessert,Zerde,
gemma4,E1_img_0260_mixed_N2_k1_P1,open,item,Orange dessert,Zerde,
gemma4,E1_img_0260_mixed_N3_k2_P1,open,item,Mango dessert,Zerde,
gemma4,E1_img_0260_mixed_N4_k3_P1,open,item,Gazpacho,Zerde,
gemma4,E1_img_0260_mixed_N4_k3_P1,open,country,Spain,Turkey,
gemma4,E2_img_0260_mixed_N5_k1_P1,open,item,Orange dessert,Zerde,
gemma4,E2_img_0260_mixed_N5_k2_P1,open,item,Orange dessert,Zerde,
gemma4,E2_img_0260_mixed_N5_k3_P1,open,item,Gazpacho,Zerde,
gemma4,E2_img_0260_mixed_N5_k3_P1,open,country,Spain,Turkey,
gemma4,E2_img_0260_mixed_N5_k4_P1,open,item,Gazpacho,Zerde,
gemma4,E2_img_0260_mixed_N5_k4_P1,open,country,Spain,Turkey,
gemma4,E3_img_0260_near_N5_k1_P1,open,item,Mango Pudding,Zerde,
gemma4,E3_img_0260_far_N5_k1_P1,open,item,Orange dessert,Zerde,
gemma4,E1_img_0173_mixed_N1_k1_P1,open,item,"Wagashi (specifically, a type of Nerikiri or similar confection)",Khanom chan,
gemma4,E1_img_0173_mixed_N1_k1_P1,open,country,Japan,Thailand,
gemma4,E1_img_0173_mixed_N2_k2_P1,open,item,Wagashi (specifically Nerikiri or Mochi),Khanom chan,
gemma4,E1_img_0173_mixed_N2_k2_P1,open,country,Japan,Thailand,
gemma4,E1_img_0173_mixed_N3_k3_P1,open,item,Mochi,Khanom chan,
gemma4,E1_img_0173_mixed_N3_k3_P1,open,country,Japan,Thailand,
gemma4,E1_img_0173_mixed_N4_k4_P1,open,item,Yokan,Khanom chan,
gemma4,E1_img_0173_mixed_N4_k4_P1,open,country,Japan,Thailand,
gemma4,E2_img_0173_mixed_N5_k1_P1,open,item,Wagashi,Khanom chan,
gemma4,E2_img_0173_mixed_N5_k1_P1,open,country,Japan,Thailand,
gemma4,E2_img_0173_mixed_N5_k2_P1,open,item,Wagashi,Khanom chan,
gemma4,E2_img_0173_mixed_N5_k2_P1,open,country,Japan,Thailand,
gemma4,E2_img_0173_mixed_N5_k3_P1,open,item,Mochi,Khanom chan,
gemma4,E2_img_0173_mixed_N5_k3_P1,open,country,Japan,Thailand,
gemma4,E2_img_0173_mixed_N5_k4_P1,open,item,Wagashi,Khanom chan,
gemma4,E2_img_0173_mixed_N5_k4_P1,open,country,Japan,Thailand,
gemma4,E2_img_0173_mixed_N5_k5_P1,open,item,Puto and Sapin-sapin,Khanom chan,
gemma4,E2_img_0173_mixed_N5_k5_P1,open,country,Philippines,Thailand,
gemma4,E3_img_0173_near_N2_k2_P1,open,item,Wagashi,Khanom chan,
gemma4,E3_img_0173_near_N2_k2_P1,open,country,Japan,Thailand,
gemma4,E3_img_0173_near_N5_k2_P1,open,item,Turkish Delight,Khanom chan,
gemma4,E3_img_0173_far_N2_k2_P1,open,item,Jelly,Khanom chan,
gemma4,E3_img_0173_far_N5_k2_P1,open,item,Turkish Delight,Khanom chan,
gemma4,E3_img_0173_far_N5_k2_P1,open,country,Turkey,Thailand,
gemma4,E1_img_0131_mixed_N1_k1_P1,open,item,Crème brûlée,Crema catalana,
gemma4,E1_img_0131_mixed_N1_k1_P1,open,country,France,Spain,
gemma4,E1_img_0131_mixed_N2_k1_P1,open,item,Crème brûlée,Crema catalana,
gemma4,E1_img_0131_mixed_N2_k1_P1,open,country,France,Spain,
gemma4,E1_img_0131_mixed_N3_k1_P1,open,item,Crème brûlée,Crema catalana,
gemma4,E1_img_0131_mixed_N3_k1_P1,open,country,France,Spain,
gemma4,E1_img_0131_mixed_N4_k1_P1,open,item,Crème brûlée,Crema catalana,
gemma4,E1_img_0131_mixed_N4_k1_P1,open,country,France,Spain,
gemma4,E2_img_0131_mixed_N5_k1_P1,open,item,Crème brûlée,Crema catalana,
gemma4,E2_img_0131_mixed_N5_k1_P1,open,country,France,Spain,
gemma4,E2_img_0131_mixed_N5_k2_P1,open,item,Crème brûlée,Crema catalana,
gemma4,E2_img_0131_mixed_N5_k2_P1,open,country,France,Spain,
gemma4,E2_img_0131_mixed_N5_k3_P1,open,item,Crème brûlée,Crema catalana,
gemma4,E2_img_0131_mixed_N5_k3_P1,open,country,France,Spain,
gemma4,E2_img_0131_mixed_N5_k4_P1,open,item,Crème brûlée,Crema catalana,
gemma4,E2_img_0131_mixed_N5_k4_P1,open,country,France,Spain,
gemma4,E2_img_0131_mixed_N5_k5_P1,open,item,Crème brûlée,Crema catalana,
gemma4,E2_img_0131_mixed_N5_k5_P1,open,country,France,Spain,
gemma4,E3_img_0131_near_N2_k1_P1,open,item,Crème brûlée,Crema catalana,
gemma4,E3_img_0131_near_N5_k3_P1,open,item,Crème brûlée,Crema catalana,
gemma4,E3_img_0131_far_N2_k1_P1,open,item,Crème brûlée,Crema catalana,
gemma4,E3_img_0131_far_N2_k1_P1,open,country,France,Spain,
gemma4,E3_img_0131_far_N5_k3_P1,open,item,Crème Brûlée,Crema catalana,
gemma4,E3_img_0131_far_N5_k3_P1,open,country,France,Spain,
gemma4,E5_img_0131_mixed_N1_k1_P2,open,item,Crème Brûlée,Crema catalana,
gemma4,E5_img_0131_mixed_N1_k1_P2,open,country,France,Spain,
gemma4,E5_img_0131_mixed_N2_k1_P2,open,item,Crème brûlée,Crema catalana,
gemma4,E5_img_0131_mixed_N2_k1_P2,open,country,France,Spain,
gemma4,E5_img_0131_mixed_N3_k1_P2,open,item,Crème brûlée,Crema catalana,
gemma4,E5_img_0131_mixed_N3_k1_P2,open,country,France,Spain,
gemma4,E5_img_0131_mixed_N4_k1_P2,open,item,Crème Brûlée,Crema catalana,
gemma4,E5_img_0131_mixed_N4_k1_P2,open,country,France,Spain,
gemma4,E5_img_0131_mixed_N5_k3_P2,open,item,Crème Brûlée,Crema catalana,
gemma4,E5_img_0131_mixed_N5_k3_P2,open,country,France,Spain,
gemma4,E5_img_0131_mixed_N1_k1_P3,open,item,Crème brûlée,Crema catalana,
gemma4,E5_img_0131_mixed_N1_k1_P3,open,country,France,Spain,
gemma4,E5_img_0131_mixed_N2_k1_P3,open,item,Crème brûlée,Crema catalana,
gemma4,E5_img_0131_mixed_N2_k1_P3,open,country,France,Spain,
gemma4,E5_img_0131_mixed_N3_k1_P3,open,item,Crème brûlée,Crema catalana,
gemma4,E5_img_0131_mixed_N3_k1_P3,open,country,France,Spain,
gemma4,E5_img_0131_mixed_N4_k1_P3,open,item,Crème brûlée,Crema catalana,
gemma4,E5_img_0131_mixed_N4_k1_P3,open,country,France,Spain,
gemma4,E5_img_0131_mixed_N5_k3_P3,open,item,Crème brûlée,Crema catalana,
gemma4,E5_img_0131_mixed_N5_k3_P3,open,country,France,Spain,
gemma4,E6_img_0131_mixed_N1_k1_P4,open,item,Crème Brûlée (or Custard),Crema catalana,
gemma4,E6_img_0131_mixed_N1_k1_P4,open,country,France,Spain,
gemma4,E6_img_0131_mixed_N2_k1_P4,open,country,Portugal,Spain,
gemma4,E6_img_0131_mixed_N3_k1_P4,open,item,Crème Brûlée,Crema catalana,
gemma4,E6_img_0131_mixed_N3_k1_P4,open,country,France,Spain,
gemma4,E6_img_0131_mixed_N4_k1_P4,open,item,Crème Brûlée,Crema catalana,
gemma4,E6_img_0131_mixed_N4_k1_P4,open,country,France,Spain,
gemma4,E6_img_0131_mixed_N5_k3_P4,open,item,Crème brûlée,Crema catalana,
gemma4,E6_img_0131_mixed_N5_k3_P4,open,country,France,Spain,
gemma4,E1_img_0139_mixed_N1_k1_P1,open,item,Matcha Panna Cotta,Douhua,
gemma4,E1_img_0139_mixed_N1_k1_P1,open,country,Japan,China,
gemma4,E1_img_0139_mixed_N2_k2_P1,open,item,Matcha Panna Cotta,Douhua,
gemma4,E1_img_0139_mixed_N2_k2_P1,open,country,Japan,China,
gemma4,E1_img_0139_mixed_N3_k2_P1,open,item,Matcha Panna Cotta,Douhua,
gemma4,E1_img_0139_mixed_N3_k2_P1,open,country,Japan,China,
gemma4,E1_img_0139_mixed_N4_k2_P1,open,item,Matcha Panna Cotta,Douhua,
gemma4,E1_img_0139_mixed_N4_k2_P1,open,country,Japan,China,
gemma4,E2_img_0139_mixed_N5_k1_P1,open,item,Matcha Panna Cotta,Douhua,
gemma4,E2_img_0139_mixed_N5_k1_P1,open,country,Japan,China,
gemma4,E2_img_0139_mixed_N5_k2_P1,open,item,Matcha Panna Cotta,Douhua,
gemma4,E2_img_0139_mixed_N5_k2_P1,open,country,Japan,China,
gemma4,E2_img_0139_mixed_N5_k3_P1,open,item,Matcha Pudding,Douhua,
gemma4,E2_img_0139_mixed_N5_k3_P1,open,country,Japan,China,
gemma4,E2_img_0139_mixed_N5_k4_P1,open,item,Matcha Pudding,Douhua,
gemma4,E2_img_0139_mixed_N5_k4_P1,open,country,Japan,China,
gemma4,E2_img_0139_mixed_N5_k5_P1,open,item,Matcha Pudding,Douhua,
gemma4,E2_img_0139_mixed_N5_k5_P1,open,country,Japan,China,
gemma4,E3_img_0139_near_N2_k2_P1,open,item,Matcha Pudding,Douhua,
gemma4,E3_img_0139_near_N2_k2_P1,open,country,Japan,China,
gemma4,E3_img_0139_near_N5_k4_P1,open,item,Matcha Pudding,Douhua,
gemma4,E3_img_0139_near_N5_k4_P1,open,country,Japan,China,
gemma4,E3_img_0139_far_N2_k2_P1,open,item,Matcha Pudding,Douhua,
gemma4,E3_img_0139_far_N2_k2_P1,open,country,Japan,China,
gemma4,E3_img_0139_far_N5_k4_P1,open,item,Matcha Pudding,Douhua,
gemma4,E3_img_0139_far_N5_k4_P1,open,country,Japan,China,
gemma4,E1_img_0193_mixed_N1_k1_P1,open,item,Black Forest cake,Merveilleux,
gemma4,E1_img_0193_mixed_N1_k1_P1,open,country,Germany,Belgium,
gemma4,E1_img_0193_mixed_N2_k1_P1,open,item,Black Forest cake,Merveilleux,
gemma4,E1_img_0193_mixed_N2_k1_P1,open,country,Germany,Belgium,
gemma4,E1_img_0193_mixed_N3_k3_P1,open,item,Ice cream,Merveilleux,
gemma4,E1_img_0193_mixed_N4_k3_P1,open,item,Ice cream,Merveilleux,
gemma4,E2_img_0193_mixed_N5_k1_P1,open,item,Black Forest cake,Merveilleux,
gemma4,E2_img_0193_mixed_N5_k1_P1,open,country,Germany,Belgium,
gemma4,E2_img_0193_mixed_N5_k2_P1,open,item,Black Forest cake,Merveilleux,
gemma4,E2_img_0193_mixed_N5_k2_P1,open,country,Germany,Belgium,
gemma4,E2_img_0193_mixed_N5_k3_P1,open,item,Ice cream,Merveilleux,
gemma4,E2_img_0193_mixed_N5_k4_P1,open,item,Black Forest cake,Merveilleux,
gemma4,E2_img_0193_mixed_N5_k4_P1,open,country,Germany,Belgium,
gemma4,E2_img_0193_mixed_N5_k5_P1,open,item,Ice cream,Merveilleux,
gemma4,E3_img_0193_near_N2_k1_P1,open,item,Black Forest cake,Merveilleux,
gemma4,E3_img_0193_near_N5_k5_P1,open,item,Black Forest cake,Merveilleux,
gemma4,E3_img_0193_far_N2_k1_P1,open,item,Black Forest cake,Merveilleux,
gemma4,E3_img_0193_far_N2_k1_P1,open,country,Germany,Belgium,
gemma4,E3_img_0193_far_N5_k5_P1,open,item,Black Forest cake,Merveilleux,
gemma4,E3_img_0193_far_N5_k5_P1,open,country,Germany,Belgium,
gemma4,E1_img_0404_mixed_N1_k1_P1,open,item,Mussels,Century egg,
gemma4,E1_img_0404_mixed_N2_k1_P1,open,item,Mussels,Century egg,
gemma4,E1_img_0404_mixed_N3_k2_P1,open,item,Abalone,Century egg,
gemma4,E1_img_0404_mixed_N4_k1_P1,open,item,Jellyfish salad,Century egg,
gemma4,E2_img_0404_mixed_N5_k1_P1,open,item,Jellyfish salad,Century egg,
gemma4,E2_img_0404_mixed_N5_k2_P1,open,item,Mussels,Century egg,
gemma4,E2_img_0404_mixed_N5_k3_P1,open,item,Sushi,Century egg,
gemma4,E2_img_0404_mixed_N5_k3_P1,open,country,Japan,China,
gemma4,E2_img_0404_mixed_N5_k4_P1,open,item,Mussels,Century egg,
gemma4,E2_img_0404_mixed_N5_k5_P1,open,item,Mussels,Century egg,
gemma4,E3_img_0404_near_N2_k1_P1,open,item,Jellyfish salad,Century egg,
gemma4,E3_img_0404_near_N5_k2_P1,open,item,Mussels,Century egg,
gemma4,E3_img_0404_far_N2_k1_P1,open,item,Mussels,Century egg,
gemma4,E3_img_0404_far_N5_k2_P1,open,item,Mussels,Century egg,
gemma4,E1_img_0119_mixed_N1_k1_P1,open,item,Gulab Jamun,Chandrakala,
gemma4,E1_img_0119_mixed_N2_k2_P1,open,item,Gulab Jamun,Chandrakala,
gemma4,E1_img_0119_mixed_N3_k3_P1,open,item,Gulab Jamun,Chandrakala,
gemma4,E1_img_0119_mixed_N4_k2_P1,open,item,Gulab Jamun,Chandrakala,
gemma4,E2_img_0119_mixed_N5_k1_P1,open,item,Gulab Jamun,Chandrakala,
gemma4,E2_img_0119_mixed_N5_k2_P1,open,item,Gulab Jamun,Chandrakala,
gemma4,E2_img_0119_mixed_N5_k3_P1,open,item,Gulab Jamun,Chandrakala,
gemma4,E2_img_0119_mixed_N5_k4_P1,open,item,Gulab Jamun,Chandrakala,
gemma4,E2_img_0119_mixed_N5_k5_P1,open,item,Gujiya,Chandrakala,
gemma4,E3_img_0119_near_N2_k2_P1,open,item,Gulab Jamun,Chandrakala,
gemma4,E3_img_0119_near_N5_k3_P1,open,item,Gulab Jamun,Chandrakala,
gemma4,E3_img_0119_far_N2_k2_P1,open,item,Gulab Jamun,Chandrakala,
gemma4,E3_img_0119_far_N5_k3_P1,open,item,Gulab Jamun,Chandrakala,
gemma4,E1_img_0409_mixed_N1_k1_P1,open,item,Aloo Matar with Roti,Chapati,
gemma4,E1_img_0409_mixed_N2_k1_P1,open,item,Dal and Roti,Chapati,
gemma4,E1_img_0409_mixed_N3_k1_P1,open,item,Dal and Roti,Chapati,
gemma4,E1_img_0409_mixed_N4_k3_P1,open,item,Dal and Roti,Chapati,
gemma4,E2_img_0409_mixed_N5_k1_P1,open,item,Dal and Roti,Chapati,
gemma4,E2_img_0409_mixed_N5_k2_P1,open,item,Dal and Roti,Chapati,
gemma4,E2_img_0409_mixed_N5_k3_P1,open,item,Dal and Roti,Chapati,
gemma4,E2_img_0409_mixed_N5_k4_P1,open,item,Dal and Roti,Chapati,
gemma4,E2_img_0409_mixed_N5_k5_P1,open,item,Dal and Roti,Chapati,
gemma4,E3_img_0409_near_N2_k1_P1,open,item,Dal and Roti,Chapati,
gemma4,E3_img_0409_near_N5_k4_P1,open,item,Dal and Roti,Chapati,
gemma4,E3_img_0409_far_N2_k1_P1,open,item,Dal and Roti,Chapati,
gemma4,E3_img_0409_far_N5_k4_P1,open,item,Dal and Roti,Chapati,
gemma4,E5_img_0409_mixed_N1_k1_P2,open,item,Dal and Roti,Chapati,
gemma4,E5_img_0409_mixed_N2_k1_P2,open,item,Dal and Roti,Chapati,
gemma4,E5_img_0409_mixed_N3_k1_P2,open,item,Dal and Roti,Chapati,
gemma4,E5_img_0409_mixed_N4_k3_P2,open,item,Dal and Roti,Chapati,
gemma4,E5_img_0409_mixed_N5_k4_P2,open,item,Dal and Roti,Chapati,
gemma4,E5_img_0409_mixed_N1_k1_P3,open,item,Aloo Matar with Roti,Chapati,
gemma4,E5_img_0409_mixed_N2_k1_P3,open,item,Dal and Roti,Chapati,
gemma4,E5_img_0409_mixed_N3_k1_P3,open,item,Dal and Roti,Chapati,
gemma4,E5_img_0409_mixed_N4_k3_P3,open,item,Dal and Roti,Chapati,
gemma4,E5_img_0409_mixed_N5_k4_P3,open,item,Dal and Roti,Chapati,
gemma4,E6_img_0409_mixed_N1_k1_P4,open,item,Aloo Matar Dal with Roti,Chapati,
gemma4,E6_img_0409_mixed_N2_k1_P4,open,item,Dal and Roti,Chapati,
gemma4,E6_img_0409_mixed_N3_k1_P4,open,item,Dal and Roti,Chapati,
gemma4,E6_img_0409_mixed_N4_k3_P4,open,item,Dal and Roti,Chapati,
gemma4,E6_img_0409_mixed_N5_k4_P4,open,item,Dal and Roti,Chapati,
gemma4,E1_img_0238_mixed_N1_k1_P1,open,item,Butter,Syllabub,
gemma4,E1_img_0238_mixed_N2_k2_P1,open,item,Labneh,Syllabub,
gemma4,E1_img_0238_mixed_N3_k2_P1,open,item,Labneh,Syllabub,
gemma4,E2_img_0238_mixed_N5_k1_P1,open,item,Labneh,Syllabub,
gemma4,E2_img_0238_mixed_N5_k2_P1,open,item,Labneh,Syllabub,
gemma4,E2_img_0238_mixed_N5_k4_P1,open,item,Labneh,Syllabub,
gemma4,E2_img_0238_mixed_N5_k5_P1,open,item,Labneh,Syllabub,
gemma4,E3_img_0238_near_N5_k5_P1,open,item,Butter,Syllabub,
gemma4,E1_img_0235_mixed_N1_k1_P1,open,item,Gelato,Stracciatella,
gemma4,E1_img_0235_mixed_N2_k2_P1,open,item,Gelato,Stracciatella,
gemma4,E1_img_0235_mixed_N3_k1_P1,open,item,Gelato,Stracciatella,
gemma4,E1_img_0235_mixed_N4_k2_P1,open,item,Gelato,Stracciatella,
gemma4,E2_img_0235_mixed_N5_k1_P1,open,item,Gelato,Stracciatella,
gemma4,E2_img_0235_mixed_N5_k2_P1,open,item,Gelato,Stracciatella,
gemma4,E2_img_0235_mixed_N5_k3_P1,open,item,Ice cream,Stracciatella,
gemma4,E2_img_0235_mixed_N5_k4_P1,open,item,Gelato,Stracciatella,
gemma4,E2_img_0235_mixed_N5_k5_P1,open,item,Ice cream,Stracciatella,
gemma4,E3_img_0235_near_N2_k2_P1,open,item,Gelato,Stracciatella,
gemma4,E3_img_0235_near_N5_k2_P1,open,item,Gelato,Stracciatella,
gemma4,E3_img_0235_far_N2_k2_P1,open,item,Gelato,Stracciatella,
gemma4,E3_img_0235_far_N5_k2_P1,open,item,Ice cream,Stracciatella,
gemma4,E5_img_0235_mixed_N1_k1_P2,open,item,Gelato,Stracciatella,
gemma4,E5_img_0235_mixed_N2_k2_P2,open,item,Gelato,Stracciatella,
gemma4,E5_img_0235_mixed_N3_k1_P2,open,item,Gelato,Stracciatella,
gemma4,E5_img_0235_mixed_N4_k2_P2,open,item,Gelato,Stracciatella,
gemma4,E5_img_0235_mixed_N5_k2_P2,open,item,Gelato,Stracciatella,
gemma4,E5_img_0235_mixed_N1_k1_P3,open,item,Gelato,Stracciatella,
gemma4,E5_img_0235_mixed_N2_k2_P3,open,item,Gelato,Stracciatella,
gemma4,E5_img_0235_mixed_N3_k1_P3,open,item,Gelato,Stracciatella,
gemma4,E5_img_0235_mixed_N4_k2_P3,open,item,Gelato,Stracciatella,
gemma4,E5_img_0235_mixed_N5_k2_P3,open,item,Gelato,Stracciatella,
gemma4,E6_img_0235_mixed_N1_k1_P4,open,item,Soft-serve ice cream,Stracciatella,
gemma4,E6_img_0235_mixed_N2_k2_P4,open,item,Soft-serve ice cream,Stracciatella,
gemma4,E6_img_0235_mixed_N3_k1_P4,open,item,Soft-serve ice cream,Stracciatella,
gemma4,E6_img_0235_mixed_N4_k2_P4,open,item,Soft-serve ice cream,Stracciatella,
gemma4,E6_img_0235_mixed_N5_k2_P4,open,item,Gelato,Stracciatella,
gemma4,E1_img_0170_mixed_N1_k1_P1,open,item,Baklava and Gulab Jamun,Kalburabastı,
gemma4,E1_img_0170_mixed_N2_k1_P1,open,item,Baklava and Gulab Jamun,Kalburabastı,
gemma4,E1_img_0170_mixed_N3_k2_P1,open,item,Baklava and Gulab Jamun,Kalburabastı,
gemma4,E1_img_0170_mixed_N4_k3_P1,open,item,Baklava and Gulab Jamun,Kalburabastı,
gemma4,E2_img_0170_mixed_N5_k1_P1,open,item,Baklava and Gulab Jamun,Kalburabastı,
gemma4,E2_img_0170_mixed_N5_k2_P1,open,item,Baklava and Turkish Delight,Kalburabastı,
gemma4,E2_img_0170_mixed_N5_k3_P1,open,item,Baklava and Turkish Delight,Kalburabastı,
gemma4,E2_img_0170_mixed_N5_k4_P1,open,item,Baklava and Turkish Delight,Kalburabastı,
gemma4,E2_img_0170_mixed_N5_k5_P1,open,item,Baklava,Kalburabastı,
gemma4,E3_img_0170_near_N2_k1_P1,open,item,Baklava and Gulab Jamun,Kalburabastı,
gemma4,E3_img_0170_near_N5_k3_P1,open,item,Baklava,Kalburabastı,
gemma4,E3_img_0170_far_N2_k1_P1,open,item,Baklava and Lokma,Kalburabastı,
gemma4,E3_img_0170_far_N5_k3_P1,open,item,Baklava and Turkish Delight,Kalburabastı,
gemma4,E1_img_0099_mixed_N1_k1_P1,open,item,Dutch baby pancake,Bánh chuối,
gemma4,E1_img_0099_mixed_N2_k2_P1,open,item,Dutch baby pancake,Bánh chuối,
gemma4,E1_img_0099_mixed_N2_k2_P1,open,country,Germany,Vietnam,
gemma4,E1_img_0099_mixed_N3_k3_P1,open,item,Clafoutis,Bánh chuối,
gemma4,E1_img_0099_mixed_N3_k3_P1,open,country,France,Vietnam,
gemma4,E1_img_0099_mixed_N4_k4_P1,open,item,Clafoutis,Bánh chuối,
gemma4,E1_img_0099_mixed_N4_k4_P1,open,country,France,Vietnam,
gemma4,E2_img_0099_mixed_N5_k1_P1,open,item,Clafoutis,Bánh chuối,
gemma4,E2_img_0099_mixed_N5_k1_P1,open,country,France,Vietnam,
gemma4,E2_img_0099_mixed_N5_k2_P1,open,item,Clafoutis,Bánh chuối,
gemma4,E2_img_0099_mixed_N5_k2_P1,open,country,France,Vietnam,
gemma4,E2_img_0099_mixed_N5_k3_P1,open,item,Clafoutis,Bánh chuối,
gemma4,E2_img_0099_mixed_N5_k3_P1,open,country,France,Vietnam,
gemma4,E2_img_0099_mixed_N5_k4_P1,open,item,Clafoutis,Bánh chuối,
gemma4,E2_img_0099_mixed_N5_k4_P1,open,country,France,Vietnam,
gemma4,E2_img_0099_mixed_N5_k5_P1,open,item,Spanish tortilla,Bánh chuối,
gemma4,E2_img_0099_mixed_N5_k5_P1,open,country,Spain,Vietnam,
gemma4,E3_img_0099_near_N2_k2_P1,open,item,Clafoutis,Bánh chuối,
gemma4,E3_img_0099_near_N2_k2_P1,open,country,France,Vietnam,
gemma4,E3_img_0099_near_N5_k4_P1,open,item,Clafoutis,Bánh chuối,
gemma4,E3_img_0099_near_N5_k4_P1,open,country,France,Vietnam,
gemma4,E3_img_0099_far_N2_k2_P1,open,item,Clafoutis,Bánh chuối,
gemma4,E3_img_0099_far_N2_k2_P1,open,country,France,Vietnam,
gemma4,E3_img_0099_far_N5_k4_P1,open,item,Dutch Baby Pancake,Bánh chuối,
gemma4,E3_img_0099_far_N5_k4_P1,open,country,Germany,Vietnam,
gemma4,E1_img_0349_mixed_N1_k1_P1,open,item,Drink,Screwdriver,
gemma4,E1_img_0349_mixed_N2_k1_P1,open,item,Lemonade,Screwdriver,
gemma4,E1_img_0349_mixed_N3_k1_P1,open,item,Lemonade,Screwdriver,
gemma4,E1_img_0349_mixed_N4_k1_P1,open,item,Lemonade,Screwdriver,
gemma4,E2_img_0349_mixed_N5_k1_P1,open,item,Lemonade,Screwdriver,
gemma4,E2_img_0349_mixed_N5_k2_P1,open,item,Lemonade,Screwdriver,
gemma4,E2_img_0349_mixed_N5_k3_P1,open,item,Lemon Drop,Screwdriver,
gemma4,E2_img_0349_mixed_N5_k4_P1,open,item,Rum glass,Screwdriver,
gemma4,E2_img_0349_mixed_N5_k5_P1,open,item,Lemonade,Screwdriver,
gemma4,E3_img_0349_near_N2_k1_P1,open,item,Lemonade,Screwdriver,
gemma4,E3_img_0349_near_N5_k5_P1,open,item,Lemonade,Screwdriver,
gemma4,E3_img_0349_far_N2_k1_P1,open,item,Lemonade,Screwdriver,
gemma4,E3_img_0349_far_N5_k5_P1,open,item,Rum glass,Screwdriver,
gemma4,E5_img_0349_mixed_N1_k1_P2,open,item,Lemonade,Screwdriver,
gemma4,E5_img_0349_mixed_N2_k1_P2,open,item,Lemonade,Screwdriver,
gemma4,E5_img_0349_mixed_N3_k1_P2,open,item,Lemonade,Screwdriver,
gemma4,E5_img_0349_mixed_N4_k1_P2,open,item,Lemonade,Screwdriver,
gemma4,E5_img_0349_mixed_N5_k5_P2,open,item,Lemonade,Screwdriver,
gemma4,E5_img_0349_mixed_N1_k1_P3,open,item,Samuel Adams beer,Screwdriver,
gemma4,E5_img_0349_mixed_N2_k1_P3,open,item,Lemonade,Screwdriver,
gemma4,E5_img_0349_mixed_N3_k1_P3,open,item,Lemonade,Screwdriver,
gemma4,E5_img_0349_mixed_N4_k1_P3,open,item,Lemonade,Screwdriver,
gemma4,E5_img_0349_mixed_N5_k5_P3,open,item,Rum Glass,Screwdriver,
gemma4,E6_img_0349_mixed_N2_k1_P4,open,item,Lemonade,Screwdriver,
gemma4,E6_img_0349_mixed_N3_k1_P4,open,item,Lemonade,Screwdriver,
gemma4,E6_img_0349_mixed_N4_k1_P4,open,item,Lemonade,Screwdriver,
gemma4,E1_img_0269_mixed_N2_k2_P1,open,item,Coffee,Bandrek,
gemma4,E1_img_0269_mixed_N3_k2_P1,open,item,Coffee,Bandrek,
gemma4,E1_img_0269_mixed_N4_k2_P1,open,item,Coffee,Bandrek,
gemma4,E2_img_0269_mixed_N5_k1_P1,open,item,Coffee,Bandrek,
gemma4,E2_img_0269_mixed_N5_k2_P1,open,item,Coffee,Bandrek,
gemma4,E2_img_0269_mixed_N5_k3_P1,open,item,Hot chocolate,Bandrek,
gemma4,E2_img_0269_mixed_N5_k4_P1,open,item,Hot chocolate,Bandrek,
gemma4,E2_img_0269_mixed_N5_k5_P1,open,item,Coffee,Bandrek,
gemma4,E3_img_0269_near_N5_k1_P1,open,item,Coffee,Bandrek,
gemma4,E3_img_0269_far_N2_k2_P1,open,item,Coffee,Bandrek,
gemma4,E3_img_0269_far_N5_k1_P1,open,item,Hot chocolate,Bandrek,
gemma4,E3_img_0269_far_N5_k1_P1,open,country,Mexico,Indonesia,
gemma4,E1_img_0256_mixed_N1_k1_P1,open,item,Croissant,Xuixo,
gemma4,E1_img_0256_mixed_N1_k1_P1,open,country,France,Spain,
gemma4,E1_img_0256_mixed_N2_k1_P1,open,item,Croissant,Xuixo,
gemma4,E1_img_0256_mixed_N2_k1_P1,open,country,France,Spain,
gemma4,E1_img_0256_mixed_N3_k3_P1,open,item,Pain au chocolat,Xuixo,
gemma4,E1_img_0256_mixed_N3_k3_P1,open,country,France,Spain,
gemma4,E1_img_0256_mixed_N4_k3_P1,open,item,Pain au chocolat,Xuixo,
gemma4,E1_img_0256_mixed_N4_k3_P1,open,country,France,Spain,
gemma4,E2_img_0256_mixed_N5_k1_P1,open,item,Croissant,Xuixo,
gemma4,E2_img_0256_mixed_N5_k1_P1,open,country,France,Spain,
gemma4,E2_img_0256_mixed_N5_k2_P1,open,item,Pain au chocolat,Xuixo,
gemma4,E2_img_0256_mixed_N5_k2_P1,open,country,France,Spain,
gemma4,E2_img_0256_mixed_N5_k3_P1,open,item,Pain au chocolat,Xuixo,
gemma4,E2_img_0256_mixed_N5_k3_P1,open,country,France,Spain,
gemma4,E2_img_0256_mixed_N5_k4_P1,open,item,Pain au chocolat,Xuixo,
gemma4,E2_img_0256_mixed_N5_k4_P1,open,country,France,Spain,
gemma4,E2_img_0256_mixed_N5_k5_P1,open,item,Pain au chocolat,Xuixo,
gemma4,E2_img_0256_mixed_N5_k5_P1,open,country,France,Spain,
gemma4,E3_img_0256_near_N2_k1_P1,open,item,Croissant,Xuixo,
gemma4,E3_img_0256_near_N2_k1_P1,open,country,France,Spain,
gemma4,E3_img_0256_near_N5_k2_P1,open,item,Pain au chocolat,Xuixo,
gemma4,E3_img_0256_near_N5_k2_P1,open,country,France,Spain,
gemma4,E3_img_0256_far_N2_k1_P1,open,item,Croissant,Xuixo,
gemma4,E3_img_0256_far_N2_k1_P1,open,country,France,Spain,
gemma4,E3_img_0256_far_N5_k2_P1,open,item,Croissant,Xuixo,
gemma4,E3_img_0256_far_N5_k2_P1,open,country,France,Spain,
gemma4,E1_img_0263_mixed_N1_k1_P1,open,item,Matcha latte,Amazake,
gemma4,E1_img_0263_mixed_N2_k2_P1,open,item,Matcha latte,Amazake,
gemma4,E1_img_0263_mixed_N3_k1_P1,open,item,Matcha latte,Amazake,
gemma4,E1_img_0263_mixed_N4_k4_P1,open,item,Matcha Latte,Amazake,
gemma4,E2_img_0263_mixed_N5_k1_P1,open,item,Matcha Latte,Amazake,
gemma4,E2_img_0263_mixed_N5_k2_P1,open,item,Matcha Latte,Amazake,
gemma4,E2_img_0263_mixed_N5_k3_P1,open,item,Matcha Latte,Amazake,
gemma4,E2_img_0263_mixed_N5_k4_P1,open,item,Matcha Latte,Amazake,
gemma4,E2_img_0263_mixed_N5_k5_P1,open,item,Matcha Latte,Amazake,
gemma4,E3_img_0263_near_N2_k2_P1,open,item,Matcha latte,Amazake,
gemma4,E3_img_0263_near_N5_k3_P1,open,item,Matcha Latte,Amazake,
gemma4,E3_img_0263_far_N2_k2_P1,open,item,Matcha latte,Amazake,
gemma4,E3_img_0263_far_N5_k3_P1,open,item,Matcha Latte,Amazake,
gemma4,E5_img_0263_mixed_N1_k1_P2,open,item,Matcha latte,Amazake,
gemma4,E5_img_0263_mixed_N2_k2_P2,open,item,Matcha Latte,Amazake,
gemma4,E5_img_0263_mixed_N3_k1_P2,open,item,Matcha Latte,Amazake,
gemma4,E5_img_0263_mixed_N4_k4_P2,open,item,Matcha Latte,Amazake,
gemma4,E5_img_0263_mixed_N5_k3_P2,open,item,Matcha Latte,Amazake,
gemma4,E5_img_0263_mixed_N1_k1_P3,open,item,Matcha latte,Amazake,
gemma4,E5_img_0263_mixed_N2_k2_P3,open,item,Matcha Latte,Amazake,
gemma4,E5_img_0263_mixed_N3_k1_P3,open,item,Matcha Latte,Amazake,
gemma4,E5_img_0263_mixed_N4_k4_P3,open,item,Matcha Latte,Amazake,
gemma4,E5_img_0263_mixed_N5_k3_P3,open,item,Matcha Latte,Amazake,
gemma4,E6_img_0263_mixed_N1_k1_P4,open,item,Latte,Amazake,
gemma4,E6_img_0263_mixed_N2_k2_P4,open,item,Matcha (or Japanese Green Tea),Amazake,
gemma4,E6_img_0263_mixed_N3_k1_P4,open,item,Matcha,Amazake,
gemma4,E6_img_0263_mixed_N4_k4_P4,open,item,Matcha,Amazake,
gemma4,E6_img_0263_mixed_N5_k3_P4,open,item,Matcha Latte,Amazake,
gemma4,E2_img_0421_mixed_N5_k3_P1,open,item,Tequeños,Coxinha,
gemma4,E2_img_0421_mixed_N5_k3_P1,open,country,Venezuela,Brazil,
gemma4,E2_img_0421_mixed_N5_k5_P1,open,item,Kibbeh,Coxinha,
gemma4,E2_img_0421_mixed_N5_k5_P1,open,country,Lebanon,Brazil,
gemma4,E3_img_0421_near_N5_k4_P1,open,item,Kibbeh,Coxinha,
gemma4,E3_img_0421_near_N5_k4_P1,open,country,Lebanon,Brazil,
gemma4,E3_img_0421_far_N5_k4_P1,open,item,Kibbeh,Coxinha,
gemma4,E3_img_0421_far_N5_k4_P1,open,country,Lebanon,Brazil,
gemma4,E1_img_0270_mixed_N1_k1_P1,open,item,Coconut water,Batida,
gemma4,E1_img_0270_mixed_N2_k2_P1,open,item,Coconut water and bananas,Batida,
gemma4,E1_img_0270_mixed_N3_k3_P1,open,item,Coconut water,Batida,
gemma4,E1_img_0270_mixed_N4_k2_P1,open,item,Coconut water and fruit juices,Batida,
gemma4,E2_img_0270_mixed_N5_k1_P1,open,item,Coconut water and fruit juices,Batida,
gemma4,E2_img_0270_mixed_N5_k2_P1,open,item,Coconut water and fruit juice,Batida,
gemma4,E2_img_0270_mixed_N5_k3_P1,open,item,Coconut water and fruit juice,Batida,
gemma4,E2_img_0270_mixed_N5_k4_P1,open,item,Coconut water and fruit juices,Batida,
gemma4,E2_img_0270_mixed_N5_k5_P1,open,item,Coconut water,Batida,
gemma4,E3_img_0270_near_N2_k2_P1,open,item,Coconut water,Batida,
gemma4,E3_img_0270_near_N5_k5_P1,open,item,Coconut water and fruit juice,Batida,
gemma4,E3_img_0270_far_N2_k2_P1,open,item,Coconut water,Batida,
gemma4,E3_img_0270_far_N5_k5_P1,open,item,Coconut water,Batida,
gemma4,E1_img_0513_mixed_N1_k1_P1,open,item,Hot chocolate with meringue,Soufflé,
gemma4,E1_img_0513_mixed_N2_k1_P1,open,item,Cappuccino,Soufflé,
gemma4,E1_img_0513_mixed_N2_k1_P1,open,country,Italy,France,
gemma4,E1_img_0513_mixed_N3_k1_P1,open,item,Cappuccino,Soufflé,
gemma4,E1_img_0513_mixed_N3_k1_P1,open,country,Italy,France,
gemma4,E1_img_0513_mixed_N4_k3_P1,open,item,Cappuccino,Soufflé,
gemma4,E1_img_0513_mixed_N4_k3_P1,open,country,Italy,France,
gemma4,E2_img_0513_mixed_N5_k1_P1,open,item,Cappuccino,Soufflé,
gemma4,E2_img_0513_mixed_N5_k1_P1,open,country,Italy,France,
gemma4,E2_img_0513_mixed_N5_k2_P1,open,item,Cappuccino,Soufflé,
gemma4,E2_img_0513_mixed_N5_k2_P1,open,country,Italy,France,
gemma4,E2_img_0513_mixed_N5_k3_P1,open,item,Cappuccino,Soufflé,
gemma4,E2_img_0513_mixed_N5_k3_P1,open,country,Italy,France,
gemma4,E2_img_0513_mixed_N5_k4_P1,open,item,Cappuccino,Soufflé,
gemma4,E2_img_0513_mixed_N5_k4_P1,open,country,Italy,France,
gemma4,E2_img_0513_mixed_N5_k5_P1,open,item,Cappuccino,Soufflé,
gemma4,E2_img_0513_mixed_N5_k5_P1,open,country,Italy,France,
gemma4,E3_img_0513_near_N2_k1_P1,open,item,Cappuccino,Soufflé,
gemma4,E3_img_0513_near_N2_k1_P1,open,country,Italy,France,
gemma4,E3_img_0513_near_N5_k1_P1,open,item,Cappuccino,Soufflé,
gemma4,E3_img_0513_near_N5_k1_P1,open,country,Italy,France,
gemma4,E3_img_0513_far_N2_k1_P1,open,item,Cappuccino,Soufflé,
gemma4,E3_img_0513_far_N2_k1_P1,open,country,Italy,France,
gemma4,E3_img_0513_far_N5_k1_P1,open,item,Cappuccino,Soufflé,
gemma4,E3_img_0513_far_N5_k1_P1,open,country,Italy,France,
gemma4,E5_img_0513_mixed_N1_k1_P2,open,item,Hot chocolate with meringue,Soufflé,
gemma4,E5_img_0513_mixed_N2_k1_P2,open,item,Cappuccino,Soufflé,
gemma4,E5_img_0513_mixed_N2_k1_P2,open,country,Italy,France,
gemma4,E5_img_0513_mixed_N3_k1_P2,open,item,Cappuccino,Soufflé,
gemma4,E5_img_0513_mixed_N3_k1_P2,open,country,Italy,France,
gemma4,E5_img_0513_mixed_N4_k3_P2,open,item,Cappuccino,Soufflé,
gemma4,E5_img_0513_mixed_N4_k3_P2,open,country,Italy,France,
gemma4,E5_img_0513_mixed_N5_k1_P2,open,item,Cappuccino,Soufflé,
gemma4,E5_img_0513_mixed_N5_k1_P2,open,country,Italy,France,
gemma4,E5_img_0513_mixed_N1_k1_P3,open,item,Hot chocolate with meringue,Soufflé,
gemma4,E5_img_0513_mixed_N2_k1_P3,open,item,Cappuccino,Soufflé,
gemma4,E5_img_0513_mixed_N2_k1_P3,open,country,Italy,France,
gemma4,E5_img_0513_mixed_N3_k1_P3,open,item,Cappuccino,Soufflé,
gemma4,E5_img_0513_mixed_N3_k1_P3,open,country,Italy,France,
gemma4,E5_img_0513_mixed_N4_k3_P3,open,item,Cappuccino,Soufflé,
gemma4,E5_img_0513_mixed_N4_k3_P3,open,country,Italy,France,
gemma4,E5_img_0513_mixed_N5_k1_P3,open,item,Cappuccino,Soufflé,
gemma4,E5_img_0513_mixed_N5_k1_P3,open,country,Italy,France,
gemma4,E6_img_0513_mixed_N1_k1_P4,open,item,Hot chocolate with foam,Soufflé,
gemma4,E6_img_0513_mixed_N2_k1_P4,open,item,Cappuccino,Soufflé,
gemma4,E6_img_0513_mixed_N2_k1_P4,open,country,Italy,France,
gemma4,E6_img_0513_mixed_N3_k1_P4,open,item,Cappuccino,Soufflé,
gemma4,E6_img_0513_mixed_N3_k1_P4,open,country,Italy,France,
gemma4,E6_img_0513_mixed_N4_k3_P4,open,item,Hot chocolate with foam,Soufflé,
gemma4,E6_img_0513_mixed_N5_k1_P4,open,item,Cappuccino,Soufflé,
gemma4,E6_img_0513_mixed_N5_k1_P4,open,country,Italy,France,
gemma4,E1_img_0335_mixed_N1_k1_P1,open,item,Cocktail,Paradise,
gemma4,E1_img_0174_mixed_N1_k1_P1,open,item,Chebakia,Khapse,
gemma4,E1_img_0174_mixed_N1_k1_P1,open,country,Morocco,China,
gemma4,E1_img_0174_mixed_N2_k1_P1,open,item,Chebakia,Khapse,
gemma4,E1_img_0174_mixed_N2_k1_P1,open,country,Morocco,China,
gemma4,E1_img_0174_mixed_N3_k3_P1,open,item,Jalebi,Khapse,
gemma4,E1_img_0174_mixed_N3_k3_P1,open,country,India,China,
gemma4,E1_img_0174_mixed_N4_k1_P1,open,item,Chebakia,Khapse,
gemma4,E1_img_0174_mixed_N4_k1_P1,open,country,Morocco,China,
gemma4,E2_img_0174_mixed_N5_k1_P1,open,item,Chebakia,Khapse,
gemma4,E2_img_0174_mixed_N5_k1_P1,open,country,Morocco,China,
gemma4,E2_img_0174_mixed_N5_k2_P1,open,item,Jalebi,Khapse,
gemma4,E2_img_0174_mixed_N5_k2_P1,open,country,India,China,
gemma4,E2_img_0174_mixed_N5_k3_P1,open,item,Jalebi,Khapse,
gemma4,E2_img_0174_mixed_N5_k3_P1,open,country,India,China,
gemma4,E2_img_0174_mixed_N5_k4_P1,open,item,Jalebi,Khapse,
gemma4,E2_img_0174_mixed_N5_k4_P1,open,country,India,China,
gemma4,E2_img_0174_mixed_N5_k5_P1,open,item,Jalebi,Khapse,
gemma4,E2_img_0174_mixed_N5_k5_P1,open,country,India,China,
gemma4,E3_img_0174_near_N2_k1_P1,open,item,Jalebi,Khapse,
gemma4,E3_img_0174_near_N5_k3_P1,open,item,Fried dough (Youtiao),Khapse,
gemma4,E3_img_0174_far_N2_k1_P1,open,item,Chebakia,Khapse,
gemma4,E3_img_0174_far_N2_k1_P1,open,country,Morocco,China,
gemma4,E3_img_0174_far_N5_k3_P1,open,item,Baklava,Khapse,
gemma4,E3_img_0174_far_N5_k3_P1,open,country,Turkey,China,
gemma4,E1_img_0304_mixed_N1_k1_P1,open,item,Iced coffee,Fernet and Coke,
gemma4,E1_img_0304_mixed_N2_k1_P1,open,item,Iced coffee,Fernet and Coke,
gemma4,E1_img_0304_mixed_N3_k2_P1,open,item,Iced coffee,Fernet and Coke,
gemma4,E1_img_0304_mixed_N4_k3_P1,open,item,Iced coffee,Fernet and Coke,
gemma4,E2_img_0304_mixed_N5_k1_P1,open,item,Iced coffee,Fernet and Coke,
gemma4,E2_img_0304_mixed_N5_k2_P1,open,item,Iced coffee,Fernet and Coke,
gemma4,E2_img_0304_mixed_N5_k3_P1,open,item,Iced coffee,Fernet and Coke,
gemma4,E2_img_0304_mixed_N5_k4_P1,open,item,Iced coffee,Fernet and Coke,
gemma4,E2_img_0304_mixed_N5_k5_P1,open,item,Iced coffee,Fernet and Coke,
gemma4,E3_img_0304_near_N2_k1_P1,open,item,Iced coffee,Fernet and Coke,
gemma4,E3_img_0304_near_N5_k5_P1,open,item,Iced coffee,Fernet and Coke,
gemma4,E3_img_0304_far_N2_k1_P1,open,item,Iced coffee,Fernet and Coke,
gemma4,E3_img_0304_far_N5_k5_P1,open,item,Iced coffee,Fernet and Coke,
gemma4,E1_img_0288_mixed_N1_k1_P1,open,item,Hot chocolate,Champurrado,
gemma4,E1_img_0288_mixed_N2_k2_P1,open,item,Ato,Champurrado,
gemma4,E1_img_0288_mixed_N2_k2_P1,open,country,Ethiopia,Mexico,
gemma4,E1_img_0288_mixed_N3_k3_P1,open,item,Kopi Luwak,Champurrado,
gemma4,E1_img_0288_mixed_N4_k4_P1,open,item,Kopi Luwak,Champurrado,
gemma4,E2_img_0288_mixed_N5_k1_P1,open,item,Hot chocolate,Champurrado,
gemma4,E2_img_0288_mixed_N5_k2_P1,open,item,Ato,Champurrado,
gemma4,E2_img_0288_mixed_N5_k2_P1,open,country,Ethiopia,Mexico,
gemma4,E2_img_0288_mixed_N5_k3_P1,open,item,Horchata,Champurrado,
gemma4,E2_img_0288_mixed_N5_k4_P1,open,item,Kopi Luwak,Champurrado,
gemma4,E2_img_0288_mixed_N5_k5_P1,open,item,Horchata,Champurrado,
gemma4,E3_img_0288_near_N2_k2_P1,open,item,Atole,Champurrado,
gemma4,E3_img_0288_near_N5_k1_P1,open,item,Hot chocolate,Champurrado,
gemma4,E3_img_0288_far_N2_k2_P1,open,item,Hot chocolate,Champurrado,
gemma4,E3_img_0288_far_N5_k1_P1,open,item,Hot chocolate,Champurrado,
gemma4,E1_img_0116_mixed_N1_k1_P1,open,item,Tart,Carac,
gemma4,E1_img_0116_mixed_N4_k1_P1,open,item,Tartlet,Carac,
gemma4,E2_img_0116_mixed_N5_k1_P1,open,item,Matcha Tart,Carac,
gemma4,E2_img_0116_mixed_N5_k1_P1,open,country,Japan,Switzerland,
gemma4,E2_img_0116_mixed_N5_k3_P1,open,item,Frog cookies,Carac,
gemma4,E3_img_0116_near_N5_k2_P1,open,item,Cookie,Carac,
gemma4,E5_img_0116_mixed_N1_k1_P2,open,item,Tart,Carac,
gemma4,E5_img_0116_mixed_N3_k1_P2,open,item,Matcha Tart,Carac,
gemma4,E5_img_0116_mixed_N3_k1_P2,open,country,Japan,Switzerland,
gemma4,E5_img_0116_mixed_N4_k1_P2,open,item,Matcha Tart,Carac,
gemma4,E5_img_0116_mixed_N4_k1_P2,open,country,Japan,Switzerland,
gemma4,E5_img_0116_mixed_N5_k2_P2,open,item,Macarons,Carac,
gemma4,E5_img_0116_mixed_N5_k2_P2,open,country,France,Switzerland,
gemma4,E5_img_0116_mixed_N1_k1_P3,open,item,Tartlet,Carac,
gemma4,E5_img_0116_mixed_N3_k1_P3,open,item,Matcha Tart,Carac,
gemma4,E5_img_0116_mixed_N3_k1_P3,open,country,Japan,Switzerland,
gemma4,E5_img_0116_mixed_N4_k1_P3,open,item,Matcha Tart,Carac,
gemma4,E5_img_0116_mixed_N4_k1_P3,open,country,Japan,Switzerland,
gemma4,E5_img_0116_mixed_N5_k2_P3,open,item,Petit Four,Carac,
gemma4,E5_img_0116_mixed_N5_k2_P3,open,country,France,Switzerland,
gemma4,E6_img_0116_mixed_N1_k1_P4,open,item,Tartlet,Carac,
gemma4,E6_img_0116_mixed_N3_k1_P4,open,item,Tartlet,Carac,
gemma4,E6_img_0116_mixed_N4_k1_P4,open,item,Tartlet,Carac,
gemma4,E1_img_0478_mixed_N1_k1_P1,open,item,Tacos and chips,Nachos,
gemma4,E1_img_0478_mixed_N2_k2_P1,open,item,Tacos with chips,Nachos,
gemma4,E1_img_0478_mixed_N3_k2_P1,open,item,Tacos,Nachos,
gemma4,E1_img_0478_mixed_N4_k2_P1,open,item,Tacos,Nachos,
gemma4,E2_img_0478_mixed_N5_k2_P1,open,item,Tacos,Nachos,
gemma4,E2_img_0478_mixed_N5_k3_P1,open,item,Tacos,Nachos,
gemma4,E2_img_0478_mixed_N5_k5_P1,open,item,Tacos,Nachos,
gemma4,E3_img_0478_near_N2_k2_P1,open,item,Tacos and chips,Nachos,
gemma4,E3_img_0478_near_N5_k3_P1,open,item,Tacos,Nachos,
gemma4,E3_img_0478_far_N2_k2_P1,open,item,Tacos,Nachos,
gemma4,E1_img_0209_mixed_N1_k1_P1,open,item,Paneer,Pişmaniye,
gemma4,E1_img_0209_mixed_N2_k1_P1,open,item,Paneer,Pişmaniye,
gemma4,E1_img_0209_mixed_N3_k3_P1,open,item,Mozzarella di Bufala,Pişmaniye,
gemma4,E1_img_0209_mixed_N3_k3_P1,open,country,Italy,Turkey,
gemma4,E1_img_0209_mixed_N4_k3_P1,open,item,Mozzarella di Bufala,Pişmaniye,
gemma4,E1_img_0209_mixed_N4_k3_P1,open,country,Italy,Turkey,
gemma4,E2_img_0209_mixed_N5_k1_P1,open,item,Paneer,Pişmaniye,
gemma4,E2_img_0209_mixed_N5_k2_P1,open,item,Mozzarella di Bufala,Pişmaniye,
gemma4,E2_img_0209_mixed_N5_k2_P1,open,country,Italy,Turkey,
gemma4,E2_img_0209_mixed_N5_k3_P1,open,item,Mozzarella,Pişmaniye,
gemma4,E2_img_0209_mixed_N5_k3_P1,open,country,Italy,Turkey,
gemma4,E2_img_0209_mixed_N5_k4_P1,open,item,Mochi,Pişmaniye,
gemma4,E2_img_0209_mixed_N5_k4_P1,open,country,Japan,Turkey,
gemma4,E2_img_0209_mixed_N5_k5_P1,open,item,Mozzarella,Pişmaniye,
gemma4,E2_img_0209_mixed_N5_k5_P1,open,country,Italy,Turkey,
gemma4,E3_img_0209_near_N2_k1_P1,open,item,Paneer,Pişmaniye,
gemma4,E3_img_0209_near_N5_k4_P1,open,item,Mochi,Pişmaniye,
gemma4,E3_img_0209_far_N2_k1_P1,open,item,Queso Fresco,Pişmaniye,
gemma4,E3_img_0209_far_N5_k4_P1,open,item,Mochi,Pişmaniye,
gemma4,E3_img_0209_far_N5_k4_P1,open,country,Japan,Turkey,
gemma4,E6_img_0161_mixed_N2_k2_P4,open,item,Ice cream,Hokey pokey,
gemma4,E6_img_0161_mixed_N4_k4_P4,open,item,Ice cream,Hokey pokey,
gemma4,E6_img_0161_mixed_N5_k5_P4,open,item,Ice cream with cookie,Hokey pokey,
gemma4,E1_img_0577_mixed_N1_k1_P1,open,item,Nyckelharpa,Hurdy-gurdy,
gemma4,E1_img_0577_mixed_N1_k1_P1,open,country,Sweden,France,
gemma4,E1_img_0577_mixed_N2_k1_P1,open,item,Nyckelharpa,Hurdy-gurdy,
gemma4,E1_img_0577_mixed_N2_k1_P1,open,country,Sweden,France,
gemma4,E2_img_0577_mixed_N5_k3_P1,open,item,Cimbalom,Hurdy-gurdy,
gemma4,E2_img_0577_mixed_N5_k3_P1,open,country,Hungary,France,
gemma4,E2_img_0577_mixed_N5_k4_P1,open,item,Cimbalom,Hurdy-gurdy,
gemma4,E2_img_0577_mixed_N5_k4_P1,open,country,Hungary,France,
gemma4,E3_img_0577_far_N2_k1_P1,open,item,Nyckelharpa,Hurdy-gurdy,
gemma4,E3_img_0577_far_N2_k1_P1,open,country,Sweden,France,
gemma4,E5_img_0577_mixed_N1_k1_P2,open,item,Nyckelharpa,Hurdy-gurdy,
gemma4,E5_img_0577_mixed_N1_k1_P2,open,country,Sweden,France,
gemma4,E5_img_0577_mixed_N2_k1_P2,open,item,Nyckelharpa,Hurdy-gurdy,
gemma4,E5_img_0577_mixed_N2_k1_P2,open,country,Sweden,France,
gemma4,E5_img_0577_mixed_N1_k1_P3,open,item,Nyckelharpa,Hurdy-gurdy,
gemma4,E5_img_0577_mixed_N1_k1_P3,open,country,Sweden,France,
gemma4,E5_img_0577_mixed_N2_k1_P3,open,item,Nyckelharpa,Hurdy-gurdy,
gemma4,E5_img_0577_mixed_N2_k1_P3,open,country,Sweden,France,
gemma4,E6_img_0577_mixed_N1_k1_P4,open,item,Nyckelharpa,Hurdy-gurdy,
gemma4,E6_img_0577_mixed_N1_k1_P4,open,country,Sweden,France,
gemma4,E6_img_0577_mixed_N2_k1_P4,open,item,Psaltery,Hurdy-gurdy,
gemma4,E6_img_0577_mixed_N2_k1_P4,open,country,Germany,France,
gemma4,E6_img_0577_mixed_N3_k1_P4,open,item,Nyckelharpa,Hurdy-gurdy,
gemma4,E6_img_0577_mixed_N3_k1_P4,open,country,Sweden,France,
gemma4,E6_img_0577_mixed_N4_k1_P4,open,item,Kantele,Hurdy-gurdy,
gemma4,E6_img_0577_mixed_N4_k1_P4,open,country,Finland,France,
gemma4,E6_img_0577_mixed_N5_k1_P4,open,item,Kantele,Hurdy-gurdy,
gemma4,E6_img_0577_mixed_N5_k1_P4,open,country,Finland,France,
gemma4,E1_img_0549_mixed_N1_k1_P1,open,item,Banjo,Chuniri,
gemma4,E1_img_0549_mixed_N2_k2_P1,open,item,Banjo,Chuniri,
gemma4,E1_img_0549_mixed_N3_k2_P1,open,item,Banjo,Chuniri,
gemma4,E1_img_0549_mixed_N4_k2_P1,open,item,Banjo,Chuniri,
gemma4,E2_img_0549_mixed_N5_k1_P1,open,item,Banjo,Chuniri,
gemma4,E2_img_0549_mixed_N5_k2_P1,open,item,Banjo,Chuniri,
gemma4,E2_img_0549_mixed_N5_k3_P1,open,item,Banjo,Chuniri,
gemma4,E2_img_0549_mixed_N5_k4_P1,open,item,Cretan Lyra,Chuniri,
gemma4,E2_img_0549_mixed_N5_k4_P1,open,country,Greece,Georgia,
gemma4,E2_img_0549_mixed_N5_k5_P1,open,item,Cretan Lyra,Chuniri,
gemma4,E2_img_0549_mixed_N5_k5_P1,open,country,Greece,Georgia,
gemma4,E3_img_0549_far_N2_k2_P1,open,item,Banjo,Chuniri,
gemma4,E3_img_0549_far_N5_k2_P1,open,item,Banjo,Chuniri,
gemma4,E1_img_0535_mixed_N1_k1_P1,open,country,Nigeria,Brazil,
gemma4,E1_img_0535_mixed_N2_k1_P1,open,country,Nigeria,Brazil,
gemma4,E1_img_0535_mixed_N3_k3_P1,open,item,Maraca,Afoxé,
gemma4,E1_img_0535_mixed_N4_k3_P1,open,item,Maraca,Afoxé,
gemma4,E2_img_0535_mixed_N5_k1_P1,open,country,Nigeria,Brazil,
gemma4,E3_img_0535_near_N2_k1_P1,open,country,Nigeria,Brazil,
gemma4,E3_img_0535_near_N5_k3_P1,open,item,Maraca,Afoxé,
gemma4,E3_img_0535_far_N2_k1_P1,open,country,Nigeria,Brazil,
gemma4,E3_img_0535_far_N5_k3_P1,open,country,Nigeria,Brazil,
gemma4,E1_img_0584_mixed_N1_k1_P1,open,item,Cretan Lyra,Komuz,
gemma4,E1_img_0584_mixed_N3_k1_P1,open,item,Tanpura,Komuz,
gemma4,E1_img_0584_mixed_N3_k1_P1,open,country,India,Kyrgyzstan,
gemma4,E2_img_0584_mixed_N5_k1_P1,open,item,Morin,Komuz,
gemma4,E2_img_0584_mixed_N5_k1_P1,open,country,Mongolia,Kyrgyzstan,
gemma4,E3_img_0584_near_N2_k2_P1,open,item,Morin Khuur,Komuz,
gemma4,E3_img_0584_near_N2_k2_P1,open,country,Mongolia,Kyrgyzstan,
gemma4,E3_img_0584_near_N5_k4_P1,open,item,Tanpura,Komuz,
gemma4,E3_img_0584_far_N2_k2_P1,open,item,Cretan Lyra,Komuz,
gemma4,E3_img_0584_far_N2_k2_P1,open,country,Greece,Kyrgyzstan,
gemma4,E3_img_0584_far_N5_k4_P1,open,item,Rebec,Komuz,
gemma4,E5_img_0584_mixed_N1_k1_P2,open,item,Rebab,Komuz,
gemma4,E5_img_0584_mixed_N1_k1_P2,open,country,Iran,Kyrgyzstan,
gemma4,E5_img_0584_mixed_N2_k2_P2,open,item,Rebab,Komuz,
gemma4,E5_img_0584_mixed_N3_k1_P2,open,item,Tanpura,Komuz,
gemma4,E5_img_0584_mixed_N3_k1_P2,open,country,India,Kyrgyzstan,
gemma4,E5_img_0584_mixed_N4_k4_P2,open,item,Nyckelharpa,Komuz,
gemma4,E5_img_0584_mixed_N4_k4_P2,open,country,Sweden,Kyrgyzstan,
gemma4,E5_img_0584_mixed_N1_k1_P3,open,item,Rebab,Komuz,
gemma4,E5_img_0584_mixed_N1_k1_P3,open,country,Iran,Kyrgyzstan,
gemma4,E5_img_0584_mixed_N2_k2_P3,open,item,Rebab,Komuz,
gemma4,E5_img_0584_mixed_N2_k2_P3,open,country,Iran,Kyrgyzstan,
gemma4,E5_img_0584_mixed_N3_k1_P3,open,item,Tanpura,Komuz,
gemma4,E5_img_0584_mixed_N3_k1_P3,open,country,India,Kyrgyzstan,
gemma4,E6_img_0584_mixed_N1_k1_P4,open,item,Tanbur,Komuz,
gemma4,E6_img_0584_mixed_N1_k1_P4,open,country,Iran,Kyrgyzstan,
gemma4,E6_img_0584_mixed_N2_k2_P4,open,item,Kemenche,Komuz,
gemma4,E6_img_0584_mixed_N2_k2_P4,open,country,Turkey,Kyrgyzstan,
gemma4,E6_img_0584_mixed_N3_k1_P4,open,item,Tanpura,Komuz,
gemma4,E6_img_0584_mixed_N3_k1_P4,open,country,India,Kyrgyzstan,
gemma4,E1_img_0547_mixed_N1_k1_P1,open,item,Ocarina,Caña de millo,
gemma4,E1_img_0547_mixed_N2_k2_P1,open,item,Ocarina,Caña de millo,
gemma4,E1_img_0547_mixed_N3_k3_P1,open,item,Ocarina,Caña de millo,
gemma4,E1_img_0547_mixed_N4_k2_P1,open,item,Ocarina,Caña de millo,
gemma4,E2_img_0547_mixed_N5_k1_P1,open,item,Ocarina,Caña de millo,
gemma4,E2_img_0547_mixed_N5_k2_P1,open,item,Ocarina,Caña de millo,
gemma4,E2_img_0547_mixed_N5_k3_P1,open,item,Ocarina,Caña de millo,
gemma4,E2_img_0547_mixed_N5_k4_P1,open,item,Ocarina,Caña de millo,
gemma4,E2_img_0547_mixed_N5_k5_P1,open,item,Flute,Caña de millo,
gemma4,E3_img_0547_near_N2_k2_P1,open,item,Flute,Caña de millo,
gemma4,E3_img_0547_near_N2_k2_P1,open,country,Mexico,Colombia,
gemma4,E3_img_0547_near_N5_k1_P1,open,item,Ocarina,Caña de millo,
gemma4,E3_img_0547_near_N5_k1_P1,open,country,Mexico,Colombia,
gemma4,E3_img_0547_far_N2_k2_P1,open,item,Zampoña (Pan flute),Caña de millo,
gemma4,E3_img_0547_far_N2_k2_P1,open,country,Bolivia,Colombia,
gemma4,E3_img_0547_far_N5_k1_P1,open,item,Flute,Caña de millo,
gemma4,E3_img_0547_far_N5_k1_P1,open,country,Mexico,Colombia,
gemma4,E1_img_0610_mixed_N1_k1_P1,open,item,Morin Khuur,Sanshin,
gemma4,E1_img_0610_mixed_N1_k1_P1,open,country,Mongolia,Japan,
gemma4,E1_img_0610_mixed_N2_k1_P1,open,item,Morin Khuur,Sanshin,
gemma4,E1_img_0610_mixed_N2_k1_P1,open,country,Mongolia,Japan,
gemma4,E1_img_0610_mixed_N3_k1_P1,open,item,Morin Khuur,Sanshin,
gemma4,E1_img_0610_mixed_N3_k1_P1,open,country,Mongolia,Japan,
gemma4,E1_img_0610_mixed_N4_k3_P1,open,item,Morin Khuur,Sanshin,
gemma4,E1_img_0610_mixed_N4_k3_P1,open,country,Mongolia,Japan,
gemma4,E2_img_0610_mixed_N5_k1_P1,open,item,Erhu,Sanshin,
gemma4,E2_img_0610_mixed_N5_k1_P1,open,country,China,Japan,
gemma4,E2_img_0610_mixed_N5_k2_P1,open,item,Morin Khuur,Sanshin,
gemma4,E2_img_0610_mixed_N5_k2_P1,open,country,Mongolia,Japan,
gemma4,E2_img_0610_mixed_N5_k3_P1,open,item,Morin Khuur,Sanshin,
gemma4,E2_img_0610_mixed_N5_k3_P1,open,country,Mongolia,Japan,
gemma4,E2_img_0610_mixed_N5_k4_P1,open,item,Morin Khuur,Sanshin,
gemma4,E2_img_0610_mixed_N5_k4_P1,open,country,Mongolia,Japan,
gemma4,E2_img_0610_mixed_N5_k5_P1,open,item,Morin Khuur,Sanshin,
gemma4,E2_img_0610_mixed_N5_k5_P1,open,country,Mongolia,Japan,
gemma4,E3_img_0610_near_N2_k1_P1,open,item,Erhu,Sanshin,
gemma4,E3_img_0610_near_N2_k1_P1,open,country,China,Japan,
gemma4,E3_img_0610_near_N5_k2_P1,open,item,Tanpura,Sanshin,
gemma4,E3_img_0610_far_N2_k1_P1,open,item,Morin Khuur,Sanshin,
gemma4,E3_img_0610_far_N2_k1_P1,open,country,Mongolia,Japan,
gemma4,E3_img_0610_far_N5_k2_P1,open,item,Morin Khuur,Sanshin,
gemma4,E3_img_0610_far_N5_k2_P1,open,country,Mongolia,Japan,
gemma4,E5_img_0610_mixed_N1_k1_P2,open,item,Erhu,Sanshin,
gemma4,E5_img_0610_mixed_N1_k1_P2,open,country,China,Japan,
gemma4,E5_img_0610_mixed_N2_k1_P2,open,item,Morin Khuur,Sanshin,
gemma4,E5_img_0610_mixed_N2_k1_P2,open,country,Mongolia,Japan,
gemma4,E5_img_0610_mixed_N3_k1_P2,open,item,Morin Khuur,Sanshin,
gemma4,E5_img_0610_mixed_N3_k1_P2,open,country,Mongolia,Japan,
gemma4,E5_img_0610_mixed_N4_k3_P2,open,item,Morin Khuur,Sanshin,
gemma4,E5_img_0610_mixed_N4_k3_P2,open,country,Mongolia,Japan,
gemma4,E5_img_0610_mixed_N5_k2_P2,open,item,Morin Khuur,Sanshin,
gemma4,E5_img_0610_mixed_N5_k2_P2,open,country,Mongolia,Japan,
gemma4,E5_img_0610_mixed_N1_k1_P3,open,item,Morin Khuur,Sanshin,
gemma4,E5_img_0610_mixed_N1_k1_P3,open,country,Mongolia,Japan,
gemma4,E5_img_0610_mixed_N2_k1_P3,open,item,Morin Khuur,Sanshin,
gemma4,E5_img_0610_mixed_N2_k1_P3,open,country,Mongolia,Japan,
gemma4,E5_img_0610_mixed_N3_k1_P3,open,item,Morin Khuur,Sanshin,
gemma4,E5_img_0610_mixed_N3_k1_P3,open,country,Mongolia,Japan,
gemma4,E5_img_0610_mixed_N4_k3_P3,open,item,Morin Khuur,Sanshin,
gemma4,E5_img_0610_mixed_N4_k3_P3,open,country,Mongolia,Japan,
gemma4,E5_img_0610_mixed_N5_k2_P3,open,item,Morin Khuur,Sanshin,
gemma4,E5_img_0610_mixed_N5_k2_P3,open,country,Mongolia,Japan,
gemma4,E6_img_0610_mixed_N1_k1_P4,open,item,Morin Khuur,Sanshin,
gemma4,E6_img_0610_mixed_N1_k1_P4,open,country,Mongolia,Japan,
gemma4,E6_img_0610_mixed_N2_k1_P4,open,item,Tanpura,Sanshin,
gemma4,E6_img_0610_mixed_N3_k1_P4,open,item,Morin Khuur,Sanshin,
gemma4,E6_img_0610_mixed_N3_k1_P4,open,country,Mongolia,Japan,
gemma4,E6_img_0610_mixed_N4_k3_P4,open,item,Morin Khuur,Sanshin,
gemma4,E6_img_0610_mixed_N4_k3_P4,open,country,Mongolia,Japan,
gemma4,E6_img_0610_mixed_N5_k2_P4,open,item,Morin Khuur,Sanshin,
gemma4,E6_img_0610_mixed_N5_k2_P4,open,country,Mongolia,Japan,
gemma4,E1_img_0571_mixed_N1_k1_P1,open,item,Jew's harp,Güira,
gemma4,E1_img_0571_mixed_N2_k2_P1,open,item,Jew's harp,Güira,
gemma4,E1_img_0571_mixed_N3_k2_P1,open,item,Jew's harp,Güira,
gemma4,E1_img_0571_mixed_N4_k4_P1,open,item,Jew's harp,Güira,
gemma4,E2_img_0571_mixed_N5_k1_P1,open,item,Jew's harp,Güira,
gemma4,E2_img_0571_mixed_N5_k2_P1,open,item,Mbira,Güira,
gemma4,E2_img_0571_mixed_N5_k2_P1,open,country,Zimbabwe,Dominican Republic,
gemma4,E2_img_0571_mixed_N5_k3_P1,open,item,Jew's harp,Güira,
gemma4,E2_img_0571_mixed_N5_k4_P1,open,item,Jew's harp,Güira,
gemma4,E2_img_0571_mixed_N5_k5_P1,open,item,Jew's harp,Güira,
gemma4,E3_img_0571_near_N2_k2_P1,open,item,Jew's harp,Güira,
gemma4,E3_img_0571_near_N5_k3_P1,open,item,Jew's harp,Güira,
gemma4,E3_img_0571_far_N2_k2_P1,open,item,Thumb piano (Kalimba),Güira,
gemma4,E3_img_0571_far_N2_k2_P1,open,country,Africa,Dominican Republic,
gemma4,E3_img_0571_far_N5_k3_P1,open,item,Jew's harp,Güira,
gemma4,E1_img_0566_mixed_N1_k1_P1,open,item,Tifa,Gendang beleq,
gemma4,E1_img_0566_mixed_N2_k1_P1,open,item,Tifa,Gendang beleq,
gemma4,E1_img_0566_mixed_N3_k3_P1,open,item,Tifa,Gendang beleq,
gemma4,E1_img_0566_mixed_N4_k1_P1,open,item,Tifa,Gendang beleq,
gemma4,E2_img_0566_mixed_N5_k1_P1,open,item,Tifa,Gendang beleq,
gemma4,E2_img_0566_mixed_N5_k2_P1,open,item,Tifa,Gendang beleq,
gemma4,E2_img_0566_mixed_N5_k3_P1,open,item,Tifa,Gendang beleq,
gemma4,E2_img_0566_mixed_N5_k4_P1,open,item,Tifa,Gendang beleq,
gemma4,E2_img_0566_mixed_N5_k5_P1,open,item,Tifa,Gendang beleq,
gemma4,E3_img_0566_near_N2_k1_P1,open,item,Tifa,Gendang beleq,
gemma4,E3_img_0566_near_N5_k4_P1,open,item,Dungchen,Gendang beleq,
gemma4,E3_img_0566_near_N5_k4_P1,open,country,Tibet,Indonesia,
gemma4,E3_img_0566_far_N2_k1_P1,open,item,Tifa,Gendang beleq,
gemma4,E3_img_0566_far_N5_k4_P1,open,item,Drum,Gendang beleq,
gemma4,E1_img_0582_mixed_N1_k1_P1,open,item,Pan flute,Kokle,
gemma4,E1_img_0582_mixed_N2_k2_P1,open,item,Pan flute,Kokle,
gemma4,E1_img_0582_mixed_N3_k1_P1,open,item,Xylophone,Kokle,
gemma4,E1_img_0582_mixed_N4_k2_P1,open,item,Pan flute,Kokle,
gemma4,E2_img_0582_mixed_N5_k1_P1,open,item,Xylophone,Kokle,
gemma4,E2_img_0582_mixed_N5_k2_P1,open,item,Pan flute,Kokle,
gemma4,E2_img_0582_mixed_N5_k3_P1,open,item,Pan flute,Kokle,
gemma4,E2_img_0582_mixed_N5_k4_P1,open,item,Pan flute,Kokle,
gemma4,E2_img_0582_mixed_N5_k5_P1,open,item,Pan flute,Kokle,
gemma4,E3_img_0582_near_N2_k2_P1,open,item,Pan flute,Kokle,
gemma4,E3_img_0582_near_N5_k5_P1,open,item,Pan flute,Kokle,
gemma4,E3_img_0582_far_N2_k2_P1,open,item,Pan flute,Kokle,
gemma4,E3_img_0582_far_N5_k5_P1,open,item,Pan flute,Kokle,
gemma4,E5_img_0582_mixed_N1_k1_P2,open,item,Pan flute,Kokle,
gemma4,E5_img_0582_mixed_N2_k2_P2,open,item,Pan flute,Kokle,
gemma4,E5_img_0582_mixed_N3_k1_P2,open,item,Pan flute,Kokle,
gemma4,E5_img_0582_mixed_N4_k2_P2,open,item,Pan flute,Kokle,
gemma4,E5_img_0582_mixed_N5_k5_P2,open,item,Pan flute,Kokle,
gemma4,E5_img_0582_mixed_N1_k1_P3,open,item,Pan flute,Kokle,
gemma4,E5_img_0582_mixed_N2_k2_P3,open,item,Pan flute,Kokle,
gemma4,E5_img_0582_mixed_N3_k1_P3,open,item,Pan flute,Kokle,
gemma4,E5_img_0582_mixed_N4_k2_P3,open,item,Pan flute,Kokle,
gemma4,E5_img_0582_mixed_N5_k5_P3,open,item,Pan flute,Kokle,
gemma4,E6_img_0582_mixed_N1_k1_P4,open,item,Pan flute,Kokle,
gemma4,E6_img_0582_mixed_N2_k2_P4,open,item,Panpipes,Kokle,
gemma4,E6_img_0582_mixed_N3_k1_P4,open,item,Panpipes,Kokle,
gemma4,E6_img_0582_mixed_N4_k2_P4,open,item,Panpipes,Kokle,
gemma4,E6_img_0582_mixed_N5_k5_P4,open,item,Panpipe,Kokle,
gemma4,E1_img_0581_mixed_N1_k1_P1,open,item,Dholak,Kendang,
gemma4,E1_img_0581_mixed_N1_k1_P1,open,country,India,Indonesia,
gemma4,E1_img_0581_mixed_N2_k1_P1,open,item,Dholak,Kendang,
gemma4,E1_img_0581_mixed_N2_k1_P1,open,country,India,Indonesia,
gemma4,E1_img_0581_mixed_N3_k2_P1,open,item,Dholak,Kendang,
gemma4,E1_img_0581_mixed_N3_k2_P1,open,country,India,Indonesia,
gemma4,E1_img_0581_mixed_N4_k3_P1,open,item,Tabla,Kendang,
gemma4,E1_img_0581_mixed_N4_k3_P1,open,country,India,Indonesia,
gemma4,E2_img_0581_mixed_N5_k1_P1,open,item,Dholak,Kendang,
gemma4,E2_img_0581_mixed_N5_k1_P1,open,country,India,Indonesia,
gemma4,E2_img_0581_mixed_N5_k2_P1,open,item,Mridangam,Kendang,
gemma4,E2_img_0581_mixed_N5_k2_P1,open,country,India,Indonesia,
gemma4,E2_img_0581_mixed_N5_k3_P1,open,item,Tabla,Kendang,
gemma4,E2_img_0581_mixed_N5_k3_P1,open,country,India,Indonesia,
gemma4,E2_img_0581_mixed_N5_k4_P1,open,item,Tabla,Kendang,
gemma4,E2_img_0581_mixed_N5_k4_P1,open,country,India,Indonesia,
gemma4,E2_img_0581_mixed_N5_k5_P1,open,item,Dayan,Kendang,
gemma4,E2_img_0581_mixed_N5_k5_P1,open,country,India,Indonesia,
gemma4,E3_img_0581_near_N2_k1_P1,open,item,Dholak,Kendang,
gemma4,E3_img_0581_near_N5_k1_P1,open,item,Dholak,Kendang,
gemma4,E3_img_0581_far_N2_k1_P1,open,item,Tabla,Kendang,
gemma4,E3_img_0581_far_N2_k1_P1,open,country,India,Indonesia,
gemma4,E3_img_0581_far_N5_k1_P1,open,item,Dholak,Kendang,
gemma4,E3_img_0581_far_N5_k1_P1,open,country,India,Indonesia,
gemma4,E1_img_0624_mixed_N1_k1_P1,open,item,Djembe,Taarija,
gemma4,E1_img_0624_mixed_N1_k1_P1,open,country,Guinea,Morocco,
gemma4,E1_img_0624_mixed_N2_k2_P1,open,item,Djembe,Taarija,
gemma4,E1_img_0624_mixed_N2_k2_P1,open,country,Guinea,Morocco,
gemma4,E1_img_0624_mixed_N3_k3_P1,open,item,Djembe,Taarija,
gemma4,E1_img_0624_mixed_N3_k3_P1,open,country,Guinea,Morocco,
gemma4,E1_img_0624_mixed_N4_k4_P1,open,item,Djembe,Taarija,
gemma4,E1_img_0624_mixed_N4_k4_P1,open,country,Guinea,Morocco,
gemma4,E2_img_0624_mixed_N5_k1_P1,open,item,Djembe,Taarija,
gemma4,E2_img_0624_mixed_N5_k1_P1,open,country,Guinea,Morocco,
gemma4,E2_img_0624_mixed_N5_k2_P1,open,item,Djembe,Taarija,
gemma4,E2_img_0624_mixed_N5_k2_P1,open,country,Guinea,Morocco,
gemma4,E2_img_0624_mixed_N5_k3_P1,open,item,Djembe,Taarija,
gemma4,E2_img_0624_mixed_N5_k3_P1,open,country,West Africa,Morocco,
gemma4,E2_img_0624_mixed_N5_k4_P1,open,item,Djembe,Taarija,
gemma4,E2_img_0624_mixed_N5_k4_P1,open,country,Guinea,Morocco,
gemma4,E2_img_0624_mixed_N5_k5_P1,open,item,Djembe,Taarija,
gemma4,E2_img_0624_mixed_N5_k5_P1,open,country,Guinea,Morocco,
gemma4,E3_img_0624_near_N2_k2_P1,open,item,Djembe,Taarija,
gemma4,E3_img_0624_near_N2_k2_P1,open,country,Guinea,Morocco,
gemma4,E3_img_0624_near_N5_k2_P1,open,item,Djembe,Taarija,
gemma4,E3_img_0624_near_N5_k2_P1,open,country,Guinea,Morocco,
gemma4,E3_img_0624_far_N2_k2_P1,open,item,Djembe,Taarija,
gemma4,E3_img_0624_far_N2_k2_P1,open,country,Guinea,Morocco,
gemma4,E3_img_0624_far_N5_k2_P1,open,item,Djembe,Taarija,
gemma4,E1_img_0561_mixed_N1_k1_P1,open,item,Duduk,Fujara,
gemma4,E1_img_0561_mixed_N1_k1_P1,open,country,Armenia,Slovakia,
gemma4,E1_img_0561_mixed_N2_k1_P1,open,item,Duduk,Fujara,
gemma4,E1_img_0561_mixed_N2_k1_P1,open,country,Armenia,Slovakia,
gemma4,E1_img_0561_mixed_N3_k1_P1,open,item,Duduk,Fujara,
gemma4,E1_img_0561_mixed_N3_k1_P1,open,country,Armenia,Slovakia,
gemma4,E1_img_0561_mixed_N4_k1_P1,open,item,Duduk,Fujara,
gemma4,E1_img_0561_mixed_N4_k1_P1,open,country,Armenia,Slovakia,
gemma4,E2_img_0561_mixed_N5_k1_P1,open,item,Duduk,Fujara,
gemma4,E2_img_0561_mixed_N5_k1_P1,open,country,Armenia,Slovakia,
gemma4,E2_img_0561_mixed_N5_k2_P1,open,item,Duduk,Fujara,
gemma4,E2_img_0561_mixed_N5_k2_P1,open,country,Armenia,Slovakia,
gemma4,E2_img_0561_mixed_N5_k3_P1,open,item,Duduk,Fujara,
gemma4,E2_img_0561_mixed_N5_k3_P1,open,country,Armenia,Slovakia,
gemma4,E2_img_0561_mixed_N5_k4_P1,open,item,Duduk,Fujara,
gemma4,E2_img_0561_mixed_N5_k4_P1,open,country,Armenia,Slovakia,
gemma4,E2_img_0561_mixed_N5_k5_P1,open,item,Dungchen,Fujara,
gemma4,E2_img_0561_mixed_N5_k5_P1,open,country,Tibet,Slovakia,
gemma4,E3_img_0561_near_N2_k1_P1,open,item,Duduk,Fujara,
gemma4,E3_img_0561_near_N2_k1_P1,open,country,Armenia,Slovakia,
gemma4,E3_img_0561_near_N5_k3_P1,open,item,Duduk,Fujara,
gemma4,E3_img_0561_near_N5_k3_P1,open,country,Armenia,Slovakia,
gemma4,E3_img_0561_far_N2_k1_P1,open,item,Duduk,Fujara,
gemma4,E3_img_0561_far_N2_k1_P1,open,country,Armenia,Slovakia,
gemma4,E3_img_0561_far_N5_k3_P1,open,item,Duduk,Fujara,
gemma4,E3_img_0561_far_N5_k3_P1,open,country,Armenia,Slovakia,
gemma4,E5_img_0561_mixed_N1_k1_P2,open,item,Duduk,Fujara,
gemma4,E5_img_0561_mixed_N1_k1_P2,open,country,Armenia,Slovakia,
gemma4,E5_img_0561_mixed_N2_k1_P2,open,item,Duduk,Fujara,
gemma4,E5_img_0561_mixed_N2_k1_P2,open,country,Armenia,Slovakia,
gemma4,E5_img_0561_mixed_N3_k1_P2,open,item,Duduk,Fujara,
gemma4,E5_img_0561_mixed_N3_k1_P2,open,country,Armenia,Slovakia,
gemma4,E5_img_0561_mixed_N4_k1_P2,open,item,Duduk,Fujara,
gemma4,E5_img_0561_mixed_N4_k1_P2,open,country,Armenia,Slovakia,
gemma4,E5_img_0561_mixed_N5_k3_P2,open,item,Duduk,Fujara,
gemma4,E5_img_0561_mixed_N5_k3_P2,open,country,Armenia,Slovakia,
gemma4,E5_img_0561_mixed_N1_k1_P3,open,item,Duduk,Fujara,
gemma4,E5_img_0561_mixed_N1_k1_P3,open,country,Armenia,Slovakia,
gemma4,E5_img_0561_mixed_N2_k1_P3,open,item,Duduk,Fujara,
gemma4,E5_img_0561_mixed_N2_k1_P3,open,country,Armenia,Slovakia,
gemma4,E5_img_0561_mixed_N3_k1_P3,open,item,Duduk,Fujara,
gemma4,E5_img_0561_mixed_N3_k1_P3,open,country,Armenia,Slovakia,
gemma4,E5_img_0561_mixed_N4_k1_P3,open,item,Duduk,Fujara,
gemma4,E5_img_0561_mixed_N4_k1_P3,open,country,Armenia,Slovakia,
gemma4,E5_img_0561_mixed_N5_k3_P3,open,item,Duduk,Fujara,
gemma4,E5_img_0561_mixed_N5_k3_P3,open,country,Armenia,Slovakia,
gemma4,E6_img_0561_mixed_N1_k1_P4,open,item,Duduk,Fujara,
gemma4,E6_img_0561_mixed_N1_k1_P4,open,country,Armenia,Slovakia,
gemma4,E6_img_0561_mixed_N2_k1_P4,open,item,Duduk,Fujara,
gemma4,E6_img_0561_mixed_N2_k1_P4,open,country,Armenia,Slovakia,
gemma4,E6_img_0561_mixed_N3_k1_P4,open,item,Duduk,Fujara,
gemma4,E6_img_0561_mixed_N3_k1_P4,open,country,Armenia,Slovakia,
gemma4,E6_img_0561_mixed_N4_k1_P4,open,item,Duduk,Fujara,
gemma4,E6_img_0561_mixed_N4_k1_P4,open,country,Armenia,Slovakia,
gemma4,E6_img_0561_mixed_N5_k3_P4,open,item,Duduk,Fujara,
gemma4,E6_img_0561_mixed_N5_k3_P4,open,country,Armenia,Slovakia,
gemma4,E1_img_0564_mixed_N1_k1_P1,open,item,Gamelan,Gangsa,
gemma4,E1_img_0564_mixed_N2_k2_P1,open,item,Gamelan,Gangsa,
gemma4,E1_img_0564_mixed_N3_k2_P1,open,item,Gamelan,Gangsa,
gemma4,E1_img_0564_mixed_N4_k2_P1,open,item,Gamelan,Gangsa,
gemma4,E2_img_0564_mixed_N5_k1_P1,open,item,Gamelan,Gangsa,
gemma4,E2_img_0564_mixed_N5_k2_P1,open,item,Gamelan,Gangsa,
gemma4,E2_img_0564_mixed_N5_k3_P1,open,item,Gamelan,Gangsa,
gemma4,E2_img_0564_mixed_N5_k4_P1,open,item,Gamelan,Gangsa,
gemma4,E2_img_0564_mixed_N5_k5_P1,open,item,Gamelan,Gangsa,
gemma4,E3_img_0564_near_N2_k2_P1,open,item,Gamelan,Gangsa,
gemma4,E3_img_0564_near_N5_k4_P1,open,item,Gamelan,Gangsa,
gemma4,E3_img_0564_far_N2_k2_P1,open,item,Gamelan,Gangsa,
gemma4,E3_img_0564_far_N5_k4_P1,open,item,Gamelan,Gangsa,
gemma4,E1_img_0604_mixed_N1_k1_P1,open,item,"Hammered dulcimer (specifically a *Khim* or *Dulcimer* style, often associated with Southeast Asian traditions like the *Guzheng* or *Khim*)",Poeng mang,
gemma4,E1_img_0604_mixed_N3_k3_P1,open,item,Gamelan,Poeng mang,
gemma4,E1_img_0604_mixed_N4_k3_P1,open,item,Gamelan,Poeng mang,
gemma4,E2_img_0604_mixed_N5_k1_P1,open,item,Gamelan,Poeng mang,
gemma4,E2_img_0604_mixed_N5_k2_P1,open,item,Gamelan,Poeng mang,
gemma4,E2_img_0604_mixed_N5_k3_P1,open,item,Gamelan,Poeng mang,
gemma4,E3_img_0604_near_N2_k1_P1,open,item,Gamelan (specifically a Saron or similar metallophone),Poeng mang,
gemma4,E3_img_0604_near_N2_k1_P1,open,country,Indonesia,Thailand,
gemma4,E3_img_0604_far_N2_k1_P1,open,item,Saung Gauk,Poeng mang,
gemma4,E3_img_0604_far_N2_k1_P1,open,country,Myanmar,Thailand,
gemma4,E3_img_0604_far_N5_k5_P1,open,item,Gamelan,Poeng mang,
gemma4,E3_img_0604_far_N5_k5_P1,open,country,Indonesia,Thailand,
gemma4,E1_img_0628_mixed_N1_k1_P1,open,item,Mandolin,Tambura,
gemma4,E1_img_0628_mixed_N2_k2_P1,open,item,Mandolin,Tambura,
gemma4,E1_img_0628_mixed_N3_k1_P1,open,item,Bouzouki,Tambura,
gemma4,E1_img_0628_mixed_N3_k1_P1,open,country,Greece,Bulgaria,
gemma4,E1_img_0628_mixed_N4_k4_P1,open,item,Mandolin,Tambura,
gemma4,E2_img_0628_mixed_N5_k1_P1,open,item,Bouzouki,Tambura,
gemma4,E2_img_0628_mixed_N5_k1_P1,open,country,Greece,Bulgaria,
gemma4,E2_img_0628_mixed_N5_k2_P1,open,item,Mandolin,Tambura,
gemma4,E2_img_0628_mixed_N5_k3_P1,open,item,Mandolin,Tambura,
gemma4,E2_img_0628_mixed_N5_k4_P1,open,item,Mandolin,Tambura,
gemma4,E2_img_0628_mixed_N5_k5_P1,open,item,Mandolin,Tambura,
gemma4,E3_img_0628_near_N2_k2_P1,open,item,Lute,Tambura,
gemma4,E3_img_0628_near_N5_k1_P1,open,item,Bouzouki,Tambura,
gemma4,E3_img_0628_near_N5_k1_P1,open,country,Greece,Bulgaria,
gemma4,E3_img_0628_far_N2_k2_P1,open,item,Mandolin,Tambura,
gemma4,E3_img_0628_far_N2_k2_P1,open,country,Italy,Bulgaria,
gemma4,E3_img_0628_far_N5_k1_P1,open,item,Bouzouki,Tambura,
gemma4,E3_img_0628_far_N5_k1_P1,open,country,Greece,Bulgaria,
gemma4,E5_img_0628_mixed_N1_k1_P2,open,item,Mandolin,Tambura,
gemma4,E5_img_0628_mixed_N2_k2_P2,open,item,Mandolin,Tambura,
gemma4,E5_img_0628_mixed_N3_k1_P2,open,item,Bouzouki,Tambura,
gemma4,E5_img_0628_mixed_N3_k1_P2,open,country,Greece,Bulgaria,
gemma4,E5_img_0628_mixed_N4_k4_P2,open,item,Mandolin,Tambura,
gemma4,E5_img_0628_mixed_N5_k1_P2,open,item,Bouzouki,Tambura,
gemma4,E5_img_0628_mixed_N5_k1_P2,open,country,Greece,Bulgaria,
gemma4,E5_img_0628_mixed_N1_k1_P3,open,item,Bouzouki,Tambura,
gemma4,E5_img_0628_mixed_N1_k1_P3,open,country,Greece,Bulgaria,
gemma4,E5_img_0628_mixed_N2_k2_P3,open,item,Mandolin,Tambura,
gemma4,E5_img_0628_mixed_N3_k1_P3,open,item,Bouzouki,Tambura,
gemma4,E5_img_0628_mixed_N3_k1_P3,open,country,Greece,Bulgaria,
gemma4,E5_img_0628_mixed_N4_k4_P3,open,item,Mandolin,Tambura,
gemma4,E5_img_0628_mixed_N5_k1_P3,open,item,Bouzouki,Tambura,
gemma4,E5_img_0628_mixed_N5_k1_P3,open,country,Greece,Bulgaria,
gemma4,E6_img_0628_mixed_N1_k1_P4,open,item,Bouzouki,Tambura,
gemma4,E6_img_0628_mixed_N1_k1_P4,open,country,Greece,Bulgaria,
gemma4,E6_img_0628_mixed_N2_k2_P4,open,item,Mandolin,Tambura,
gemma4,E6_img_0628_mixed_N3_k1_P4,open,item,Mandolin,Tambura,
gemma4,E6_img_0628_mixed_N4_k4_P4,open,item,Mandolin,Tambura,
gemma4,E6_img_0628_mixed_N5_k1_P4,open,item,Bouzouki,Tambura,
gemma4,E6_img_0628_mixed_N5_k1_P4,open,country,Greece,Bulgaria,
gemma4,E1_img_0608_mixed_N1_k1_P1,open,item,Ukulele,Requinto jarocho,
gemma4,E1_img_0608_mixed_N2_k1_P1,open,item,Ukulele,Requinto jarocho,
gemma4,E1_img_0608_mixed_N3_k2_P1,open,item,Ukulele,Requinto jarocho,
gemma4,E1_img_0608_mixed_N4_k1_P1,open,item,Ukulele,Requinto jarocho,
gemma4,E2_img_0608_mixed_N5_k1_P1,open,item,Ukulele,Requinto jarocho,
gemma4,E2_img_0608_mixed_N5_k2_P1,open,item,Ukulele,Requinto jarocho,
gemma4,E2_img_0608_mixed_N5_k3_P1,open,item,Ukulele,Requinto jarocho,
gemma4,E2_img_0608_mixed_N5_k4_P1,open,item,Ukulele,Requinto jarocho,
gemma4,E2_img_0608_mixed_N5_k5_P1,open,item,Ukulele,Requinto jarocho,
gemma4,E3_img_0608_near_N2_k1_P1,open,item,Ukulele,Requinto jarocho,
gemma4,E3_img_0608_near_N2_k1_P1,open,country,Hawaii,Mexico,
gemma4,E3_img_0608_near_N5_k2_P1,open,item,Ukulele,Requinto jarocho,
gemma4,E3_img_0608_far_N2_k1_P1,open,item,Ukulele,Requinto jarocho,
gemma4,E3_img_0608_far_N5_k2_P1,open,item,Ukulele,Requinto jarocho,
gemma4,E1_img_0629_mixed_N1_k1_P1,open,item,Lithophone,Teponaztli,
gemma4,E1_img_0629_mixed_N2_k1_P1,open,item,Lithophone,Teponaztli,
gemma4,E1_img_0629_mixed_N3_k1_P1,open,item,Lithophone,Teponaztli,
gemma4,E1_img_0629_mixed_N4_k3_P1,open,item,Lithophone,Teponaztli,
gemma4,E2_img_0629_mixed_N5_k1_P1,open,item,Lithophone,Teponaztli,
gemma4,E2_img_0629_mixed_N5_k2_P1,open,item,Lithophone,Teponaztli,
gemma4,E2_img_0629_mixed_N5_k3_P1,open,item,Lithophone,Teponaztli,
gemma4,E2_img_0629_mixed_N5_k4_P1,open,item,Lithophone,Teponaztli,
gemma4,E2_img_0629_mixed_N5_k5_P1,open,item,Wood block (Mokugyo),Teponaztli,
gemma4,E2_img_0629_mixed_N5_k5_P1,open,country,China,Mexico,
gemma4,E3_img_0629_near_N5_k4_P1,open,item,Lithophone,Teponaztli,
gemma4,E3_img_0629_far_N2_k1_P1,open,item,Lithophone,Teponaztli,
gemma4,E5_img_0629_mixed_N1_k1_P2,open,item,Lithophone,Teponaztli,
gemma4,E5_img_0629_mixed_N1_k1_P2,open,country,China,Mexico,
gemma4,E5_img_0629_mixed_N2_k1_P2,open,item,Lithophone,Teponaztli,
gemma4,E5_img_0629_mixed_N3_k1_P2,open,item,Lithophone,Teponaztli,
gemma4,E5_img_0629_mixed_N4_k3_P2,open,item,Lithophone,Teponaztli,
gemma4,E5_img_0629_mixed_N5_k4_P2,open,item,Lithophone,Teponaztli,
gemma4,E5_img_0629_mixed_N1_k1_P3,open,item,Lithophone,Teponaztli,
gemma4,E5_img_0629_mixed_N1_k1_P3,open,country,China,Mexico,
gemma4,E5_img_0629_mixed_N2_k1_P3,open,item,Lithophone,Teponaztli,
gemma4,E5_img_0629_mixed_N3_k1_P3,open,item,Lithophone,Teponaztli,
gemma4,E5_img_0629_mixed_N4_k3_P3,open,item,Lithophone,Teponaztli,
gemma4,E5_img_0629_mixed_N5_k4_P3,open,item,Lithophone,Teponaztli,
gemma4,E6_img_0629_mixed_N2_k1_P4,open,item,Lithophone,Teponaztli,
gemma4,E6_img_0629_mixed_N3_k1_P4,open,item,Lithophone,Teponaztli,
gemma4,E6_img_0629_mixed_N4_k3_P4,open,item,Lithophone,Teponaztli,
gemma4,E6_img_0629_mixed_N4_k3_P4,open,country,China,Mexico,
gemma4,E1_img_0602_mixed_N1_k1_P1,open,item,Bagpipes,Pibgorn,
gemma4,E1_img_0602_mixed_N2_k2_P1,open,item,Bagpipes,Pibgorn,
gemma4,E1_img_0602_mixed_N3_k2_P1,open,item,Bagpipes,Pibgorn,
gemma4,E1_img_0602_mixed_N4_k4_P1,open,item,Bagpipes,Pibgorn,
gemma4,E2_img_0602_mixed_N5_k1_P1,open,item,Bagpipes,Pibgorn,
gemma4,E2_img_0602_mixed_N5_k2_P1,open,item,Bagpipes,Pibgorn,
gemma4,E2_img_0602_mixed_N5_k3_P1,open,item,Bagpipes,Pibgorn,
gemma4,E2_img_0602_mixed_N5_k4_P1,open,item,Bagpipes,Pibgorn,
gemma4,E2_img_0602_mixed_N5_k5_P1,open,item,Bagpipes,Pibgorn,
gemma4,E3_img_0602_near_N2_k2_P1,open,item,Bagpipes,Pibgorn,
gemma4,E3_img_0602_near_N5_k5_P1,open,item,Bagpipes,Pibgorn,
gemma4,E3_img_0602_far_N2_k2_P1,open,item,Bagpipes,Pibgorn,
gemma4,E3_img_0602_far_N5_k5_P1,open,item,Bagpipes,Pibgorn,
gemma4,E1_img_0618_mixed_N1_k1_P1,open,item,Morin khuur,Shamisen,
gemma4,E1_img_0618_mixed_N1_k1_P1,open,country,Mongolia,Japan,
gemma4,E1_img_0618_mixed_N2_k1_P1,open,item,Morin Khuur,Shamisen,
gemma4,E1_img_0618_mixed_N2_k1_P1,open,country,Mongolia,Japan,
gemma4,E1_img_0618_mixed_N3_k3_P1,open,item,Morin Khuur,Shamisen,
gemma4,E1_img_0618_mixed_N3_k3_P1,open,country,Mongolia,Japan,
gemma4,E1_img_0618_mixed_N4_k1_P1,open,item,Morin Khuur,Shamisen,
gemma4,E1_img_0618_mixed_N4_k1_P1,open,country,Mongolia,Japan,
gemma4,E2_img_0618_mixed_N5_k1_P1,open,item,Morin Khuur,Shamisen,
gemma4,E2_img_0618_mixed_N5_k1_P1,open,country,Mongolia,Japan,
gemma4,E2_img_0618_mixed_N5_k2_P1,open,item,Morin Khuur,Shamisen,
gemma4,E2_img_0618_mixed_N5_k2_P1,open,country,Mongolia,Japan,
gemma4,E2_img_0618_mixed_N5_k3_P1,open,item,Morin Khuur,Shamisen,
gemma4,E2_img_0618_mixed_N5_k3_P1,open,country,Mongolia,Japan,
gemma4,E2_img_0618_mixed_N5_k4_P1,open,item,Morin Khuur,Shamisen,
gemma4,E2_img_0618_mixed_N5_k4_P1,open,country,Mongolia,Japan,
gemma4,E2_img_0618_mixed_N5_k5_P1,open,item,Morin Khuur,Shamisen,
gemma4,E2_img_0618_mixed_N5_k5_P1,open,country,Mongolia,Japan,
gemma4,E3_img_0618_near_N2_k1_P1,open,item,Morin Khuur,Shamisen,
gemma4,E3_img_0618_near_N2_k1_P1,open,country,Mongolia,Japan,
gemma4,E3_img_0618_near_N5_k1_P1,open,item,Morin Khuur,Shamisen,
gemma4,E3_img_0618_near_N5_k1_P1,open,country,Mongolia,Japan,
gemma4,E3_img_0618_far_N2_k1_P1,open,item,Morin Khuur,Shamisen,
gemma4,E3_img_0618_far_N2_k1_P1,open,country,Mongolia,Japan,
gemma4,E3_img_0618_far_N5_k1_P1,open,item,Morin Khuur,Shamisen,
gemma4,E3_img_0618_far_N5_k1_P1,open,country,Mongolia,Japan,
gemma4,E1_img_0575_mixed_N1_k1_P1,open,item,Shakuhachi,Hne,
gemma4,E1_img_0575_mixed_N1_k1_P1,open,country,Japan,Myanmar,
gemma4,E1_img_0575_mixed_N2_k2_P1,open,item,Shakuhachi,Hne,
gemma4,E1_img_0575_mixed_N2_k2_P1,open,country,Japan,Myanmar,
gemma4,E1_img_0575_mixed_N3_k1_P1,open,item,Shakuhachi,Hne,
gemma4,E1_img_0575_mixed_N3_k1_P1,open,country,Japan,Myanmar,
gemma4,E1_img_0575_mixed_N4_k2_P1,open,item,Shakuhachi,Hne,
gemma4,E1_img_0575_mixed_N4_k2_P1,open,country,Japan,Myanmar,
gemma4,E2_img_0575_mixed_N5_k1_P1,open,item,Shakuhachi,Hne,
gemma4,E2_img_0575_mixed_N5_k1_P1,open,country,Japan,Myanmar,
gemma4,E2_img_0575_mixed_N5_k2_P1,open,item,Shakuhachi,Hne,
gemma4,E2_img_0575_mixed_N5_k2_P1,open,country,Japan,Myanmar,
gemma4,E2_img_0575_mixed_N5_k3_P1,open,country,India,Myanmar,
gemma4,E2_img_0575_mixed_N5_k5_P1,open,country,India,Myanmar,
gemma4,E3_img_0575_near_N5_k2_P1,open,item,Shakuhachi,Hne,
gemma4,E3_img_0575_far_N2_k2_P1,open,item,Shakuhachi,Hne,
gemma4,E3_img_0575_far_N2_k2_P1,open,country,Japan,Myanmar,
gemma4,E3_img_0575_far_N5_k2_P1,open,item,Shakuhachi,Hne,
gemma4,E3_img_0575_far_N5_k2_P1,open,country,Japan,Myanmar,
gemma4,E5_img_0575_mixed_N1_k1_P2,open,item,Shakuhachi,Hne,
gemma4,E5_img_0575_mixed_N1_k1_P2,open,country,Japan,Myanmar,
gemma4,E5_img_0575_mixed_N2_k2_P2,open,item,Shakuhachi,Hne,
gemma4,E5_img_0575_mixed_N2_k2_P2,open,country,Japan,Myanmar,
gemma4,E5_img_0575_mixed_N3_k1_P2,open,item,Shakuhachi,Hne,
gemma4,E5_img_0575_mixed_N3_k1_P2,open,country,Japan,Myanmar,
gemma4,E5_img_0575_mixed_N4_k2_P2,open,item,Shakuhachi,Hne,
gemma4,E5_img_0575_mixed_N4_k2_P2,open,country,Japan,Myanmar,
gemma4,E5_img_0575_mixed_N5_k2_P2,open,item,Shakuhachi,Hne,
gemma4,E5_img_0575_mixed_N5_k2_P2,open,country,Japan,Myanmar,
gemma4,E5_img_0575_mixed_N1_k1_P3,open,item,Shakuhachi,Hne,
gemma4,E5_img_0575_mixed_N1_k1_P3,open,country,Japan,Myanmar,
gemma4,E5_img_0575_mixed_N2_k2_P3,open,item,Shakuhachi,Hne,
gemma4,E5_img_0575_mixed_N2_k2_P3,open,country,Japan,Myanmar,
gemma4,E5_img_0575_mixed_N3_k1_P3,open,item,Shakuhachi,Hne,
gemma4,E5_img_0575_mixed_N3_k1_P3,open,country,Japan,Myanmar,
gemma4,E5_img_0575_mixed_N4_k2_P3,open,item,Shakuhachi,Hne,
gemma4,E5_img_0575_mixed_N4_k2_P3,open,country,Japan,Myanmar,
gemma4,E5_img_0575_mixed_N5_k2_P3,open,item,Shakuhachi,Hne,
gemma4,E5_img_0575_mixed_N5_k2_P3,open,country,Japan,Myanmar,
gemma4,E6_img_0575_mixed_N1_k1_P4,open,item,Shakuhachi,Hne,
gemma4,E6_img_0575_mixed_N1_k1_P4,open,country,Japan,Myanmar,
gemma4,E6_img_0575_mixed_N2_k2_P4,open,item,Shakuhachi,Hne,
gemma4,E6_img_0575_mixed_N2_k2_P4,open,country,Japan,Myanmar,
gemma4,E6_img_0575_mixed_N3_k1_P4,open,item,Shakuhachi,Hne,
gemma4,E6_img_0575_mixed_N3_k1_P4,open,country,Japan,Myanmar,
gemma4,E6_img_0575_mixed_N4_k2_P4,open,item,Shakuhachi,Hne,
gemma4,E6_img_0575_mixed_N4_k2_P4,open,country,Japan,Myanmar,
gemma4,E6_img_0575_mixed_N5_k2_P4,open,item,Dizi,Hne,
gemma4,E6_img_0575_mixed_N5_k2_P4,open,country,China,Myanmar,
gemma4,E1_img_0594_mixed_N1_k1_P1,open,item,Veena (specifically a crocodile-shaped Veena),Mi gyaung,
gemma4,E1_img_0594_mixed_N1_k1_P1,open,country,India,Myanmar,
gemma4,E1_img_0594_mixed_N2_k1_P1,open,item,Swarli,Mi gyaung,
gemma4,E1_img_0594_mixed_N2_k1_P1,open,country,India,Myanmar,
gemma4,E1_img_0594_mixed_N4_k3_P1,open,item,Swarli,Mi gyaung,
gemma4,E1_img_0594_mixed_N4_k3_P1,open,country,India,Myanmar,
gemma4,E2_img_0594_mixed_N5_k1_P1,open,item,Swarli,Mi gyaung,
gemma4,E2_img_0594_mixed_N5_k1_P1,open,country,India,Myanmar,
gemma4,E2_img_0594_mixed_N5_k3_P1,open,item,Morchang,Mi gyaung,
gemma4,E3_img_0594_near_N2_k1_P1,open,item,Swarli,Mi gyaung,
gemma4,E3_img_0594_near_N5_k3_P1,open,item,Kecapi,Mi gyaung,
gemma4,E3_img_0594_far_N2_k1_P1,open,item,Swarli,Mi gyaung,
gemma4,E3_img_0594_far_N2_k1_P1,open,country,India,Myanmar,
gemma4,E3_img_0594_far_N5_k3_P1,open,item,Swarmandal,Mi gyaung,
gemma4,E3_img_0594_far_N5_k3_P1,open,country,India,Myanmar,
gemma4,E1_img_0606_mixed_N1_k1_P1,open,item,Lute,Qanbūs,
gemma4,E1_img_0606_mixed_N2_k1_P1,open,item,Oud,Qanbūs,
gemma4,E1_img_0606_mixed_N3_k1_P1,open,item,Lute,Qanbūs,
gemma4,E1_img_0606_mixed_N4_k1_P1,open,item,Lute,Qanbūs,
gemma4,E2_img_0606_mixed_N5_k1_P1,open,item,Lute,Qanbūs,
gemma4,E2_img_0606_mixed_N5_k2_P1,open,item,Tanpura,Qanbūs,
gemma4,E2_img_0606_mixed_N5_k2_P1,open,country,India,Yemen,
gemma4,E2_img_0606_mixed_N5_k3_P1,open,item,Morin khuur,Qanbūs,
gemma4,E2_img_0606_mixed_N5_k3_P1,open,country,Mongolia,Yemen,
gemma4,E2_img_0606_mixed_N5_k4_P1,open,item,Lute,Qanbūs,
gemma4,E2_img_0606_mixed_N5_k5_P1,open,item,Lute,Qanbūs,
gemma4,E3_img_0606_near_N2_k1_P1,open,item,Oud,Qanbūs,
gemma4,E3_img_0606_near_N5_k5_P1,open,item,Oud,Qanbūs,
gemma4,E3_img_0606_far_N2_k1_P1,open,item,Oud,Qanbūs,
gemma4,E3_img_0606_far_N5_k5_P1,open,item,Lute,Qanbūs,
gemma4,E5_img_0606_mixed_N1_k1_P2,open,item,Lute,Qanbūs,
gemma4,E5_img_0606_mixed_N2_k1_P2,open,item,Oud,Qanbūs,
gemma4,E5_img_0606_mixed_N2_k1_P2,open,country,Middle East,Yemen,
gemma4,E5_img_0606_mixed_N3_k1_P2,open,item,Lute,Qanbūs,
gemma4,E5_img_0606_mixed_N4_k1_P2,open,item,Lute,Qanbūs,
gemma4,E5_img_0606_mixed_N5_k5_P2,open,item,Kamancheh,Qanbūs,
gemma4,E5_img_0606_mixed_N5_k5_P2,open,country,Iran,Yemen,
gemma4,E5_img_0606_mixed_N1_k1_P3,open,item,Lute,Qanbūs,
gemma4,E5_img_0606_mixed_N2_k1_P3,open,item,Lute,Qanbūs,
gemma4,E5_img_0606_mixed_N3_k1_P3,open,item,Lute,Qanbūs,
gemma4,E5_img_0606_mixed_N4_k1_P3,open,item,Lute,Qanbūs,
gemma4,E5_img_0606_mixed_N5_k5_P3,open,item,Morin Khuur,Qanbūs,
gemma4,E5_img_0606_mixed_N5_k5_P3,open,country,Mongolia,Yemen,
gemma4,E6_img_0606_mixed_N1_k1_P4,open,country,Greece,Yemen,
gemma4,E6_img_0606_mixed_N2_k1_P4,open,item,Oud,Qanbūs,
gemma4,E6_img_0606_mixed_N3_k1_P4,open,item,Oud,Qanbūs,
gemma4,E6_img_0606_mixed_N3_k1_P4,open,country,Middle East,Yemen,
gemma4,E6_img_0606_mixed_N4_k1_P4,open,item,Oud,Qanbūs,
gemma4,E6_img_0606_mixed_N5_k5_P4,open,item,Kora,Qanbūs,
gemma4,E6_img_0606_mixed_N5_k5_P4,open,country,West Africa,Yemen,
gemma4,E1_img_0592_mixed_N1_k1_P1,open,country,India,Madagascar,
gemma4,E1_img_0592_mixed_N2_k2_P1,open,item,Morin khuur,Marovany,
gemma4,E1_img_0592_mixed_N2_k2_P1,open,country,Mongolia,Madagascar,
gemma4,E1_img_0592_mixed_N3_k2_P1,open,item,Morin Khuur,Marovany,
gemma4,E1_img_0592_mixed_N3_k2_P1,open,country,Mongolia,Madagascar,
gemma4,E1_img_0592_mixed_N4_k2_P1,open,item,Morin Khuur,Marovany,
gemma4,E1_img_0592_mixed_N4_k2_P1,open,country,Mongolia,Madagascar,
gemma4,E2_img_0592_mixed_N5_k1_P1,open,country,Iran,Madagascar,
gemma4,E2_img_0592_mixed_N5_k2_P1,open,item,Morinthan,Marovany,
gemma4,E2_img_0592_mixed_N5_k3_P1,open,item,Morin Khuur,Marovany,
gemma4,E2_img_0592_mixed_N5_k3_P1,open,country,Mongolia,Madagascar,
gemma4,E2_img_0592_mixed_N5_k4_P1,open,item,Morin Khuur,Marovany,
gemma4,E2_img_0592_mixed_N5_k4_P1,open,country,Mongolia,Madagascar,
gemma4,E2_img_0592_mixed_N5_k5_P1,open,item,Morin Khuur,Marovany,
gemma4,E2_img_0592_mixed_N5_k5_P1,open,country,Mongolia,Madagascar,
gemma4,E3_img_0592_near_N2_k2_P1,open,item,Xylophone,Marovany,
gemma4,E3_img_0592_near_N5_k1_P1,open,country,Iran,Madagascar,
gemma4,E3_img_0592_far_N2_k2_P1,open,item,Morin Khuur,Marovany,
gemma4,E3_img_0592_far_N2_k2_P1,open,country,Mongolia,Madagascar,
gemma4,E3_img_0592_far_N5_k1_P1,open,country,Iran,Madagascar,
gemma4,E1_img_0562_mixed_N1_k1_P1,open,item,Hurdy-gurdy,Gadulka,
gemma4,E1_img_0562_mixed_N2_k1_P1,open,item,Rebec,Gadulka,
gemma4,E1_img_0562_mixed_N3_k3_P1,open,item,Nyckelharpa,Gadulka,
gemma4,E1_img_0562_mixed_N3_k3_P1,open,country,Sweden,Bulgaria,
gemma4,E1_img_0562_mixed_N4_k3_P1,open,item,Nyckelharpa,Gadulka,
gemma4,E1_img_0562_mixed_N4_k3_P1,open,country,Sweden,Bulgaria,
gemma4,E2_img_0562_mixed_N5_k1_P1,open,item,Rebec,Gadulka,
gemma4,E2_img_0562_mixed_N5_k2_P1,open,item,Rebec,Gadulka,
gemma4,E2_img_0562_mixed_N5_k3_P1,open,item,Nyckelharpa,Gadulka,
gemma4,E2_img_0562_mixed_N5_k3_P1,open,country,Sweden,Bulgaria,
gemma4,E2_img_0562_mixed_N5_k4_P1,open,item,Hurdy-gurdy,Gadulka,
gemma4,E2_img_0562_mixed_N5_k5_P1,open,item,Morin-gyul,Gadulka,
gemma4,E2_img_0562_mixed_N5_k5_P1,open,country,Mongolia,Bulgaria,
gemma4,E3_img_0562_near_N2_k1_P1,open,item,Rebec,Gadulka,
gemma4,E3_img_0562_near_N5_k2_P1,open,item,Rebec,Gadulka,
gemma4,E3_img_0562_far_N2_k1_P1,open,item,Rebec,Gadulka,
gemma4,E3_img_0562_far_N5_k2_P1,open,item,Rebec,Gadulka,
gemma4,E1_img_0558_mixed_N1_k1_P1,open,item,Recorder,Dvoyanka,
gemma4,E1_img_0558_mixed_N2_k2_P1,open,item,Duduk,Dvoyanka,
gemma4,E1_img_0558_mixed_N2_k2_P1,open,country,Armenia,Bulgaria,
gemma4,E1_img_0558_mixed_N3_k1_P1,open,item,Pan flute,Dvoyanka,
gemma4,E1_img_0558_mixed_N4_k4_P1,open,item,Flute,Dvoyanka,
gemma4,E2_img_0558_mixed_N5_k1_P1,open,item,Pan flute,Dvoyanka,
gemma4,E2_img_0558_mixed_N5_k2_P1,open,item,Pan flute,Dvoyanka,
gemma4,E2_img_0558_mixed_N5_k5_P1,open,item,Dungchen,Dvoyanka,
gemma4,E3_img_0558_near_N2_k2_P1,open,item,Pan flute,Dvoyanka,
gemma4,E3_img_0558_near_N5_k3_P1,open,item,Flute,Dvoyanka,
gemma4,E3_img_0558_far_N2_k2_P1,open,item,Flute,Dvoyanka,
gemma4,E3_img_0558_far_N5_k3_P1,open,item,Ocarina,Dvoyanka,
gemma4,E5_img_0558_mixed_N1_k1_P2,open,item,Recorder,Dvoyanka,
gemma4,E5_img_0558_mixed_N2_k2_P2,open,item,Duduk,Dvoyanka,
gemma4,E5_img_0558_mixed_N2_k2_P2,open,country,Armenia,Bulgaria,
gemma4,E5_img_0558_mixed_N3_k1_P2,open,item,Pan flute,Dvoyanka,
gemma4,E5_img_0558_mixed_N4_k4_P2,open,item,Flute,Dvoyanka,
gemma4,E5_img_0558_mixed_N5_k3_P2,open,item,Pan flute,Dvoyanka,
gemma4,E5_img_0558_mixed_N1_k1_P3,open,item,Recorder,Dvoyanka,
gemma4,E5_img_0558_mixed_N2_k2_P3,open,item,Antara,Dvoyanka,
gemma4,E5_img_0558_mixed_N3_k1_P3,open,item,Pan flute,Dvoyanka,
gemma4,E5_img_0558_mixed_N4_k4_P3,open,item,Flute,Dvoyanka,
gemma4,E5_img_0558_mixed_N5_k3_P3,open,item,Pan flute,Dvoyanka,
gemma4,E6_img_0558_mixed_N1_k1_P4,open,item,Recorder,Dvoyanka,
gemma4,E6_img_0558_mixed_N2_k2_P4,open,item,Pan flute,Dvoyanka,
gemma4,E6_img_0558_mixed_N3_k1_P4,open,item,Pan flute,Dvoyanka,
gemma4,E6_img_0558_mixed_N4_k4_P4,open,item,Flute,Dvoyanka,
gemma4,E1_img_0605_mixed_N1_k1_P1,open,item,Shehnai,Pungi,
gemma4,E1_img_0605_mixed_N2_k1_P1,open,item,Duduk,Pungi,
gemma4,E1_img_0605_mixed_N2_k1_P1,open,country,Armenia,India,
gemma4,E1_img_0605_mixed_N3_k2_P1,open,item,Duduk,Pungi,
gemma4,E1_img_0605_mixed_N3_k2_P1,open,country,Armenia,India,
gemma4,E1_img_0605_mixed_N4_k1_P1,open,item,Duduk,Pungi,
gemma4,E1_img_0605_mixed_N4_k1_P1,open,country,Armenia,India,
gemma4,E2_img_0605_mixed_N5_k1_P1,open,item,Shofar,Pungi,
gemma4,E2_img_0605_mixed_N5_k1_P1,open,country,Israel,India,
gemma4,E2_img_0605_mixed_N5_k2_P1,open,item,Duduk,Pungi,
gemma4,E2_img_0605_mixed_N5_k2_P1,open,country,Armenia,India,
gemma4,E2_img_0605_mixed_N5_k3_P1,open,item,Duduk,Pungi,
gemma4,E2_img_0605_mixed_N5_k3_P1,open,country,Armenia,India,
gemma4,E2_img_0605_mixed_N5_k4_P1,open,item,Bagpipe,Pungi,
gemma4,E2_img_0605_mixed_N5_k5_P1,open,item,Kinnor,Pungi,
gemma4,E2_img_0605_mixed_N5_k5_P1,open,country,Israel,India,
gemma4,E3_img_0605_near_N2_k1_P1,open,item,Shehnai,Pungi,
gemma4,E3_img_0605_near_N5_k4_P1,open,item,Bagpipe,Pungi,
gemma4,E3_img_0605_far_N2_k1_P1,open,item,Shehnai,Pungi,
gemma4,E3_img_0605_far_N5_k4_P1,open,item,Bagpipe,Pungi,
gemma4,E1_img_0623_mixed_N1_k1_P1,open,item,Hurdy-gurdy,Swedish lute,
gemma4,E1_img_0623_mixed_N2_k2_P1,open,item,Oud,Swedish lute,
gemma4,E1_img_0623_mixed_N3_k3_P1,open,item,Oud,Swedish lute,
gemma4,E1_img_0623_mixed_N4_k2_P1,open,item,Oud,Swedish lute,
gemma4,E2_img_0623_mixed_N5_k1_P1,open,item,Oud,Swedish lute,
gemma4,E2_img_0623_mixed_N5_k2_P1,open,item,Oud,Swedish lute,
gemma4,E2_img_0623_mixed_N5_k3_P1,open,item,Oud,Swedish lute,
gemma4,E2_img_0623_mixed_N5_k4_P1,open,item,Oud,Swedish lute,
gemma4,E2_img_0623_mixed_N5_k5_P1,open,item,Oud,Swedish lute,
gemma4,E3_img_0623_near_N2_k2_P1,open,item,Oud,Swedish lute,
gemma4,E3_img_0623_near_N5_k5_P1,open,item,Oud,Swedish lute,
gemma4,E3_img_0623_far_N2_k2_P1,open,item,Oud,Swedish lute,
gemma4,E3_img_0623_far_N2_k2_P1,open,country,Middle East,Sweden,
gemma4,E3_img_0623_far_N5_k5_P1,open,item,Oud,Swedish lute,
gemma4,E1_img_0631_mixed_N1_k1_P1,open,item,Koto,Tonkori,
gemma4,E1_img_0631_mixed_N2_k2_P1,open,item,Koto,Tonkori,
gemma4,E1_img_0631_mixed_N3_k2_P1,open,item,Koto,Tonkori,
gemma4,E1_img_0631_mixed_N4_k4_P1,open,item,Koto,Tonkori,
gemma4,E2_img_0631_mixed_N5_k1_P1,open,item,Koto,Tonkori,
gemma4,E2_img_0631_mixed_N5_k2_P1,open,item,Koto,Tonkori,
gemma4,E2_img_0631_mixed_N5_k3_P1,open,item,Kora,Tonkori,
gemma4,E2_img_0631_mixed_N5_k3_P1,open,country,West Africa,Japan,
gemma4,E2_img_0631_mixed_N5_k4_P1,open,item,Koto,Tonkori,
gemma4,E2_img_0631_mixed_N5_k5_P1,open,item,Kora,Tonkori,
gemma4,E2_img_0631_mixed_N5_k5_P1,open,country,West Africa,Japan,
gemma4,E3_img_0631_near_N2_k2_P1,open,item,Koto,Tonkori,
gemma4,E3_img_0631_near_N5_k2_P1,open,item,Koto,Tonkori,
gemma4,E3_img_0631_far_N2_k2_P1,open,item,Koto,Tonkori,
gemma4,E3_img_0631_far_N5_k2_P1,open,item,Koto,Tonkori,
gemma4,E1_img_0607_mixed_N1_k1_P1,open,item,Marimba,Ranat,
gemma4,E1_img_0607_mixed_N2_k1_P1,open,item,Marimba,Ranat,
gemma4,E1_img_0607_mixed_N3_k3_P1,open,item,Xylophone,Ranat,
gemma4,E1_img_0607_mixed_N4_k1_P1,open,item,Marimba,Ranat,
gemma4,E1_img_0607_mixed_N4_k1_P1,open,country,Guatemala,Thailand,
gemma4,E2_img_0607_mixed_N5_k1_P1,open,item,Mbira,Ranat,
gemma4,E2_img_0607_mixed_N5_k1_P1,open,country,Zimbabwe,Thailand,
gemma4,E2_img_0607_mixed_N5_k2_P1,open,item,Xylophone,Ranat,
gemma4,E2_img_0607_mixed_N5_k3_P1,open,item,Balafon,Ranat,
gemma4,E2_img_0607_mixed_N5_k4_P1,open,item,Balafon,Ranat,
gemma4,E2_img_0607_mixed_N5_k5_P1,open,item,Balafon,Ranat,
gemma4,E3_img_0607_near_N2_k1_P1,open,item,Marimba,Ranat,
gemma4,E3_img_0607_near_N5_k3_P1,open,item,Marimba,Ranat,
gemma4,E3_img_0607_far_N2_k1_P1,open,item,Marimba,Ranat,
gemma4,E3_img_0607_far_N5_k3_P1,open,item,Balafon,Ranat,
gemma4,E3_img_0572_near_N5_k4_P1,open,item,Yangqin,Guzheng,
gemma4,E1_img_0548_mixed_N2_k1_P1,open,item,Kantele,Çeng,
gemma4,E1_img_0548_mixed_N2_k1_P1,open,country,Finland,Turkey,
gemma4,E1_img_0548_mixed_N4_k3_P1,open,item,Kantele,Çeng,
gemma4,E1_img_0548_mixed_N4_k3_P1,open,country,Finland,Turkey,
gemma4,E2_img_0548_mixed_N5_k2_P1,open,item,Kantele,Çeng,
gemma4,E2_img_0548_mixed_N5_k2_P1,open,country,Finland,Turkey,
gemma4,E2_img_0548_mixed_N5_k3_P1,open,item,Kantele,Çeng,
gemma4,E2_img_0548_mixed_N5_k3_P1,open,country,Finland,Turkey,
gemma4,E2_img_0548_mixed_N5_k4_P1,open,item,Kantele,Çeng,
gemma4,E2_img_0548_mixed_N5_k4_P1,open,country,Finland,Turkey,
gemma4,E2_img_0548_mixed_N5_k5_P1,open,item,Harp,Çeng,
gemma4,E3_img_0548_near_N2_k1_P1,open,item,Kantele,Çeng,
gemma4,E3_img_0548_near_N2_k1_P1,open,country,Finland,Turkey,
gemma4,E3_img_0548_near_N5_k5_P1,open,item,Lyre,Çeng,
gemma4,E3_img_0548_far_N2_k1_P1,open,item,Kantele,Çeng,
gemma4,E3_img_0548_far_N2_k1_P1,open,country,Finland,Turkey,
gemma4,E3_img_0548_far_N5_k5_P1,open,item,Kithara,Çeng,
gemma4,E3_img_0548_far_N5_k5_P1,open,country,Greece,Turkey,
gemma4,E1_img_0591_mixed_N1_k1_P1,open,item,Dholak,Madal,
gemma4,E1_img_0591_mixed_N1_k1_P1,open,country,India,Nepal,
gemma4,E1_img_0591_mixed_N2_k2_P1,open,item,Dholak,Madal,
gemma4,E1_img_0591_mixed_N2_k2_P1,open,country,India,Nepal,
gemma4,E1_img_0591_mixed_N3_k3_P1,open,item,Dholak,Madal,
gemma4,E1_img_0591_mixed_N3_k3_P1,open,country,India,Nepal,
gemma4,E1_img_0591_mixed_N4_k4_P1,open,item,Dholak,Madal,
gemma4,E1_img_0591_mixed_N4_k4_P1,open,country,India,Nepal,
gemma4,E2_img_0591_mixed_N5_k1_P1,open,item,Dholak,Madal,
gemma4,E2_img_0591_mixed_N5_k1_P1,open,country,India,Nepal,
gemma4,E2_img_0591_mixed_N5_k2_P1,open,item,Dholak,Madal,
gemma4,E2_img_0591_mixed_N5_k2_P1,open,country,India,Nepal,
gemma4,E2_img_0591_mixed_N5_k3_P1,open,item,Dholak,Madal,
gemma4,E2_img_0591_mixed_N5_k3_P1,open,country,India,Nepal,
gemma4,E2_img_0591_mixed_N5_k4_P1,open,item,Dholak,Madal,
gemma4,E2_img_0591_mixed_N5_k4_P1,open,country,India,Nepal,
gemma4,E2_img_0591_mixed_N5_k5_P1,open,item,Dholak,Madal,
gemma4,E2_img_0591_mixed_N5_k5_P1,open,country,India,Nepal,
gemma4,E3_img_0591_near_N2_k2_P1,open,item,Dholak,Madal,
gemma4,E3_img_0591_near_N5_k1_P1,open,item,Dholak,Madal,
gemma4,E3_img_0591_far_N2_k2_P1,open,item,Dholak,Madal,
gemma4,E3_img_0591_far_N2_k2_P1,open,country,India,Nepal,
gemma4,E3_img_0591_far_N5_k1_P1,open,item,Dholak,Madal,
gemma4,E3_img_0591_far_N5_k1_P1,open,country,India,Nepal,
gemma4,E1_img_0543_mixed_N1_k1_P1,open,item,Oud,Bandura,
gemma4,E1_img_0543_mixed_N1_k1_P1,open,country,Middle East,Ukraine,
gemma4,E1_img_0543_mixed_N2_k1_P1,open,item,Oud,Bandura,
gemma4,E1_img_0543_mixed_N2_k1_P1,open,country,Middle East,Ukraine,
gemma4,E1_img_0543_mixed_N3_k1_P1,open,item,Oud,Bandura,
gemma4,E1_img_0543_mixed_N4_k1_P1,open,item,Oud,Bandura,
gemma4,E2_img_0543_mixed_N5_k1_P1,open,item,Oud,Bandura,
gemma4,E2_img_0543_mixed_N5_k1_P1,open,country,Middle East,Ukraine,
gemma4,E2_img_0543_mixed_N5_k2_P1,open,item,Oud,Bandura,
gemma4,E2_img_0543_mixed_N5_k3_P1,open,item,Oud,Bandura,
gemma4,E2_img_0543_mixed_N5_k4_P1,open,item,Oud,Bandura,
gemma4,E2_img_0543_mixed_N5_k5_P1,open,item,Oud,Bandura,
gemma4,E3_img_0543_near_N2_k1_P1,open,item,Oud,Bandura,
gemma4,E3_img_0543_near_N2_k1_P1,open,country,Middle East,Ukraine,
gemma4,E3_img_0543_near_N5_k2_P1,open,item,Oud,Bandura,
gemma4,E3_img_0543_far_N2_k1_P1,open,item,Oud,Bandura,
gemma4,E3_img_0543_far_N5_k2_P1,open,item,Oud,Bandura,
gemma4,E5_img_0543_mixed_N1_k1_P2,open,item,Oud,Bandura,
gemma4,E5_img_0543_mixed_N1_k1_P2,open,country,Middle East,Ukraine,
gemma4,E5_img_0543_mixed_N2_k1_P2,open,item,Oud,Bandura,
gemma4,E5_img_0543_mixed_N2_k1_P2,open,country,Middle East,Ukraine,
gemma4,E5_img_0543_mixed_N3_k1_P2,open,item,Oud,Bandura,
gemma4,E5_img_0543_mixed_N3_k1_P2,open,country,Middle East,Ukraine,
gemma4,E5_img_0543_mixed_N4_k1_P2,open,item,Oud,Bandura,
gemma4,E5_img_0543_mixed_N4_k1_P2,open,country,Middle East,Ukraine,
gemma4,E5_img_0543_mixed_N5_k2_P2,open,item,Oud,Bandura,
gemma4,E5_img_0543_mixed_N5_k2_P2,open,country,Middle East,Ukraine,
gemma4,E5_img_0543_mixed_N1_k1_P3,open,item,Oud,Bandura,
gemma4,E5_img_0543_mixed_N1_k1_P3,open,country,Middle East,Ukraine,
gemma4,E5_img_0543_mixed_N2_k1_P3,open,item,Oud,Bandura,
gemma4,E5_img_0543_mixed_N2_k1_P3,open,country,Middle East,Ukraine,
gemma4,E5_img_0543_mixed_N3_k1_P3,open,item,Oud,Bandura,
gemma4,E5_img_0543_mixed_N3_k1_P3,open,country,Middle East,Ukraine,
gemma4,E5_img_0543_mixed_N4_k1_P3,open,item,Oud,Bandura,
gemma4,E5_img_0543_mixed_N4_k1_P3,open,country,Middle East,Ukraine,
gemma4,E5_img_0543_mixed_N5_k2_P3,open,item,Oud,Bandura,
gemma4,E5_img_0543_mixed_N5_k2_P3,open,country,Middle East,Ukraine,
gemma4,E6_img_0543_mixed_N1_k1_P4,open,item,Oud,Bandura,
gemma4,E6_img_0543_mixed_N1_k1_P4,open,country,Middle East,Ukraine,
gemma4,E6_img_0543_mixed_N2_k1_P4,open,item,Oud,Bandura,
gemma4,E6_img_0543_mixed_N2_k1_P4,open,country,Middle East,Ukraine,
gemma4,E6_img_0543_mixed_N3_k1_P4,open,item,Oud,Bandura,
gemma4,E6_img_0543_mixed_N3_k1_P4,open,country,Middle East,Ukraine,
gemma4,E6_img_0543_mixed_N4_k1_P4,open,item,Oud,Bandura,
gemma4,E6_img_0543_mixed_N4_k1_P4,open,country,Middle East,Ukraine,
gemma4,E6_img_0543_mixed_N5_k2_P4,open,item,Oud,Bandura,
gemma4,E6_img_0543_mixed_N5_k2_P4,open,country,Middle East,Ukraine,
gemma4,E1_img_0568_mixed_N1_k1_P1,open,item,Banjo,Ghijak,
gemma4,E1_img_0568_mixed_N2_k2_P1,open,item,Cretan Lyra,Ghijak,
gemma4,E1_img_0568_mixed_N2_k2_P1,open,country,Greece,China,
gemma4,E1_img_0568_mixed_N3_k2_P1,open,item,Cretan Lyra,Ghijak,
gemma4,E1_img_0568_mixed_N3_k2_P1,open,country,Greece,China,
gemma4,E1_img_0568_mixed_N4_k2_P1,open,item,Banjo,Ghijak,
gemma4,E2_img_0568_mixed_N5_k1_P1,open,item,Banjo,Ghijak,
gemma4,E2_img_0568_mixed_N5_k2_P1,open,item,Bandura,Ghijak,
gemma4,E2_img_0568_mixed_N5_k2_P1,open,country,Ukraine,China,
gemma4,E2_img_0568_mixed_N5_k3_P1,open,item,Banjo,Ghijak,
gemma4,E2_img_0568_mixed_N5_k4_P1,open,item,Banjo,Ghijak,
gemma4,E2_img_0568_mixed_N5_k5_P1,open,item,Banjo,Ghijak,
gemma4,E3_img_0568_near_N2_k2_P1,open,item,Rabab,Ghijak,
gemma4,E3_img_0568_near_N2_k2_P1,open,country,Afghanistan,China,
gemma4,E3_img_0568_near_N5_k3_P1,open,item,Cretan Lyra,Ghijak,
gemma4,E3_img_0568_near_N5_k3_P1,open,country,Greece,China,
gemma4,E3_img_0568_far_N2_k2_P1,open,item,Banjo,Ghijak,
gemma4,E3_img_0568_far_N5_k3_P1,open,item,Banjo,Ghijak,
gemma4,E1_img_0621_mixed_N4_k4_P1,open,item,Timpani,Steelpan,
gemma4,E2_img_0621_mixed_N5_k3_P1,open,item,Timpani,Steelpan,
gemma4,E2_img_0621_mixed_N5_k4_P1,open,item,Timpani,Steelpan,
gemma4,E2_img_0621_mixed_N5_k5_P1,open,item,Timpani,Steelpan,
gemma4,E3_img_0621_near_N5_k5_P1,open,item,Timpani,Steelpan,
gemma4,E3_img_0621_far_N5_k5_P1,open,item,Timpani,Steelpan,
gemma4,E5_img_0621_mixed_N4_k4_P2,open,item,Timpani,Steelpan,
gemma4,E5_img_0621_mixed_N5_k5_P2,open,item,Timpani,Steelpan,
gemma4,E5_img_0621_mixed_N4_k4_P3,open,item,Timpani,Steelpan,
gemma4,E5_img_0621_mixed_N5_k5_P3,open,item,Timpani,Steelpan,
gemma4,E6_img_0621_mixed_N4_k4_P4,open,item,Timpani,Steelpan,
gemma4,E6_img_0621_mixed_N5_k5_P4,open,item,Timpani,Steelpan,
gemma4,E1_img_0724_mixed_N1_k1_P1,open,item,Tel Dan,Göbekli Tepe,
gemma4,E1_img_0724_mixed_N1_k1_P1,open,country,Israel,Turkey,
gemma4,E1_img_0724_mixed_N2_k1_P1,open,item,Nimrud,Göbekli Tepe,
gemma4,E1_img_0724_mixed_N2_k1_P1,open,country,Iraq,Turkey,
gemma4,E1_img_0724_mixed_N3_k1_P1,open,item,Hippos (Sussita),Göbekli Tepe,
gemma4,E1_img_0724_mixed_N3_k1_P1,open,country,Israel,Turkey,
gemma4,E1_img_0724_mixed_N4_k1_P1,open,item,Masada,Göbekli Tepe,
gemma4,E1_img_0724_mixed_N4_k1_P1,open,country,Israel,Turkey,
gemma4,E2_img_0724_mixed_N5_k1_P1,open,item,Hipposus (or Hipposus Temple),Göbekli Tepe,
gemma4,E2_img_0724_mixed_N5_k1_P1,open,country,Israel,Turkey,
gemma4,E2_img_0724_mixed_N5_k2_P1,open,item,Masada,Göbekli Tepe,
gemma4,E2_img_0724_mixed_N5_k2_P1,open,country,Israel,Turkey,
gemma4,E2_img_0724_mixed_N5_k3_P1,open,item,Masada,Göbekli Tepe,
gemma4,E2_img_0724_mixed_N5_k3_P1,open,country,Israel,Turkey,
gemma4,E2_img_0724_mixed_N5_k4_P1,open,item,Masada,Göbekli Tepe,
gemma4,E2_img_0724_mixed_N5_k4_P1,open,country,Israel,Turkey,
gemma4,E2_img_0724_mixed_N5_k5_P1,open,item,Masada,Göbekli Tepe,
gemma4,E2_img_0724_mixed_N5_k5_P1,open,country,Israel,Turkey,
gemma4,E3_img_0724_near_N2_k1_P1,open,item,Nimrud,Göbekli Tepe,
gemma4,E3_img_0724_near_N2_k1_P1,open,country,Iraq,Turkey,
gemma4,E3_img_0724_near_N5_k1_P1,open,item,Hippos (Antioch in Pisidia),Göbekli Tepe,
gemma4,E3_img_0724_far_N2_k1_P1,open,item,Baalbek,Göbekli Tepe,
gemma4,E3_img_0724_far_N2_k1_P1,open,country,Lebanon,Turkey,
gemma4,E3_img_0724_far_N5_k1_P1,open,item,Capernaum,Göbekli Tepe,
gemma4,E3_img_0724_far_N5_k1_P1,open,country,Israel,Turkey,
gemma4,E5_img_0724_mixed_N1_k1_P2,open,item,Tel Dan,Göbekli Tepe,
gemma4,E5_img_0724_mixed_N1_k1_P2,open,country,Israel,Turkey,
gemma4,E5_img_0724_mixed_N2_k1_P2,open,item,Nimrud (Kalhu),Göbekli Tepe,
gemma4,E5_img_0724_mixed_N2_k1_P2,open,country,Iraq,Turkey,
gemma4,E5_img_0724_mixed_N3_k1_P2,open,item,Hippos (Sussita),Göbekli Tepe,
gemma4,E5_img_0724_mixed_N3_k1_P2,open,country,Israel,Turkey,
gemma4,E5_img_0724_mixed_N4_k1_P2,open,item,Masada,Göbekli Tepe,
gemma4,E5_img_0724_mixed_N4_k1_P2,open,country,Israel,Turkey,
gemma4,E5_img_0724_mixed_N5_k1_P2,open,item,Hipposus (or Hipposus Temple),Göbekli Tepe,
gemma4,E5_img_0724_mixed_N5_k1_P2,open,country,Israel,Turkey,
gemma4,E5_img_0724_mixed_N1_k1_P3,open,item,Tel Dan,Göbekli Tepe,
gemma4,E5_img_0724_mixed_N1_k1_P3,open,country,Israel,Turkey,
gemma4,E5_img_0724_mixed_N2_k1_P3,open,item,Nimrud (Kalhu),Göbekli Tepe,
gemma4,E5_img_0724_mixed_N2_k1_P3,open,country,Iraq,Turkey,
gemma4,E5_img_0724_mixed_N3_k1_P3,open,item,Hippos (Sussita),Göbekli Tepe,
gemma4,E5_img_0724_mixed_N3_k1_P3,open,country,Israel,Turkey,
gemma4,E5_img_0724_mixed_N4_k1_P3,open,item,Masada,Göbekli Tepe,
gemma4,E5_img_0724_mixed_N4_k1_P3,open,country,Israel,Turkey,
gemma4,E5_img_0724_mixed_N5_k1_P3,open,item,Hipposus (or Hipposus Temple),Göbekli Tepe,
gemma4,E5_img_0724_mixed_N5_k1_P3,open,country,Israel,Turkey,
gemma4,E6_img_0724_mixed_N1_k1_P4,open,item,Tel Hazor,Göbekli Tepe,
gemma4,E6_img_0724_mixed_N1_k1_P4,open,country,Israel,Turkey,
gemma4,E6_img_0724_mixed_N2_k1_P4,open,item,Tel Dan,Göbekli Tepe,
gemma4,E6_img_0724_mixed_N2_k1_P4,open,country,Israel,Turkey,
gemma4,E6_img_0724_mixed_N3_k1_P4,open,item,Independence Rock,Göbekli Tepe,
gemma4,E6_img_0724_mixed_N3_k1_P4,open,country,Israel,Turkey,
gemma4,E6_img_0724_mixed_N4_k1_P4,open,item,Temple of Artemis at Sardis,Göbekli Tepe,
gemma4,E6_img_0724_mixed_N5_k1_P4,open,item,Tel Dan Archaeological Park,Göbekli Tepe,
gemma4,E6_img_0724_mixed_N5_k1_P4,open,country,Israel,Turkey,
gemma4,E1_img_0666_mixed_N2_k2_P1,open,item,Jerónimos Monastery,Batalha Monastery,
gemma4,E2_img_0666_mixed_N5_k3_P1,open,item,Jerónimos Monastery,Batalha Monastery,
gemma4,E2_img_0666_mixed_N5_k5_P1,open,item,Jerónimos Monastery,Batalha Monastery,
gemma4,E1_img_0880_mixed_N1_k1_P1,open,item,Meteora,Varlaam monastery,
gemma4,E1_img_0880_mixed_N2_k1_P1,open,item,Meteora,Varlaam monastery,
gemma4,E1_img_0880_mixed_N3_k3_P1,open,item,Meteora,Varlaam monastery,
gemma4,E1_img_0880_mixed_N4_k3_P1,open,item,Meteora,Varlaam monastery,
gemma4,E2_img_0880_mixed_N5_k1_P1,open,item,Meteora,Varlaam monastery,
gemma4,E2_img_0880_mixed_N5_k2_P1,open,item,Meteora,Varlaam monastery,
gemma4,E2_img_0880_mixed_N5_k3_P1,open,item,Meteora,Varlaam monastery,
gemma4,E2_img_0880_mixed_N5_k4_P1,open,item,Meteora,Varlaam monastery,
gemma4,E2_img_0880_mixed_N5_k5_P1,open,item,Meteora,Varlaam monastery,
gemma4,E3_img_0880_near_N2_k1_P1,open,item,Meteora,Varlaam monastery,
gemma4,E3_img_0880_near_N5_k3_P1,open,item,Meteora,Varlaam monastery,
gemma4,E3_img_0880_far_N2_k1_P1,open,item,Meteora,Varlaam monastery,
gemma4,E3_img_0880_far_N5_k3_P1,open,item,Meteora,Varlaam monastery,
gemma4,E1_img_0818_mixed_N1_k1_P1,open,item,Schloss Hohenschwangau,Residence of Bukovinian and Dalmatian Metropolitans,
gemma4,E1_img_0818_mixed_N1_k1_P1,open,country,Germany,Ukraine,
gemma4,E1_img_0818_mixed_N2_k1_P1,open,item,Schloss Hohenschwangau,Residence of Bukovinian and Dalmatian Metropolitans,
gemma4,E1_img_0818_mixed_N2_k1_P1,open,country,Germany,Ukraine,
gemma4,E1_img_0818_mixed_N3_k2_P1,open,item,Zwinger,Residence of Bukovinian and Dalmatian Metropolitans,
gemma4,E1_img_0818_mixed_N3_k2_P1,open,country,Germany,Ukraine,
gemma4,E1_img_0818_mixed_N4_k1_P1,open,item,Ruprecht-Karls-Universität Heidelberg (Old University Building),Residence of Bukovinian and Dalmatian Metropolitans,
gemma4,E1_img_0818_mixed_N4_k1_P1,open,country,Germany,Ukraine,
gemma4,E2_img_0818_mixed_N5_k1_P1,open,item,Schloss Hohenschwangau,Residence of Bukovinian and Dalmatian Metropolitans,
gemma4,E2_img_0818_mixed_N5_k1_P1,open,country,Germany,Ukraine,
gemma4,E2_img_0818_mixed_N5_k2_P1,open,country,Germany,Ukraine,
gemma4,E2_img_0818_mixed_N5_k3_P1,open,item,Friedrich-Schiller-Universität Jena (Paulinum),Residence of Bukovinian and Dalmatian Metropolitans,
gemma4,E2_img_0818_mixed_N5_k3_P1,open,country,Germany,Ukraine,
gemma4,E2_img_0818_mixed_N5_k4_P1,open,country,Germany,Ukraine,
gemma4,E2_img_0818_mixed_N5_k5_P1,open,country,Germany,Ukraine,
gemma4,E3_img_0818_near_N2_k1_P1,open,item,Schloss Hohenschwangau,Residence of Bukovinian and Dalmatian Metropolitans,
gemma4,E3_img_0818_far_N2_k1_P1,open,item,Schloss Hohenschwangau,Residence of Bukovinian and Dalmatian Metropolitans,
gemma4,E3_img_0818_far_N2_k1_P1,open,country,Germany,Ukraine,
gemma4,E3_img_0818_far_N5_k5_P1,open,item,Heidelberg Castle,Residence of Bukovinian and Dalmatian Metropolitans,
gemma4,E3_img_0818_far_N5_k5_P1,open,country,Germany,Ukraine,
gemma4,E1_img_0698_mixed_N1_k1_P1,open,item,Fortaleza de São Miguel da Piedade,Citadelle Laferrière,
gemma4,E1_img_0698_mixed_N1_k1_P1,open,country,Portugal,Haiti,
gemma4,E1_img_0698_mixed_N2_k2_P1,open,item,Guanyin Temple (or Guanyin Mountain),Citadelle Laferrière,
gemma4,E1_img_0698_mixed_N2_k2_P1,open,country,China,Haiti,
gemma4,E1_img_0698_mixed_N3_k3_P1,open,item,Guimarães Castle,Citadelle Laferrière,
gemma4,E1_img_0698_mixed_N3_k3_P1,open,country,Portugal,Haiti,
gemma4,E1_img_0698_mixed_N4_k2_P1,open,item,Guanyin Temple (or Guanyin of the South Sea),Citadelle Laferrière,
gemma4,E1_img_0698_mixed_N4_k2_P1,open,country,China,Haiti,
gemma4,E2_img_0698_mixed_N5_k1_P1,open,item,Fortaleza de São Miguel da Piedade,Citadelle Laferrière,
gemma4,E2_img_0698_mixed_N5_k1_P1,open,country,Portugal,Haiti,
gemma4,E2_img_0698_mixed_N5_k2_P1,open,item,Guanyin of the South Sea (Nanputuo Temple),Citadelle Laferrière,
gemma4,E2_img_0698_mixed_N5_k2_P1,open,country,China,Haiti,
gemma4,E2_img_0698_mixed_N5_k3_P1,open,item,Guimarães Castle,Citadelle Laferrière,
gemma4,E2_img_0698_mixed_N5_k3_P1,open,country,Portugal,Haiti,
gemma4,E2_img_0698_mixed_N5_k4_P1,open,item,Guia Fortress,Citadelle Laferrière,
gemma4,E2_img_0698_mixed_N5_k4_P1,open,country,Portugal,Haiti,
gemma4,E2_img_0698_mixed_N5_k5_P1,open,item,Guarmei Castle,Citadelle Laferrière,
gemma4,E2_img_0698_mixed_N5_k5_P1,open,country,China,Haiti,
gemma4,E3_img_0698_near_N2_k2_P1,open,item,Guia Fortress,Citadelle Laferrière,
gemma4,E3_img_0698_near_N2_k2_P1,open,country,Portugal,Haiti,
gemma4,E3_img_0698_near_N5_k1_P1,open,item,Fortaleza de São Miguel Arcanjo,Citadelle Laferrière,
gemma4,E3_img_0698_near_N5_k1_P1,open,country,Portugal,Haiti,
gemma4,E3_img_0698_far_N2_k2_P1,open,item,Guimarães Castle,Citadelle Laferrière,
gemma4,E3_img_0698_far_N2_k2_P1,open,country,Portugal,Haiti,
gemma4,E3_img_0698_far_N5_k1_P1,open,item,Fortaleza de São Brás,Citadelle Laferrière,
gemma4,E3_img_0698_far_N5_k1_P1,open,country,Portugal,Haiti,
gemma4,E1_img_0858_mixed_N1_k1_P1,open,item,Amberd Fortress,Takht-e Soleyman,
gemma4,E1_img_0858_mixed_N1_k1_P1,open,country,Armenia,Iran,
gemma4,E1_img_0858_mixed_N2_k1_P1,open,item,Derbent Fortress,Takht-e Soleyman,
gemma4,E1_img_0858_mixed_N2_k1_P1,open,country,Azerbaijan,Iran,
gemma4,E1_img_0858_mixed_N3_k1_P1,open,item,Derinkuyu Underground City,Takht-e Soleyman,
gemma4,E1_img_0858_mixed_N3_k1_P1,open,country,Turkey,Iran,
gemma4,E1_img_0858_mixed_N4_k3_P1,open,item,Lake Van Fortress,Takht-e Soleyman,
gemma4,E1_img_0858_mixed_N4_k3_P1,open,country,Turkey,Iran,
gemma4,E2_img_0858_mixed_N5_k1_P1,open,item,Derinkuyu Underground City,Takht-e Soleyman,
gemma4,E2_img_0858_mixed_N5_k1_P1,open,country,Turkey,Iran,
gemma4,E2_img_0858_mixed_N5_k2_P1,open,item,Qasr al-Hayr al-Gharbi,Takht-e Soleyman,
gemma4,E2_img_0858_mixed_N5_k2_P1,open,country,Syria,Iran,
gemma4,E2_img_0858_mixed_N5_k3_P1,open,item,Lake Sevan Fortress,Takht-e Soleyman,
gemma4,E2_img_0858_mixed_N5_k3_P1,open,country,Armenia,Iran,
gemma4,E2_img_0858_mixed_N5_k4_P1,open,item,Lake Van,Takht-e Soleyman,
gemma4,E2_img_0858_mixed_N5_k4_P1,open,country,Turkey,Iran,
gemma4,E2_img_0858_mixed_N5_k5_P1,open,item,Qalaat Shirkuh,Takht-e Soleyman,
gemma4,E2_img_0858_mixed_N5_k5_P1,open,country,Syria,Iran,
gemma4,E3_img_0858_near_N2_k1_P1,open,item,Derbent Fortress,Takht-e Soleyman,
gemma4,E3_img_0858_near_N2_k1_P1,open,country,Azerbaijan,Iran,
gemma4,E3_img_0858_near_N5_k2_P1,open,item,Derbent Fortress,Takht-e Soleyman,
gemma4,E3_img_0858_near_N5_k2_P1,open,country,Azerbaijan,Iran,
gemma4,E3_img_0858_far_N2_k1_P1,open,item,Derinkuyu Underground City,Takht-e Soleyman,
gemma4,E3_img_0858_far_N2_k1_P1,open,country,Turkey,Iran,
gemma4,E3_img_0858_far_N5_k2_P1,open,item,Derinkuyu Underground City,Takht-e Soleyman,
gemma4,E3_img_0858_far_N5_k2_P1,open,country,Turkey,Iran,
gemma4,E5_img_0858_mixed_N1_k1_P2,open,item,Derinkuyu Underground City,Takht-e Soleyman,
gemma4,E5_img_0858_mixed_N1_k1_P2,open,country,Turkey,Iran,
gemma4,E5_img_0858_mixed_N2_k1_P2,open,item,Derbent Fortress,Takht-e Soleyman,
gemma4,E5_img_0858_mixed_N2_k1_P2,open,country,Azerbaijan,Iran,
gemma4,E5_img_0858_mixed_N3_k1_P2,open,item,Derinkuyu Underground City,Takht-e Soleyman,
gemma4,E5_img_0858_mixed_N3_k1_P2,open,country,Turkey,Iran,
gemma4,E5_img_0858_mixed_N4_k3_P2,open,item,Lake Van Fortress,Takht-e Soleyman,
gemma4,E5_img_0858_mixed_N4_k3_P2,open,country,Turkey,Iran,
gemma4,E5_img_0858_mixed_N5_k2_P2,open,item,Qasr al-Hallabat,Takht-e Soleyman,
gemma4,E5_img_0858_mixed_N5_k2_P2,open,country,Jordan,Iran,
gemma4,E5_img_0858_mixed_N1_k1_P3,open,item,Derinkuyu Underground City,Takht-e Soleyman,
gemma4,E5_img_0858_mixed_N1_k1_P3,open,country,Turkey,Iran,
gemma4,E5_img_0858_mixed_N2_k1_P3,open,item,Derinkuyu Underground City,Takht-e Soleyman,
gemma4,E5_img_0858_mixed_N2_k1_P3,open,country,Turkey,Iran,
gemma4,E5_img_0858_mixed_N3_k1_P3,open,item,Derinkuyu Underground City,Takht-e Soleyman,
gemma4,E5_img_0858_mixed_N3_k1_P3,open,country,Turkey,Iran,
gemma4,E5_img_0858_mixed_N4_k3_P3,open,item,Lake Van Fortress,Takht-e Soleyman,
gemma4,E5_img_0858_mixed_N4_k3_P3,open,country,Turkey,Iran,
gemma4,E5_img_0858_mixed_N5_k2_P3,open,item,Qasr al-Hayr al-Gharbi,Takht-e Soleyman,
gemma4,E5_img_0858_mixed_N5_k2_P3,open,country,Syria,Iran,
gemma4,E6_img_0858_mixed_N1_k1_P4,open,item,Derbent Fortress,Takht-e Soleyman,
gemma4,E6_img_0858_mixed_N1_k1_P4,open,country,Azerbaijan,Iran,
gemma4,E6_img_0858_mixed_N2_k1_P4,open,item,Derbent Fortress,Takht-e Soleyman,
gemma4,E6_img_0858_mixed_N2_k1_P4,open,country,Azerbaijan,Iran,
gemma4,E6_img_0858_mixed_N3_k1_P4,open,item,Derinkuyu Underground City,Takht-e Soleyman,
gemma4,E6_img_0858_mixed_N3_k1_P4,open,country,Turkey,Iran,
gemma4,E6_img_0858_mixed_N4_k3_P4,open,item,Persepolis,Takht-e Soleyman,
gemma4,E6_img_0858_mixed_N5_k2_P4,open,item,Qasr al-Hallabat,Takht-e Soleyman,
gemma4,E6_img_0858_mixed_N5_k2_P4,open,country,Jordan,Iran,
gemma4,E1_img_0810_mixed_N1_k1_P1,open,item,Electoral Palace (Kurfürstliches Schloss),Princely Abbey of Corvey,
gemma4,E1_img_0810_mixed_N2_k2_P1,open,item,New Castle (Neues Schloss),Princely Abbey of Corvey,
gemma4,E1_img_0810_mixed_N3_k2_P1,open,item,New Castle (Neues Schloss),Princely Abbey of Corvey,
gemma4,E1_img_0810_mixed_N4_k4_P1,open,item,Schloss Wilhelmshöhe,Princely Abbey of Corvey,
gemma4,E2_img_0810_mixed_N5_k1_P1,open,item,Schloss Gottorf,Princely Abbey of Corvey,
gemma4,E2_img_0810_mixed_N5_k2_P1,open,item,New Reich Chancellery,Princely Abbey of Corvey,
gemma4,E2_img_0810_mixed_N5_k3_P1,open,item,Schloss Heidelberg,Princely Abbey of Corvey,
gemma4,E2_img_0810_mixed_N5_k4_P1,open,item,Schloss Ludwigsburg,Princely Abbey of Corvey,
gemma4,E2_img_0810_mixed_N5_k5_P1,open,item,Bonn University (University of Bonn),Princely Abbey of Corvey,
gemma4,E3_img_0810_near_N2_k2_P1,open,item,Schloss Gottorf,Princely Abbey of Corvey,
gemma4,E3_img_0810_near_N5_k3_P1,open,item,University of Oslo (Domus Media/Main Building),Princely Abbey of Corvey,
gemma4,E3_img_0810_far_N2_k2_P1,open,item,Schloss Gottorf,Princely Abbey of Corvey,
gemma4,E3_img_0810_far_N5_k3_P1,open,item,Schloss Gottorf,Princely Abbey of Corvey,
gemma4,E1_img_0801_mixed_N1_k1_P1,open,item,Estadio Azteca,Plaza de toros de Acho,
gemma4,E1_img_0801_mixed_N1_k1_P1,open,country,Mexico,Peru,
gemma4,E1_img_0801_mixed_N2_k1_P1,open,item,Estadio Monumental,Plaza de toros de Acho,
gemma4,E1_img_0801_mixed_N2_k1_P1,open,country,Argentina,Peru,
gemma4,E1_img_0801_mixed_N3_k3_P1,open,item,Arena de la Ciudad de México (Mexico City Arena),Plaza de toros de Acho,
gemma4,E1_img_0801_mixed_N3_k3_P1,open,country,Mexico,Peru,
gemma4,E1_img_0801_mixed_N4_k1_P1,open,item,Estadio Monumental,Plaza de toros de Acho,
gemma4,E1_img_0801_mixed_N4_k1_P1,open,country,Argentina,Peru,
gemma4,E2_img_0801_mixed_N5_k1_P1,open,item,Estadio Monumental,Plaza de toros de Acho,
gemma4,E2_img_0801_mixed_N5_k1_P1,open,country,Argentina,Peru,
gemma4,E2_img_0801_mixed_N5_k2_P1,open,item,Estadio Azteca,Plaza de toros de Acho,
gemma4,E2_img_0801_mixed_N5_k2_P1,open,country,Mexico,Peru,
gemma4,E2_img_0801_mixed_N5_k3_P1,open,item,Estadio Azteca,Plaza de toros de Acho,
gemma4,E2_img_0801_mixed_N5_k3_P1,open,country,Mexico,Peru,
gemma4,E2_img_0801_mixed_N5_k4_P1,open,item,Estadio Nacional de Honduras,Plaza de toros de Acho,
gemma4,E2_img_0801_mixed_N5_k4_P1,open,country,Honduras,Peru,
gemma4,E2_img_0801_mixed_N5_k5_P1,open,item,Arena de la Arena (Arena de la Ciudad de México),Plaza de toros de Acho,
gemma4,E2_img_0801_mixed_N5_k5_P1,open,country,Mexico,Peru,
gemma4,E1_img_0792_mixed_N1_k1_P1,open,item,Palace of Versailles,Palace of Fontainebleau,
gemma4,E1_img_0792_mixed_N2_k2_P1,open,item,Palace of Versailles,Palace of Fontainebleau,
gemma4,E1_img_0792_mixed_N3_k1_P1,open,item,Palace of Versailles,Palace of Fontainebleau,
gemma4,E1_img_0792_mixed_N4_k2_P1,open,item,Palace of Versailles,Palace of Fontainebleau,
gemma4,E2_img_0792_mixed_N5_k1_P1,open,item,Palace of Versailles,Palace of Fontainebleau,
gemma4,E2_img_0792_mixed_N5_k2_P1,open,item,Palace of Versailles,Palace of Fontainebleau,
gemma4,E2_img_0792_mixed_N5_k3_P1,open,item,Palace of Versailles,Palace of Fontainebleau,
gemma4,E2_img_0792_mixed_N5_k4_P1,open,item,Château de Chantilly,Palace of Fontainebleau,
gemma4,E2_img_0792_mixed_N5_k5_P1,open,item,Château de Maisons-Laffitte,Palace of Fontainebleau,
gemma4,E3_img_0792_near_N2_k2_P1,open,item,Palace of Versailles,Palace of Fontainebleau,
gemma4,E3_img_0792_near_N5_k5_P1,open,item,Château de Chantilly,Palace of Fontainebleau,
gemma4,E3_img_0792_far_N2_k2_P1,open,item,Palace of Versailles,Palace of Fontainebleau,
gemma4,E3_img_0792_far_N5_k5_P1,open,item,Château de Maisons-Laffitte,Palace of Fontainebleau,
gemma4,E5_img_0792_mixed_N1_k1_P2,open,item,Palace of Versailles,Palace of Fontainebleau,
gemma4,E5_img_0792_mixed_N2_k2_P2,open,item,Palace of Versailles,Palace of Fontainebleau,
gemma4,E5_img_0792_mixed_N3_k1_P2,open,item,Palace of Versailles,Palace of Fontainebleau,
gemma4,E5_img_0792_mixed_N4_k2_P2,open,item,Palace of Versailles,Palace of Fontainebleau,
gemma4,E5_img_0792_mixed_N5_k5_P2,open,item,Château de Maisons-Laffitte,Palace of Fontainebleau,
gemma4,E5_img_0792_mixed_N1_k1_P3,open,item,Palace of Versailles,Palace of Fontainebleau,
gemma4,E5_img_0792_mixed_N2_k2_P3,open,item,Palace of Versailles,Palace of Fontainebleau,
gemma4,E5_img_0792_mixed_N3_k1_P3,open,item,Palace of Versailles,Palace of Fontainebleau,
gemma4,E5_img_0792_mixed_N4_k2_P3,open,item,Palace of Versailles,Palace of Fontainebleau,
gemma4,E5_img_0792_mixed_N5_k5_P3,open,item,Château de Chantilly,Palace of Fontainebleau,
gemma4,E6_img_0792_mixed_N1_k1_P4,open,item,Palace of Versailles,Palace of Fontainebleau,
gemma4,E6_img_0792_mixed_N2_k2_P4,open,item,Palace of Versailles,Palace of Fontainebleau,
gemma4,E6_img_0792_mixed_N3_k1_P4,open,item,Château de Maisons-Laffitte,Palace of Fontainebleau,
gemma4,E6_img_0792_mixed_N4_k2_P4,open,item,Palace of Versailles,Palace of Fontainebleau,
gemma4,E6_img_0792_mixed_N5_k5_P4,open,item,Château de Maisons-Laffitte,Palace of Fontainebleau,
gemma4,E1_img_0805_mixed_N1_k1_P1,open,item,Falkirk Wheel (specifically the Forth and Clyde Canal on the Falkirk Viaduct),Pontcysyllte Aqueduct,
gemma4,E1_img_0805_mixed_N2_k1_P1,open,item,Falkirk Wheel (specifically the Forth and Clyde Canal),Pontcysyllte Aqueduct,
gemma4,E1_img_0805_mixed_N3_k2_P1,open,item,Falkirk Wheel (specifically the Forth and Clyde Canal),Pontcysyllte Aqueduct,
gemma4,E1_img_0805_mixed_N4_k3_P1,open,item,Falkirk Wheel (associated with the Forth and Clyde Canal),Pontcysyllte Aqueduct,
gemma4,E2_img_0805_mixed_N5_k1_P1,open,item,Falkirk Wheel (specifically the Forth and Clyde Canal),Pontcysyllte Aqueduct,
gemma4,E2_img_0805_mixed_N5_k2_P1,open,item,Falkirk Wheel (specifically the Forth and Clyde Canal),Pontcysyllte Aqueduct,
gemma4,E2_img_0805_mixed_N5_k3_P1,open,item,Falkirk Wheel (associated with the Forth and Clyde Canal),Pontcysyllte Aqueduct,
gemma4,E2_img_0805_mixed_N5_k4_P1,open,item,Falkirk Wheel (associated with the Forth and Clyde Canal),Pontcysyllte Aqueduct,
gemma4,E2_img_0805_mixed_N5_k5_P1,open,item,Falkirk Wheel (associated with the Forth and Clyde Canal),Pontcysyllte Aqueduct,
gemma4,E3_img_0805_near_N2_k1_P1,open,item,Falkirk Wheel (specifically the Forth and Clyde Canal),Pontcysyllte Aqueduct,
gemma4,E3_img_0805_near_N5_k1_P1,open,item,Falkirk Wheel (Canal Boat on the Forth and Clyde Canal),Pontcysyllte Aqueduct,
gemma4,E3_img_0805_far_N2_k1_P1,open,item,Falkirk Wheel (specifically the Forth and Clyde Canal),Pontcysyllte Aqueduct,
gemma4,E3_img_0805_far_N5_k1_P1,open,item,Falkirk Wheel (Canal Boat Bridge),Pontcysyllte Aqueduct,
gemma4,E2_img_0749_mixed_N5_k1_P1,open,country,Lithuania,Belarus,
gemma4,E2_img_0749_mixed_N5_k2_P1,open,country,Estonia,Belarus,
gemma4,E2_img_0749_mixed_N5_k3_P1,open,country,Germany,Belarus,
gemma4,E3_img_0749_far_N5_k2_P1,open,country,Lithuania,Belarus,
gemma4,E1_img_0879_mixed_N1_k1_P1,open,item,Borgund Stave Church,Urnes Stave Church,
gemma4,E1_img_0879_mixed_N2_k1_P1,open,item,Borgund Stave Church,Urnes Stave Church,
gemma4,E1_img_0879_mixed_N3_k1_P1,open,item,Borgund Stave Church,Urnes Stave Church,
gemma4,E1_img_0879_mixed_N4_k1_P1,open,item,Borgund Stave Church,Urnes Stave Church,
gemma4,E2_img_0879_mixed_N5_k1_P1,open,item,Borgund Stave Church,Urnes Stave Church,
gemma4,E2_img_0879_mixed_N5_k2_P1,open,item,Borgund Stave Church,Urnes Stave Church,
gemma4,E2_img_0879_mixed_N5_k3_P1,open,item,Borgund Stave Church,Urnes Stave Church,
gemma4,E2_img_0879_mixed_N5_k4_P1,open,item,Borgund Stave Church,Urnes Stave Church,
gemma4,E2_img_0879_mixed_N5_k5_P1,open,item,Borgund Stave Church,Urnes Stave Church,
gemma4,E3_img_0879_near_N2_k1_P1,open,item,Borgund Stave Church,Urnes Stave Church,
gemma4,E3_img_0879_near_N5_k3_P1,open,item,Borgund Stave Church,Urnes Stave Church,
gemma4,E3_img_0879_far_N2_k1_P1,open,item,Borgund Stave Church,Urnes Stave Church,
gemma4,E3_img_0879_far_N5_k3_P1,open,item,Borgund Stave Church,Urnes Stave Church,
gemma4,E5_img_0879_mixed_N1_k1_P2,open,item,Borgund Stave Church,Urnes Stave Church,
gemma4,E5_img_0879_mixed_N2_k1_P2,open,item,Borgund Stave Church,Urnes Stave Church,
gemma4,E5_img_0879_mixed_N3_k1_P2,open,item,Borgund Stave Church,Urnes Stave Church,
gemma4,E5_img_0879_mixed_N4_k1_P2,open,item,Borgund Stave Church,Urnes Stave Church,
gemma4,E5_img_0879_mixed_N5_k3_P2,open,item,Borgund Stave Church,Urnes Stave Church,
gemma4,E5_img_0879_mixed_N1_k1_P3,open,item,Borgund Stave Church,Urnes Stave Church,
gemma4,E5_img_0879_mixed_N2_k1_P3,open,item,Borgund Stave Church,Urnes Stave Church,
gemma4,E5_img_0879_mixed_N3_k1_P3,open,item,Borgund Stave Church,Urnes Stave Church,
gemma4,E5_img_0879_mixed_N4_k1_P3,open,item,Borgund Stave Church,Urnes Stave Church,
gemma4,E5_img_0879_mixed_N5_k3_P3,open,item,Borgund Stave Church,Urnes Stave Church,
gemma4,E6_img_0879_mixed_N1_k1_P4,open,item,Borgund Stave Church,Urnes Stave Church,
gemma4,E6_img_0879_mixed_N2_k1_P4,open,item,Borgund Stave Church,Urnes Stave Church,
gemma4,E6_img_0879_mixed_N3_k1_P4,open,item,Borgund Stave Church,Urnes Stave Church,
gemma4,E6_img_0879_mixed_N4_k1_P4,open,item,Borgund Stave Church,Urnes Stave Church,
gemma4,E6_img_0879_mixed_N5_k3_P4,open,item,Borgund Stave Church,Urnes Stave Church,
gemma4,E1_img_0737_mixed_N1_k1_P1,open,item,Derinkuyu Underground City,Hypogeum of Ħal Saflieni,
gemma4,E1_img_0737_mixed_N1_k1_P1,open,country,Turkey,Malta,
gemma4,E1_img_0737_mixed_N2_k2_P1,open,item,Derinkuyu Underground City,Hypogeum of Ħal Saflieni,
gemma4,E1_img_0737_mixed_N2_k2_P1,open,country,Turkey,Malta,
gemma4,E1_img_0737_mixed_N3_k2_P1,open,item,Derinkuyu Underground City,Hypogeum of Ħal Saflieni,
gemma4,E1_img_0737_mixed_N3_k2_P1,open,country,Turkey,Malta,
gemma4,E1_img_0737_mixed_N4_k2_P1,open,item,Derinkuyu Underground City,Hypogeum of Ħal Saflieni,
gemma4,E1_img_0737_mixed_N4_k2_P1,open,country,Turkey,Malta,
gemma4,E2_img_0737_mixed_N5_k1_P1,open,item,Derinkuyu Underground City,Hypogeum of Ħal Saflieni,
gemma4,E2_img_0737_mixed_N5_k1_P1,open,country,Turkey,Malta,
gemma4,E2_img_0737_mixed_N5_k2_P1,open,item,Derinkuyu Underground City,Hypogeum of Ħal Saflieni,
gemma4,E2_img_0737_mixed_N5_k2_P1,open,country,Turkey,Malta,
gemma4,E2_img_0737_mixed_N5_k3_P1,open,item,Las Cuevas del Sacromonte,Hypogeum of Ħal Saflieni,
gemma4,E2_img_0737_mixed_N5_k3_P1,open,country,Spain,Malta,
gemma4,E2_img_0737_mixed_N5_k4_P1,open,item,Derinkuyu Underground City,Hypogeum of Ħal Saflieni,
gemma4,E2_img_0737_mixed_N5_k4_P1,open,country,Turkey,Malta,
gemma4,E2_img_0737_mixed_N5_k5_P1,open,item,Ajanta Caves,Hypogeum of Ħal Saflieni,
gemma4,E3_img_0737_near_N2_k2_P1,open,item,Derinkuyu Underground City,Hypogeum of Ħal Saflieni,
gemma4,E3_img_0737_near_N2_k2_P1,open,country,Turkey,Malta,
gemma4,E3_img_0737_near_N5_k4_P1,open,item,Underground City of Derinkuyu,Hypogeum of Ħal Saflieni,
gemma4,E3_img_0737_near_N5_k4_P1,open,country,Turkey,Malta,
gemma4,E3_img_0737_far_N5_k4_P1,open,item,Derinkuyu Underground City,Hypogeum of Ħal Saflieni,
gemma4,E1_img_0793_mixed_N1_k1_P1,open,item,Monastery of São Vicente de Fora,Palace of Mafra,
gemma4,E1_img_0793_mixed_N2_k1_P1,open,item,Jerónimos Monastery,Palace of Mafra,
gemma4,E1_img_0793_mixed_N3_k3_P1,open,item,Pena Palace,Palace of Mafra,
gemma4,E1_img_0793_mixed_N4_k3_P1,open,item,Pena Palace,Palace of Mafra,
gemma4,E2_img_0793_mixed_N5_k1_P1,open,item,Jerónimos Monastery,Palace of Mafra,
gemma4,E2_img_0793_mixed_N5_k2_P1,open,item,Praça do Comércio,Palace of Mafra,
gemma4,E2_img_0793_mixed_N5_k3_P1,open,item,Pena Palace,Palace of Mafra,
gemma4,E2_img_0793_mixed_N5_k4_P1,open,item,University of Coimbra,Palace of Mafra,
gemma4,E2_img_0793_mixed_N5_k5_P1,open,item,St. Joseph's Church and the University of Macau (Macau and the University of Macau),Palace of Mafra,
gemma4,E2_img_0793_mixed_N5_k5_P1,open,country,Macau,Portugal,
gemma4,E3_img_0793_near_N2_k1_P1,open,item,Jerónimos Monastery,Palace of Mafra,
gemma4,E3_img_0793_near_N5_k5_P1,open,item,Jerónimos Monastery,Palace of Mafra,
gemma4,E3_img_0793_far_N2_k1_P1,open,item,Jerónimos Monastery,Palace of Mafra,
gemma4,E3_img_0793_far_N5_k5_P1,open,item,Praça do Comércio,Palace of Mafra,
gemma4,E1_img_0708_mixed_N1_k1_P1,open,item,Cathedral of the Holy Cross (Akdamar Church),Divriği Great Mosque and Hospital,
gemma4,E1_img_0708_mixed_N2_k1_P1,open,item,Cathedral of the Holy Cross,Divriği Great Mosque and Hospital,
gemma4,E1_img_0708_mixed_N2_k1_P1,open,country,Armenia,Turkey,
gemma4,E1_img_0708_mixed_N3_k2_P1,open,item,Jvari Monastery,Divriği Great Mosque and Hospital,
gemma4,E1_img_0708_mixed_N3_k2_P1,open,country,Georgia,Turkey,
gemma4,E1_img_0708_mixed_N4_k1_P1,open,item,Cathedral of the Holy Cross,Divriği Great Mosque and Hospital,
gemma4,E1_img_0708_mixed_N4_k1_P1,open,country,Armenia,Turkey,
gemma4,E2_img_0708_mixed_N5_k1_P1,open,item,Cathedral of the Holy Cross,Divriği Great Mosque and Hospital,
gemma4,E2_img_0708_mixed_N5_k1_P1,open,country,Armenia,Turkey,
gemma4,E2_img_0708_mixed_N5_k2_P1,open,item,Jvari Monastery,Divriği Great Mosque and Hospital,
gemma4,E2_img_0708_mixed_N5_k2_P1,open,country,Georgia,Turkey,
gemma4,E2_img_0708_mixed_N5_k3_P1,open,item,Cathedral of the Holy Cross,Divriği Great Mosque and Hospital,
gemma4,E2_img_0708_mixed_N5_k3_P1,open,country,Armenia,Turkey,
gemma4,E2_img_0708_mixed_N5_k4_P1,open,item,Cathedral of the Holy Cross,Divriği Great Mosque and Hospital,
gemma4,E2_img_0708_mixed_N5_k4_P1,open,country,Armenia,Turkey,
gemma4,E2_img_0708_mixed_N5_k5_P1,open,item,Cathedral of the Holy Cross (Akdamar Church),Divriği Great Mosque and Hospital,
gemma4,E3_img_0708_near_N2_k1_P1,open,item,Cathedral of the Holy Cross (Sourp Asdvadzadzin),Divriği Great Mosque and Hospital,
gemma4,E3_img_0708_near_N2_k1_P1,open,country,Armenia,Turkey,
gemma4,E3_img_0708_near_N5_k2_P1,open,item,Jvari Monastery,Divriği Great Mosque and Hospital,
gemma4,E3_img_0708_near_N5_k2_P1,open,country,Georgia,Turkey,
gemma4,E3_img_0708_far_N2_k1_P1,open,item,Cathedral of the Holy Cross,Divriği Great Mosque and Hospital,
gemma4,E3_img_0708_far_N2_k1_P1,open,country,Armenia,Turkey,
gemma4,E3_img_0708_far_N5_k2_P1,open,item,Jumeita Mosque,Divriği Great Mosque and Hospital,
gemma4,E3_img_0708_far_N5_k2_P1,open,country,Azerbaijan,Turkey,
gemma4,E1_img_0692_mixed_N1_k1_P1,open,item,Church of the Holy Family,Church of Cristo Obrero y Nuestra Señora de Lourdes,
gemma4,E1_img_0692_mixed_N1_k1_P1,open,country,Argentina,Uruguay,
gemma4,E1_img_0692_mixed_N2_k2_P1,open,item,Church of the Holy Spirit,Church of Cristo Obrero y Nuestra Señora de Lourdes,
gemma4,E1_img_0692_mixed_N2_k2_P1,open,country,Australia,Uruguay,
gemma4,E1_img_0692_mixed_N3_k3_P1,open,item,Church of the Resurrection (Uusimaa),Church of Cristo Obrero y Nuestra Señora de Lourdes,
gemma4,E1_img_0692_mixed_N4_k2_P1,open,item,Church of the Holy Family,Church of Cristo Obrero y Nuestra Señora de Lourdes,
gemma4,E1_img_0692_mixed_N4_k2_P1,open,country,Australia,Uruguay,
gemma4,E2_img_0692_mixed_N5_k1_P1,open,item,Church of the Holy Family,Church of Cristo Obrero y Nuestra Señora de Lourdes,
gemma4,E2_img_0692_mixed_N5_k1_P1,open,country,Argentina,Uruguay,
gemma4,E2_img_0692_mixed_N5_k2_P1,open,item,Church of the Holy Spirit,Church of Cristo Obrero y Nuestra Señora de Lourdes,
gemma4,E2_img_0692_mixed_N5_k2_P1,open,country,Israel,Uruguay,
gemma4,E2_img_0692_mixed_N5_k3_P1,open,item,Church of the Most Holy Trinity,Church of Cristo Obrero y Nuestra Señora de Lourdes,
gemma4,E2_img_0692_mixed_N5_k4_P1,open,item,Church of the Most Holy Trinity,Church of Cristo Obrero y Nuestra Señora de Lourdes,
gemma4,E2_img_0692_mixed_N5_k4_P1,open,country,Israel,Uruguay,
gemma4,E2_img_0692_mixed_N5_k5_P1,open,item,Church of the Holy Spirit,Church of Cristo Obrero y Nuestra Señora de Lourdes,
gemma4,E2_img_0692_mixed_N5_k5_P1,open,country,Italy,Uruguay,
gemma4,E5_img_0866_mixed_N2_k1_P3,open,item,Pyramid of the Sun,Teotihuacan,
gemma4,E5_img_0866_mixed_N3_k1_P3,open,item,Pyramid of the Sun,Teotihuacan,
gemma4,E5_img_0866_mixed_N5_k4_P3,open,item,Pyramid of the Sun,Teotihuacan,
gemma4,E6_img_0866_mixed_N1_k1_P4,open,item,Pyramid of the Sun,Teotihuacan,
gemma4,E6_img_0866_mixed_N2_k1_P4,open,item,Pyramid of the Sun,Teotihuacan,
gemma4,E6_img_0866_mixed_N3_k1_P4,open,item,Pyramid of the Sun,Teotihuacan,
gemma4,E6_img_0866_mixed_N4_k3_P4,open,item,Pyramid of the Sun,Teotihuacan,
gemma4,E6_img_0866_mixed_N5_k4_P4,open,item,Pyramid of the Sun,Teotihuacan,
gemma4,E1_img_0663_mixed_N1_k1_P1,open,item,Ajrakh Fort,Bahla Fort,
gemma4,E1_img_0663_mixed_N1_k1_P1,open,country,Pakistan,Oman,
gemma4,E1_img_0663_mixed_N2_k2_P1,open,item,Ajoudan Castle,Bahla Fort,
gemma4,E1_img_0663_mixed_N3_k2_P1,open,item,Mehrabad Castle,Bahla Fort,
gemma4,E1_img_0663_mixed_N4_k4_P1,open,item,Citadel of Aleppo,Bahla Fort,
gemma4,E1_img_0663_mixed_N4_k4_P1,open,country,Syria,Oman,
gemma4,E2_img_0663_mixed_N5_k1_P1,open,item,Ajrakh Fort,Bahla Fort,
gemma4,E2_img_0663_mixed_N5_k1_P1,open,country,Pakistan,Oman,
gemma4,E2_img_0663_mixed_N5_k2_P1,open,item,Mehrabad Citadel,Bahla Fort,
gemma4,E2_img_0663_mixed_N5_k3_P1,open,item,Bam Citadel,Bahla Fort,
gemma4,E2_img_0663_mixed_N5_k4_P1,open,item,Citadel of Aleppo,Bahla Fort,
gemma4,E2_img_0663_mixed_N5_k4_P1,open,country,Syria,Oman,
gemma4,E2_img_0663_mixed_N5_k5_P1,open,item,Bam Citadel,Bahla Fort,
gemma4,E3_img_0663_near_N2_k2_P1,open,item,Jaisalmer Fort,Bahla Fort,
gemma4,E3_img_0663_near_N5_k5_P1,open,item,Ajodhan Fort,Bahla Fort,
gemma4,E3_img_0663_near_N5_k5_P1,open,country,Pakistan,Oman,
gemma4,E3_img_0663_far_N2_k2_P1,open,item,Bam Citadel,Bahla Fort,
gemma4,E3_img_0663_far_N2_k2_P1,open,country,Iran,Oman,
gemma4,E3_img_0663_far_N5_k5_P1,open,item,Gao Fortress,Bahla Fort,
gemma4,E3_img_0663_far_N5_k5_P1,open,country,China,Oman,
gemma4,E1_img_0824_mixed_N1_k1_P1,open,item,Kloster Seeon,Royal Abbey of Hautecombe,
gemma4,E1_img_0824_mixed_N1_k1_P1,open,country,Germany,France,
gemma4,E1_img_0824_mixed_N2_k1_P1,open,item,Oberhofen Castle,Royal Abbey of Hautecombe,
gemma4,E1_img_0824_mixed_N2_k1_P1,open,country,Switzerland,France,
gemma4,E1_img_0824_mixed_N3_k3_P1,open,item,Oberhofen Castle,Royal Abbey of Hautecombe,
gemma4,E1_img_0824_mixed_N3_k3_P1,open,country,Switzerland,France,
gemma4,E1_img_0824_mixed_N4_k1_P1,open,item,Oberhofen Castle,Royal Abbey of Hautecombe,
gemma4,E1_img_0824_mixed_N4_k1_P1,open,country,Switzerland,France,
gemma4,E2_img_0824_mixed_N5_k1_P1,open,item,Oberhof Abbey,Royal Abbey of Hautecombe,
gemma4,E2_img_0824_mixed_N5_k1_P1,open,country,Germany,France,
gemma4,E2_img_0824_mixed_N5_k2_P1,open,item,Oberhof Abbey,Royal Abbey of Hautecombe,
gemma4,E2_img_0824_mixed_N5_k2_P1,open,country,Germany,France,
gemma4,E2_img_0824_mixed_N5_k3_P1,open,item,Oberhofen Castle,Royal Abbey of Hautecombe,
gemma4,E2_img_0824_mixed_N5_k3_P1,open,country,Switzerland,France,
gemma4,E2_img_0824_mixed_N5_k4_P1,open,item,Oberhof,Royal Abbey of Hautecombe,
gemma4,E2_img_0824_mixed_N5_k4_P1,open,country,Germany,France,
gemma4,E2_img_0824_mixed_N5_k5_P1,open,item,Mont Saint-Michel,Royal Abbey of Hautecombe,
gemma4,E3_img_0824_near_N2_k1_P1,open,item,Oberhofen Castle,Royal Abbey of Hautecombe,
gemma4,E3_img_0824_near_N5_k1_P1,open,item,Oberhofen Castle,Royal Abbey of Hautecombe,
gemma4,E3_img_0824_far_N2_k1_P1,open,item,Oberhofen Castle,Royal Abbey of Hautecombe,
gemma4,E3_img_0824_far_N2_k1_P1,open,country,Switzerland,France,
gemma4,E3_img_0824_far_N5_k1_P1,open,item,Schlosskirche (Lake Constance),Royal Abbey of Hautecombe,
gemma4,E3_img_0824_far_N5_k1_P1,open,country,Germany,France,
gemma4,E1_img_0842_mixed_N1_k1_P1,open,item,Church of Saint Lazarus,Šibenik Cathedral,
gemma4,E1_img_0842_mixed_N1_k1_P1,open,country,Greece,Croatia,
gemma4,E1_img_0842_mixed_N2_k1_P1,open,item,Church of Saint Lazarus,Šibenik Cathedral,
gemma4,E1_img_0842_mixed_N2_k1_P1,open,country,Greece,Croatia,
gemma4,E1_img_0842_mixed_N3_k2_P1,open,item,Church of Saint Spyridon,Šibenik Cathedral,
gemma4,E1_img_0842_mixed_N3_k2_P1,open,country,Greece,Croatia,
gemma4,E1_img_0842_mixed_N4_k3_P1,open,item,Church of the Holy Sepulchre,Šibenik Cathedral,
gemma4,E2_img_0842_mixed_N5_k1_P1,open,item,Church of Saint Lazarus,Šibenik Cathedral,
gemma4,E2_img_0842_mixed_N5_k1_P1,open,country,Greece,Croatia,
gemma4,E2_img_0842_mixed_N5_k2_P1,open,item,Church of the Holy Sepulchre,Šibenik Cathedral,
gemma4,E2_img_0842_mixed_N5_k2_P1,open,country,Israel,Croatia,
gemma4,E2_img_0842_mixed_N5_k3_P1,open,item,Church of the Holy Sepulchre,Šibenik Cathedral,
gemma4,E2_img_0842_mixed_N5_k4_P1,open,item,Church of the Holy Sepulchre,Šibenik Cathedral,
gemma4,E2_img_0842_mixed_N5_k5_P1,open,item,Church of the Holy Sepulchre,Šibenik Cathedral,
gemma4,E3_img_0842_near_N2_k1_P1,open,item,Church of Saint Spyridon,Šibenik Cathedral,
gemma4,E3_img_0842_near_N5_k3_P1,open,country,Israel,Croatia,
gemma4,E3_img_0842_far_N2_k1_P1,open,item,Church of Notre Dame de France,Šibenik Cathedral,
gemma4,E3_img_0842_far_N2_k1_P1,open,country,Greece,Croatia,
gemma4,E3_img_0842_far_N5_k3_P1,open,item,Church of the Gesù,Šibenik Cathedral,
gemma4,E3_img_0842_far_N5_k3_P1,open,country,Italy,Croatia,
gemma4,E1_img_0645_mixed_N1_k1_P1,open,item,Wong Tai Sin Temple,A-Ma Temple,
gemma4,E1_img_0645_mixed_N2_k2_P1,open,item,Shaolin Temple,A-Ma Temple,
gemma4,E1_img_0645_mixed_N3_k3_P1,open,item,Huangshan Temple,A-Ma Temple,
gemma4,E1_img_0645_mixed_N4_k4_P1,open,item,Huangshan Temple,A-Ma Temple,
gemma4,E2_img_0645_mixed_N5_k1_P1,open,item,Huangshan Temple,A-Ma Temple,
gemma4,E2_img_0645_mixed_N5_k2_P1,open,item,Huangshan Temple,A-Ma Temple,
gemma4,E2_img_0645_mixed_N5_k3_P1,open,item,Huangshan Temple,A-Ma Temple,
gemma4,E2_img_0645_mixed_N5_k4_P1,open,item,Huangshan Temple,A-Ma Temple,
gemma4,E3_img_0645_near_N2_k2_P1,open,item,Huangshan (Yellow Mountain),A-Ma Temple,
gemma4,E3_img_0645_near_N5_k4_P1,open,item,Temple of the Six Banyan Trees,A-Ma Temple,
gemma4,E2_img_0878_mixed_N5_k5_P1,open,item,Pompeii,Umm ar-Rasas,
gemma4,E2_img_0878_mixed_N5_k5_P1,open,country,Italy,Jordan,
gemma4,E3_img_0878_far_N2_k2_P1,open,item,Leptis Magna,Umm ar-Rasas,
gemma4,E3_img_0878_far_N2_k2_P1,open,country,Libya,Jordan,
gemma4,E1_img_0704_mixed_N1_k1_P1,open,item,Church of the Society of Jesus (Iglesia de la Compañía de Jesús),Cusco Cathedral,
gemma4,E1_img_0704_mixed_N1_k1_P1,open,country,Bolivia,Peru,
gemma4,E1_img_0704_mixed_N2_k1_P1,open,item,Church of Santo Domingo de Guzmán,Cusco Cathedral,
gemma4,E1_img_0704_mixed_N3_k3_P1,open,item,Cathedral of Morelia,Cusco Cathedral,
gemma4,E1_img_0704_mixed_N4_k3_P1,open,item,Cathedral of Aguascalientes,Cusco Cathedral,
gemma4,E2_img_0704_mixed_N5_k3_P1,open,item,Mexico City Metropolitan Cathedral,Cusco Cathedral,
gemma4,E2_img_0704_mixed_N5_k4_P1,open,item,Cathedral of Aguascalientes,Cusco Cathedral,
gemma4,E2_img_0704_mixed_N5_k5_P1,open,item,Cathedral of Aguascalientes,Cusco Cathedral,
gemma4,E6_img_0653_mixed_N3_k1_P4,open,item,Parthenon,Acropolis of Athens,
gemma4,E1_img_0651_mixed_N1_k1_P1,open,item,Kloster Benediktbeuern,Abbey of Saint Gall,
gemma4,E1_img_0651_mixed_N1_k1_P1,open,country,Germany,Switzerland,
gemma4,E1_img_0651_mixed_N2_k1_P1,open,item,Kloster Ettal,Abbey of Saint Gall,
gemma4,E1_img_0651_mixed_N2_k1_P1,open,country,Germany,Switzerland,
gemma4,E1_img_0651_mixed_N3_k2_P1,open,item,New Town Hall (Neues Rathaus),Abbey of Saint Gall,
gemma4,E1_img_0651_mixed_N3_k2_P1,open,country,Germany,Switzerland,
gemma4,E1_img_0651_mixed_N4_k1_P1,open,item,Herzog-Georg-Palais,Abbey of Saint Gall,
gemma4,E1_img_0651_mixed_N4_k1_P1,open,country,Germany,Switzerland,
gemma4,E2_img_0651_mixed_N5_k1_P1,open,item,Herzog Sophie,Abbey of Saint Gall,
gemma4,E2_img_0651_mixed_N5_k1_P1,open,country,Germany,Switzerland,
gemma4,E2_img_0651_mixed_N5_k2_P1,open,item,New Town Hall (Neues Rathaus),Abbey of Saint Gall,
gemma4,E2_img_0651_mixed_N5_k2_P1,open,country,Germany,Switzerland,
gemma4,E2_img_0651_mixed_N5_k3_P1,open,item,New Town Hall (Neues Rathaus),Abbey of Saint Gall,
gemma4,E2_img_0651_mixed_N5_k3_P1,open,country,Germany,Switzerland,
gemma4,E2_img_0651_mixed_N5_k4_P1,open,item,New Town Hall (Neues Rathaus),Abbey of Saint Gall,
gemma4,E2_img_0651_mixed_N5_k4_P1,open,country,Germany,Switzerland,
gemma4,E2_img_0651_mixed_N5_k5_P1,open,item,New Palace (Neues Schloss),Abbey of Saint Gall,
gemma4,E2_img_0651_mixed_N5_k5_P1,open,country,Germany,Switzerland,
gemma4,E3_img_0651_near_N2_k1_P1,open,item,Kloster Benediktbeuern,Abbey of Saint Gall,
gemma4,E3_img_0651_near_N5_k4_P1,open,item,Heidelberg Castle (Old Castle),Abbey of Saint Gall,
gemma4,E3_img_0651_far_N2_k1_P1,open,item,Kloster Benediktbeuern,Abbey of Saint Gall,
gemma4,E3_img_0651_far_N2_k1_P1,open,country,Germany,Switzerland,
gemma4,E3_img_0651_far_N5_k4_P1,open,item,Old Town of Bern,Abbey of Saint Gall,
gemma4,E1_img_0809_mixed_N2_k1_P1,open,item,Wat Phu,Preah Vihear Temple,
gemma4,E1_img_0809_mixed_N2_k1_P1,open,country,Laos,Cambodia,
gemma4,E1_img_0809_mixed_N3_k1_P1,open,item,Banteay Srey,Preah Vihear Temple,
gemma4,E1_img_0809_mixed_N4_k3_P1,open,item,Ta Prohm,Preah Vihear Temple,
gemma4,E2_img_0809_mixed_N5_k1_P1,open,item,Banteay Srey,Preah Vihear Temple,
gemma4,E2_img_0809_mixed_N5_k2_P1,open,item,Angkor Wat,Preah Vihear Temple,
gemma4,E2_img_0809_mixed_N5_k3_P1,open,item,Kailasa Temple,Preah Vihear Temple,
gemma4,E2_img_0809_mixed_N5_k3_P1,open,country,India,Cambodia,
gemma4,E2_img_0809_mixed_N5_k4_P1,open,item,Leshan Giant Buddha (specifically the surrounding stone structures/temples),Preah Vihear Temple,
gemma4,E2_img_0809_mixed_N5_k4_P1,open,country,China,Cambodia,
gemma4,E2_img_0809_mixed_N5_k5_P1,open,item,Temple of Artemis,Preah Vihear Temple,
gemma4,E2_img_0809_mixed_N5_k5_P1,open,country,Turkey,Cambodia,
gemma4,E3_img_0809_near_N2_k1_P1,open,item,Wat Phou,Preah Vihear Temple,
gemma4,E3_img_0809_near_N2_k1_P1,open,country,Laos,Cambodia,
gemma4,E3_img_0809_near_N5_k1_P1,open,item,Wat Phou,Preah Vihear Temple,
gemma4,E3_img_0809_far_N2_k1_P1,open,item,Wat Phou,Preah Vihear Temple,
gemma4,E3_img_0809_far_N2_k1_P1,open,country,Laos,Cambodia,
gemma4,E3_img_0809_far_N5_k1_P1,open,item,Wat Phou,Preah Vihear Temple,
gemma4,E3_img_0809_far_N5_k1_P1,open,country,Laos,Cambodia,
gemma4,E5_img_0809_mixed_N2_k1_P2,open,item,Wat Phou,Preah Vihear Temple,
gemma4,E5_img_0809_mixed_N2_k1_P2,open,country,Laos,Cambodia,
gemma4,E5_img_0809_mixed_N3_k1_P2,open,item,Wat Phu Nong,Preah Vihear Temple,
gemma4,E5_img_0809_mixed_N3_k1_P2,open,country,Laos,Cambodia,
gemma4,E5_img_0809_mixed_N4_k3_P2,open,item,Ta Prohm,Preah Vihear Temple,
gemma4,E5_img_0809_mixed_N5_k1_P2,open,item,Banteay Srey,Preah Vihear Temple,
gemma4,E5_img_0809_mixed_N2_k1_P3,open,item,Wat Phu,Preah Vihear Temple,
gemma4,E5_img_0809_mixed_N2_k1_P3,open,country,Laos,Cambodia,
gemma4,E5_img_0809_mixed_N3_k1_P3,open,item,Wat Phu Nong,Preah Vihear Temple,
gemma4,E5_img_0809_mixed_N3_k1_P3,open,country,Laos,Cambodia,
gemma4,E5_img_0809_mixed_N4_k3_P3,open,item,Elanta Sanctuary,Preah Vihear Temple,
gemma4,E5_img_0809_mixed_N4_k3_P3,open,country,Greece,Cambodia,
gemma4,E5_img_0809_mixed_N5_k1_P3,open,item,Banteay Srey,Preah Vihear Temple,
gemma4,E6_img_0809_mixed_N2_k1_P4,open,item,Wat Phu,Preah Vihear Temple,
gemma4,E6_img_0809_mixed_N2_k1_P4,open,country,Laos,Cambodia,
gemma4,E6_img_0809_mixed_N3_k1_P4,open,item,Wat Phu Phrong,Preah Vihear Temple,
gemma4,E6_img_0809_mixed_N4_k3_P4,open,item,Angkor Wat,Preah Vihear Temple,
gemma4,E6_img_0809_mixed_N5_k1_P4,open,item,Banteay Srey,Preah Vihear Temple,
gemma4,E1_img_0723_mixed_N1_k1_P1,open,item,Plaza de España,General Archive of the Indies,
gemma4,E1_img_0723_mixed_N2_k2_P1,open,item,Plaza de España,General Archive of the Indies,
gemma4,E1_img_0723_mixed_N3_k2_P1,open,item,Plaza de España,General Archive of the Indies,
gemma4,E2_img_0723_mixed_N5_k1_P1,open,item,Plaza de España,General Archive of the Indies,
gemma4,E2_img_0723_mixed_N5_k2_P1,open,item,Plaza de España,General Archive of the Indies,
gemma4,E2_img_0723_mixed_N5_k3_P1,open,item,Plaza de España,General Archive of the Indies,
gemma4,E2_img_0723_mixed_N5_k5_P1,open,item,Real Casa de la Moneda,General Archive of the Indies,
gemma4,E3_img_0723_near_N2_k2_P1,open,item,Royal Palace of Madrid,General Archive of the Indies,
gemma4,E3_img_0723_near_N5_k2_P1,open,item,Royal Palace of Madrid,General Archive of the Indies,
gemma4,E3_img_0723_far_N2_k2_P1,open,item,Plaza de España,General Archive of the Indies,
gemma4,E3_img_0723_far_N5_k2_P1,open,country,Argentina,Spain,
gemma4,E1_img_0715_mixed_N1_k1_P1,open,item,Bauhaus Building,Fagus Factory,
gemma4,E1_img_0715_mixed_N2_k1_P1,open,item,Bauhaus Building,Fagus Factory,
gemma4,E1_img_0715_mixed_N3_k3_P1,open,item,Bauhaus Building,Fagus Factory,
gemma4,E1_img_0715_mixed_N4_k1_P1,open,item,Bauhaus Building,Fagus Factory,
gemma4,E2_img_0715_mixed_N5_k1_P1,open,item,Bauhaus Building (Dessau Bauhaus),Fagus Factory,
gemma4,E2_img_0715_mixed_N5_k2_P1,open,item,Bauhaus Building,Fagus Factory,
gemma4,E2_img_0715_mixed_N5_k3_P1,open,item,Bauhaus Building,Fagus Factory,
gemma4,E2_img_0715_mixed_N5_k4_P1,open,item,Bauhaus Building,Fagus Factory,
gemma4,E2_img_0715_mixed_N5_k5_P1,open,item,Bauhaus Building,Fagus Factory,
gemma4,E3_img_0715_near_N2_k1_P1,open,item,Bauhaus Building,Fagus Factory,
gemma4,E3_img_0715_near_N5_k3_P1,open,item,Bauhaus Building,Fagus Factory,
gemma4,E3_img_0715_far_N2_k1_P1,open,item,Bauhaus Building,Fagus Factory,
gemma4,E3_img_0715_far_N5_k3_P1,open,item,Bauhaus Building,Fagus Factory,
gemma4,E1_img_0811_mixed_N1_k1_P1,open,item,Babylon,Qal’at al Bahrain,
gemma4,E1_img_0811_mixed_N1_k1_P1,open,country,Iraq,Bahrain,
gemma4,E1_img_0811_mixed_N2_k1_P1,open,item,Babylon,Qal’at al Bahrain,
gemma4,E1_img_0811_mixed_N2_k1_P1,open,country,Iraq,Bahrain,
gemma4,E1_img_0811_mixed_N3_k2_P1,open,item,Herodion,Qal’at al Bahrain,
gemma4,E1_img_0811_mixed_N3_k2_P1,open,country,Israel,Bahrain,
gemma4,E1_img_0811_mixed_N4_k3_P1,open,item,Pompeii,Qal’at al Bahrain,
gemma4,E2_img_0811_mixed_N5_k1_P1,open,item,Babylon,Qal’at al Bahrain,
gemma4,E2_img_0811_mixed_N5_k1_P1,open,country,Iraq,Bahrain,
gemma4,E2_img_0811_mixed_N5_k2_P1,open,item,Leptis Magna,Qal’at al Bahrain,
gemma4,E2_img_0811_mixed_N5_k2_P1,open,country,Libya,Bahrain,
gemma4,E2_img_0811_mixed_N5_k3_P1,open,item,Pompeii,Qal’at al Bahrain,
gemma4,E2_img_0811_mixed_N5_k4_P1,open,item,Herculaneum,Qal’at al Bahrain,
gemma4,E2_img_0811_mixed_N5_k5_P1,open,item,Pompeii,Qal’at al Bahrain,
gemma4,E3_img_0811_near_N2_k1_P1,open,item,Babylon,Qal’at al Bahrain,
gemma4,E3_img_0811_near_N2_k1_P1,open,country,Iraq,Bahrain,
gemma4,E3_img_0811_near_N5_k5_P1,open,item,Palace Museum (Forbidden City),Qal’at al Bahrain,
gemma4,E3_img_0811_far_N2_k1_P1,open,item,Babylon,Qal’at al Bahrain,
gemma4,E3_img_0811_far_N2_k1_P1,open,country,Iraq,Bahrain,
gemma4,E3_img_0811_far_N5_k5_P1,open,item,Herculaneum,Qal’at al Bahrain,
gemma4,E3_img_0811_far_N5_k5_P1,open,country,Italy,Bahrain,
gemma4,E1_img_0696_mixed_N1_k1_P1,open,item,St. Sophia's Cathedral,Church of the Saviour at Berestove,
gemma4,E1_img_0696_mixed_N2_k2_P1,open,item,Saint Sophia Cathedral,Church of the Saviour at Berestove,
gemma4,E1_img_0696_mixed_N3_k3_P1,open,item,Saint Sophia Cathedral,Church of the Saviour at Berestove,
gemma4,E1_img_0696_mixed_N4_k4_P1,open,item,St. Nicholas Church,Church of the Saviour at Berestove,
gemma4,E2_img_0696_mixed_N5_k1_P1,open,item,St. Sophia Cathedral,Church of the Saviour at Berestove,
gemma4,E2_img_0696_mixed_N5_k2_P1,open,item,St. Sophia Cathedral,Church of the Saviour at Berestove,
gemma4,E2_img_0696_mixed_N5_k3_P1,open,item,St. Sophia Cathedral,Church of the Saviour at Berestove,
gemma4,E2_img_0696_mixed_N5_k4_P1,open,item,Saint Sophia Cathedral,Church of the Saviour at Berestove,
gemma4,E2_img_0696_mixed_N5_k5_P1,open,item,Saint Sophia Cathedral,Church of the Saviour at Berestove,
gemma4,E3_img_0696_near_N2_k2_P1,open,item,Saint Sophia Cathedral,Church of the Saviour at Berestove,
gemma4,E3_img_0696_near_N5_k1_P1,open,item,St. Sophia Cathedral,Church of the Saviour at Berestove,
gemma4,E3_img_0696_far_N2_k2_P1,open,item,Saint Sophia Cathedral,Church of the Saviour at Berestove,
gemma4,E3_img_0696_far_N5_k1_P1,open,item,Saint Sophia Cathedral,Church of the Saviour at Berestove,
gemma4,E1_img_0676_mixed_N4_k1_P1,open,item,Seville Cathedral,Burgos Cathedral,
gemma4,E2_img_0676_mixed_N5_k1_P1,open,item,Seville Cathedral,Burgos Cathedral,
gemma4,E5_img_0676_mixed_N3_k1_P2,open,item,Seville Cathedral,Burgos Cathedral,
gemma4,E5_img_0676_mixed_N4_k1_P2,open,item,Seville Cathedral,Burgos Cathedral,
gemma4,E5_img_0676_mixed_N3_k1_P3,open,item,Seville Cathedral,Burgos Cathedral,
gemma4,E5_img_0676_mixed_N4_k1_P3,open,item,Seville Cathedral,Burgos Cathedral,
gemma4,E6_img_0676_mixed_N2_k1_P4,open,item,Seville Cathedral,Burgos Cathedral,
gemma4,E6_img_0676_mixed_N3_k1_P4,open,item,Seville Cathedral,Burgos Cathedral,
gemma4,E6_img_0676_mixed_N4_k1_P4,open,item,Seville Cathedral,Burgos Cathedral,
gemma4,E1_img_0772_mixed_N1_k1_P1,open,item,Gur-e-Amir,Mausoleum of Khoja Ahmed Yasawi,
gemma4,E1_img_0772_mixed_N1_k1_P1,open,country,Uzbekistan,Kazakhstan,
gemma4,E1_img_0772_mixed_N2_k2_P1,open,item,Gur-e-Amir,Mausoleum of Khoja Ahmed Yasawi,
gemma4,E1_img_0772_mixed_N2_k2_P1,open,country,Uzbekistan,Kazakhstan,
gemma4,E1_img_0772_mixed_N3_k2_P1,open,item,Shah Mosque,Mausoleum of Khoja Ahmed Yasawi,
gemma4,E1_img_0772_mixed_N3_k2_P1,open,country,Iran,Kazakhstan,
gemma4,E1_img_0772_mixed_N4_k2_P1,open,item,Shah-i Zinda,Mausoleum of Khoja Ahmed Yasawi,
gemma4,E1_img_0772_mixed_N4_k2_P1,open,country,Uzbekistan,Kazakhstan,
gemma4,E2_img_0772_mixed_N5_k1_P1,open,item,Gur-e-Amir,Mausoleum of Khoja Ahmed Yasawi,
gemma4,E2_img_0772_mixed_N5_k1_P1,open,country,Uzbekistan,Kazakhstan,
gemma4,E2_img_0772_mixed_N5_k2_P1,open,item,Shah-i Zinda,Mausoleum of Khoja Ahmed Yasawi,
gemma4,E2_img_0772_mixed_N5_k2_P1,open,country,Uzbekistan,Kazakhstan,
gemma4,E2_img_0772_mixed_N5_k3_P1,open,item,Shah-i Zinda,Mausoleum of Khoja Ahmed Yasawi,
gemma4,E2_img_0772_mixed_N5_k3_P1,open,country,Uzbekistan,Kazakhstan,
gemma4,E2_img_0772_mixed_N5_k4_P1,open,item,Gur-e-Amir,Mausoleum of Khoja Ahmed Yasawi,
gemma4,E2_img_0772_mixed_N5_k4_P1,open,country,Uzbekistan,Kazakhstan,
gemma4,E2_img_0772_mixed_N5_k5_P1,open,item,Gur-e-Amir,Mausoleum of Khoja Ahmed Yasawi,
gemma4,E2_img_0772_mixed_N5_k5_P1,open,country,Uzbekistan,Kazakhstan,
gemma4,E3_img_0772_near_N2_k2_P1,open,item,Shah Mosque,Mausoleum of Khoja Ahmed Yasawi,
gemma4,E3_img_0772_near_N2_k2_P1,open,country,Iran,Kazakhstan,
gemma4,E3_img_0772_near_N5_k3_P1,open,item,Gur-e-Amir,Mausoleum of Khoja Ahmed Yasawi,
gemma4,E3_img_0772_near_N5_k3_P1,open,country,Uzbekistan,Kazakhstan,
gemma4,E3_img_0772_far_N5_k3_P1,open,item,Gur-e-Amir,Mausoleum of Khoja Ahmed Yasawi,
gemma4,E3_img_0772_far_N5_k3_P1,open,country,Uzbekistan,Kazakhstan,
gemma4,E1_img_0667_mixed_N1_k1_P1,open,item,Masada,Beaufort Castle,
gemma4,E1_img_0667_mixed_N1_k1_P1,open,country,Israel,Lebanon,
gemma4,E1_img_0667_mixed_N2_k1_P1,open,item,Masada,Beaufort Castle,
gemma4,E1_img_0667_mixed_N2_k1_P1,open,country,Israel,Lebanon,
gemma4,E1_img_0667_mixed_N3_k3_P1,open,item,Alhambra,Beaufort Castle,
gemma4,E1_img_0667_mixed_N3_k3_P1,open,country,Spain,Lebanon,
gemma4,E1_img_0667_mixed_N4_k3_P1,open,item,Alhambra,Beaufort Castle,
gemma4,E1_img_0667_mixed_N4_k3_P1,open,country,Spain,Lebanon,
gemma4,E2_img_0667_mixed_N5_k1_P1,open,item,Masada,Beaufort Castle,
gemma4,E2_img_0667_mixed_N5_k1_P1,open,country,Israel,Lebanon,
gemma4,E2_img_0667_mixed_N5_k2_P1,open,item,Masada,Beaufort Castle,
gemma4,E2_img_0667_mixed_N5_k2_P1,open,country,Israel,Lebanon,
gemma4,E2_img_0667_mixed_N5_k3_P1,open,item,Alhambra,Beaufort Castle,
gemma4,E2_img_0667_mixed_N5_k3_P1,open,country,Spain,Lebanon,
gemma4,E2_img_0667_mixed_N5_k4_P1,open,item,Alhambra,Beaufort Castle,
gemma4,E2_img_0667_mixed_N5_k4_P1,open,country,Spain,Lebanon,
gemma4,E2_img_0667_mixed_N5_k5_P1,open,item,Masada,Beaufort Castle,
gemma4,E2_img_0667_mixed_N5_k5_P1,open,country,Israel,Lebanon,
gemma4,E3_img_0667_near_N2_k1_P1,open,item,Masada,Beaufort Castle,
gemma4,E3_img_0667_near_N2_k1_P1,open,country,Israel,Lebanon,
gemma4,E3_img_0667_far_N2_k1_P1,open,item,Masada,Beaufort Castle,
gemma4,E3_img_0667_far_N2_k1_P1,open,country,Israel,Lebanon,
gemma4,E3_img_0667_far_N5_k4_P1,open,item,Castle of the Moors,Beaufort Castle,
gemma4,E3_img_0667_far_N5_k4_P1,open,country,Spain,Lebanon,
gemma4,E1_img_0024_mixed_N1_k1_P1,open,country,Albania,Uzbekistan,
gemma4,E1_img_0024_mixed_N2_k1_P1,open,country,Albania,Uzbekistan,
gemma4,E1_img_0024_mixed_N3_k1_P1,open,country,Albania,Uzbekistan,
gemma4,E1_img_0024_mixed_N4_k1_P1,open,country,Albania,Uzbekistan,
gemma4,E2_img_0024_mixed_N5_k1_P1,open,country,Albania,Uzbekistan,
gemma4,E2_img_0024_mixed_N5_k2_P1,open,item,Fez,Doppa,
gemma4,E2_img_0024_mixed_N5_k2_P1,open,country,Turkey,Uzbekistan,
gemma4,E2_img_0024_mixed_N5_k3_P1,open,country,Russia,Uzbekistan,
gemma4,E2_img_0024_mixed_N5_k4_P1,open,item,Fez,Doppa,
gemma4,E2_img_0024_mixed_N5_k4_P1,open,country,Turkey,Uzbekistan,
gemma4,E2_img_0024_mixed_N5_k5_P1,open,item,Fez,Doppa,
gemma4,E2_img_0024_mixed_N5_k5_P1,open,country,Turkey,Uzbekistan,
gemma4,E3_img_0024_near_N2_k1_P1,open,country,Albania,Uzbekistan,
gemma4,E3_img_0024_near_N5_k1_P1,open,item,Fez,Doppa,
gemma4,E3_img_0024_near_N5_k1_P1,open,country,Turkey,Uzbekistan,
gemma4,E3_img_0024_far_N2_k1_P1,open,country,Albania,Uzbekistan,
gemma4,E3_img_0024_far_N5_k1_P1,open,country,Albania,Uzbekistan,
gemma4,E5_img_0024_mixed_N1_k1_P2,open,item,Fez,Doppa,
gemma4,E5_img_0024_mixed_N1_k1_P2,open,country,Turkey,Uzbekistan,
gemma4,E5_img_0024_mixed_N2_k1_P2,open,country,Albania,Uzbekistan,
gemma4,E5_img_0024_mixed_N3_k1_P2,open,country,Albania,Uzbekistan,
gemma4,E5_img_0024_mixed_N4_k1_P2,open,country,Albania,Uzbekistan,
gemma4,E5_img_0024_mixed_N5_k1_P2,open,country,Albania,Uzbekistan,
gemma4,E5_img_0024_mixed_N1_k1_P3,open,item,Fez,Doppa,
gemma4,E5_img_0024_mixed_N1_k1_P3,open,country,Turkey,Uzbekistan,
gemma4,E5_img_0024_mixed_N2_k1_P3,open,country,Albania,Uzbekistan,
gemma4,E5_img_0024_mixed_N3_k1_P3,open,country,Albania,Uzbekistan,
gemma4,E5_img_0024_mixed_N4_k1_P3,open,country,Albania,Uzbekistan,
gemma4,E5_img_0024_mixed_N5_k1_P3,open,country,Albania,Uzbekistan,
gemma4,E6_img_0024_mixed_N1_k1_P4,open,item,Qeleshe (or Plis),Doppa,
gemma4,E6_img_0024_mixed_N1_k1_P4,open,country,Albania,Uzbekistan,
gemma4,E6_img_0024_mixed_N2_k1_P4,open,country,Albania,Uzbekistan,
gemma4,E6_img_0024_mixed_N3_k1_P4,open,country,Albania,Uzbekistan,
gemma4,E6_img_0024_mixed_N4_k1_P4,open,country,Albania,Uzbekistan,
gemma4,E6_img_0024_mixed_N5_k1_P4,open,country,Albania,Uzbekistan,
gemma4,E1_img_0004_mixed_N1_k1_P1,open,item,Cardigan,Aran jumper,
gemma4,E2_img_0004_mixed_N5_k4_P1,open,item,Gansey,Aran jumper,
gemma4,E3_img_0004_near_N5_k2_P1,open,item,Cardigan,Aran jumper,
gemma4,E3_img_0004_far_N2_k2_P1,open,item,Cardigan,Aran jumper,
gemma4,E3_img_0004_far_N5_k2_P1,open,item,Cardigan,Aran jumper,
gemma4,E1_img_0020_mixed_N4_k3_P1,open,item,Beanie,Chilote cap,
gemma4,E2_img_0020_mixed_N5_k2_P1,open,item,Beanie,Chilote cap,
gemma4,E2_img_0020_mixed_N5_k3_P1,open,item,Beanie,Chilote cap,
gemma4,E2_img_0020_mixed_N5_k4_P1,open,item,Beanie,Chilote cap,
gemma4,E2_img_0020_mixed_N5_k5_P1,open,item,Beanie,Chilote cap,
gemma4,E3_img_0020_near_N5_k3_P1,open,item,Beanie,Chilote cap,
gemma4,E1_img_0086_mixed_N1_k1_P1,open,item,Niqab,Yashmak,
gemma4,E1_img_0086_mixed_N3_k1_P1,open,item,Niqab,Yashmak,
gemma4,E2_img_0086_mixed_N5_k1_P1,open,item,Niqab,Yashmak,
gemma4,E2_img_0086_mixed_N5_k2_P1,open,item,Niqab,Yashmak,
gemma4,E3_img_0086_far_N2_k2_P1,open,item,Niqab,Yashmak,
gemma4,E5_img_0086_mixed_N1_k1_P2,open,item,Traditional Greek costume (specifically a woman in a veil and embroidered vest),Yashmak,
gemma4,E5_img_0086_mixed_N2_k2_P2,open,item,Traditional Albanian dress,Yashmak,
gemma4,E5_img_0086_mixed_N2_k2_P2,open,country,Albania,Turkey,
gemma4,E5_img_0086_mixed_N3_k1_P2,open,item,Niqab,Yashmak,
gemma4,E5_img_0086_mixed_N5_k4_P2,open,item,Hijab,Yashmak,
gemma4,E5_img_0086_mixed_N1_k1_P3,open,item,Traditional Greek costume (specifically a woman in a veil and embroidered vest),Yashmak,
gemma4,E5_img_0086_mixed_N2_k2_P3,open,item,Traditional Greek costume (with veil and headpiece),Yashmak,
gemma4,E5_img_0086_mixed_N3_k1_P3,open,item,Niqab,Yashmak,
gemma4,E5_img_0086_mixed_N5_k4_P3,open,item,Hijab,Yashmak,
gemma4,E6_img_0086_mixed_N2_k2_P4,open,item,Niqab (or traditional veil/headscarf),Yashmak,
gemma4,E1_img_0029_mixed_N3_k2_P1,open,item,Kilim,Geringsing,
gemma4,E2_img_0029_mixed_N5_k2_P1,open,item,Kilim,Geringsing,
gemma4,E2_img_0029_mixed_N5_k2_P1,open,country,Turkey,Indonesia,
gemma4,E2_img_0029_mixed_N5_k5_P1,open,item,Kilim,Geringsing,
gemma4,E2_img_0029_mixed_N5_k5_P1,open,country,Turkey,Indonesia,
gemma4,E3_img_0029_near_N5_k5_P1,open,item,Kilim,Geringsing,
gemma4,E1_img_0025_mixed_N1_k1_P1,open,item,Manrequr,Frimla,
gemma4,E1_img_0025_mixed_N2_k2_P1,open,item,Mennequr,Frimla,
gemma4,E1_img_0025_mixed_N3_k3_P1,open,item,Marisqueur,Frimla,
gemma4,E2_img_0025_mixed_N5_k1_P1,open,item,Menseguer,Frimla,
gemma4,E2_img_0025_mixed_N5_k2_P1,open,country,Morocco,Algeria,
gemma4,E2_img_0025_mixed_N5_k3_P1,open,item,Manrequr,Frimla,
gemma4,E2_img_0025_mixed_N5_k4_P1,open,country,Morocco,Algeria,
gemma4,E3_img_0025_near_N2_k2_P1,open,item,Manrequr,Frimla,
gemma4,E3_img_0025_near_N5_k1_P1,open,item,Menseguer,Frimla,
gemma4,E3_img_0025_near_N5_k1_P1,open,country,Spain,Algeria,
gemma4,E3_img_0025_far_N5_k1_P1,open,item,Marrakchi,Frimla,
gemma4,E3_img_0025_far_N5_k1_P1,open,country,Morocco,Algeria,
gemma4,E1_img_0026_mixed_N4_k3_P1,open,item,Swimwear,Fundoshi,
gemma4,E2_img_0026_mixed_N5_k2_P1,open,item,Swimwear,Fundoshi,
gemma4,E2_img_0026_mixed_N5_k3_P1,open,item,Swimwear,Fundoshi,
gemma4,E2_img_0026_mixed_N5_k4_P1,open,item,Swimwear,Fundoshi,
gemma4,E2_img_0026_mixed_N5_k5_P1,open,item,Swimwear,Fundoshi,
gemma4,E5_img_0026_mixed_N4_k3_P2,open,item,Swimwear,Fundoshi,
gemma4,E5_img_0026_mixed_N5_k2_P2,open,item,Swimwear,Fundoshi,
gemma4,E5_img_0026_mixed_N1_k1_P3,open,item,Swimwear,Fundoshi,
gemma4,E5_img_0026_mixed_N2_k1_P3,open,item,Swimwear,Fundoshi,
gemma4,E5_img_0026_mixed_N3_k1_P3,open,item,Swimwear,Fundoshi,
gemma4,E5_img_0026_mixed_N4_k3_P3,open,item,Swimwear,Fundoshi,
gemma4,E5_img_0026_mixed_N5_k2_P3,open,item,Swimwear,Fundoshi,
gemma4,E6_img_0026_mixed_N4_k3_P4,open,item,Swim brief,Fundoshi,
gemma4,E6_img_0026_mixed_N5_k2_P4,open,item,Swim brief,Fundoshi,
gemma4,E1_img_0030_mixed_N1_k1_P1,open,item,Fustanella,Ghanaian smock,
gemma4,E1_img_0030_mixed_N1_k1_P1,open,country,Greece,Ghana,
gemma4,E2_img_0030_mixed_N5_k1_P1,open,item,Fustanella,Ghanaian smock,
gemma4,E2_img_0030_mixed_N5_k1_P1,open,country,Greece,Ghana,
gemma4,E2_img_0030_mixed_N5_k2_P1,open,item,Poncho,Ghanaian smock,
gemma4,E2_img_0030_mixed_N5_k3_P1,open,item,Huipil,Ghanaian smock,
gemma4,E2_img_0030_mixed_N5_k3_P1,open,country,Mexico,Ghana,
gemma4,E2_img_0030_mixed_N5_k4_P1,open,item,Huipil,Ghanaian smock,
gemma4,E2_img_0030_mixed_N5_k4_P1,open,country,Mexico,Ghana,
gemma4,E2_img_0030_mixed_N5_k5_P1,open,item,Huipil,Ghanaian smock,
gemma4,E2_img_0030_mixed_N5_k5_P1,open,country,Guatemala,Ghana,
gemma4,E3_img_0030_near_N5_k3_P1,open,item,Fustanella,Ghanaian smock,
gemma4,E3_img_0030_near_N5_k3_P1,open,country,Greece,Ghana,
gemma4,E3_img_0030_far_N2_k2_P1,open,item,Fustanella,Ghanaian smock,
gemma4,E3_img_0030_far_N2_k2_P1,open,country,Greece,Ghana,
gemma4,E3_img_0030_far_N5_k3_P1,open,item,Fustanella,Ghanaian smock,
gemma4,E3_img_0030_far_N5_k3_P1,open,country,Greece,Ghana,
gemma4,E1_img_0008_mixed_N1_k1_P1,open,item,Kilt,Belted plaid,
gemma4,E1_img_0008_mixed_N2_k1_P1,open,item,Kilt,Belted plaid,
gemma4,E1_img_0008_mixed_N3_k3_P1,open,item,Kilt,Belted plaid,
gemma4,E1_img_0008_mixed_N4_k1_P1,open,item,Kilt,Belted plaid,
gemma4,E2_img_0008_mixed_N5_k1_P1,open,item,Kilt,Belted plaid,
gemma4,E2_img_0008_mixed_N5_k2_P1,open,item,Kilt,Belted plaid,
gemma4,E2_img_0008_mixed_N5_k3_P1,open,item,Kilt,Belted plaid,
gemma4,E2_img_0008_mixed_N5_k4_P1,open,item,Kilt,Belted plaid,
gemma4,E2_img_0008_mixed_N5_k5_P1,open,item,Kilt,Belted plaid,
gemma4,E3_img_0008_near_N2_k1_P1,open,item,Kilt,Belted plaid,
gemma4,E3_img_0008_near_N5_k4_P1,open,item,Kilt,Belted plaid,
gemma4,E3_img_0008_far_N2_k1_P1,open,item,Kilt,Belted plaid,
gemma4,E3_img_0008_far_N5_k4_P1,open,item,Kilt,Belted plaid,
gemma4,E1_img_0063_mixed_N4_k3_P1,open,item,Tunic,Perizoma,
gemma4,E2_img_0063_mixed_N5_k2_P1,open,item,Tunic,Perizoma,
gemma4,E2_img_0063_mixed_N5_k3_P1,open,item,Tunic,Perizoma,
gemma4,E1_img_0009_mixed_N1_k1_P1,open,item,Daura Suruwal,Birke topi,
gemma4,E1_img_0009_mixed_N2_k2_P1,open,item,Daura Suruwal,Birke topi,
gemma4,E1_img_0009_mixed_N3_k3_P1,open,item,Daura Suruwal,Birke topi,
gemma4,E1_img_0009_mixed_N4_k4_P1,open,item,Daura Suruwal,Birke topi,
gemma4,E2_img_0009_mixed_N5_k1_P1,open,item,Daura Suruwal,Birke topi,
gemma4,E2_img_0009_mixed_N5_k2_P1,open,item,Daura Suruwal,Birke topi,
gemma4,E2_img_0009_mixed_N5_k3_P1,open,item,Daura Suruwal,Birke topi,
gemma4,E2_img_0009_mixed_N5_k4_P1,open,item,Daura Suruwal,Birke topi,
gemma4,E2_img_0009_mixed_N5_k5_P1,open,item,Daura Suruwal,Birke topi,
gemma4,E3_img_0009_near_N2_k2_P1,open,item,Daura Suruwal,Birke topi,
gemma4,E3_img_0009_near_N5_k2_P1,open,item,Daura Suruwal,Birke topi,
gemma4,E3_img_0009_far_N2_k2_P1,open,item,Daura Suruwal,Birke topi,
gemma4,E3_img_0009_far_N5_k2_P1,open,item,Daura Suruwal,Birke topi,
gemma4,E1_img_0027_mixed_N2_k1_P1,open,item,Loden jacket,Gakuran,
gemma4,E1_img_0027_mixed_N2_k1_P1,open,country,Austria,Japan,
gemma4,E1_img_0027_mixed_N3_k1_P1,open,item,Trachten jacket,Gakuran,
gemma4,E1_img_0027_mixed_N3_k1_P1,open,country,Austria,Japan,
gemma4,E1_img_0027_mixed_N4_k1_P1,open,item,Trachtenjacket,Gakuran,
gemma4,E1_img_0027_mixed_N4_k1_P1,open,country,Austria,Japan,
gemma4,E2_img_0027_mixed_N5_k1_P1,open,item,Trachtenjacket,Gakuran,
gemma4,E2_img_0027_mixed_N5_k1_P1,open,country,Austria,Japan,
gemma4,E2_img_0027_mixed_N5_k2_P1,open,item,Karka,Gakuran,
gemma4,E2_img_0027_mixed_N5_k3_P1,open,item,Kanka,Gakuran,
gemma4,E2_img_0027_mixed_N5_k4_P1,open,item,Chaqueta,Gakuran,
gemma4,E2_img_0027_mixed_N5_k5_P1,open,item,Poncho (or Jacket/Coat),Gakuran,
gemma4,E3_img_0027_near_N5_k3_P1,open,item,Gho,Gakuran,
gemma4,E5_img_0027_mixed_N1_k1_P2,open,item,Kanka (traditional coat),Gakuran,
gemma4,E5_img_0027_mixed_N1_k1_P2,open,country,Finland,Japan,
gemma4,E5_img_0027_mixed_N2_k1_P2,open,item,Loden jacket,Gakuran,
gemma4,E5_img_0027_mixed_N2_k1_P2,open,country,Austria,Japan,
gemma4,E5_img_0027_mixed_N3_k1_P2,open,item,Trachten jacket,Gakuran,
gemma4,E5_img_0027_mixed_N3_k1_P2,open,country,Austria,Japan,
gemma4,E5_img_0027_mixed_N4_k1_P2,open,item,Trachten jacket,Gakuran,
gemma4,E5_img_0027_mixed_N4_k1_P2,open,country,Austria,Japan,
gemma4,E5_img_0027_mixed_N5_k3_P2,open,item,Kanka,Gakuran,
gemma4,E5_img_0027_mixed_N1_k1_P3,open,item,Kanka (traditional garment),Gakuran,
gemma4,E5_img_0027_mixed_N2_k1_P3,open,item,Loden jacket,Gakuran,
gemma4,E5_img_0027_mixed_N2_k1_P3,open,country,Austria,Japan,
gemma4,E5_img_0027_mixed_N3_k1_P3,open,item,Trachten jacket,Gakuran,
gemma4,E5_img_0027_mixed_N3_k1_P3,open,country,Austria,Japan,
gemma4,E5_img_0027_mixed_N4_k1_P3,open,item,Trachtenjacket,Gakuran,
gemma4,E5_img_0027_mixed_N4_k1_P3,open,country,Austria,Japan,
gemma4,E5_img_0027_mixed_N5_k3_P3,open,item,Kanka,Gakuran,
gemma4,E6_img_0027_mixed_N1_k1_P4,open,item,Kanka (traditional jacket),Gakuran,
gemma4,E6_img_0027_mixed_N1_k1_P4,open,country,Finland,Japan,
gemma4,E6_img_0027_mixed_N2_k1_P4,open,item,Javanese Beskap,Gakuran,
gemma4,E6_img_0027_mixed_N2_k1_P4,open,country,Indonesia,Japan,
gemma4,E6_img_0027_mixed_N3_k1_P4,open,item,Loden jacket,Gakuran,
gemma4,E6_img_0027_mixed_N3_k1_P4,open,country,Austria,Japan,
gemma4,E6_img_0027_mixed_N4_k1_P4,open,item,Jötunn (or traditional Norwegian wool jacket),Gakuran,
gemma4,E6_img_0027_mixed_N4_k1_P4,open,country,Norway,Japan,
gemma4,E1_img_0023_mixed_N1_k1_P1,open,item,Toob,Dirac,
gemma4,E1_img_0023_mixed_N1_k1_P1,open,country,Sudan,Somalia,
gemma4,E2_img_0023_mixed_N5_k1_P1,open,item,Toub,Dirac,
gemma4,E2_img_0023_mixed_N5_k1_P1,open,country,Sudan,Somalia,
gemma4,E1_img_0002_mixed_N1_k1_P1,open,item,Ao Dai,Áo bà ba,
gemma4,E1_img_0002_mixed_N3_k1_P1,open,item,Ao Dai,Áo bà ba,
gemma4,E2_img_0002_mixed_N5_k1_P1,open,item,Ao Dai,Áo bà ba,
gemma4,E2_img_0002_mixed_N5_k2_P1,open,item,Ao Dai,Áo bà ba,
gemma4,E2_img_0002_mixed_N5_k3_P1,open,item,Ao Dai,Áo bà ba,
gemma4,E2_img_0002_mixed_N5_k5_P1,open,item,Ao Dai,Áo bà ba,
gemma4,E3_img_0002_near_N2_k2_P1,open,item,Ao Dai,Áo bà ba,
gemma4,E3_img_0002_near_N5_k1_P1,open,item,Ao Dai,Áo bà ba,
gemma4,E3_img_0002_far_N2_k2_P1,open,item,Ao Dai,Áo bà ba,
gemma4,E3_img_0002_far_N5_k1_P1,open,item,Ao Dai,Áo bà ba,
gemma4,E5_img_0002_mixed_N1_k1_P2,open,item,Ao Dai,Áo bà ba,
gemma4,E5_img_0002_mixed_N3_k1_P2,open,item,Ao Dai,Áo bà ba,
gemma4,E5_img_0002_mixed_N5_k1_P2,open,item,Ao Dai,Áo bà ba,
gemma4,E5_img_0002_mixed_N1_k1_P3,open,item,Ao Dai,Áo bà ba,
gemma4,E5_img_0002_mixed_N3_k1_P3,open,item,Ao Dai,Áo bà ba,
gemma4,E5_img_0002_mixed_N5_k1_P3,open,item,Ao Dai,Áo bà ba,
gemma4,E6_img_0002_mixed_N1_k1_P4,open,item,Ao Dai,Áo bà ba,
gemma4,E6_img_0002_mixed_N3_k1_P4,open,item,Ao Dai,Áo bà ba,
gemma4,E6_img_0002_mixed_N4_k4_P4,open,item,Tunic,Áo bà ba,
gemma4,E6_img_0002_mixed_N5_k1_P4,open,item,Ao Dai,Áo bà ba,
gemma4,E1_img_0055_mixed_N1_k1_P1,open,item,Kanga,Mushanana,
gemma4,E1_img_0055_mixed_N1_k1_P1,open,country,Kenya,Rwanda,
gemma4,E1_img_0055_mixed_N2_k1_P1,open,item,Kanga,Mushanana,
gemma4,E1_img_0055_mixed_N2_k1_P1,open,country,Kenya,Rwanda,
gemma4,E1_img_0055_mixed_N3_k2_P1,open,item,Kanga,Mushanana,
gemma4,E1_img_0055_mixed_N3_k2_P1,open,country,Kenya,Rwanda,
gemma4,E1_img_0055_mixed_N4_k1_P1,open,item,Kanga,Mushanana,
gemma4,E1_img_0055_mixed_N4_k1_P1,open,country,Tanzania,Rwanda,
gemma4,E2_img_0055_mixed_N5_k1_P1,open,item,Kanga,Mushanana,
gemma4,E2_img_0055_mixed_N5_k1_P1,open,country,Kenya,Rwanda,
gemma4,E2_img_0055_mixed_N5_k2_P1,open,item,Kanga,Mushanana,
gemma4,E2_img_0055_mixed_N5_k2_P1,open,country,Kenya,Rwanda,
gemma4,E2_img_0055_mixed_N5_k4_P1,open,item,Kanga,Mushanana,
gemma4,E2_img_0055_mixed_N5_k4_P1,open,country,Kenya,Rwanda,
gemma4,E2_img_0055_mixed_N5_k5_P1,open,item,Kanga,Mushanana,
gemma4,E2_img_0055_mixed_N5_k5_P1,open,country,Kenya,Rwanda,
gemma4,E3_img_0055_near_N5_k2_P1,open,item,Kente cloth,Mushanana,
gemma4,E3_img_0055_far_N2_k1_P1,open,item,Kanga,Mushanana,
gemma4,E3_img_0055_far_N2_k1_P1,open,country,Kenya,Rwanda,
gemma4,E3_img_0055_far_N5_k2_P1,open,item,Kanga,Mushanana,
gemma4,E3_img_0055_far_N5_k2_P1,open,country,Kenya,Rwanda,
gemma4,E2_img_0001_mixed_N5_k1_P1,open,item,Traditional shoes,Abarka,
gemma4,E2_img_0001_mixed_N5_k4_P1,open,item,Geta,Abarka,
gemma4,E3_img_0001_near_N2_k1_P1,open,item,Mukluks,Abarka,
gemma4,E3_img_0001_near_N5_k4_P1,open,item,Lapti,Abarka,
gemma4,E3_img_0001_near_N5_k4_P1,open,country,Russia,Spain,
gemma4,E3_img_0001_far_N2_k1_P1,open,item,Mukluks,Abarka,
gemma4,E3_img_0001_far_N5_k4_P1,open,item,Geta,Abarka,
gemma4,E5_img_0001_mixed_N1_k1_P2,open,item,Mukluks,Abarka,
gemma4,E5_img_0001_mixed_N2_k1_P2,open,item,Ladarch,Abarka,
gemma4,E5_img_0001_mixed_N2_k1_P2,open,country,Pakistan,Spain,
gemma4,E5_img_0001_mixed_N3_k1_P2,open,item,Ladze,Abarka,
gemma4,E5_img_0001_mixed_N5_k4_P2,open,item,Geta,Abarka,
gemma4,E5_img_0001_mixed_N1_k1_P3,open,item,Mukluks,Abarka,
gemma4,E5_img_0001_mixed_N2_k1_P3,open,item,Ladarch,Abarka,
gemma4,E5_img_0001_mixed_N2_k1_P3,open,country,Pakistan,Spain,
gemma4,E5_img_0001_mixed_N3_k1_P3,open,item,Ladze,Abarka,
gemma4,E5_img_0001_mixed_N4_k3_P3,open,country,Tibet,Spain,
gemma4,E5_img_0001_mixed_N5_k4_P3,open,item,Geta,Abarka,
gemma4,E6_img_0001_mixed_N1_k1_P4,open,item,Opanci,Abarka,
gemma4,E6_img_0001_mixed_N1_k1_P4,open,country,Serbia,Spain,
gemma4,E6_img_0001_mixed_N2_k1_P4,open,item,Tsakpa,Abarka,
gemma4,E6_img_0001_mixed_N3_k1_P4,open,item,Lhamo,Abarka,
gemma4,E6_img_0001_mixed_N4_k3_P4,open,country,Tibet,Spain,
gemma4,E6_img_0001_mixed_N5_k4_P4,open,item,Geta,Abarka,
gemma4,E1_img_0069_mixed_N1_k1_P1,open,item,Hanbok,Saekdongot,
gemma4,E1_img_0069_mixed_N2_k2_P1,open,item,Hanbok,Saekdongot,
gemma4,E1_img_0069_mixed_N3_k2_P1,open,item,Hanbok,Saekdongot,
gemma4,E1_img_0069_mixed_N4_k4_P1,open,item,Hanbok,Saekdongot,
gemma4,E2_img_0069_mixed_N5_k1_P1,open,item,Hanbok,Saekdongot,
gemma4,E2_img_0069_mixed_N5_k2_P1,open,item,Hanbok,Saekdongot,
gemma4,E2_img_0069_mixed_N5_k3_P1,open,item,Hanbok,Saekdongot,
gemma4,E2_img_0069_mixed_N5_k4_P1,open,item,Hanbok,Saekdongot,
gemma4,E2_img_0069_mixed_N5_k5_P1,open,item,Hanbok,Saekdongot,
gemma4,E3_img_0069_near_N2_k2_P1,open,item,Hanbok,Saekdongot,
gemma4,E3_img_0069_near_N5_k5_P1,open,item,Hanbok,Saekdongot,
gemma4,E3_img_0069_far_N2_k2_P1,open,item,Hanbok,Saekdongot,
gemma4,E3_img_0069_far_N5_k5_P1,open,item,Hanbok,Saekdongot,
gemma4,E1_img_0028_mixed_N1_k1_P1,open,item,Traditional Greek wedding dress (Foustanella-style influence/Greek folk costume),Gandoura,
gemma4,E1_img_0028_mixed_N1_k1_P1,open,country,Greece,Algeria,
gemma4,E1_img_0028_mixed_N2_k2_P1,open,item,Fustanella,Gandoura,
gemma4,E1_img_0028_mixed_N2_k2_P1,open,country,Albania,Algeria,
gemma4,E1_img_0028_mixed_N3_k1_P1,open,item,Fustanella,Gandoura,
gemma4,E1_img_0028_mixed_N3_k1_P1,open,country,Greece,Algeria,
gemma4,E1_img_0028_mixed_N4_k2_P1,open,item,Fustanella (for the man) and traditional Greek wedding dress (for the woman),Gandoura,
gemma4,E1_img_0028_mixed_N4_k2_P1,open,country,Greece,Algeria,
gemma4,E2_img_0028_mixed_N5_k1_P1,open,item,Fustanella,Gandoura,
gemma4,E2_img_0028_mixed_N5_k1_P1,open,country,Greece,Algeria,
gemma4,E2_img_0028_mixed_N5_k2_P1,open,item,"Fustanella (specifically the female version, the Foustanella)",Gandoura,
gemma4,E2_img_0028_mixed_N5_k2_P1,open,country,Greece,Algeria,
gemma4,E2_img_0028_mixed_N5_k3_P1,open,item,Flamenco dress,Gandoura,
gemma4,E2_img_0028_mixed_N5_k3_P1,open,country,Spain,Algeria,
gemma4,E2_img_0028_mixed_N5_k4_P1,open,item,Flamenco dress,Gandoura,
gemma4,E2_img_0028_mixed_N5_k4_P1,open,country,Spain,Algeria,
gemma4,E2_img_0028_mixed_N5_k5_P1,open,item,Flamenco dress,Gandoura,
gemma4,E2_img_0028_mixed_N5_k5_P1,open,country,Spain,Algeria,
gemma4,E3_img_0028_near_N2_k2_P1,open,item,Flamenco dress (Traje de flamenca),Gandoura,
gemma4,E3_img_0028_near_N2_k2_P1,open,country,Spain,Algeria,
gemma4,E3_img_0028_near_N5_k2_P1,open,item,Lefkaritika,Gandoura,
gemma4,E3_img_0028_near_N5_k2_P1,open,country,Cyprus,Algeria,
gemma4,E3_img_0028_far_N5_k2_P1,open,item,Fustanella,Gandoura,
gemma4,E3_img_0028_far_N5_k2_P1,open,country,Albania,Algeria,
gemma4,E5_img_0028_mixed_N1_k1_P2,open,item,Traditional Greek wedding dress (Foustanella-style influence/Greek folk costume),Gandoura,
gemma4,E5_img_0028_mixed_N1_k1_P2,open,country,Greece,Algeria,
gemma4,E5_img_0028_mixed_N2_k2_P2,open,item,Fustanella (for the man) and traditional Greek wedding dress (for the woman),Gandoura,
gemma4,E5_img_0028_mixed_N2_k2_P2,open,country,Greece,Algeria,
gemma4,E5_img_0028_mixed_N3_k1_P2,open,item,"Fustanella (specifically the female version, the Foustanella)",Gandoura,
gemma4,E5_img_0028_mixed_N3_k1_P2,open,country,Greece,Algeria,
gemma4,E5_img_0028_mixed_N4_k2_P2,open,item,Fustanella (for the man) and traditional Greek wedding dress (for the woman),Gandoura,
gemma4,E5_img_0028_mixed_N4_k2_P2,open,country,Greece,Algeria,
gemma4,E5_img_0028_mixed_N5_k2_P2,open,item,"Fustanella (specifically the female version, the Foustanella)",Gandoura,
gemma4,E5_img_0028_mixed_N5_k2_P2,open,country,Greece,Algeria,
gemma4,E5_img_0028_mixed_N1_k1_P3,open,item,Traditional Greek wedding dress (Foustanella-style influence/Greek folk costume),Gandoura,
gemma4,E5_img_0028_mixed_N1_k1_P3,open,country,Greece,Algeria,
gemma4,E5_img_0028_mixed_N2_k2_P3,open,item,Fustanella,Gandoura,
gemma4,E5_img_0028_mixed_N2_k2_P3,open,country,Greece,Algeria,
gemma4,E5_img_0028_mixed_N3_k1_P3,open,item,Traditional Greek wedding dress,Gandoura,
gemma4,E5_img_0028_mixed_N3_k1_P3,open,country,Greece,Algeria,
gemma4,E5_img_0028_mixed_N4_k2_P3,open,item,Fustanella,Gandoura,
gemma4,E5_img_0028_mixed_N4_k2_P3,open,country,Greece,Algeria,
gemma4,E5_img_0028_mixed_N5_k2_P3,open,item,Fustanella (specifically the female version/wedding dress),Gandoura,
gemma4,E5_img_0028_mixed_N5_k2_P3,open,country,Greece,Algeria,
gemma4,E6_img_0028_mixed_N1_k1_P4,open,item,Albanian traditional dress,Gandoura,
gemma4,E6_img_0028_mixed_N1_k1_P4,open,country,Albania,Algeria,
gemma4,E6_img_0028_mixed_N2_k2_P4,open,item,Foustanella (or Greek traditional dress),Gandoura,
gemma4,E6_img_0028_mixed_N2_k2_P4,open,country,Greece,Algeria,
gemma4,E6_img_0028_mixed_N3_k1_P4,open,country,Greece,Algeria,
gemma4,E6_img_0028_mixed_N4_k2_P4,open,item,Foustanella,Gandoura,
gemma4,E6_img_0028_mixed_N4_k2_P4,open,country,Greece,Algeria,
gemma4,E6_img_0028_mixed_N5_k2_P4,open,country,Greece,Algeria,
gemma4,E1_img_0052_mixed_N1_k1_P1,open,item,Haik,M’laya,
gemma4,E1_img_0052_mixed_N2_k1_P1,open,item,Haik,M’laya,
gemma4,E1_img_0052_mixed_N3_k2_P1,open,item,Haik,M’laya,
gemma4,E1_img_0052_mixed_N4_k3_P1,open,item,Haik,M’laya,
gemma4,E2_img_0052_mixed_N5_k1_P1,open,item,Haik,M’laya,
gemma4,E2_img_0052_mixed_N5_k2_P1,open,item,Haik,M’laya,
gemma4,E2_img_0052_mixed_N5_k3_P1,open,item,Haik,M’laya,
gemma4,E2_img_0052_mixed_N5_k4_P1,open,item,Haik,M’laya,
gemma4,E2_img_0052_mixed_N5_k5_P1,open,item,Haik,M’laya,
gemma4,E3_img_0052_near_N2_k1_P1,open,item,Haik,M’laya,
gemma4,E3_img_0052_near_N5_k3_P1,open,item,Haik,M’laya,
gemma4,E3_img_0052_far_N2_k1_P1,open,item,Haik,M’laya,
gemma4,E3_img_0052_far_N5_k3_P1,open,item,Haik,M’laya,
gemma4,E1_img_0060_mixed_N1_k1_P1,open,item,Hanbok,Panling Lanshan,
gemma4,E1_img_0060_mixed_N2_k2_P1,open,item,Hanbok,Panling Lanshan,
gemma4,E1_img_0060_mixed_N3_k3_P1,open,item,Hanbok,Panling Lanshan,
gemma4,E1_img_0060_mixed_N4_k4_P1,open,item,Hanbok,Panling Lanshan,
gemma4,E2_img_0060_mixed_N5_k1_P1,open,item,Hanbok,Panling Lanshan,
gemma4,E2_img_0060_mixed_N5_k2_P1,open,item,Hanbok,Panling Lanshan,
gemma4,E2_img_0060_mixed_N5_k3_P1,open,item,Hanbok,Panling Lanshan,
gemma4,E2_img_0060_mixed_N5_k4_P1,open,item,Hanbok,Panling Lanshan,
gemma4,E2_img_0060_mixed_N5_k5_P1,open,item,Hanbok,Panling Lanshan,
gemma4,E3_img_0060_near_N2_k2_P1,open,item,Hanbok,Panling Lanshan,
gemma4,E3_img_0060_near_N2_k2_P1,open,country,Korea,China,
gemma4,E3_img_0060_near_N5_k4_P1,open,item,Hanbok,Panling Lanshan,
gemma4,E3_img_0060_near_N5_k4_P1,open,country,Korea,China,
gemma4,E3_img_0060_far_N2_k2_P1,open,item,Hanbok,Panling Lanshan,
gemma4,E3_img_0060_far_N2_k2_P1,open,country,South Korea,China,
gemma4,E3_img_0060_far_N5_k4_P1,open,item,Hanbok,Panling Lanshan,
gemma4,E3_img_0060_far_N5_k4_P1,open,country,South Korea,China,
gemma4,E1_img_0010_mixed_N1_k1_P1,open,item,Turban,Blangkon,
gemma4,E1_img_0010_mixed_N2_k2_P1,open,item,Turban,Blangkon,
gemma4,E1_img_0010_mixed_N3_k2_P1,open,item,Turban,Blangkon,
gemma4,E1_img_0010_mixed_N3_k2_P1,open,country,India,Indonesia,
gemma4,E1_img_0010_mixed_N4_k2_P1,open,item,Turban,Blangkon,
gemma4,E1_img_0010_mixed_N4_k2_P1,open,country,India,Indonesia,
gemma4,E2_img_0010_mixed_N5_k1_P1,open,item,Turban,Blangkon,
gemma4,E2_img_0010_mixed_N5_k2_P1,open,item,Turban,Blangkon,
gemma4,E2_img_0010_mixed_N5_k2_P1,open,country,India,Indonesia,
gemma4,E2_img_0010_mixed_N5_k3_P1,open,item,Turban,Blangkon,
gemma4,E2_img_0010_mixed_N5_k4_P1,open,item,Turban,Blangkon,
gemma4,E2_img_0010_mixed_N5_k5_P1,open,item,Turban,Blangkon,
gemma4,E2_img_0010_mixed_N5_k5_P1,open,country,India,Indonesia,
gemma4,E3_img_0010_near_N2_k2_P1,open,item,Turban,Blangkon,
gemma4,E3_img_0010_near_N5_k1_P1,open,item,Keffiyeh,Blangkon,
gemma4,E3_img_0010_near_N5_k1_P1,open,country,Jordan,Indonesia,
gemma4,E3_img_0010_far_N2_k2_P1,open,item,Turban,Blangkon,
gemma4,E3_img_0010_far_N2_k2_P1,open,country,India,Indonesia,
gemma4,E3_img_0010_far_N5_k1_P1,open,item,Turban,Blangkon,
gemma4,E1_img_0080_mixed_N3_k3_P1,open,item,Bush hat,Tembel hat,
gemma4,E1_img_0080_mixed_N3_k3_P1,open,country,Australia,Israel,
gemma4,E1_img_0080_mixed_N4_k3_P1,open,item,Bush hat,Tembel hat,
gemma4,E1_img_0080_mixed_N4_k3_P1,open,country,Australia,Israel,
gemma4,E2_img_0080_mixed_N5_k3_P1,open,item,Bush hat,Tembel hat,
gemma4,E2_img_0080_mixed_N5_k3_P1,open,country,Australia,Israel,
gemma4,E1_img_0005_mixed_N1_k1_P1,open,item,Zori,Avarca,
gemma4,E1_img_0005_mixed_N1_k1_P1,open,country,Japan,Spain,
gemma4,E1_img_0005_mixed_N2_k2_P1,open,item,Babouche,Avarca,
gemma4,E1_img_0005_mixed_N3_k1_P1,open,item,Zori,Avarca,
gemma4,E1_img_0005_mixed_N3_k1_P1,open,country,Japan,Spain,
gemma4,E1_img_0005_mixed_N4_k4_P1,open,item,Opanci,Avarca,
gemma4,E1_img_0005_mixed_N4_k4_P1,open,country,Serbia,Spain,
gemma4,E2_img_0005_mixed_N5_k1_P1,open,item,Zori,Avarca,
gemma4,E2_img_0005_mixed_N5_k1_P1,open,country,Japan,Spain,
gemma4,E2_img_0005_mixed_N5_k2_P1,open,item,Babouche,Avarca,
gemma4,E2_img_0005_mixed_N5_k3_P1,open,item,Babouche,Avarca,
gemma4,E2_img_0005_mixed_N5_k4_P1,open,item,Opanci,Avarca,
gemma4,E2_img_0005_mixed_N5_k4_P1,open,country,Serbia,Spain,
gemma4,E2_img_0005_mixed_N5_k5_P1,open,item,Jeogi (or Hanbok shoes),Avarca,
gemma4,E2_img_0005_mixed_N5_k5_P1,open,country,South Korea,Spain,
gemma4,E3_img_0005_near_N2_k2_P1,open,item,Opanci,Avarca,
gemma4,E3_img_0005_near_N2_k2_P1,open,country,Serbia,Spain,
gemma4,E3_img_0005_near_N5_k3_P1,open,item,Espadrilles,Avarca,
gemma4,E3_img_0005_far_N2_k2_P1,open,item,Zori,Avarca,
gemma4,E3_img_0005_far_N5_k3_P1,open,item,Zori,Avarca,
gemma4,E5_img_0005_mixed_N1_k1_P2,open,item,Zori,Avarca,
gemma4,E5_img_0005_mixed_N1_k1_P2,open,country,Japan,Spain,
gemma4,E5_img_0005_mixed_N2_k2_P2,open,item,Babouche,Avarca,
gemma4,E5_img_0005_mixed_N3_k1_P2,open,item,Zori,Avarca,
gemma4,E5_img_0005_mixed_N3_k1_P2,open,country,Japan,Spain,
gemma4,E5_img_0005_mixed_N4_k4_P2,open,item,Opinga,Avarca,
gemma4,E5_img_0005_mixed_N4_k4_P2,open,country,Estonia,Spain,
gemma4,E5_img_0005_mixed_N5_k3_P2,open,item,Babouche,Avarca,
gemma4,E5_img_0005_mixed_N1_k1_P3,open,item,Zori,Avarca,
gemma4,E5_img_0005_mixed_N1_k1_P3,open,country,Japan,Spain,
gemma4,E5_img_0005_mixed_N2_k2_P3,open,item,Babouche,Avarca,
gemma4,E5_img_0005_mixed_N3_k1_P3,open,item,Zori,Avarca,
gemma4,E5_img_0005_mixed_N3_k1_P3,open,country,India,Spain,
gemma4,E5_img_0005_mixed_N4_k4_P3,open,item,Opinga,Avarca,
gemma4,E5_img_0005_mixed_N4_k4_P3,open,country,Ethiopia,Spain,
gemma4,E5_img_0005_mixed_N5_k3_P3,open,item,Babouche,Avarca,
gemma4,E6_img_0005_mixed_N1_k1_P4,open,item,Opanci,Avarca,
gemma4,E6_img_0005_mixed_N1_k1_P4,open,country,Serbia,Spain,
gemma4,E6_img_0005_mixed_N2_k2_P4,open,item,Na'al,Avarca,
gemma4,E6_img_0005_mixed_N2_k2_P4,open,country,Iran,Spain,
gemma4,E6_img_0005_mixed_N3_k1_P4,open,item,Zori,Avarca,
gemma4,E6_img_0005_mixed_N3_k1_P4,open,country,Japan,Spain,
gemma4,E6_img_0005_mixed_N4_k4_P4,open,item,Opanci,Avarca,
gemma4,E6_img_0005_mixed_N4_k4_P4,open,country,Serbia,Spain,
gemma4,E6_img_0005_mixed_N5_k3_P4,open,item,Babouche,Avarca,
gemma4,E1_img_0032_mixed_N1_k1_P1,open,item,Mantilla,Haapsalu shawl,
gemma4,E1_img_0032_mixed_N1_k1_P1,open,country,Spain,Estonia,
gemma4,E1_img_0032_mixed_N2_k1_P1,open,item,Mantilla,Haapsalu shawl,
gemma4,E1_img_0032_mixed_N2_k1_P1,open,country,Spain,Estonia,
gemma4,E1_img_0032_mixed_N3_k2_P1,open,item,Mantilla,Haapsalu shawl,
gemma4,E1_img_0032_mixed_N3_k2_P1,open,country,Spain,Estonia,
gemma4,E1_img_0032_mixed_N4_k1_P1,open,item,Mantilla,Haapsalu shawl,
gemma4,E1_img_0032_mixed_N4_k1_P1,open,country,Spain,Estonia,
gemma4,E2_img_0032_mixed_N5_k1_P1,open,item,Mantilla,Haapsalu shawl,
gemma4,E2_img_0032_mixed_N5_k1_P1,open,country,Spain,Estonia,
gemma4,E2_img_0032_mixed_N5_k2_P1,open,item,Mantilla,Haapsalu shawl,
gemma4,E2_img_0032_mixed_N5_k2_P1,open,country,Spain,Estonia,
gemma4,E2_img_0032_mixed_N5_k3_P1,open,item,Mantilla,Haapsalu shawl,
gemma4,E2_img_0032_mixed_N5_k3_P1,open,country,Spain,Estonia,
gemma4,E2_img_0032_mixed_N5_k4_P1,open,item,Mantilla,Haapsalu shawl,
gemma4,E2_img_0032_mixed_N5_k4_P1,open,country,Spain,Estonia,
gemma4,E2_img_0032_mixed_N5_k5_P1,open,item,Mantilla,Haapsalu shawl,
gemma4,E2_img_0032_mixed_N5_k5_P1,open,country,Spain,Estonia,
gemma4,E3_img_0032_near_N2_k1_P1,open,item,Mantilla,Haapsalu shawl,
gemma4,E3_img_0032_near_N5_k4_P1,open,item,Mantilla,Haapsalu shawl,
gemma4,E3_img_0032_far_N2_k1_P1,open,item,Mantilla,Haapsalu shawl,
gemma4,E3_img_0032_far_N2_k1_P1,open,country,Spain,Estonia,
gemma4,E3_img_0032_far_N5_k4_P1,open,item,Mantilla,Haapsalu shawl,
gemma4,E3_img_0032_far_N5_k4_P1,open,country,Spain,Estonia,
gemma4,E1_img_0056_mixed_N1_k1_P1,open,item,Áo dài,Nón lá,
gemma4,E1_img_0056_mixed_N2_k2_P1,open,item,Áo dài,Nón lá,
gemma4,E1_img_0056_mixed_N3_k3_P1,open,item,Áo dài,Nón lá,
gemma4,E1_img_0056_mixed_N4_k2_P1,open,item,Áo dài,Nón lá,
gemma4,E2_img_0056_mixed_N5_k1_P1,open,item,Áo dài,Nón lá,
gemma4,E2_img_0056_mixed_N5_k2_P1,open,item,Áo dài,Nón lá,
gemma4,E2_img_0056_mixed_N5_k3_P1,open,item,Áo dài,Nón lá,
gemma4,E2_img_0056_mixed_N5_k4_P1,open,item,Áo dài,Nón lá,
gemma4,E2_img_0056_mixed_N5_k5_P1,open,item,Áo dài,Nón lá,
gemma4,E3_img_0056_near_N2_k2_P1,open,item,Áo dài,Nón lá,
gemma4,E3_img_0056_near_N5_k5_P1,open,item,Áo dài,Nón lá,
gemma4,E3_img_0056_far_N2_k2_P1,open,item,Áo dài,Nón lá,
gemma4,E3_img_0056_far_N5_k5_P1,open,item,Áo dài,Nón lá,
gemma4,E1_img_0051_mixed_N1_k1_P1,open,item,"Chinese traditional shoe (often associated with the ""Long-toed shoe"" or ""Dragon shoe"")",Mexican pointy boot,
gemma4,E1_img_0051_mixed_N1_k1_P1,open,country,China,Mexico,
gemma4,E1_img_0051_mixed_N2_k1_P1,open,country,Iran,Mexico,
gemma4,E1_img_0051_mixed_N3_k1_P1,open,country,Iran,Mexico,
gemma4,E1_img_0051_mixed_N4_k3_P1,open,item,Jutti,Mexican pointy boot,
gemma4,E1_img_0051_mixed_N4_k3_P1,open,country,Pakistan,Mexico,
gemma4,E2_img_0051_mixed_N5_k1_P1,open,country,Iran,Mexico,
gemma4,E2_img_0051_mixed_N5_k2_P1,open,item,Jutti,Mexican pointy boot,
gemma4,E2_img_0051_mixed_N5_k2_P1,open,country,Pakistan,Mexico,
gemma4,E2_img_0051_mixed_N5_k3_P1,open,item,Mojari,Mexican pointy boot,
gemma4,E2_img_0051_mixed_N5_k3_P1,open,country,Iran,Mexico,
gemma4,E2_img_0051_mixed_N5_k4_P1,open,item,Mojari,Mexican pointy boot,
gemma4,E2_img_0051_mixed_N5_k4_P1,open,country,Pakistan,Mexico,
gemma4,E2_img_0051_mixed_N5_k5_P1,open,item,Mojari,Mexican pointy boot,
gemma4,E2_img_0051_mixed_N5_k5_P1,open,country,Pakistan,Mexico,
gemma4,E5_img_0051_mixed_N1_k1_P2,open,item,Jutti,Mexican pointy boot,
gemma4,E5_img_0051_mixed_N1_k1_P2,open,country,Pakistan,Mexico,
gemma4,E5_img_0051_mixed_N2_k1_P2,open,item,Azerbaijani carpet shoe (Çörəp),Mexican pointy boot,
gemma4,E5_img_0051_mixed_N2_k1_P2,open,country,Azerbaijan,Mexico,
gemma4,E5_img_0051_mixed_N3_k1_P2,open,country,Iran,Mexico,
gemma4,E5_img_0051_mixed_N4_k3_P2,open,item,Jutti,Mexican pointy boot,
gemma4,E5_img_0051_mixed_N4_k3_P2,open,country,Pakistan,Mexico,
gemma4,E5_img_0051_mixed_N5_k1_P2,open,country,Iran,Mexico,
gemma4,E5_img_0051_mixed_N1_k1_P3,open,item,Jutti,Mexican pointy boot,
gemma4,E5_img_0051_mixed_N2_k1_P3,open,item,Kurdish shoes (Pabush),Mexican pointy boot,
gemma4,E5_img_0051_mixed_N2_k1_P3,open,country,Kurdistan (Iraq/Iran/Turkey/Syria),Mexico,
gemma4,E5_img_0051_mixed_N3_k1_P3,open,country,Iran,Mexico,
gemma4,E5_img_0051_mixed_N4_k3_P3,open,item,Jutti,Mexican pointy boot,
gemma4,E5_img_0051_mixed_N4_k3_P3,open,country,Pakistan,Mexico,
gemma4,E5_img_0051_mixed_N5_k1_P3,open,country,Iran,Mexico,
gemma4,E6_img_0051_mixed_N1_k1_P4,open,country,China,Mexico,
gemma4,E6_img_0051_mixed_N2_k1_P4,open,country,Iran,Mexico,
gemma4,E6_img_0051_mixed_N4_k3_P4,open,item,Jutti,Mexican pointy boot,
gemma4,E6_img_0051_mixed_N4_k3_P4,open,country,Pakistan,Mexico,
gemma4,E1_img_0058_mixed_N2_k2_P1,open,item,Sari,Palestinian keffiyeh,
gemma4,E1_img_0058_mixed_N2_k2_P1,open,country,India,Palestine,
gemma4,E1_img_0058_mixed_N3_k2_P1,open,item,Kente cloth,Palestinian keffiyeh,
gemma4,E1_img_0058_mixed_N3_k2_P1,open,country,Ghana,Palestine,
gemma4,E1_img_0058_mixed_N4_k4_P1,open,item,Kente cloth,Palestinian keffiyeh,
gemma4,E1_img_0058_mixed_N4_k4_P1,open,country,Ghana,Palestine,
gemma4,E2_img_0058_mixed_N5_k1_P1,open,country,Jordan,Palestine,
gemma4,E2_img_0058_mixed_N5_k2_P1,open,item,Kente cloth,Palestinian keffiyeh,
gemma4,E2_img_0058_mixed_N5_k2_P1,open,country,Ghana,Palestine,
gemma4,E2_img_0058_mixed_N5_k3_P1,open,item,Kente cloth,Palestinian keffiyeh,
gemma4,E2_img_0058_mixed_N5_k3_P1,open,country,Ghana,Palestine,
gemma4,E2_img_0058_mixed_N5_k4_P1,open,item,Kente cloth,Palestinian keffiyeh,
gemma4,E2_img_0058_mixed_N5_k4_P1,open,country,Ghana,Palestine,
gemma4,E2_img_0058_mixed_N5_k5_P1,open,item,Kente cloth,Palestinian keffiyeh,
gemma4,E2_img_0058_mixed_N5_k5_P1,open,country,Ghana,Palestine,
gemma4,E3_img_0058_near_N5_k2_P1,open,country,Jordan,Palestine,
gemma4,E3_img_0058_far_N2_k2_P1,open,country,Jordan,Palestine,
gemma4,E3_img_0058_far_N5_k2_P1,open,country,Jordan,Palestine,
gemma4,E1_img_0054_mixed_N1_k1_P1,open,item,Kaftan,Moroccan kaftan,
gemma4,E1_img_0054_mixed_N1_k1_P1,open,country,Turkey,Morocco,
gemma4,E1_img_0054_mixed_N2_k1_P1,open,item,Kaftan,Moroccan kaftan,
gemma4,E1_img_0054_mixed_N3_k3_P1,open,item,Kaftan,Moroccan kaftan,
gemma4,E1_img_0054_mixed_N4_k1_P1,open,item,Kaftan,Moroccan kaftan,
gemma4,E2_img_0054_mixed_N5_k1_P1,open,item,Kaftan,Moroccan kaftan,
gemma4,E2_img_0054_mixed_N5_k2_P1,open,item,Kaftan,Moroccan kaftan,
gemma4,E2_img_0054_mixed_N5_k3_P1,open,item,Kaftan,Moroccan kaftan,
gemma4,E2_img_0054_mixed_N5_k3_P1,open,country,Turkey,Morocco,
gemma4,E2_img_0054_mixed_N5_k4_P1,open,item,Kaftan,Moroccan kaftan,
gemma4,E2_img_0054_mixed_N5_k5_P1,open,item,Kaftan,Moroccan kaftan,
gemma4,E3_img_0054_near_N2_k1_P1,open,item,Kaftan,Moroccan kaftan,
gemma4,E3_img_0054_near_N2_k1_P1,open,country,Turkey,Morocco,
gemma4,E3_img_0054_near_N5_k3_P1,open,item,Kaftan,Moroccan kaftan,
gemma4,E3_img_0054_far_N2_k1_P1,open,item,Kaftan,Moroccan kaftan,
gemma4,E3_img_0054_far_N5_k3_P1,open,item,Kaftan,Moroccan kaftan,
gemma4,E1_img_0036_mixed_N1_k1_P1,open,item,Dashiki,Isiagu attire,
gemma4,E1_img_0036_mixed_N2_k2_P1,open,item,Dashiki,Isiagu attire,
gemma4,E1_img_0036_mixed_N3_k1_P1,open,item,Dashiki,Isiagu attire,
gemma4,E1_img_0036_mixed_N4_k2_P1,open,item,Dashiki,Isiagu attire,
gemma4,E2_img_0036_mixed_N5_k1_P1,open,item,Dashiki,Isiagu attire,
gemma4,E2_img_0036_mixed_N5_k2_P1,open,item,Dashiki,Isiagu attire,
gemma4,E2_img_0036_mixed_N5_k3_P1,open,item,Dashiki,Isiagu attire,
gemma4,E2_img_0036_mixed_N5_k4_P1,open,item,Dashiki,Isiagu attire,
gemma4,E2_img_0036_mixed_N5_k5_P1,open,item,Dashiki,Isiagu attire,
gemma4,E3_img_0036_near_N2_k2_P1,open,item,Dashiki,Isiagu attire,
gemma4,E3_img_0036_near_N5_k4_P1,open,item,Dashiki,Isiagu attire,
gemma4,E3_img_0036_far_N2_k2_P1,open,item,Dashiki,Isiagu attire,
gemma4,E3_img_0036_far_N5_k4_P1,open,item,Dashiki,Isiagu attire,
gemma4,E5_img_0036_mixed_N1_k1_P2,open,item,Dashiki,Isiagu attire,
gemma4,E5_img_0036_mixed_N2_k2_P2,open,item,Dashiki,Isiagu attire,
gemma4,E5_img_0036_mixed_N3_k1_P2,open,item,Dashiki,Isiagu attire,
gemma4,E5_img_0036_mixed_N4_k2_P2,open,item,Dashiki,Isiagu attire,
gemma4,E5_img_0036_mixed_N5_k4_P2,open,item,Dashiki,Isiagu attire,
gemma4,E5_img_0036_mixed_N1_k1_P3,open,item,Dashiki,Isiagu attire,
gemma4,E5_img_0036_mixed_N1_k1_P3,open,country,West Africa,Nigeria,
gemma4,E5_img_0036_mixed_N2_k2_P3,open,item,Dashiki,Isiagu attire,
gemma4,E5_img_0036_mixed_N3_k1_P3,open,item,Dashiki,Isiagu attire,
gemma4,E5_img_0036_mixed_N4_k2_P3,open,item,Dashiki,Isiagu attire,
gemma4,E5_img_0036_mixed_N5_k4_P3,open,item,Dashiki,Isiagu attire,
gemma4,E5_img_0036_mixed_N5_k4_P3,open,country,West Africa,Nigeria,
gemma4,E6_img_0036_mixed_N1_k1_P4,open,item,Dashiki,Isiagu attire,
gemma4,E6_img_0036_mixed_N2_k2_P4,open,item,Dashiki,Isiagu attire,
gemma4,E6_img_0036_mixed_N3_k1_P4,open,item,Dashiki,Isiagu attire,
gemma4,E6_img_0036_mixed_N4_k2_P4,open,item,Dashiki,Isiagu attire,
gemma4,E6_img_0036_mixed_N5_k4_P4,open,item,Dashiki,Isiagu attire,
gemma4,E1_img_0083_mixed_N1_k1_P1,open,item,Vyshyvanka,Ukrainian wreath,
gemma4,E1_img_0083_mixed_N2_k1_P1,open,item,Vyshyvanka,Ukrainian wreath,
gemma4,E1_img_0083_mixed_N3_k2_P1,open,item,Vyshyvanka,Ukrainian wreath,
gemma4,E1_img_0083_mixed_N4_k3_P1,open,item,Vyshyvanka,Ukrainian wreath,
gemma4,E2_img_0083_mixed_N5_k1_P1,open,item,Vyshyvanka,Ukrainian wreath,
gemma4,E2_img_0083_mixed_N5_k2_P1,open,item,Vyshyvanka,Ukrainian wreath,
gemma4,E2_img_0083_mixed_N5_k3_P1,open,item,Vyshyvanka,Ukrainian wreath,
gemma4,E2_img_0083_mixed_N5_k4_P1,open,item,Vyshyvanka,Ukrainian wreath,
gemma4,E2_img_0083_mixed_N5_k5_P1,open,item,Vyshyvanka,Ukrainian wreath,
gemma4,E3_img_0083_near_N2_k1_P1,open,item,Vyshyvanka,Ukrainian wreath,
gemma4,E3_img_0083_near_N5_k5_P1,open,item,Vyshyvanka,Ukrainian wreath,
gemma4,E3_img_0083_far_N2_k1_P1,open,item,Vyshyvanka,Ukrainian wreath,
gemma4,E3_img_0083_far_N5_k5_P1,open,item,Vyshyvanka,Ukrainian wreath,
gemma4,E1_img_0067_mixed_N1_k1_P1,open,item,Taillée,Quechquemitl,
gemma4,E1_img_0067_mixed_N1_k1_P1,open,country,France,Mexico,
gemma4,E1_img_0067_mixed_N2_k2_P1,open,item,Tagelmust,Quechquemitl,
gemma4,E1_img_0067_mixed_N2_k2_P1,open,country,Niger,Mexico,
gemma4,E1_img_0067_mixed_N3_k3_P1,open,item,Taillée,Quechquemitl,
gemma4,E1_img_0067_mixed_N4_k4_P1,open,item,Tagelmust,Quechquemitl,
gemma4,E1_img_0067_mixed_N4_k4_P1,open,country,Algeria,Mexico,
gemma4,E2_img_0067_mixed_N5_k1_P1,open,item,Taillée,Quechquemitl,
gemma4,E2_img_0067_mixed_N5_k2_P1,open,item,Taillée,Quechquemitl,
gemma4,E2_img_0067_mixed_N5_k3_P1,open,item,Taillée,Quechquemitl,
gemma4,E2_img_0067_mixed_N5_k4_P1,open,item,Tagelmust,Quechquemitl,
gemma4,E2_img_0067_mixed_N5_k4_P1,open,country,Algeria,Mexico,
gemma4,E2_img_0067_mixed_N5_k5_P1,open,item,Tagelmo,Quechquemitl,
gemma4,E2_img_0070_mixed_N5_k3_P1,open,item,Sambalpur,Sambalpuri saree,
gemma4,E6_img_0070_mixed_N5_k2_P4,open,item,Saree,Sambalpuri saree,
gemma4,E1_img_0048_mixed_N1_k1_P1,open,item,Hanbok,Magoja,
gemma4,E1_img_0048_mixed_N2_k2_P1,open,item,Hanbok,Magoja,
gemma4,E1_img_0048_mixed_N3_k2_P1,open,item,Hanbok,Magoja,
gemma4,E1_img_0048_mixed_N4_k2_P1,open,item,Hanbok,Magoja,
gemma4,E2_img_0048_mixed_N5_k1_P1,open,item,Hanbok,Magoja,
gemma4,E2_img_0048_mixed_N5_k2_P1,open,item,Hanbok,Magoja,
gemma4,E2_img_0048_mixed_N5_k3_P1,open,item,Hanbok,Magoja,
gemma4,E2_img_0048_mixed_N5_k4_P1,open,item,Hanbok,Magoja,
gemma4,E2_img_0048_mixed_N5_k5_P1,open,item,Hanbok,Magoja,
gemma4,E3_img_0048_near_N2_k2_P1,open,item,Hanbok,Magoja,
gemma4,E3_img_0048_near_N5_k3_P1,open,item,Hanbok,Magoja,
gemma4,E3_img_0048_far_N2_k2_P1,open,item,Hanbok,Magoja,
gemma4,E3_img_0048_far_N5_k3_P1,open,item,Hanbok,Magoja,
gemma4,E1_img_0015_mixed_N3_k3_P1,open,item,Straw hat,Buntal hat,
gemma4,E1_img_0015_mixed_N4_k3_P1,open,item,Straw hat,Buntal hat,
gemma4,E2_img_0015_mixed_N5_k2_P1,open,item,Straw hat,Buntal hat,
gemma4,E2_img_0015_mixed_N5_k3_P1,open,item,Straw hat,Buntal hat,
gemma4,E2_img_0015_mixed_N5_k4_P1,open,item,Straw hat,Buntal hat,
gemma4,E2_img_0015_mixed_N5_k5_P1,open,item,Straw hat,Buntal hat,
gemma4,E3_img_0015_near_N5_k4_P1,open,item,Straw hat,Buntal hat,
gemma4,E3_img_0015_far_N2_k1_P1,open,item,Straw hat,Buntal hat,
gemma4,E3_img_0015_far_N5_k4_P1,open,item,Straw hat,Buntal hat,
gemma4,E1_img_0014_mixed_N2_k2_P1,open,item,Dirndl (with Trachten vest and blouse),Bunad,
gemma4,E1_img_0014_mixed_N2_k2_P1,open,country,Austria,Norway,
gemma4,E1_img_0014_mixed_N3_k1_P1,open,item,Dirndl (specifically a traditional Austrian/Bavarian folk costume),Bunad,
gemma4,E1_img_0014_mixed_N3_k1_P1,open,country,Austria,Norway,
gemma4,E1_img_0014_mixed_N4_k4_P1,open,item,Dirndl,Bunad,
gemma4,E1_img_0014_mixed_N4_k4_P1,open,country,Austria,Norway,
gemma4,E2_img_0014_mixed_N5_k1_P1,open,item,Dirndl,Bunad,
gemma4,E2_img_0014_mixed_N5_k1_P1,open,country,Austria,Norway,
gemma4,E2_img_0014_mixed_N5_k2_P1,open,item,Dirndl,Bunad,
gemma4,E2_img_0014_mixed_N5_k2_P1,open,country,Austria,Norway,
gemma4,E2_img_0014_mixed_N5_k3_P1,open,item,Vyshyvanka,Bunad,
gemma4,E2_img_0014_mixed_N5_k3_P1,open,country,Ukraine,Norway,
gemma4,E2_img_0014_mixed_N5_k4_P1,open,item,Dirndl,Bunad,
gemma4,E2_img_0014_mixed_N5_k4_P1,open,country,Austria,Norway,
gemma4,E3_img_0014_near_N2_k2_P1,open,item,Vyshyvanka,Bunad,
gemma4,E3_img_0014_near_N5_k5_P1,open,item,Kilt (specifically a Highland kilt or similar regional variation),Bunad,
gemma4,E3_img_0014_far_N2_k2_P1,open,item,Qandaq,Bunad,
gemma4,E3_img_0014_far_N2_k2_P1,open,country,Albania,Norway,
gemma4,E3_img_0014_far_N5_k5_P1,open,item,Hanbok,Bunad,
gemma4,E3_img_0014_far_N5_k5_P1,open,country,South Korea,Norway,
gemma4,E5_img_0014_mixed_N2_k2_P2,open,item,Dirndl (with Trachten elements),Bunad,
gemma4,E5_img_0014_mixed_N2_k2_P2,open,country,Austria,Norway,
gemma4,E5_img_0014_mixed_N3_k1_P2,open,item,Dirndl (specifically a traditional Austrian/Bavarian folk costume),Bunad,
gemma4,E5_img_0014_mixed_N3_k1_P2,open,country,Austria,Norway,
gemma4,E5_img_0014_mixed_N4_k4_P2,open,item,Dirndl,Bunad,
gemma4,E5_img_0014_mixed_N4_k4_P2,open,country,Austria,Norway,
gemma4,E5_img_0014_mixed_N2_k2_P3,open,item,Dirndl (with Trachten elements),Bunad,
gemma4,E5_img_0014_mixed_N2_k2_P3,open,country,Austria,Norway,
gemma4,E5_img_0014_mixed_N3_k1_P3,open,item,Dirndl (specifically a traditional Austrian/Bavarian folk costume),Bunad,
gemma4,E5_img_0014_mixed_N3_k1_P3,open,country,Austria,Norway,
gemma4,E5_img_0014_mixed_N4_k4_P3,open,item,Dirndl,Bunad,
gemma4,E5_img_0014_mixed_N4_k4_P3,open,country,Austria,Norway,
gemma4,E6_img_0014_mixed_N3_k1_P4,open,item,Dirndl (specifically a traditional Austrian/Bavarian folk costume),Bunad,
gemma4,E6_img_0014_mixed_N3_k1_P4,open,country,Austria,Norway,
