model,trial_id,mode,field,answer,gold,label
gemma3_4b,E1_img_0240_mixed_N1_k1_P1,open,item,Fruit Tart,Tarte Tatin,
gemma3_4b,E1_img_0240_mixed_N2_k1_P1,open,item,Baklava,Tarte Tatin,
gemma3_4b,E1_img_0240_mixed_N3_k1_P1,open,item,Baklava,Tarte Tatin,
gemma3_4b,E1_img_0240_mixed_N4_k1_P1,open,item,Baklava,Tarte Tatin,
gemma3_4b,E2_img_0240_mixed_N5_k1_P1,open,item,Baklava,Tarte Tatin,
gemma3_4b,E2_img_0240_mixed_N5_k2_P1,open,item,Baklava,Tarte Tatin,
gemma3_4b,E2_img_0240_mixed_N5_k3_P1,open,item,Baklava,Tarte Tatin,
gemma3_4b,E2_img_0240_mixed_N5_k4_P1,open,item,Baklava,Tarte Tatin,
gemma3_4b,E2_img_0240_mixed_N5_k5_P1,open,item,Baklava,Tarte Tatin,
gemma3_4b,LEAK_img_0240_mixed_leak,open,item,Pho,Tarte Tatin,
gemma3_4b,LEAK_img_0240_mixed_leak,open,country,Vietnam,France,
gemma3_4b,E3_img_0240_near_N2_k1_P1,open,item,Baklava,Tarte Tatin,
gemma3_4b,E3_img_0240_near_N2_k1_P1,open,country,Turkey,France,
gemma3_4b,E3_img_0240_near_N5_k1_P1,open,item,Baklava,Tarte Tatin,
gemma3_4b,E3_img_0240_near_N5_k1_P1,open,country,Turkey,France,
gemma3_4b,E3_img_0240_far_N2_k1_P1,open,item,Baklava,Tarte Tatin,
gemma3_4b,E3_img_0240_far_N2_k1_P1,open,country,Turkey,France,
gemma3_4b,E3_img_0240_far_N5_k1_P1,open,item,Baklava,Tarte Tatin,
gemma3_4b,E3_img_0240_far_N5_k1_P1,open,country,Turkey,France,
gemma3_4b,E5_img_0240_mixed_N1_k1_P2,open,item,Fruit Tart,Tarte Tatin,
gemma3_4b,E5_img_0240_mixed_N2_k1_P2,open,item,Baklava,Tarte Tatin,
gemma3_4b,E5_img_0240_mixed_N3_k1_P2,open,item,Baklava,Tarte Tatin,
gemma3_4b,E5_img_0240_mixed_N4_k1_P2,open,item,Baklava,Tarte Tatin,
gemma3_4b,E5_img_0240_mixed_N5_k1_P2,open,item,Baklava,Tarte Tatin,
gemma3_4b,E5_img_0240_mixed_N1_k1_P3,open,item,Bakewell Tart,Tarte Tatin,
gemma3_4b,E5_img_0240_mixed_N2_k1_P3,open,item,Bakewell Tart,Tarte Tatin,
gemma3_4b,E5_img_0240_mixed_N3_k1_P3,open,item,Baklava,Tarte Tatin,
gemma3_4b,E5_img_0240_mixed_N4_k1_P3,open,item,Baklava,Tarte Tatin,
gemma3_4b,E5_img_0240_mixed_N5_k1_P3,open,item,Baklava,Tarte Tatin,
gemma3_4b,E6_img_0240_mixed_N1_k1_P4,open,item,Fruit tart,Tarte Tatin,
gemma3_4b,E6_img_0240_mixed_N2_k1_P4,open,item,Black Forest Gateau,Tarte Tatin,
gemma3_4b,E6_img_0240_mixed_N2_k1_P4,open,country,Germany,France,
gemma3_4b,E6_img_0240_mixed_N3_k1_P4,open,item,Black Forest Gateau,Tarte Tatin,
gemma3_4b,E6_img_0240_mixed_N3_k1_P4,open,country,Germany,France,
gemma3_4b,E6_img_0240_mixed_N4_k1_P4,open,item,Fruit Pie,Tarte Tatin,
gemma3_4b,E6_img_0240_mixed_N5_k1_P4,open,item,Baklava,Tarte Tatin,
gemma3_4b,E1_img_0108_mixed_N1_k1_P1,open,item,Flan,Bika Ambon,
gemma3_4b,E1_img_0108_mixed_N1_k1_P1,open,country,Spain,Indonesia,
gemma3_4b,E1_img_0108_mixed_N2_k2_P1,open,item,Paella,Bika Ambon,
gemma3_4b,E1_img_0108_mixed_N2_k2_P1,open,country,Spain,Indonesia,
gemma3_4b,E1_img_0108_mixed_N3_k2_P1,open,item,Cocido Madrileño,Bika Ambon,
gemma3_4b,E1_img_0108_mixed_N3_k2_P1,open,country,Spain,Indonesia,
gemma3_4b,E1_img_0108_mixed_N4_k2_P1,open,item,Cocido Madrileño,Bika Ambon,
gemma3_4b,E1_img_0108_mixed_N4_k2_P1,open,country,Spain,Indonesia,
gemma3_4b,E2_img_0108_mixed_N5_k1_P1,open,item,Cocada,Bika Ambon,
gemma3_4b,E2_img_0108_mixed_N5_k1_P1,open,country,Brazil,Indonesia,
gemma3_4b,E2_img_0108_mixed_N5_k2_P1,open,item,Cocido Madrileño,Bika Ambon,
gemma3_4b,E2_img_0108_mixed_N5_k2_P1,open,country,Spain,Indonesia,
gemma3_4b,E2_img_0108_mixed_N5_k3_P1,open,item,Cocido Madrileño,Bika Ambon,
gemma3_4b,E2_img_0108_mixed_N5_k3_P1,open,country,Spain,Indonesia,
gemma3_4b,E2_img_0108_mixed_N5_k4_P1,open,item,Arroz Doce,Bika Ambon,
gemma3_4b,E2_img_0108_mixed_N5_k4_P1,open,country,Portugal,Indonesia,
gemma3_4b,E2_img_0108_mixed_N5_k5_P1,open,item,Arroz Doce,Bika Ambon,
gemma3_4b,E2_img_0108_mixed_N5_k5_P1,open,country,Portugal,Indonesia,
gemma3_4b,LEAK_img_0108_mixed_leak,open,item,Pho,Bika Ambon,
gemma3_4b,E3_img_0108_near_N2_k2_P1,open,item,Leche Valenciana,Bika Ambon,
gemma3_4b,E3_img_0108_near_N2_k2_P1,open,country,Spain,Indonesia,
gemma3_4b,E3_img_0108_near_N5_k2_P1,open,item,Leche Valenciana,Bika Ambon,
gemma3_4b,E3_img_0108_near_N5_k2_P1,open,country,Spain,Indonesia,
gemma3_4b,E3_img_0108_far_N2_k2_P1,open,item,Paella,Bika Ambon,
gemma3_4b,E3_img_0108_far_N2_k2_P1,open,country,Spain,Indonesia,
gemma3_4b,E1_img_0483_mixed_N1_k1_P1,open,item,Bandeja Paisa,Pabellón criollo,
gemma3_4b,E1_img_0483_mixed_N1_k1_P1,open,country,Colombia,Venezuela,
gemma3_4b,E1_img_0483_mixed_N2_k1_P1,open,item,Bandeja Paisa,Pabellón criollo,
gemma3_4b,E1_img_0483_mixed_N2_k1_P1,open,country,Colombia,Venezuela,
gemma3_4b,E1_img_0483_mixed_N3_k3_P1,open,item,Bandeja Paisa,Pabellón criollo,
gemma3_4b,E1_img_0483_mixed_N3_k3_P1,open,country,Colombia,Venezuela,
gemma3_4b,E1_img_0483_mixed_N4_k3_P1,open,item,Bandeja Paisa,Pabellón criollo,
gemma3_4b,E1_img_0483_mixed_N4_k3_P1,open,country,Colombia,Venezuela,
gemma3_4b,E2_img_0483_mixed_N5_k1_P1,open,item,Bandeja Paisa,Pabellón criollo,
gemma3_4b,E2_img_0483_mixed_N5_k1_P1,open,country,Colombia,Venezuela,
gemma3_4b,E2_img_0483_mixed_N5_k2_P1,open,item,Bandeja Paisa,Pabellón criollo,
gemma3_4b,E2_img_0483_mixed_N5_k2_P1,open,country,Colombia,Venezuela,
gemma3_4b,E2_img_0483_mixed_N5_k3_P1,open,item,Bandeja Paisa,Pabellón criollo,
gemma3_4b,E2_img_0483_mixed_N5_k3_P1,open,country,Colombia,Venezuela,
gemma3_4b,E2_img_0483_mixed_N5_k4_P1,open,item,Bandeja Paisa,Pabellón criollo,
gemma3_4b,E2_img_0483_mixed_N5_k4_P1,open,country,Colombia,Venezuela,
gemma3_4b,E2_img_0483_mixed_N5_k5_P1,open,item,Bandeja Paisa,Pabellón criollo,
gemma3_4b,E2_img_0483_mixed_N5_k5_P1,open,country,Colombia,Venezuela,
gemma3_4b,LEAK_img_0483_mixed_leak,open,item,Pho,Pabellón criollo,
gemma3_4b,LEAK_img_0483_mixed_leak,open,country,Vietnam,Venezuela,
gemma3_4b,E3_img_0483_near_N2_k1_P1,open,item,Bandeja Paisa,Pabellón criollo,
gemma3_4b,E3_img_0483_near_N2_k1_P1,open,country,Colombia,Venezuela,
gemma3_4b,E3_img_0483_near_N5_k3_P1,open,item,Bandeja Paisa,Pabellón criollo,
gemma3_4b,E3_img_0483_near_N5_k3_P1,open,country,Colombia,Venezuela,
gemma3_4b,E3_img_0483_far_N2_k1_P1,open,item,Bandeja Paisa,Pabellón criollo,
gemma3_4b,E3_img_0483_far_N2_k1_P1,open,country,Colombia,Venezuela,
gemma3_4b,E3_img_0483_far_N5_k3_P1,open,item,Bandeja Paisa,Pabellón criollo,
gemma3_4b,E3_img_0483_far_N5_k3_P1,open,country,Colombia,Venezuela,
gemma3_4b,E1_img_0164_mixed_N1_k1_P1,open,item,Sesame Balls,Jin deui,
gemma3_4b,E1_img_0164_mixed_N2_k2_P1,open,item,Sesame Balls,Jin deui,
gemma3_4b,E1_img_0164_mixed_N3_k1_P1,open,item,Sesame balls,Jin deui,
gemma3_4b,E1_img_0164_mixed_N4_k4_P1,open,item,Sesame Balls,Jin deui,
gemma3_4b,E2_img_0164_mixed_N5_k1_P1,open,item,Sesame Balls,Jin deui,
gemma3_4b,E2_img_0164_mixed_N5_k2_P1,open,item,Sesame Balls,Jin deui,
gemma3_4b,E2_img_0164_mixed_N5_k3_P1,open,item,Sesame Balls,Jin deui,
gemma3_4b,E2_img_0164_mixed_N5_k4_P1,open,item,Sesame Balls,Jin deui,
gemma3_4b,E2_img_0164_mixed_N5_k5_P1,open,item,Sesame Balls,Jin deui,
gemma3_4b,LEAK_img_0164_mixed_leak,open,item,Pho,Jin deui,
gemma3_4b,LEAK_img_0164_mixed_leak,open,country,Vietnam,Indonesia,
gemma3_4b,E3_img_0164_near_N2_k2_P1,open,item,Sesame Balls,Jin deui,
gemma3_4b,E3_img_0164_near_N5_k4_P1,open,item,Sesame Balls,Jin deui,
gemma3_4b,E3_img_0164_far_N2_k2_P1,open,item,Sesame Balls,Jin deui,
gemma3_4b,E3_img_0164_far_N2_k2_P1,open,country,China,Indonesia,
gemma3_4b,E3_img_0164_far_N5_k4_P1,open,item,Sesame Balls,Jin deui,
gemma3_4b,E3_img_0164_far_N5_k4_P1,open,country,China,Indonesia,
gemma3_4b,E5_img_0164_mixed_N1_k1_P2,open,item,Sesame Balls,Jin deui,
gemma3_4b,E5_img_0164_mixed_N2_k2_P2,open,item,Sesame Balls,Jin deui,
gemma3_4b,E5_img_0164_mixed_N3_k1_P2,open,item,Sesame Balls,Jin deui,
gemma3_4b,E5_img_0164_mixed_N4_k4_P2,open,item,Sesame Balls,Jin deui,
gemma3_4b,E5_img_0164_mixed_N5_k4_P2,open,item,Sesame Balls,Jin deui,
gemma3_4b,E5_img_0164_mixed_N1_k1_P3,open,item,Sesame Balls,Jin deui,
gemma3_4b,E5_img_0164_mixed_N2_k2_P3,open,item,Sesame Balls,Jin deui,
gemma3_4b,E5_img_0164_mixed_N3_k1_P3,open,item,Sesame Balls,Jin deui,
gemma3_4b,E5_img_0164_mixed_N4_k4_P3,open,item,Sesame Balls,Jin deui,
gemma3_4b,E5_img_0164_mixed_N5_k4_P3,open,item,Sesame Balls,Jin deui,
gemma3_4b,E6_img_0164_mixed_N1_k1_P4,open,item,Sesame balls,Jin deui,
gemma3_4b,E6_img_0164_mixed_N2_k2_P4,open,item,Sesame balls,Jin deui,
gemma3_4b,E6_img_0164_mixed_N3_k1_P4,open,item,Sesame balls,Jin deui,
gemma3_4b,E6_img_0164_mixed_N4_k4_P4,open,item,Sesame Balls,Jin deui,
gemma3_4b,E6_img_0164_mixed_N5_k4_P4,open,item,Sesame Balls,Jin deui,
gemma3_4b,E1_img_0297_mixed_N1_k1_P1,open,item,Chocolate milkshake,Egg cream,
gemma3_4b,E1_img_0297_mixed_N2_k1_P1,open,item,Chocolate milkshake,Egg cream,
gemma3_4b,E1_img_0297_mixed_N3_k2_P1,open,item,Café con leche,Egg cream,
gemma3_4b,E1_img_0297_mixed_N3_k2_P1,open,country,Cuba,United States,
gemma3_4b,E1_img_0297_mixed_N4_k1_P1,open,item,Chocolate milkshake,Egg cream,
gemma3_4b,E2_img_0297_mixed_N5_k1_P1,open,item,Chocolate milkshake,Egg cream,
gemma3_4b,E2_img_0297_mixed_N5_k2_P1,open,item,Café con leche,Egg cream,
gemma3_4b,E2_img_0297_mixed_N5_k2_P1,open,country,Cuba,United States,
gemma3_4b,E2_img_0297_mixed_N5_k3_P1,open,item,Chocolate milkshake,Egg cream,
gemma3_4b,E2_img_0297_mixed_N5_k4_P1,open,item,Horchata,Egg cream,
gemma3_4b,E2_img_0297_mixed_N5_k4_P1,open,country,Mexico,United States,
gemma3_4b,E2_img_0297_mixed_N5_k5_P1,open,item,Café con leche,Egg cream,
gemma3_4b,E2_img_0297_mixed_N5_k5_P1,open,country,Cuba,United States,
gemma3_4b,LEAK_img_0297_mixed_leak,open,item,Pho,Egg cream,
gemma3_4b,LEAK_img_0297_mixed_leak,open,country,Vietnam,United States,
gemma3_4b,E3_img_0297_near_N2_k1_P1,open,item,Chocolate milkshake,Egg cream,
gemma3_4b,E3_img_0297_near_N5_k5_P1,open,item,Chocolate Milkshake,Egg cream,
gemma3_4b,E3_img_0297_far_N2_k1_P1,open,item,Chocolate milkshake,Egg cream,
gemma3_4b,E3_img_0297_far_N5_k5_P1,open,item,Chocolate Milkshake,Egg cream,
gemma3_4b,E1_img_0408_mixed_N1_k1_P1,open,item,Pastel de Choclo,Changua,
gemma3_4b,E1_img_0408_mixed_N1_k1_P1,open,country,Chile,Colombia,
gemma3_4b,E1_img_0408_mixed_N2_k2_P1,open,item,Locro,Changua,
gemma3_4b,E1_img_0408_mixed_N3_k3_P1,open,item,Locro,Changua,
gemma3_4b,E1_img_0408_mixed_N4_k2_P1,open,item,Locro,Changua,
gemma3_4b,E2_img_0408_mixed_N5_k1_P1,open,item,Locro,Changua,
gemma3_4b,E2_img_0408_mixed_N5_k2_P1,open,item,Locro,Changua,
gemma3_4b,E2_img_0408_mixed_N5_k3_P1,open,item,Kakapuri,Changua,
gemma3_4b,E2_img_0408_mixed_N5_k3_P1,open,country,Chile,Colombia,
gemma3_4b,E2_img_0408_mixed_N5_k4_P1,open,item,Locro,Changua,
gemma3_4b,E2_img_0408_mixed_N5_k5_P1,open,item,Locro,Changua,
gemma3_4b,LEAK_img_0408_mixed_leak,open,item,Pho,Changua,
gemma3_4b,LEAK_img_0408_mixed_leak,open,country,Vietnam,Colombia,
gemma3_4b,E3_img_0408_near_N2_k2_P1,open,item,Locro,Changua,
gemma3_4b,E3_img_0408_near_N5_k1_P1,open,item,Locro,Changua,
gemma3_4b,E3_img_0408_far_N2_k2_P1,open,item,Locro,Changua,
gemma3_4b,E3_img_0408_far_N2_k2_P1,open,country,Argentina,Colombia,
gemma3_4b,E3_img_0408_far_N5_k1_P1,open,item,Locro,Changua,
gemma3_4b,E3_img_0408_far_N5_k1_P1,open,country,Argentina,Colombia,
gemma3_4b,E1_img_0254_mixed_N1_k1_P1,open,item,Kourabiedes,Vanillekipferl,
gemma3_4b,E1_img_0254_mixed_N1_k1_P1,open,country,Greece,Austria,
gemma3_4b,E1_img_0254_mixed_N2_k1_P1,open,item,Kourabiedes,Vanillekipferl,
gemma3_4b,E1_img_0254_mixed_N2_k1_P1,open,country,Greece,Austria,
gemma3_4b,E1_img_0254_mixed_N3_k1_P1,open,item,Kourabiedes,Vanillekipferl,
gemma3_4b,E1_img_0254_mixed_N3_k1_P1,open,country,Greece,Austria,
gemma3_4b,E1_img_0254_mixed_N4_k3_P1,open,item,Kourabiedes,Vanillekipferl,
gemma3_4b,E1_img_0254_mixed_N4_k3_P1,open,country,Greece,Austria,
gemma3_4b,E2_img_0254_mixed_N5_k1_P1,open,item,Kourabiedes,Vanillekipferl,
gemma3_4b,E2_img_0254_mixed_N5_k1_P1,open,country,Greece,Austria,
gemma3_4b,E2_img_0254_mixed_N5_k2_P1,open,item,Kourabiedes,Vanillekipferl,
gemma3_4b,E2_img_0254_mixed_N5_k2_P1,open,country,Greece,Austria,
gemma3_4b,E2_img_0254_mixed_N5_k3_P1,open,item,Kourabiedes,Vanillekipferl,
gemma3_4b,E2_img_0254_mixed_N5_k3_P1,open,country,Greece,Austria,
gemma3_4b,E2_img_0254_mixed_N5_k4_P1,open,item,Kourabiedes,Vanillekipferl,
gemma3_4b,E2_img_0254_mixed_N5_k4_P1,open,country,Greece,Austria,
gemma3_4b,E2_img_0254_mixed_N5_k5_P1,open,item,Kourabiedes,Vanillekipferl,
gemma3_4b,E2_img_0254_mixed_N5_k5_P1,open,country,Greece,Austria,
gemma3_4b,LEAK_img_0254_mixed_leak,open,item,Pho,Vanillekipferl,
gemma3_4b,LEAK_img_0254_mixed_leak,open,country,Vietnam,Austria,
gemma3_4b,E3_img_0254_near_N2_k1_P1,open,item,Kourabiedes,Vanillekipferl,
gemma3_4b,E3_img_0254_near_N5_k2_P1,open,item,Kourabiedes,Vanillekipferl,
gemma3_4b,E3_img_0254_far_N2_k1_P1,open,item,Kourabiedes,Vanillekipferl,
gemma3_4b,E3_img_0254_far_N2_k1_P1,open,country,Greece,Austria,
gemma3_4b,E3_img_0254_far_N5_k2_P1,open,item,Kourabiedes,Vanillekipferl,
gemma3_4b,E3_img_0254_far_N5_k2_P1,open,country,Greece,Austria,
gemma3_4b,E5_img_0254_mixed_N1_k1_P2,open,item,Kourabiedes,Vanillekipferl,
gemma3_4b,E5_img_0254_mixed_N1_k1_P2,open,country,Greece,Austria,
gemma3_4b,E5_img_0254_mixed_N2_k1_P2,open,item,Kourabiedes,Vanillekipferl,
gemma3_4b,E5_img_0254_mixed_N2_k1_P2,open,country,Greece,Austria,
gemma3_4b,E5_img_0254_mixed_N3_k1_P2,open,item,Kourabiedes,Vanillekipferl,
gemma3_4b,E5_img_0254_mixed_N3_k1_P2,open,country,Greece,Austria,
gemma3_4b,E5_img_0254_mixed_N4_k3_P2,open,item,Kourabiedes,Vanillekipferl,
gemma3_4b,E5_img_0254_mixed_N4_k3_P2,open,country,Greece,Austria,
gemma3_4b,E5_img_0254_mixed_N5_k2_P2,open,item,Kourabiedes,Vanillekipferl,
gemma3_4b,E5_img_0254_mixed_N5_k2_P2,open,country,Greece,Austria,
gemma3_4b,E5_img_0254_mixed_N1_k1_P3,open,item,Kourabiedes,Vanillekipferl,
gemma3_4b,E5_img_0254_mixed_N1_k1_P3,open,country,Greece,Austria,
gemma3_4b,E5_img_0254_mixed_N2_k1_P3,open,item,Kourabiedes,Vanillekipferl,
gemma3_4b,E5_img_0254_mixed_N2_k1_P3,open,country,Greece,Austria,
gemma3_4b,E5_img_0254_mixed_N3_k1_P3,open,item,Kourabiedes,Vanillekipferl,
gemma3_4b,E5_img_0254_mixed_N3_k1_P3,open,country,Greece,Austria,
gemma3_4b,E5_img_0254_mixed_N4_k3_P3,open,item,Kourabiedes,Vanillekipferl,
gemma3_4b,E5_img_0254_mixed_N4_k3_P3,open,country,Greece,Austria,
gemma3_4b,E5_img_0254_mixed_N5_k2_P3,open,item,Kourabiedes,Vanillekipferl,
gemma3_4b,E5_img_0254_mixed_N5_k2_P3,open,country,Greece,Austria,
gemma3_4b,E6_img_0254_mixed_N1_k1_P4,open,item,Kourabiedes,Vanillekipferl,
gemma3_4b,E6_img_0254_mixed_N1_k1_P4,open,country,Greece,Austria,
gemma3_4b,E6_img_0254_mixed_N2_k1_P4,open,item,Kourabiedes,Vanillekipferl,
gemma3_4b,E6_img_0254_mixed_N2_k1_P4,open,country,Greece,Austria,
gemma3_4b,E6_img_0254_mixed_N3_k1_P4,open,item,Kourabiedes,Vanillekipferl,
gemma3_4b,E6_img_0254_mixed_N3_k1_P4,open,country,Greece,Austria,
gemma3_4b,E6_img_0254_mixed_N4_k3_P4,open,item,Kourabiedes,Vanillekipferl,
gemma3_4b,E6_img_0254_mixed_N4_k3_P4,open,country,Greece,Austria,
gemma3_4b,E2_img_0359_mixed_N5_k2_P1,open,item,Milo,Teh Tarik,
gemma3_4b,LEAK_img_0359_mixed_leak,open,item,Pho,Teh Tarik,
gemma3_4b,LEAK_img_0359_mixed_leak,open,country,Vietnam,Malaysia,
gemma3_4b,E3_img_0359_near_N2_k2_P1,open,item,Mawa,Teh Tarik,
gemma3_4b,E3_img_0359_far_N2_k2_P1,open,item,Masha,Teh Tarik,
gemma3_4b,E3_img_0359_far_N5_k3_P1,open,item,Masala Chai,Teh Tarik,
gemma3_4b,E3_img_0359_far_N5_k3_P1,open,country,India,Malaysia,
gemma3_4b,E1_img_0530_mixed_N1_k1_P1,open,country,Nigeria,Paraguay,
gemma3_4b,E1_img_0530_mixed_N2_k1_P1,open,item,Assah,Vori vori,
gemma3_4b,E1_img_0530_mixed_N2_k1_P1,open,country,Nigeria,Paraguay,
gemma3_4b,E1_img_0530_mixed_N3_k3_P1,open,item,Ayam Buatan (Chicken in Coconut Curry),Vori vori,
gemma3_4b,E1_img_0530_mixed_N3_k3_P1,open,country,Indonesia,Paraguay,
gemma3_4b,E1_img_0530_mixed_N4_k1_P1,open,country,Nigeria,Paraguay,
gemma3_4b,E2_img_0530_mixed_N5_k1_P1,open,item,Ofio,Vori vori,
gemma3_4b,E2_img_0530_mixed_N5_k1_P1,open,country,Nigeria,Paraguay,
gemma3_4b,E2_img_0530_mixed_N5_k2_P1,open,item,Ayam Betutu,Vori vori,
gemma3_4b,E2_img_0530_mixed_N5_k2_P1,open,country,Indonesia,Paraguay,
gemma3_4b,E2_img_0530_mixed_N5_k3_P1,open,item,Chicken in curry,Vori vori,
gemma3_4b,E2_img_0530_mixed_N5_k3_P1,open,country,Thailand,Paraguay,
gemma3_4b,E2_img_0530_mixed_N5_k4_P1,open,country,Thailand,Paraguay,
gemma3_4b,E2_img_0530_mixed_N5_k5_P1,open,item,Ayam Ponggal,Vori vori,
gemma3_4b,E2_img_0530_mixed_N5_k5_P1,open,country,Indonesia,Paraguay,
gemma3_4b,LEAK_img_0530_mixed_leak,open,item,Pho,Vori vori,
gemma3_4b,LEAK_img_0530_mixed_leak,open,country,Vietnam,Paraguay,
gemma3_4b,E3_img_0530_near_N2_k1_P1,open,country,Nigeria,Paraguay,
gemma3_4b,E3_img_0530_near_N5_k4_P1,open,item,Caldo de Gallina,Vori vori,
gemma3_4b,E3_img_0530_near_N5_k4_P1,open,country,Colombia,Paraguay,
gemma3_4b,E3_img_0530_far_N2_k1_P1,open,country,Nigeria,Paraguay,
gemma3_4b,E3_img_0530_far_N5_k4_P1,open,country,Nigeria,Paraguay,
gemma3_4b,E1_img_0515_mixed_N1_k1_P1,open,item,Pasta,Spaghetti,
gemma3_4b,E1_img_0515_mixed_N3_k1_P1,open,item,Pasta,Spaghetti,
gemma3_4b,E2_img_0515_mixed_N5_k1_P1,open,item,Pasta,Spaghetti,
gemma3_4b,E2_img_0515_mixed_N5_k3_P1,open,item,Pasta,Spaghetti,
gemma3_4b,LEAK_img_0515_mixed_leak,open,item,Pho,Spaghetti,
gemma3_4b,LEAK_img_0515_mixed_leak,open,country,Vietnam,Italy,
gemma3_4b,E5_img_0515_mixed_N1_k1_P2,open,item,Pasta,Spaghetti,
gemma3_4b,E1_img_0260_mixed_N1_k1_P1,open,item,Halo-halo,Zerde,
gemma3_4b,E1_img_0260_mixed_N1_k1_P1,open,country,Philippines,Turkey,
gemma3_4b,E1_img_0260_mixed_N2_k1_P1,open,item,Rabia,Zerde,
gemma3_4b,E1_img_0260_mixed_N2_k1_P1,open,country,Iran,Turkey,
gemma3_4b,E1_img_0260_mixed_N3_k2_P1,open,item,Rabada,Zerde,
gemma3_4b,E1_img_0260_mixed_N3_k2_P1,open,country,Iran,Turkey,
gemma3_4b,E1_img_0260_mixed_N4_k3_P1,open,item,Mahalabe,Zerde,
gemma3_4b,E1_img_0260_mixed_N4_k3_P1,open,country,Iran,Turkey,
gemma3_4b,E2_img_0260_mixed_N5_k1_P1,open,item,Chutney,Zerde,
gemma3_4b,E2_img_0260_mixed_N5_k2_P1,open,item,Rasgulla,Zerde,
gemma3_4b,E2_img_0260_mixed_N5_k3_P1,open,item,Rabri,Zerde,
gemma3_4b,E2_img_0260_mixed_N5_k4_P1,open,item,Zereshk Polo,Zerde,
gemma3_4b,E2_img_0260_mixed_N5_k4_P1,open,country,Iran,Turkey,
gemma3_4b,E2_img_0260_mixed_N5_k5_P1,open,item,Zereshk Polo,Zerde,
gemma3_4b,E2_img_0260_mixed_N5_k5_P1,open,country,Iran,Turkey,
gemma3_4b,LEAK_img_0260_mixed_leak,open,item,Pho,Zerde,
gemma3_4b,E3_img_0260_near_N2_k1_P1,open,item,Rabadi Palam,Zerde,
gemma3_4b,E3_img_0260_near_N5_k1_P1,open,item,Payasam,Zerde,
gemma3_4b,E3_img_0260_far_N2_k1_P1,open,item,Rabada,Zerde,
gemma3_4b,E3_img_0260_far_N2_k1_P1,open,country,Venezuela,Turkey,
gemma3_4b,E3_img_0260_far_N5_k1_P1,open,item,Rosca de Reyes,Zerde,
gemma3_4b,E3_img_0260_far_N5_k1_P1,open,country,Mexico,Turkey,
gemma3_4b,E1_img_0173_mixed_N1_k1_P1,open,item,Chendol,Khanom chan,
gemma3_4b,E1_img_0173_mixed_N1_k1_P1,open,country,Malaysia,Thailand,
gemma3_4b,E1_img_0173_mixed_N2_k2_P1,open,item,Chendol,Khanom chan,
gemma3_4b,E1_img_0173_mixed_N2_k2_P1,open,country,Malaysia,Thailand,
gemma3_4b,E1_img_0173_mixed_N3_k3_P1,open,item,Chendol,Khanom chan,
gemma3_4b,E1_img_0173_mixed_N3_k3_P1,open,country,Malaysia,Thailand,
gemma3_4b,E1_img_0173_mixed_N4_k4_P1,open,item,Chendol,Khanom chan,
gemma3_4b,E1_img_0173_mixed_N4_k4_P1,open,country,Malaysia,Thailand,
gemma3_4b,E2_img_0173_mixed_N5_k1_P1,open,item,Chendol,Khanom chan,
gemma3_4b,E2_img_0173_mixed_N5_k1_P1,open,country,Malaysia,Thailand,
gemma3_4b,E2_img_0173_mixed_N5_k2_P1,open,country,Malaysia,Thailand,
gemma3_4b,E2_img_0173_mixed_N5_k3_P1,open,item,Chendol,Khanom chan,
gemma3_4b,E2_img_0173_mixed_N5_k3_P1,open,country,Malaysia,Thailand,
gemma3_4b,E2_img_0173_mixed_N5_k4_P1,open,item,Chendol,Khanom chan,
gemma3_4b,E2_img_0173_mixed_N5_k4_P1,open,country,Malaysia,Thailand,
gemma3_4b,E2_img_0173_mixed_N5_k5_P1,open,item,Chendol,Khanom chan,
gemma3_4b,E2_img_0173_mixed_N5_k5_P1,open,country,Malaysia,Thailand,
gemma3_4b,LEAK_img_0173_mixed_leak,open,item,Pho,Khanom chan,
gemma3_4b,LEAK_img_0173_mixed_leak,open,country,Vietnam,Thailand,
gemma3_4b,E3_img_0173_near_N2_k2_P1,open,item,Chendol,Khanom chan,
gemma3_4b,E3_img_0173_near_N2_k2_P1,open,country,Malaysia,Thailand,
gemma3_4b,E3_img_0173_near_N5_k2_P1,open,country,Malaysia,Thailand,
gemma3_4b,E3_img_0173_far_N2_k2_P1,open,item,Chendol,Khanom chan,
gemma3_4b,E3_img_0173_far_N2_k2_P1,open,country,Malaysia,Thailand,
gemma3_4b,E3_img_0173_far_N5_k2_P1,open,item,Chendol,Khanom chan,
gemma3_4b,E3_img_0173_far_N5_k2_P1,open,country,Malaysia,Thailand,
gemma3_4b,E1_img_0131_mixed_N1_k1_P1,open,item,Muhallebi,Crema catalana,
gemma3_4b,E1_img_0131_mixed_N1_k1_P1,open,country,Turkey,Spain,
gemma3_4b,E1_img_0131_mixed_N2_k1_P1,open,item,Muhallebi,Crema catalana,
gemma3_4b,E1_img_0131_mixed_N2_k1_P1,open,country,Turkey,Spain,
gemma3_4b,E1_img_0131_mixed_N3_k1_P1,open,item,Muhallebi,Crema catalana,
gemma3_4b,E1_img_0131_mixed_N3_k1_P1,open,country,Turkey,Spain,
gemma3_4b,E1_img_0131_mixed_N4_k1_P1,open,item,Revani,Crema catalana,
gemma3_4b,E2_img_0131_mixed_N5_k1_P1,open,item,Revani,Crema catalana,
gemma3_4b,E2_img_0131_mixed_N5_k2_P1,open,item,Revani,Crema catalana,
gemma3_4b,E2_img_0131_mixed_N5_k3_P1,open,item,Revani,Crema catalana,
gemma3_4b,E2_img_0131_mixed_N5_k4_P1,open,item,Revani,Crema catalana,
gemma3_4b,E2_img_0131_mixed_N5_k5_P1,open,item,Revani,Crema catalana,
gemma3_4b,LEAK_img_0131_mixed_leak,open,item,Pho,Crema catalana,
gemma3_4b,LEAK_img_0131_mixed_leak,open,country,Vietnam,Spain,
gemma3_4b,E3_img_0131_near_N2_k1_P1,open,item,Revani,Crema catalana,
gemma3_4b,E3_img_0131_near_N5_k3_P1,open,item,Revani,Crema catalana,
gemma3_4b,E3_img_0131_far_N2_k1_P1,open,item,Revani,Crema catalana,
gemma3_4b,E3_img_0131_far_N2_k1_P1,open,country,Greece,Spain,
gemma3_4b,E3_img_0131_far_N5_k3_P1,open,item,Muhallebi,Crema catalana,
gemma3_4b,E5_img_0131_mixed_N1_k1_P2,open,item,Muhallebi,Crema catalana,
gemma3_4b,E5_img_0131_mixed_N1_k1_P2,open,country,Turkey,Spain,
gemma3_4b,E5_img_0131_mixed_N2_k1_P2,open,item,Muhallebi,Crema catalana,
gemma3_4b,E5_img_0131_mixed_N2_k1_P2,open,country,Turkey,Spain,
gemma3_4b,E5_img_0131_mixed_N3_k1_P2,open,item,Muhallebi,Crema catalana,
gemma3_4b,E5_img_0131_mixed_N3_k1_P2,open,country,Turkey,Spain,
gemma3_4b,E5_img_0131_mixed_N4_k1_P2,open,item,Muhallebi,Crema catalana,
gemma3_4b,E5_img_0131_mixed_N4_k1_P2,open,country,Turkey,Spain,
gemma3_4b,E5_img_0131_mixed_N5_k3_P2,open,item,Revani,Crema catalana,
gemma3_4b,E5_img_0131_mixed_N1_k1_P3,open,item,Revani,Crema catalana,
gemma3_4b,E5_img_0131_mixed_N2_k1_P3,open,item,Muhallebi,Crema catalana,
gemma3_4b,E5_img_0131_mixed_N2_k1_P3,open,country,Turkey,Spain,
gemma3_4b,E5_img_0131_mixed_N3_k1_P3,open,item,Muhallebi,Crema catalana,
gemma3_4b,E5_img_0131_mixed_N3_k1_P3,open,country,Turkey,Spain,
gemma3_4b,E5_img_0131_mixed_N4_k1_P3,open,item,Galaktoboureko,Crema catalana,
gemma3_4b,E5_img_0131_mixed_N5_k3_P3,open,item,Revani,Crema catalana,
gemma3_4b,E6_img_0131_mixed_N1_k1_P4,open,item,Muhallebi,Crema catalana,
gemma3_4b,E6_img_0131_mixed_N1_k1_P4,open,country,Turkey,Spain,
gemma3_4b,E6_img_0131_mixed_N2_k1_P4,open,item,Muhallebi,Crema catalana,
gemma3_4b,E6_img_0131_mixed_N2_k1_P4,open,country,Turkey,Spain,
gemma3_4b,E6_img_0131_mixed_N3_k1_P4,open,item,Ktsipiti,Crema catalana,
gemma3_4b,E6_img_0131_mixed_N4_k1_P4,open,item,Revani,Crema catalana,
gemma3_4b,E1_img_0139_mixed_N1_k1_P1,open,item,Matcha Pudding,Douhua,
gemma3_4b,E1_img_0139_mixed_N1_k1_P1,open,country,Japan,China,
gemma3_4b,E1_img_0139_mixed_N2_k2_P1,open,item,Matcha Pudding,Douhua,
gemma3_4b,E1_img_0139_mixed_N2_k2_P1,open,country,Japan,China,
gemma3_4b,E1_img_0139_mixed_N3_k2_P1,open,item,Matcha Pudding,Douhua,
gemma3_4b,E1_img_0139_mixed_N3_k2_P1,open,country,Japan,China,
gemma3_4b,E1_img_0139_mixed_N4_k2_P1,open,item,Matcha Pudding,Douhua,
gemma3_4b,E1_img_0139_mixed_N4_k2_P1,open,country,Japan,China,
gemma3_4b,E2_img_0139_mixed_N5_k1_P1,open,item,Chawanmushi,Douhua,
gemma3_4b,E2_img_0139_mixed_N5_k1_P1,open,country,Japan,China,
gemma3_4b,E2_img_0139_mixed_N5_k2_P1,open,item,Matcha Pudding,Douhua,
gemma3_4b,E2_img_0139_mixed_N5_k2_P1,open,country,Japan,China,
gemma3_4b,E2_img_0139_mixed_N5_k3_P1,open,item,Matcha Pudding,Douhua,
gemma3_4b,E2_img_0139_mixed_N5_k3_P1,open,country,Japan,China,
gemma3_4b,E2_img_0139_mixed_N5_k4_P1,open,item,Sweet Red Bean Soup,Douhua,
gemma3_4b,E2_img_0139_mixed_N5_k5_P1,open,item,Matcha Pudding,Douhua,
gemma3_4b,E2_img_0139_mixed_N5_k5_P1,open,country,Japan,China,
gemma3_4b,LEAK_img_0139_mixed_leak,open,item,Pho,Douhua,
gemma3_4b,LEAK_img_0139_mixed_leak,open,country,Vietnam,China,
gemma3_4b,E3_img_0139_near_N2_k2_P1,open,item,Matcha Pudding,Douhua,
gemma3_4b,E3_img_0139_near_N2_k2_P1,open,country,Japan,China,
gemma3_4b,E3_img_0139_near_N5_k4_P1,open,item,Sweet Red Bean Soup,Douhua,
gemma3_4b,E3_img_0139_near_N5_k4_P1,open,country,Korea,China,
gemma3_4b,E3_img_0139_far_N2_k2_P1,open,item,Matcha Pudding,Douhua,
gemma3_4b,E3_img_0139_far_N2_k2_P1,open,country,Japan,China,
gemma3_4b,E3_img_0139_far_N5_k4_P1,open,item,Matcha Pudding,Douhua,
gemma3_4b,E3_img_0139_far_N5_k4_P1,open,country,Japan,China,
gemma3_4b,E1_img_0193_mixed_N1_k1_P1,open,item,Cake,Merveilleux,
gemma3_4b,E1_img_0193_mixed_N2_k1_P1,open,item,Cake,Merveilleux,
gemma3_4b,E1_img_0193_mixed_N3_k3_P1,open,item,Cake,Merveilleux,
gemma3_4b,E1_img_0193_mixed_N3_k3_P1,open,country,Germany,Belgium,
gemma3_4b,E1_img_0193_mixed_N4_k3_P1,open,item,Cake,Merveilleux,
gemma3_4b,E1_img_0193_mixed_N4_k3_P1,open,country,Germany,Belgium,
gemma3_4b,E2_img_0193_mixed_N5_k1_P1,open,item,Chocolate cake,Merveilleux,
gemma3_4b,E2_img_0193_mixed_N5_k1_P1,open,country,Germany,Belgium,
gemma3_4b,E2_img_0193_mixed_N5_k2_P1,open,item,Cake,Merveilleux,
gemma3_4b,E2_img_0193_mixed_N5_k3_P1,open,item,Cake,Merveilleux,
gemma3_4b,E2_img_0193_mixed_N5_k4_P1,open,item,Cake,Merveilleux,
gemma3_4b,E2_img_0193_mixed_N5_k5_P1,open,item,Chocolate cake,Merveilleux,
gemma3_4b,LEAK_img_0193_mixed_leak,open,item,Pho,Merveilleux,
gemma3_4b,LEAK_img_0193_mixed_leak,open,country,Vietnam,Belgium,
gemma3_4b,E3_img_0193_near_N2_k1_P1,open,item,Black Forest Cake,Merveilleux,
gemma3_4b,E3_img_0193_near_N5_k5_P1,open,item,Chocolate Mousse,Merveilleux,
gemma3_4b,E3_img_0193_far_N2_k1_P1,open,item,Chocolate cake,Merveilleux,
gemma3_4b,E3_img_0193_far_N5_k5_P1,open,item,Sachertorte,Merveilleux,
gemma3_4b,E3_img_0193_far_N5_k5_P1,open,country,Austria,Belgium,
gemma3_4b,LEAK_img_0430_mixed_leak,open,item,Pho,Éclair,
gemma3_4b,LEAK_img_0430_mixed_leak,open,country,Vietnam,France,
gemma3_4b,E1_img_0404_mixed_N1_k1_P1,open,item,Geledek,Century egg,
gemma3_4b,E1_img_0404_mixed_N1_k1_P1,open,country,Indonesia,China,
gemma3_4b,E1_img_0404_mixed_N2_k1_P1,open,item,Geledek,Century egg,
gemma3_4b,E1_img_0404_mixed_N2_k1_P1,open,country,Malaysia,China,
gemma3_4b,E1_img_0404_mixed_N3_k2_P1,open,item,Mussels,Century egg,
gemma3_4b,E1_img_0404_mixed_N4_k1_P1,open,item,Geledek,Century egg,
gemma3_4b,E1_img_0404_mixed_N4_k1_P1,open,country,Malaysia,China,
gemma3_4b,E2_img_0404_mixed_N5_k1_P1,open,item,Bird's Eggs,Century egg,
gemma3_4b,E2_img_0404_mixed_N5_k2_P1,open,item,Mussels,Century egg,
gemma3_4b,E2_img_0404_mixed_N5_k3_P1,open,item,Mussels,Century egg,
gemma3_4b,E2_img_0404_mixed_N5_k3_P1,open,country,Vietnam,China,
gemma3_4b,E2_img_0404_mixed_N5_k4_P1,open,item,Mussels,Century egg,
gemma3_4b,E2_img_0404_mixed_N5_k4_P1,open,country,Vietnam,China,
gemma3_4b,E2_img_0404_mixed_N5_k5_P1,open,item,Mussels,Century egg,
gemma3_4b,E2_img_0404_mixed_N5_k5_P1,open,country,Vietnam,China,
gemma3_4b,LEAK_img_0404_mixed_leak,open,item,Pho,Century egg,
gemma3_4b,LEAK_img_0404_mixed_leak,open,country,Vietnam,China,
gemma3_4b,E3_img_0404_near_N2_k1_P1,open,item,Geledek,Century egg,
gemma3_4b,E3_img_0404_near_N2_k1_P1,open,country,Indonesia,China,
gemma3_4b,E3_img_0404_near_N5_k2_P1,open,item,Bird's Eggs,Century egg,
gemma3_4b,E3_img_0404_near_N5_k2_P1,open,country,Vietnam,China,
gemma3_4b,E3_img_0404_far_N2_k1_P1,open,item,Geledek,Century egg,
gemma3_4b,E3_img_0404_far_N2_k1_P1,open,country,Malaysia,China,
gemma3_4b,E3_img_0404_far_N5_k2_P1,open,item,Mussels,Century egg,
gemma3_4b,E1_img_0119_mixed_N1_k1_P1,open,item,Gulab Jamun,Chandrakala,
gemma3_4b,E1_img_0119_mixed_N2_k2_P1,open,item,Gulab Jamun,Chandrakala,
gemma3_4b,E1_img_0119_mixed_N3_k3_P1,open,item,Malpua,Chandrakala,
gemma3_4b,E1_img_0119_mixed_N4_k2_P1,open,item,Gulab Jamun,Chandrakala,
gemma3_4b,E2_img_0119_mixed_N5_k1_P1,open,item,Gulab Jamun,Chandrakala,
gemma3_4b,E2_img_0119_mixed_N5_k2_P1,open,item,Gulab Jamun,Chandrakala,
gemma3_4b,E2_img_0119_mixed_N5_k3_P1,open,item,Gulab Jamun,Chandrakala,
gemma3_4b,E2_img_0119_mixed_N5_k4_P1,open,item,Gulab Jamun,Chandrakala,
gemma3_4b,E2_img_0119_mixed_N5_k5_P1,open,item,Gulab Jamun,Chandrakala,
gemma3_4b,LEAK_img_0119_mixed_leak,open,item,Pho,Chandrakala,
gemma3_4b,E3_img_0119_near_N2_k2_P1,open,item,Gulab Jamun,Chandrakala,
gemma3_4b,E3_img_0119_near_N5_k3_P1,open,item,Gulab Jamun,Chandrakala,
gemma3_4b,E3_img_0119_far_N2_k2_P1,open,item,Gulab Jamun,Chandrakala,
gemma3_4b,E3_img_0119_far_N5_k3_P1,open,item,Gulab Jamun,Chandrakala,
gemma3_4b,E1_img_0409_mixed_N1_k1_P1,open,item,Aloo Mattar,Chapati,
gemma3_4b,E1_img_0409_mixed_N2_k1_P1,open,item,Aloo Matar,Chapati,
gemma3_4b,E1_img_0409_mixed_N3_k1_P1,open,item,Aloo ki Chole,Chapati,
gemma3_4b,E2_img_0409_mixed_N5_k1_P1,open,item,Dhal and roti,Chapati,
gemma3_4b,E2_img_0409_mixed_N5_k5_P1,open,item,Dhal,Chapati,
gemma3_4b,LEAK_img_0409_mixed_leak,open,item,Pho,Chapati,
gemma3_4b,LEAK_img_0409_mixed_leak,open,country,Vietnam,India,
gemma3_4b,E3_img_0409_near_N2_k1_P1,open,item,Aloo Matar,Chapati,
gemma3_4b,E3_img_0409_far_N2_k1_P1,open,item,Aloo Matar,Chapati,
gemma3_4b,E3_img_0409_far_N5_k4_P1,open,item,Aloo gobi,Chapati,
gemma3_4b,E5_img_0409_mixed_N1_k1_P2,open,item,Aloo Mattar,Chapati,
gemma3_4b,E5_img_0409_mixed_N2_k1_P2,open,item,Aloo Matar,Chapati,
gemma3_4b,E5_img_0409_mixed_N3_k1_P2,open,item,Aloo ki Chole,Chapati,
gemma3_4b,E5_img_0409_mixed_N1_k1_P3,open,item,Aloo Mattar,Chapati,
gemma3_4b,E5_img_0409_mixed_N2_k1_P3,open,item,Aloo Matar,Chapati,
gemma3_4b,E5_img_0409_mixed_N3_k1_P3,open,item,Aloo Matar,Chapati,
gemma3_4b,E5_img_0409_mixed_N4_k3_P3,open,item,Dhokla,Chapati,
gemma3_4b,E6_img_0409_mixed_N1_k1_P4,open,item,Aloo Matar,Chapati,
gemma3_4b,E6_img_0409_mixed_N2_k1_P4,open,item,Dal,Chapati,
gemma3_4b,E6_img_0409_mixed_N3_k1_P4,open,item,Dal chawal,Chapati,
gemma3_4b,E6_img_0409_mixed_N5_k4_P4,open,item,Roti and Dal,Chapati,
gemma3_4b,E1_img_0238_mixed_N1_k1_P1,open,item,Ricotta cheese,Syllabub,
gemma3_4b,E1_img_0238_mixed_N2_k2_P1,open,item,Tskoundiou,Syllabub,
gemma3_4b,E1_img_0238_mixed_N2_k2_P1,open,country,Senegal,United Kingdom,
gemma3_4b,E1_img_0238_mixed_N3_k2_P1,open,item,Ricotta,Syllabub,
gemma3_4b,E1_img_0238_mixed_N4_k4_P1,open,item,Ricotta,Syllabub,
gemma3_4b,E2_img_0238_mixed_N5_k1_P1,open,item,Ricotta,Syllabub,
gemma3_4b,E2_img_0238_mixed_N5_k2_P1,open,item,Ricotta,Syllabub,
gemma3_4b,E2_img_0238_mixed_N5_k3_P1,open,item,Ricotta,Syllabub,
gemma3_4b,E2_img_0238_mixed_N5_k4_P1,open,item,Ricotta,Syllabub,
gemma3_4b,E2_img_0238_mixed_N5_k5_P1,open,item,Cheese spread,Syllabub,
gemma3_4b,LEAK_img_0238_mixed_leak,open,item,Pho,Syllabub,
gemma3_4b,LEAK_img_0238_mixed_leak,open,country,Vietnam,United Kingdom,
gemma3_4b,E3_img_0238_near_N2_k2_P1,open,item,Labneh,Syllabub,
gemma3_4b,E3_img_0238_near_N2_k2_P1,open,country,Lebanon,United Kingdom,
gemma3_4b,E3_img_0238_near_N5_k5_P1,open,item,Tskundeli,Syllabub,
gemma3_4b,E3_img_0238_near_N5_k5_P1,open,country,Georgia,United Kingdom,
gemma3_4b,E3_img_0238_far_N2_k2_P1,open,item,Ricotta,Syllabub,
gemma3_4b,E3_img_0238_far_N2_k2_P1,open,country,Italy,United Kingdom,
gemma3_4b,E3_img_0238_far_N5_k5_P1,open,item,Cheese spread,Syllabub,
gemma3_4b,E1_img_0524_mixed_N1_k1_P1,open,item,Shrimp tacos,Tostada,
gemma3_4b,E1_img_0524_mixed_N2_k1_P1,open,item,Shrimp tacos,Tostada,
gemma3_4b,E1_img_0524_mixed_N3_k3_P1,open,item,Shrimp tacos,Tostada,
gemma3_4b,E1_img_0524_mixed_N4_k1_P1,open,item,Shrimp Tacos,Tostada,
gemma3_4b,E2_img_0524_mixed_N5_k1_P1,open,item,Tacos,Tostada,
gemma3_4b,E2_img_0524_mixed_N5_k2_P1,open,item,Shrimp tacos,Tostada,
gemma3_4b,E2_img_0524_mixed_N5_k3_P1,open,item,Shrimp tacos,Tostada,
gemma3_4b,E2_img_0524_mixed_N5_k4_P1,open,item,Shrimp tacos,Tostada,
gemma3_4b,E2_img_0524_mixed_N5_k5_P1,open,item,Shrimp tacos,Tostada,
gemma3_4b,LEAK_img_0524_mixed_leak,open,item,Pho,Tostada,
gemma3_4b,LEAK_img_0524_mixed_leak,open,country,Vietnam,Mexico,
gemma3_4b,E3_img_0524_near_N2_k1_P1,open,item,Shrimp Tacos,Tostada,
gemma3_4b,E3_img_0524_near_N5_k1_P1,open,item,Tacos,Tostada,
gemma3_4b,E3_img_0524_far_N2_k1_P1,open,item,Shrimp Tacos,Tostada,
gemma3_4b,E3_img_0524_far_N5_k1_P1,open,item,Tacos,Tostada,
gemma3_4b,E1_img_0235_mixed_N1_k1_P1,open,item,Ice cream,Stracciatella,
gemma3_4b,E1_img_0235_mixed_N2_k2_P1,open,item,Gelato,Stracciatella,
gemma3_4b,E1_img_0235_mixed_N3_k1_P1,open,item,Gelato,Stracciatella,
gemma3_4b,E1_img_0235_mixed_N4_k2_P1,open,item,Gelato,Stracciatella,
gemma3_4b,E2_img_0235_mixed_N5_k1_P1,open,item,Gelato,Stracciatella,
gemma3_4b,E2_img_0235_mixed_N5_k2_P1,open,item,Gelato,Stracciatella,
gemma3_4b,E2_img_0235_mixed_N5_k3_P1,open,item,Ice cream,Stracciatella,
gemma3_4b,E2_img_0235_mixed_N5_k4_P1,open,item,Ice cream,Stracciatella,
gemma3_4b,E2_img_0235_mixed_N5_k5_P1,open,item,Gelato,Stracciatella,
gemma3_4b,LEAK_img_0235_mixed_leak,open,item,Pho,Stracciatella,
gemma3_4b,LEAK_img_0235_mixed_leak,open,country,Vietnam,Italy,
gemma3_4b,E3_img_0235_near_N2_k2_P1,open,item,Gelato,Stracciatella,
gemma3_4b,E3_img_0235_near_N5_k2_P1,open,item,Gelato,Stracciatella,
gemma3_4b,E3_img_0235_far_N2_k2_P1,open,item,Gelato,Stracciatella,
gemma3_4b,E3_img_0235_far_N5_k2_P1,open,item,Gelato,Stracciatella,
gemma3_4b,E5_img_0235_mixed_N1_k1_P2,open,item,Ice cream,Stracciatella,
gemma3_4b,E5_img_0235_mixed_N2_k2_P2,open,item,Ferrero Rocher Gelato,Stracciatella,
gemma3_4b,E5_img_0235_mixed_N3_k1_P2,open,item,Gelato,Stracciatella,
gemma3_4b,E5_img_0235_mixed_N4_k2_P2,open,item,Gelato,Stracciatella,
gemma3_4b,E5_img_0235_mixed_N5_k2_P2,open,item,Gelato,Stracciatella,
gemma3_4b,E5_img_0235_mixed_N1_k1_P3,open,item,Gelato,Stracciatella,
gemma3_4b,E5_img_0235_mixed_N2_k2_P3,open,item,Ferrero Ice Cream,Stracciatella,
gemma3_4b,E5_img_0235_mixed_N3_k1_P3,open,item,Gelato,Stracciatella,
gemma3_4b,E5_img_0235_mixed_N4_k2_P3,open,item,Gelato,Stracciatella,
gemma3_4b,E5_img_0235_mixed_N5_k2_P3,open,item,Gelato,Stracciatella,
gemma3_4b,E6_img_0235_mixed_N1_k1_P4,open,item,Ice cream,Stracciatella,
gemma3_4b,E6_img_0235_mixed_N2_k2_P4,open,item,Gelato,Stracciatella,
gemma3_4b,E6_img_0235_mixed_N3_k1_P4,open,item,Gelato,Stracciatella,
gemma3_4b,E1_img_0170_mixed_N1_k1_P1,open,item,Baklava,Kalburabastı,
gemma3_4b,E1_img_0170_mixed_N2_k1_P1,open,item,Baklava,Kalburabastı,
gemma3_4b,E1_img_0170_mixed_N3_k2_P1,open,item,Baklava,Kalburabastı,
gemma3_4b,E1_img_0170_mixed_N4_k3_P1,open,item,Baklava,Kalburabastı,
gemma3_4b,E2_img_0170_mixed_N5_k1_P1,open,item,Baklava,Kalburabastı,
gemma3_4b,E2_img_0170_mixed_N5_k2_P1,open,item,Baklava,Kalburabastı,
gemma3_4b,E2_img_0170_mixed_N5_k3_P1,open,item,Baklava,Kalburabastı,
gemma3_4b,E2_img_0170_mixed_N5_k4_P1,open,item,Baklava,Kalburabastı,
gemma3_4b,E2_img_0170_mixed_N5_k5_P1,open,item,Baklava,Kalburabastı,
gemma3_4b,LEAK_img_0170_mixed_leak,open,item,Pho,Kalburabastı,
gemma3_4b,LEAK_img_0170_mixed_leak,open,country,Vietnam,Turkey,
gemma3_4b,E3_img_0170_near_N2_k1_P1,open,item,Baklava,Kalburabastı,
gemma3_4b,E3_img_0170_near_N5_k3_P1,open,item,Baklava,Kalburabastı,
gemma3_4b,E3_img_0170_far_N2_k1_P1,open,item,Baklava,Kalburabastı,
gemma3_4b,E3_img_0170_far_N5_k3_P1,open,item,Baklava,Kalburabastı,
gemma3_4b,E1_img_0099_mixed_N1_k1_P1,open,item,Pfannkuchen,Bánh chuối,
gemma3_4b,E1_img_0099_mixed_N1_k1_P1,open,country,Germany,Vietnam,
gemma3_4b,E1_img_0099_mixed_N2_k2_P1,open,item,Banh Xeo,Bánh chuối,
gemma3_4b,E1_img_0099_mixed_N3_k3_P1,open,item,Banh Xeo,Bánh chuối,
gemma3_4b,E1_img_0099_mixed_N4_k4_P1,open,item,Potato and Cheese Pancake,Bánh chuối,
gemma3_4b,E1_img_0099_mixed_N4_k4_P1,open,country,Hungary,Vietnam,
gemma3_4b,E2_img_0099_mixed_N5_k1_P1,open,item,Pastel de nata,Bánh chuối,
gemma3_4b,E2_img_0099_mixed_N5_k1_P1,open,country,Portugal,Vietnam,
gemma3_4b,E2_img_0099_mixed_N5_k2_P1,open,item,Gua Bao (Pork Belly Bun),Bánh chuối,
gemma3_4b,E2_img_0099_mixed_N5_k3_P1,open,item,Pupusas,Bánh chuối,
gemma3_4b,E2_img_0099_mixed_N5_k3_P1,open,country,El Salvador,Vietnam,
gemma3_4b,E2_img_0099_mixed_N5_k4_P1,open,item,Potato Pancake,Bánh chuối,
gemma3_4b,E2_img_0099_mixed_N5_k4_P1,open,country,Hungary,Vietnam,
gemma3_4b,E2_img_0099_mixed_N5_k5_P1,open,item,Gua Bao,Bánh chuối,
gemma3_4b,LEAK_img_0099_mixed_leak,open,item,Pho,Bánh chuối,
gemma3_4b,E3_img_0099_near_N2_k2_P1,open,item,Banh Xeo,Bánh chuối,
gemma3_4b,E3_img_0099_near_N5_k4_P1,open,item,Banh Xeo,Bánh chuối,
gemma3_4b,E3_img_0099_far_N2_k2_P1,open,item,Banh Xeo,Bánh chuối,
gemma3_4b,E3_img_0099_far_N5_k4_P1,open,item,Pastel de nata,Bánh chuối,
gemma3_4b,E3_img_0099_far_N5_k4_P1,open,country,Portugal,Vietnam,
gemma3_4b,E1_img_0349_mixed_N1_k1_P1,open,item,Lemonade,Screwdriver,
gemma3_4b,E1_img_0349_mixed_N2_k1_P1,open,item,Lemonade,Screwdriver,
gemma3_4b,E1_img_0349_mixed_N3_k1_P1,open,item,Lemonade,Screwdriver,
gemma3_4b,E1_img_0349_mixed_N4_k1_P1,open,item,Samuel Adams Boston Lemonade,Screwdriver,
gemma3_4b,E2_img_0349_mixed_N5_k1_P1,open,item,Lemonade,Screwdriver,
gemma3_4b,E2_img_0349_mixed_N5_k2_P1,open,item,Lemonade,Screwdriver,
gemma3_4b,E2_img_0349_mixed_N5_k3_P1,open,item,Lemonade,Screwdriver,
gemma3_4b,E2_img_0349_mixed_N5_k4_P1,open,item,Lemonade,Screwdriver,
gemma3_4b,E2_img_0349_mixed_N5_k5_P1,open,item,Samuel Adams Boston Lager,Screwdriver,
gemma3_4b,LEAK_img_0349_mixed_leak,open,item,Pho,Screwdriver,
gemma3_4b,LEAK_img_0349_mixed_leak,open,country,Vietnam,United States,
gemma3_4b,E3_img_0349_near_N2_k1_P1,open,item,Samuel Adams Boston Lemon Ale,Screwdriver,
gemma3_4b,E3_img_0349_near_N5_k5_P1,open,item,Sam Adams Boston Lager,Screwdriver,
gemma3_4b,E3_img_0349_far_N2_k1_P1,open,item,Samuel Adams Boston Lemonade,Screwdriver,
gemma3_4b,E3_img_0349_far_N5_k5_P1,open,item,Lemonade,Screwdriver,
gemma3_4b,E5_img_0349_mixed_N1_k1_P2,open,item,Lemonade,Screwdriver,
gemma3_4b,E5_img_0349_mixed_N2_k1_P2,open,item,Samuel Adams Boston Lemonade,Screwdriver,
gemma3_4b,E5_img_0349_mixed_N3_k1_P2,open,item,Samuel Adams Boston Lemonade,Screwdriver,
gemma3_4b,E5_img_0349_mixed_N4_k1_P2,open,item,Lemonade,Screwdriver,
gemma3_4b,E5_img_0349_mixed_N5_k5_P2,open,item,Samuel Adams Boston Lager,Screwdriver,
gemma3_4b,E5_img_0349_mixed_N1_k1_P3,open,item,Lemonade,Screwdriver,
gemma3_4b,E5_img_0349_mixed_N2_k1_P3,open,item,Samuel Adams Boston Lemonade,Screwdriver,
gemma3_4b,E5_img_0349_mixed_N3_k1_P3,open,item,Samuel Adams Boston Lemon Shandy,Screwdriver,
gemma3_4b,E5_img_0349_mixed_N4_k1_P3,open,item,Samuel Adams Boston Lemonade,Screwdriver,
gemma3_4b,E5_img_0349_mixed_N5_k5_P3,open,item,Samuel Adams Boston Lager,Screwdriver,
gemma3_4b,E6_img_0349_mixed_N2_k1_P4,open,item,Lemonade,Screwdriver,
gemma3_4b,E6_img_0349_mixed_N4_k1_P4,open,item,Sam Adams Lemon Ale,Screwdriver,
gemma3_4b,E6_img_0349_mixed_N5_k5_P4,open,item,Boston Lager,Screwdriver,
gemma3_4b,E1_img_0269_mixed_N1_k1_P1,open,item,Soto Ayam,Bandrek,
gemma3_4b,E1_img_0269_mixed_N2_k2_P1,open,item,Kopi Jos,Bandrek,
gemma3_4b,E1_img_0269_mixed_N3_k2_P1,open,item,Kopi Jos,Bandrek,
gemma3_4b,E1_img_0269_mixed_N4_k2_P1,open,item,Masala Chai,Bandrek,
gemma3_4b,E2_img_0269_mixed_N5_k1_P1,open,item,Khao Soi,Bandrek,
gemma3_4b,E2_img_0269_mixed_N5_k1_P1,open,country,Thailand,Indonesia,
gemma3_4b,E2_img_0269_mixed_N5_k2_P1,open,item,Chai,Bandrek,
gemma3_4b,E2_img_0269_mixed_N5_k3_P1,open,item,Khao Soi,Bandrek,
gemma3_4b,E2_img_0269_mixed_N5_k3_P1,open,country,Thailand,Indonesia,
gemma3_4b,E2_img_0269_mixed_N5_k4_P1,open,item,Khao Soi,Bandrek,
gemma3_4b,E2_img_0269_mixed_N5_k4_P1,open,country,Thailand,Indonesia,
gemma3_4b,E2_img_0269_mixed_N5_k5_P1,open,item,Khao Lam,Bandrek,
gemma3_4b,E2_img_0269_mixed_N5_k5_P1,open,country,Thailand,Indonesia,
gemma3_4b,LEAK_img_0269_mixed_leak,open,item,Pho,Bandrek,
gemma3_4b,LEAK_img_0269_mixed_leak,open,country,Vietnam,Indonesia,
gemma3_4b,E3_img_0269_near_N2_k2_P1,open,item,Bubur Halia,Bandrek,
gemma3_4b,E3_img_0269_near_N2_k2_P1,open,country,Malaysia,Indonesia,
gemma3_4b,E3_img_0269_near_N5_k1_P1,open,item,Suimai,Bandrek,
gemma3_4b,E3_img_0269_far_N2_k2_P1,open,item,Bubur Ayam,Bandrek,
gemma3_4b,E3_img_0269_far_N5_k1_P1,open,item,Sopa de Ligüia,Bandrek,
gemma3_4b,E1_img_0256_mixed_N1_k1_P1,open,item,Croissant,Xuixo,
gemma3_4b,E1_img_0256_mixed_N1_k1_P1,open,country,France,Spain,
gemma3_4b,E1_img_0256_mixed_N2_k1_P1,open,item,Croissant,Xuixo,
gemma3_4b,E1_img_0256_mixed_N2_k1_P1,open,country,France,Spain,
gemma3_4b,E1_img_0256_mixed_N3_k3_P1,open,item,Croissant,Xuixo,
gemma3_4b,E1_img_0256_mixed_N3_k3_P1,open,country,France,Spain,
gemma3_4b,E1_img_0256_mixed_N4_k3_P1,open,item,Croissant,Xuixo,
gemma3_4b,E1_img_0256_mixed_N4_k3_P1,open,country,France,Spain,
gemma3_4b,E2_img_0256_mixed_N5_k1_P1,open,item,Croissant,Xuixo,
gemma3_4b,E2_img_0256_mixed_N5_k1_P1,open,country,France,Spain,
gemma3_4b,E2_img_0256_mixed_N5_k2_P1,open,item,Croissant,Xuixo,
gemma3_4b,E2_img_0256_mixed_N5_k2_P1,open,country,France,Spain,
gemma3_4b,E2_img_0256_mixed_N5_k3_P1,open,item,Croissant,Xuixo,
gemma3_4b,E2_img_0256_mixed_N5_k3_P1,open,country,France,Spain,
gemma3_4b,E2_img_0256_mixed_N5_k4_P1,open,item,Croissant,Xuixo,
gemma3_4b,E2_img_0256_mixed_N5_k4_P1,open,country,France,Spain,
gemma3_4b,E2_img_0256_mixed_N5_k5_P1,open,item,Croissant,Xuixo,
gemma3_4b,E2_img_0256_mixed_N5_k5_P1,open,country,France,Spain,
gemma3_4b,LEAK_img_0256_mixed_leak,open,item,Pho,Xuixo,
gemma3_4b,LEAK_img_0256_mixed_leak,open,country,Vietnam,Spain,
gemma3_4b,E3_img_0256_near_N2_k1_P1,open,item,Croissant,Xuixo,
gemma3_4b,E3_img_0256_near_N2_k1_P1,open,country,France,Spain,
gemma3_4b,E3_img_0256_near_N5_k2_P1,open,item,Croissant,Xuixo,
gemma3_4b,E3_img_0256_near_N5_k2_P1,open,country,France,Spain,
gemma3_4b,E3_img_0256_far_N2_k1_P1,open,item,Croissant,Xuixo,
gemma3_4b,E3_img_0256_far_N2_k1_P1,open,country,France,Spain,
gemma3_4b,E3_img_0256_far_N5_k2_P1,open,item,Croissant,Xuixo,
gemma3_4b,E3_img_0256_far_N5_k2_P1,open,country,France,Spain,
gemma3_4b,E1_img_0263_mixed_N1_k1_P1,open,item,Matcha,Amazake,
gemma3_4b,E1_img_0263_mixed_N2_k2_P1,open,item,Matcha,Amazake,
gemma3_4b,E1_img_0263_mixed_N3_k1_P1,open,item,Matcha tea,Amazake,
gemma3_4b,E1_img_0263_mixed_N4_k4_P1,open,item,Matcha,Amazake,
gemma3_4b,E2_img_0263_mixed_N5_k1_P1,open,item,Matcha tea,Amazake,
gemma3_4b,E2_img_0263_mixed_N5_k2_P1,open,item,Matcha tea,Amazake,
gemma3_4b,E2_img_0263_mixed_N5_k3_P1,open,item,Matcha,Amazake,
gemma3_4b,E2_img_0263_mixed_N5_k4_P1,open,item,Matcha tea,Amazake,
gemma3_4b,E2_img_0263_mixed_N5_k5_P1,open,item,Matcha,Amazake,
gemma3_4b,LEAK_img_0263_mixed_leak,open,item,Pho,Amazake,
gemma3_4b,LEAK_img_0263_mixed_leak,open,country,Vietnam,Japan,
gemma3_4b,E3_img_0263_near_N2_k2_P1,open,item,Matcha tea,Amazake,
gemma3_4b,E3_img_0263_near_N5_k3_P1,open,item,Matcha tea,Amazake,
gemma3_4b,E3_img_0263_far_N2_k2_P1,open,item,Matcha,Amazake,
gemma3_4b,E3_img_0263_far_N5_k3_P1,open,item,Matcha tea,Amazake,
gemma3_4b,E5_img_0263_mixed_N1_k1_P2,open,item,Matcha Latte,Amazake,
gemma3_4b,E5_img_0263_mixed_N2_k2_P2,open,item,Matcha,Amazake,
gemma3_4b,E5_img_0263_mixed_N3_k1_P2,open,item,Matcha Tea,Amazake,
gemma3_4b,E5_img_0263_mixed_N4_k4_P2,open,item,Matcha,Amazake,
gemma3_4b,E5_img_0263_mixed_N5_k3_P2,open,item,Matcha,Amazake,
gemma3_4b,E5_img_0263_mixed_N1_k1_P3,open,item,Matcha Latte,Amazake,
gemma3_4b,E5_img_0263_mixed_N2_k2_P3,open,item,Matcha,Amazake,
gemma3_4b,E5_img_0263_mixed_N3_k1_P3,open,item,Matcha,Amazake,
gemma3_4b,E5_img_0263_mixed_N4_k4_P3,open,item,Matcha,Amazake,
gemma3_4b,E5_img_0263_mixed_N5_k3_P3,open,item,Matcha,Amazake,
gemma3_4b,E6_img_0263_mixed_N1_k1_P4,open,item,Matcha latte,Amazake,
gemma3_4b,E6_img_0263_mixed_N3_k1_P4,open,item,Matcha Tea,Amazake,
gemma3_4b,E6_img_0263_mixed_N4_k4_P4,open,item,Tea,Amazake,
gemma3_4b,E6_img_0263_mixed_N5_k3_P4,open,item,Matcha tea,Amazake,
gemma3_4b,E1_img_0421_mixed_N1_k1_P1,open,item,Pão de Queijo,Coxinha,
gemma3_4b,E1_img_0421_mixed_N2_k1_P1,open,item,Pastel de feira,Coxinha,
gemma3_4b,E1_img_0421_mixed_N3_k2_P1,open,item,Pastel de Choclo,Coxinha,
gemma3_4b,E1_img_0421_mixed_N3_k2_P1,open,country,Chile,Brazil,
gemma3_4b,E1_img_0421_mixed_N4_k1_P1,open,item,Pastel de feira,Coxinha,
gemma3_4b,E2_img_0421_mixed_N5_k1_P1,open,item,Pão de Queijo,Coxinha,
gemma3_4b,E2_img_0421_mixed_N5_k2_P1,open,item,Pastel de Choclo,Coxinha,
gemma3_4b,E2_img_0421_mixed_N5_k2_P1,open,country,Chile,Brazil,
gemma3_4b,E2_img_0421_mixed_N5_k3_P1,open,item,Pão de Queijo,Coxinha,
gemma3_4b,E2_img_0421_mixed_N5_k4_P1,open,item,Pastel de Piraiá,Coxinha,
gemma3_4b,E2_img_0421_mixed_N5_k5_P1,open,item,Pastel de Piraiá,Coxinha,
gemma3_4b,LEAK_img_0421_mixed_leak,open,item,Pho,Coxinha,
gemma3_4b,LEAK_img_0421_mixed_leak,open,country,Vietnam,Brazil,
gemma3_4b,E3_img_0421_near_N2_k1_P1,open,item,Pastel de feira,Coxinha,
gemma3_4b,E3_img_0421_near_N5_k4_P1,open,item,Pastel de Pirai,Coxinha,
gemma3_4b,E3_img_0421_far_N2_k1_P1,open,item,Pastel de feira,Coxinha,
gemma3_4b,E3_img_0421_far_N5_k4_P1,open,item,Pão de Queijo,Coxinha,
gemma3_4b,E1_img_0270_mixed_N1_k1_P1,open,item,Fruit juices and coconut drinks,Batida,
gemma3_4b,E1_img_0270_mixed_N1_k1_P1,open,country,Thailand,Brazil,
gemma3_4b,E1_img_0270_mixed_N2_k2_P1,open,item,Fruit juices and coconut water,Batida,
gemma3_4b,E1_img_0270_mixed_N2_k2_P1,open,country,Jamaica,Brazil,
gemma3_4b,E1_img_0270_mixed_N3_k3_P1,open,item,Fruit juices and coconut water,Batida,
gemma3_4b,E1_img_0270_mixed_N3_k3_P1,open,country,Jamaica,Brazil,
gemma3_4b,E1_img_0270_mixed_N4_k2_P1,open,item,Fruit juices and coconut drinks,Batida,
gemma3_4b,E1_img_0270_mixed_N4_k2_P1,open,country,Thailand,Brazil,
gemma3_4b,E2_img_0270_mixed_N5_k1_P1,open,item,Fruit juices and coconut drinks,Batida,
gemma3_4b,E2_img_0270_mixed_N5_k1_P1,open,country,Philippines,Brazil,
gemma3_4b,E2_img_0270_mixed_N5_k2_P1,open,item,Fruit juices,Batida,
gemma3_4b,E2_img_0270_mixed_N5_k2_P1,open,country,Thailand,Brazil,
gemma3_4b,E2_img_0270_mixed_N5_k3_P1,open,item,Coconut juice,Batida,
gemma3_4b,E2_img_0270_mixed_N5_k3_P1,open,country,Jamaica,Brazil,
gemma3_4b,E2_img_0270_mixed_N5_k4_P1,open,item,Fruit juices and coconut drinks,Batida,
gemma3_4b,E2_img_0270_mixed_N5_k4_P1,open,country,Jamaica,Brazil,
gemma3_4b,E2_img_0270_mixed_N5_k5_P1,open,item,Fruit juices and coconut water,Batida,
gemma3_4b,E2_img_0270_mixed_N5_k5_P1,open,country,Jamaica,Brazil,
gemma3_4b,LEAK_img_0270_mixed_leak,open,item,Pho,Batida,
gemma3_4b,LEAK_img_0270_mixed_leak,open,country,Vietnam,Brazil,
gemma3_4b,E3_img_0270_near_N2_k2_P1,open,item,Fruit juices and coconut drinks,Batida,
gemma3_4b,E3_img_0270_near_N2_k2_P1,open,country,Thailand,Brazil,
gemma3_4b,E3_img_0270_near_N5_k5_P1,open,item,Coconut Juice,Batida,
gemma3_4b,E3_img_0270_near_N5_k5_P1,open,country,Jamaica,Brazil,
gemma3_4b,E3_img_0270_far_N2_k2_P1,open,item,Fruit juices and coconut water,Batida,
gemma3_4b,E3_img_0270_far_N2_k2_P1,open,country,Thailand,Brazil,
gemma3_4b,E3_img_0270_far_N5_k5_P1,open,item,Fruit juices and coconut water,Batida,
gemma3_4b,E3_img_0270_far_N5_k5_P1,open,country,Jamaica,Brazil,
gemma3_4b,E2_img_0513_mixed_N5_k2_P1,open,item,Mug cake,Soufflé,
gemma3_4b,LEAK_img_0513_mixed_leak,open,item,Pho,Soufflé,
gemma3_4b,LEAK_img_0513_mixed_leak,open,country,Vietnam,France,
gemma3_4b,E6_img_0513_mixed_N2_k1_P4,open,item,Mug cake,Soufflé,
gemma3_4b,E6_img_0513_mixed_N3_k1_P4,open,item,Crème brûlée,Soufflé,
gemma3_4b,E1_img_0335_mixed_N1_k1_P1,open,item,Cocktail,Paradise,
gemma3_4b,E1_img_0335_mixed_N2_k2_P1,open,item,Cocktail,Paradise,
gemma3_4b,E1_img_0335_mixed_N3_k2_P1,open,item,Aperol Spritz,Paradise,
gemma3_4b,E1_img_0335_mixed_N3_k2_P1,open,country,Italy,United States,
gemma3_4b,E1_img_0335_mixed_N4_k4_P1,open,item,Cocktail,Paradise,
gemma3_4b,E2_img_0335_mixed_N5_k1_P1,open,item,Cocktail,Paradise,
gemma3_4b,E2_img_0335_mixed_N5_k2_P1,open,item,Martini,Paradise,
gemma3_4b,E2_img_0335_mixed_N5_k2_P1,open,country,Italy,United States,
gemma3_4b,E2_img_0335_mixed_N5_k3_P1,open,item,Martini,Paradise,
gemma3_4b,E2_img_0335_mixed_N5_k3_P1,open,country,Italy,United States,
gemma3_4b,E2_img_0335_mixed_N5_k4_P1,open,item,Martini,Paradise,
gemma3_4b,E2_img_0335_mixed_N5_k5_P1,open,item,Cocktail,Paradise,
gemma3_4b,LEAK_img_0335_mixed_leak,open,item,Pho,Paradise,
gemma3_4b,LEAK_img_0335_mixed_leak,open,country,Vietnam,United States,
gemma3_4b,E3_img_0335_near_N2_k2_P1,open,item,Cocktail,Paradise,
gemma3_4b,E3_img_0335_near_N5_k2_P1,open,item,Mimosa,Paradise,
gemma3_4b,E3_img_0335_near_N5_k2_P1,open,country,France,United States,
gemma3_4b,E3_img_0335_far_N2_k2_P1,open,item,Cocktail,Paradise,
gemma3_4b,E3_img_0335_far_N5_k2_P1,open,item,Martini,Paradise,
gemma3_4b,E1_img_0174_mixed_N1_k1_P1,open,item,Spring rolls,Khapse,
gemma3_4b,E1_img_0174_mixed_N2_k1_P1,open,item,Dumplings,Khapse,
gemma3_4b,E1_img_0174_mixed_N3_k3_P1,open,item,Spring Rolls,Khapse,
gemma3_4b,E1_img_0174_mixed_N4_k1_P1,open,item,Wonton,Khapse,
gemma3_4b,E2_img_0174_mixed_N5_k1_P1,open,item,Dumplings,Khapse,
gemma3_4b,E2_img_0174_mixed_N5_k2_P1,open,item,Spring Rolls,Khapse,
gemma3_4b,E2_img_0174_mixed_N5_k3_P1,open,item,Spring Rolls,Khapse,
gemma3_4b,E2_img_0174_mixed_N5_k4_P1,open,item,Spring Rolls,Khapse,
gemma3_4b,E2_img_0174_mixed_N5_k5_P1,open,item,Spring Rolls,Khapse,
gemma3_4b,LEAK_img_0174_mixed_leak,open,item,Pho,Khapse,
gemma3_4b,LEAK_img_0174_mixed_leak,open,country,Vietnam,China,
gemma3_4b,E3_img_0174_near_N2_k1_P1,open,item,Wonton,Khapse,
gemma3_4b,E3_img_0174_near_N5_k3_P1,open,item,Spring Rolls,Khapse,
gemma3_4b,E3_img_0174_far_N2_k1_P1,open,item,Wonton,Khapse,
gemma3_4b,E3_img_0174_far_N5_k3_P1,open,item,Spring Rolls,Khapse,
gemma3_4b,LEAK_img_0470_mixed_leak,open,item,Pho,Miso soup,
gemma3_4b,LEAK_img_0470_mixed_leak,open,country,Vietnam,Japan,
gemma3_4b,E1_img_0304_mixed_N1_k1_P1,open,item,Cola,Fernet and Coke,
gemma3_4b,E1_img_0304_mixed_N2_k1_P1,open,item,Cola,Fernet and Coke,
gemma3_4b,E1_img_0304_mixed_N2_k1_P1,open,country,Colombia,Argentina,
gemma3_4b,E1_img_0304_mixed_N3_k2_P1,open,item,Cola,Fernet and Coke,
gemma3_4b,E1_img_0304_mixed_N3_k2_P1,open,country,United States,Argentina,
gemma3_4b,E1_img_0304_mixed_N4_k3_P1,open,item,Cola,Fernet and Coke,
gemma3_4b,E2_img_0304_mixed_N5_k1_P1,open,item,Cola,Fernet and Coke,
gemma3_4b,E2_img_0304_mixed_N5_k2_P1,open,item,Coffee,Fernet and Coke,
gemma3_4b,E2_img_0304_mixed_N5_k3_P1,open,item,Cola,Fernet and Coke,
gemma3_4b,E2_img_0304_mixed_N5_k3_P1,open,country,United States,Argentina,
gemma3_4b,E2_img_0304_mixed_N5_k4_P1,open,item,Cola,Fernet and Coke,
gemma3_4b,E2_img_0304_mixed_N5_k4_P1,open,country,United States,Argentina,
gemma3_4b,E2_img_0304_mixed_N5_k5_P1,open,item,Cola,Fernet and Coke,
gemma3_4b,LEAK_img_0304_mixed_leak,open,item,Pho,Fernet and Coke,
gemma3_4b,LEAK_img_0304_mixed_leak,open,country,Vietnam,Argentina,
gemma3_4b,E3_img_0304_near_N2_k1_P1,open,item,Cola,Fernet and Coke,
gemma3_4b,E3_img_0304_near_N5_k5_P1,open,item,Cola,Fernet and Coke,
gemma3_4b,E3_img_0304_far_N2_k1_P1,open,item,Cola,Fernet and Coke,
gemma3_4b,E3_img_0304_far_N2_k1_P1,open,country,Colombia,Argentina,
gemma3_4b,E3_img_0304_far_N5_k5_P1,open,item,Cola,Fernet and Coke,
gemma3_4b,E3_img_0304_far_N5_k5_P1,open,country,United States,Argentina,
gemma3_4b,E1_img_0288_mixed_N1_k1_P1,open,item,Cocoa,Champurrado,
gemma3_4b,E1_img_0288_mixed_N1_k1_P1,open,country,Ghana,Mexico,
gemma3_4b,E1_img_0288_mixed_N2_k2_P1,open,item,Kaffir Lime Tea,Champurrado,
gemma3_4b,E1_img_0288_mixed_N2_k2_P1,open,country,Thailand,Mexico,
gemma3_4b,E1_img_0288_mixed_N3_k3_P1,open,item,Coconut Soup,Champurrado,
gemma3_4b,E1_img_0288_mixed_N3_k3_P1,open,country,Thailand,Mexico,
gemma3_4b,E1_img_0288_mixed_N4_k4_P1,open,item,Coconut Milk,Champurrado,
gemma3_4b,E1_img_0288_mixed_N4_k4_P1,open,country,Thailand,Mexico,
gemma3_4b,E2_img_0288_mixed_N5_k1_P1,open,item,Kheer,Champurrado,
gemma3_4b,E2_img_0288_mixed_N5_k1_P1,open,country,India,Mexico,
gemma3_4b,E2_img_0288_mixed_N5_k2_P1,open,item,Coconut Milk,Champurrado,
gemma3_4b,E2_img_0288_mixed_N5_k2_P1,open,country,Ghana,Mexico,
gemma3_4b,E2_img_0288_mixed_N5_k3_P1,open,item,Palm Wine,Champurrado,
gemma3_4b,E2_img_0288_mixed_N5_k3_P1,open,country,Ghana,Mexico,
gemma3_4b,E2_img_0288_mixed_N5_k4_P1,open,item,Coconut Milk,Champurrado,
gemma3_4b,E2_img_0288_mixed_N5_k4_P1,open,country,Sri Lanka,Mexico,
gemma3_4b,E2_img_0288_mixed_N5_k5_P1,open,item,Cocoa,Champurrado,
gemma3_4b,E2_img_0288_mixed_N5_k5_P1,open,country,Ghana,Mexico,
gemma3_4b,LEAK_img_0288_mixed_leak,open,item,Pho,Champurrado,
gemma3_4b,LEAK_img_0288_mixed_leak,open,country,Vietnam,Mexico,
gemma3_4b,E3_img_0288_near_N2_k2_P1,open,item,Kunu Zaki,Champurrado,
gemma3_4b,E3_img_0288_near_N2_k2_P1,open,country,Nigeria,Mexico,
gemma3_4b,E3_img_0288_near_N5_k1_P1,open,item,Chicha,Champurrado,
gemma3_4b,E3_img_0288_near_N5_k1_P1,open,country,Peru,Mexico,
gemma3_4b,E3_img_0288_far_N2_k2_P1,open,item,Horchata,Champurrado,
gemma3_4b,E3_img_0288_far_N5_k1_P1,open,item,Khao Sok,Champurrado,
gemma3_4b,E3_img_0288_far_N5_k1_P1,open,country,Thailand,Mexico,
gemma3_4b,E1_img_0116_mixed_N1_k1_P1,open,item,Cookies,Carac,
gemma3_4b,E1_img_0116_mixed_N2_k1_P1,open,item,Matcha Tart,Carac,
gemma3_4b,E1_img_0116_mixed_N2_k1_P1,open,country,Japan,Switzerland,
gemma3_4b,E1_img_0116_mixed_N3_k1_P1,open,item,Matcha Tart,Carac,
gemma3_4b,E1_img_0116_mixed_N3_k1_P1,open,country,Japan,Switzerland,
gemma3_4b,E1_img_0116_mixed_N4_k1_P1,open,item,Matcha Tart,Carac,
gemma3_4b,E1_img_0116_mixed_N4_k1_P1,open,country,Japan,Switzerland,
gemma3_4b,E2_img_0116_mixed_N5_k1_P1,open,item,Matcha Tart,Carac,
gemma3_4b,E2_img_0116_mixed_N5_k1_P1,open,country,Japan,Switzerland,
gemma3_4b,E2_img_0116_mixed_N5_k2_P1,open,item,Pastel de Choclo,Carac,
gemma3_4b,E2_img_0116_mixed_N5_k2_P1,open,country,Chile,Switzerland,
gemma3_4b,E2_img_0116_mixed_N5_k3_P1,open,item,Pastel de Choclo,Carac,
gemma3_4b,E2_img_0116_mixed_N5_k3_P1,open,country,Chile,Switzerland,
gemma3_4b,E2_img_0116_mixed_N5_k4_P1,open,item,Cookies,Carac,
gemma3_4b,E2_img_0116_mixed_N5_k5_P1,open,item,Cookies,Carac,
gemma3_4b,LEAK_img_0116_mixed_leak,open,item,Pho,Carac,
gemma3_4b,LEAK_img_0116_mixed_leak,open,country,Vietnam,Switzerland,
gemma3_4b,E3_img_0116_near_N2_k1_P1,open,item,Matcha Tartlets,Carac,
gemma3_4b,E3_img_0116_near_N2_k1_P1,open,country,Japan,Switzerland,
gemma3_4b,E3_img_0116_near_N5_k2_P1,open,item,Pastel de nata,Carac,
gemma3_4b,E3_img_0116_near_N5_k2_P1,open,country,Portugal,Switzerland,
gemma3_4b,E3_img_0116_far_N2_k1_P1,open,item,Matcha Tart,Carac,
gemma3_4b,E3_img_0116_far_N2_k1_P1,open,country,Japan,Switzerland,
gemma3_4b,E3_img_0116_far_N5_k2_P1,open,item,Turkish Delight,Carac,
gemma3_4b,E3_img_0116_far_N5_k2_P1,open,country,Turkey,Switzerland,
gemma3_4b,E5_img_0116_mixed_N1_k1_P2,open,item,Cookie,Carac,
gemma3_4b,E5_img_0116_mixed_N2_k1_P2,open,item,Matcha Cream Tart,Carac,
gemma3_4b,E5_img_0116_mixed_N2_k1_P2,open,country,Japan,Switzerland,
gemma3_4b,E5_img_0116_mixed_N3_k1_P2,open,item,Matcha Tart,Carac,
gemma3_4b,E5_img_0116_mixed_N3_k1_P2,open,country,Japan,Switzerland,
gemma3_4b,E5_img_0116_mixed_N4_k1_P2,open,item,Matcha Tart,Carac,
gemma3_4b,E5_img_0116_mixed_N4_k1_P2,open,country,Japan,Switzerland,
gemma3_4b,E5_img_0116_mixed_N5_k2_P2,open,item,Pastel de nata,Carac,
gemma3_4b,E5_img_0116_mixed_N5_k2_P2,open,country,Portugal,Switzerland,
gemma3_4b,E5_img_0116_mixed_N1_k1_P3,open,item,Cookies,Carac,
gemma3_4b,E5_img_0116_mixed_N2_k1_P3,open,item,Matcha Tart,Carac,
gemma3_4b,E5_img_0116_mixed_N2_k1_P3,open,country,Japan,Switzerland,
gemma3_4b,E5_img_0116_mixed_N3_k1_P3,open,item,Matcha Tarts,Carac,
gemma3_4b,E5_img_0116_mixed_N3_k1_P3,open,country,Japan,Switzerland,
gemma3_4b,E5_img_0116_mixed_N4_k1_P3,open,item,Matcha Tart,Carac,
gemma3_4b,E5_img_0116_mixed_N4_k1_P3,open,country,Japan,Switzerland,
gemma3_4b,E5_img_0116_mixed_N5_k2_P3,open,item,Pastel de Choclo,Carac,
gemma3_4b,E5_img_0116_mixed_N5_k2_P3,open,country,Chile,Switzerland,
gemma3_4b,E6_img_0116_mixed_N4_k1_P4,open,item,Matcha tart,Carac,
gemma3_4b,E6_img_0116_mixed_N4_k1_P4,open,country,Japan,Switzerland,
gemma3_4b,E1_img_0478_mixed_N1_k1_P1,open,item,Taco,Nachos,
gemma3_4b,E1_img_0478_mixed_N2_k2_P1,open,item,Tacos,Nachos,
gemma3_4b,E1_img_0478_mixed_N3_k2_P1,open,item,Tacos,Nachos,
gemma3_4b,E1_img_0478_mixed_N4_k2_P1,open,item,Tacos,Nachos,
gemma3_4b,E2_img_0478_mixed_N5_k1_P1,open,item,Taco,Nachos,
gemma3_4b,E2_img_0478_mixed_N5_k1_P1,open,country,United States,Mexico,
gemma3_4b,E2_img_0478_mixed_N5_k2_P1,open,item,Tacos,Nachos,
gemma3_4b,E2_img_0478_mixed_N5_k3_P1,open,item,Tacos,Nachos,
gemma3_4b,E2_img_0478_mixed_N5_k4_P1,open,item,Taco,Nachos,
gemma3_4b,E2_img_0478_mixed_N5_k5_P1,open,item,Tacos,Nachos,
gemma3_4b,LEAK_img_0478_mixed_leak,open,item,Pho,Nachos,
gemma3_4b,LEAK_img_0478_mixed_leak,open,country,Vietnam,Mexico,
gemma3_4b,E3_img_0478_near_N2_k2_P1,open,item,Tacos,Nachos,
gemma3_4b,E3_img_0478_near_N5_k3_P1,open,item,Taco,Nachos,
gemma3_4b,E3_img_0478_far_N2_k2_P1,open,item,Taco,Nachos,
gemma3_4b,E3_img_0478_far_N5_k3_P1,open,item,Taco,Nachos,
gemma3_4b,E1_img_0209_mixed_N1_k1_P1,open,item,Tamagoyaki,Pişmaniye,
gemma3_4b,E1_img_0209_mixed_N1_k1_P1,open,country,Japan,Turkey,
gemma3_4b,E1_img_0209_mixed_N2_k1_P1,open,item,Dosai,Pişmaniye,
gemma3_4b,E1_img_0209_mixed_N3_k3_P1,open,item,Funazushi,Pişmaniye,
gemma3_4b,E1_img_0209_mixed_N3_k3_P1,open,country,Japan,Turkey,
gemma3_4b,E1_img_0209_mixed_N4_k3_P1,open,item,Banh Bao,Pişmaniye,
gemma3_4b,E1_img_0209_mixed_N4_k3_P1,open,country,Vietnam,Turkey,
gemma3_4b,E2_img_0209_mixed_N5_k1_P1,open,item,Khichdi,Pişmaniye,
gemma3_4b,E2_img_0209_mixed_N5_k2_P1,open,item,Banh Xeo,Pişmaniye,
gemma3_4b,E2_img_0209_mixed_N5_k2_P1,open,country,Vietnam,Turkey,
gemma3_4b,E2_img_0209_mixed_N5_k4_P1,open,item,Banh Mi,Pişmaniye,
gemma3_4b,E2_img_0209_mixed_N5_k4_P1,open,country,Vietnam,Turkey,
gemma3_4b,E2_img_0209_mixed_N5_k5_P1,open,item,Banh Xeo,Pişmaniye,
gemma3_4b,E2_img_0209_mixed_N5_k5_P1,open,country,Vietnam,Turkey,
gemma3_4b,LEAK_img_0209_mixed_leak,open,item,Pho,Pişmaniye,
gemma3_4b,LEAK_img_0209_mixed_leak,open,country,Vietnam,Turkey,
gemma3_4b,E3_img_0209_near_N2_k1_P1,open,item,Mochi,Pişmaniye,
gemma3_4b,E3_img_0209_near_N5_k4_P1,open,item,Khachapuri,Pişmaniye,
gemma3_4b,E3_img_0209_near_N5_k4_P1,open,country,Georgia,Turkey,
gemma3_4b,E3_img_0209_far_N2_k1_P1,open,item,Tamales,Pişmaniye,
gemma3_4b,E3_img_0209_far_N5_k4_P1,open,item,Zongzi,Pişmaniye,
gemma3_4b,E3_img_0209_far_N5_k4_P1,open,country,China,Turkey,
gemma3_4b,E1_img_0161_mixed_N1_k1_P1,open,item,Ice cream,Hokey pokey,
gemma3_4b,E1_img_0161_mixed_N2_k2_P1,open,item,Es Yeneng,Hokey pokey,
gemma3_4b,E1_img_0161_mixed_N3_k1_P1,open,item,Ice cream,Hokey pokey,
gemma3_4b,E1_img_0161_mixed_N3_k1_P1,open,country,Spain,New Zealand,
gemma3_4b,E1_img_0161_mixed_N4_k4_P1,open,item,Mango Ice Cream,Hokey pokey,
gemma3_4b,E1_img_0161_mixed_N4_k4_P1,open,country,Thailand,New Zealand,
gemma3_4b,E2_img_0161_mixed_N5_k1_P1,open,item,Klaperto,Hokey pokey,
gemma3_4b,E2_img_0161_mixed_N5_k2_P1,open,item,Mango Ice Cream,Hokey pokey,
gemma3_4b,E2_img_0161_mixed_N5_k2_P1,open,country,Thailand,New Zealand,
gemma3_4b,E2_img_0161_mixed_N5_k3_P1,open,item,Mango sticky rice,Hokey pokey,
gemma3_4b,E2_img_0161_mixed_N5_k3_P1,open,country,Thailand,New Zealand,
gemma3_4b,E2_img_0161_mixed_N5_k4_P1,open,item,Mango sticky rice,Hokey pokey,
gemma3_4b,E2_img_0161_mixed_N5_k4_P1,open,country,Thailand,New Zealand,
gemma3_4b,E2_img_0161_mixed_N5_k5_P1,open,item,Mango Ice Cream,Hokey pokey,
gemma3_4b,E2_img_0161_mixed_N5_k5_P1,open,country,Thailand,New Zealand,
gemma3_4b,LEAK_img_0161_mixed_leak,open,item,Pho,Hokey pokey,
gemma3_4b,LEAK_img_0161_mixed_leak,open,country,Vietnam,New Zealand,
gemma3_4b,E5_img_0161_mixed_N1_k1_P2,open,item,Ice cream,Hokey pokey,
gemma3_4b,E5_img_0161_mixed_N2_k2_P2,open,item,Es Cendol,Hokey pokey,
gemma3_4b,E5_img_0161_mixed_N3_k1_P2,open,item,Clotted Cream with Mango Sauce,Hokey pokey,
gemma3_4b,E5_img_0161_mixed_N3_k1_P2,open,country,United Kingdom,New Zealand,
gemma3_4b,E5_img_0161_mixed_N4_k4_P2,open,item,Mango Sticky Rice,Hokey pokey,
gemma3_4b,E5_img_0161_mixed_N4_k4_P2,open,country,Thailand,New Zealand,
gemma3_4b,E5_img_0161_mixed_N5_k5_P2,open,item,Mango Ice Cream,Hokey pokey,
gemma3_4b,E5_img_0161_mixed_N5_k5_P2,open,country,Thailand,New Zealand,
gemma3_4b,E5_img_0161_mixed_N1_k1_P3,open,country,Thailand,New Zealand,
gemma3_4b,E5_img_0161_mixed_N2_k2_P3,open,item,Es Cendol,Hokey pokey,
gemma3_4b,E5_img_0161_mixed_N3_k1_P3,open,item,Clotted Cream Ice Cream,Hokey pokey,
gemma3_4b,E5_img_0161_mixed_N3_k1_P3,open,country,United Kingdom,New Zealand,
gemma3_4b,E5_img_0161_mixed_N4_k4_P3,open,country,Malaysia,New Zealand,
gemma3_4b,E5_img_0161_mixed_N5_k5_P3,open,country,Malaysia,New Zealand,
gemma3_4b,E6_img_0161_mixed_N1_k1_P4,open,item,Ice cream,Hokey pokey,
gemma3_4b,E6_img_0161_mixed_N2_k2_P4,open,item,Ice cream,Hokey pokey,
gemma3_4b,E6_img_0161_mixed_N3_k1_P4,open,item,Ice cream,Hokey pokey,
gemma3_4b,E6_img_0161_mixed_N4_k4_P4,open,item,Ice cream,Hokey pokey,
gemma3_4b,E6_img_0161_mixed_N5_k5_P4,open,item,Ice cream,Hokey pokey,
gemma3_4b,E1_img_0577_mixed_N1_k1_P1,open,item,Sarod,Hurdy-gurdy,
gemma3_4b,E1_img_0577_mixed_N1_k1_P1,open,country,India,France,
gemma3_4b,E1_img_0577_mixed_N2_k1_P1,open,item,Santur,Hurdy-gurdy,
gemma3_4b,E1_img_0577_mixed_N2_k1_P1,open,country,Iran,France,
gemma3_4b,E1_img_0577_mixed_N3_k1_P1,open,item,Santur,Hurdy-gurdy,
gemma3_4b,E1_img_0577_mixed_N3_k1_P1,open,country,Iran,France,
gemma3_4b,E1_img_0577_mixed_N4_k1_P1,open,item,Sarod,Hurdy-gurdy,
gemma3_4b,E1_img_0577_mixed_N4_k1_P1,open,country,India,France,
gemma3_4b,E2_img_0577_mixed_N5_k1_P1,open,item,Sarod,Hurdy-gurdy,
gemma3_4b,E2_img_0577_mixed_N5_k1_P1,open,country,India,France,
gemma3_4b,E2_img_0577_mixed_N5_k2_P1,open,item,Sarod,Hurdy-gurdy,
gemma3_4b,E2_img_0577_mixed_N5_k2_P1,open,country,India,France,
gemma3_4b,E2_img_0577_mixed_N5_k3_P1,open,item,Santur,Hurdy-gurdy,
gemma3_4b,E2_img_0577_mixed_N5_k3_P1,open,country,Iran,France,
gemma3_4b,E2_img_0577_mixed_N5_k4_P1,open,item,Santur,Hurdy-gurdy,
gemma3_4b,E2_img_0577_mixed_N5_k4_P1,open,country,Iran,France,
gemma3_4b,E2_img_0577_mixed_N5_k5_P1,open,item,Santur,Hurdy-gurdy,
gemma3_4b,E2_img_0577_mixed_N5_k5_P1,open,country,Iran,France,
gemma3_4b,LEAK_img_0577_mixed_leak,open,item,Sitar,Hurdy-gurdy,
gemma3_4b,LEAK_img_0577_mixed_leak,open,country,India,France,
gemma3_4b,E3_img_0577_near_N2_k1_P1,open,item,Santur,Hurdy-gurdy,
gemma3_4b,E3_img_0577_near_N2_k1_P1,open,country,Iran,France,
gemma3_4b,E3_img_0577_near_N5_k1_P1,open,item,Santur,Hurdy-gurdy,
gemma3_4b,E3_img_0577_near_N5_k1_P1,open,country,Iran,France,
gemma3_4b,E3_img_0577_far_N2_k1_P1,open,item,Santur,Hurdy-gurdy,
gemma3_4b,E3_img_0577_far_N2_k1_P1,open,country,Iran,France,
gemma3_4b,E3_img_0577_far_N5_k1_P1,open,item,Santur,Hurdy-gurdy,
gemma3_4b,E3_img_0577_far_N5_k1_P1,open,country,Iran,France,
gemma3_4b,E5_img_0577_mixed_N1_k1_P2,open,item,Sarod,Hurdy-gurdy,
gemma3_4b,E5_img_0577_mixed_N1_k1_P2,open,country,India,France,
gemma3_4b,E5_img_0577_mixed_N2_k1_P2,open,item,Santur,Hurdy-gurdy,
gemma3_4b,E5_img_0577_mixed_N2_k1_P2,open,country,Iran,France,
gemma3_4b,E5_img_0577_mixed_N3_k1_P2,open,item,Sarod,Hurdy-gurdy,
gemma3_4b,E5_img_0577_mixed_N3_k1_P2,open,country,India,France,
gemma3_4b,E5_img_0577_mixed_N4_k1_P2,open,item,Sarod,Hurdy-gurdy,
gemma3_4b,E5_img_0577_mixed_N4_k1_P2,open,country,India,France,
gemma3_4b,E5_img_0577_mixed_N5_k1_P2,open,item,Sarod,Hurdy-gurdy,
gemma3_4b,E5_img_0577_mixed_N5_k1_P2,open,country,India,France,
gemma3_4b,E5_img_0577_mixed_N1_k1_P3,open,item,Sarod,Hurdy-gurdy,
gemma3_4b,E5_img_0577_mixed_N1_k1_P3,open,country,India,France,
gemma3_4b,E5_img_0577_mixed_N2_k1_P3,open,item,Santur,Hurdy-gurdy,
gemma3_4b,E5_img_0577_mixed_N2_k1_P3,open,country,Iran,France,
gemma3_4b,E5_img_0577_mixed_N3_k1_P3,open,item,Sarod,Hurdy-gurdy,
gemma3_4b,E5_img_0577_mixed_N3_k1_P3,open,country,India,France,
gemma3_4b,E5_img_0577_mixed_N4_k1_P3,open,item,Sarod,Hurdy-gurdy,
gemma3_4b,E5_img_0577_mixed_N4_k1_P3,open,country,India,France,
gemma3_4b,E5_img_0577_mixed_N5_k1_P3,open,item,Sarod,Hurdy-gurdy,
gemma3_4b,E5_img_0577_mixed_N5_k1_P3,open,country,India,France,
gemma3_4b,E6_img_0577_mixed_N1_k1_P4,open,item,Sitar,Hurdy-gurdy,
gemma3_4b,E6_img_0577_mixed_N1_k1_P4,open,country,India,France,
gemma3_4b,E6_img_0577_mixed_N2_k1_P4,open,item,Santur,Hurdy-gurdy,
gemma3_4b,E6_img_0577_mixed_N2_k1_P4,open,country,Iran,France,
gemma3_4b,E6_img_0577_mixed_N3_k1_P4,open,item,Sarod,Hurdy-gurdy,
gemma3_4b,E6_img_0577_mixed_N3_k1_P4,open,country,India,France,
gemma3_4b,E6_img_0577_mixed_N4_k1_P4,open,item,Sarod,Hurdy-gurdy,
gemma3_4b,E6_img_0577_mixed_N4_k1_P4,open,country,India,France,
gemma3_4b,E6_img_0577_mixed_N5_k1_P4,open,item,Sarod,Hurdy-gurdy,
gemma3_4b,E6_img_0577_mixed_N5_k1_P4,open,country,India,France,
gemma3_4b,E1_img_0549_mixed_N1_k1_P1,open,item,Morin Khuur,Chuniri,
gemma3_4b,E1_img_0549_mixed_N1_k1_P1,open,country,Mongolia,Georgia,
gemma3_4b,E1_img_0549_mixed_N2_k2_P1,open,item,Gayagash,Chuniri,
gemma3_4b,E1_img_0549_mixed_N2_k2_P1,open,country,Turkey,Georgia,
gemma3_4b,E1_img_0549_mixed_N3_k2_P1,open,item,Bundar,Chuniri,
gemma3_4b,E1_img_0549_mixed_N3_k2_P1,open,country,Turkey,Georgia,
gemma3_4b,E1_img_0549_mixed_N4_k2_P1,open,item,Bundar,Chuniri,
gemma3_4b,E1_img_0549_mixed_N4_k2_P1,open,country,Turkey,Georgia,
gemma3_4b,E2_img_0549_mixed_N5_k1_P1,open,item,Gayagum,Chuniri,
gemma3_4b,E2_img_0549_mixed_N5_k1_P1,open,country,Korea,Georgia,
gemma3_4b,E2_img_0549_mixed_N5_k2_P1,open,item,Oud,Chuniri,
gemma3_4b,E2_img_0549_mixed_N5_k2_P1,open,country,Syria,Georgia,
gemma3_4b,E2_img_0549_mixed_N5_k3_P1,open,item,Oud,Chuniri,
gemma3_4b,E2_img_0549_mixed_N5_k3_P1,open,country,Middle East,Georgia,
gemma3_4b,E2_img_0549_mixed_N5_k4_P1,open,item,Oud,Chuniri,
gemma3_4b,E2_img_0549_mixed_N5_k4_P1,open,country,Middle East,Georgia,
gemma3_4b,E2_img_0549_mixed_N5_k5_P1,open,item,Gayagash,Chuniri,
gemma3_4b,E2_img_0549_mixed_N5_k5_P1,open,country,Turkey,Georgia,
gemma3_4b,LEAK_img_0549_mixed_leak,open,item,Sitar,Chuniri,
gemma3_4b,LEAK_img_0549_mixed_leak,open,country,India,Georgia,
gemma3_4b,E3_img_0549_near_N2_k2_P1,open,item,Morin Khuur,Chuniri,
gemma3_4b,E3_img_0549_near_N2_k2_P1,open,country,Mongolia,Georgia,
gemma3_4b,E3_img_0549_near_N5_k2_P1,open,item,Cimitar,Chuniri,
gemma3_4b,E3_img_0549_near_N5_k2_P1,open,country,Romania,Georgia,
gemma3_4b,E3_img_0549_far_N2_k2_P1,open,item,Gayaga,Chuniri,
gemma3_4b,E3_img_0549_far_N5_k2_P1,open,item,Gayagash,Chuniri,
gemma3_4b,E3_img_0549_far_N5_k2_P1,open,country,Armenia,Georgia,
gemma3_4b,E1_img_0535_mixed_N1_k1_P1,open,item,Kora,Afoxé,
gemma3_4b,E1_img_0535_mixed_N1_k1_P1,open,country,Gambia,Brazil,
gemma3_4b,E1_img_0535_mixed_N2_k1_P1,open,item,Kora,Afoxé,
gemma3_4b,E1_img_0535_mixed_N2_k1_P1,open,country,Gambia,Brazil,
gemma3_4b,E1_img_0535_mixed_N3_k3_P1,open,item,Kora,Afoxé,
gemma3_4b,E1_img_0535_mixed_N3_k3_P1,open,country,Gambia,Brazil,
gemma3_4b,E1_img_0535_mixed_N4_k3_P1,open,item,Kora,Afoxé,
gemma3_4b,E1_img_0535_mixed_N4_k3_P1,open,country,Gambia,Brazil,
gemma3_4b,E2_img_0535_mixed_N5_k1_P1,open,item,Dundun,Afoxé,
gemma3_4b,E2_img_0535_mixed_N5_k1_P1,open,country,Senegal,Brazil,
gemma3_4b,E2_img_0535_mixed_N5_k2_P1,open,item,Kora,Afoxé,
gemma3_4b,E2_img_0535_mixed_N5_k2_P1,open,country,Gambia,Brazil,
gemma3_4b,E2_img_0535_mixed_N5_k3_P1,open,item,Kora,Afoxé,
gemma3_4b,E2_img_0535_mixed_N5_k3_P1,open,country,Gambia,Brazil,
gemma3_4b,E2_img_0535_mixed_N5_k4_P1,open,item,Berimbau,Afoxé,
gemma3_4b,E2_img_0535_mixed_N5_k5_P1,open,item,Shacona,Afoxé,
gemma3_4b,E2_img_0535_mixed_N5_k5_P1,open,country,Guinea,Brazil,
gemma3_4b,LEAK_img_0535_mixed_leak,open,item,Sitar,Afoxé,
gemma3_4b,LEAK_img_0535_mixed_leak,open,country,India,Brazil,
gemma3_4b,E3_img_0535_near_N2_k1_P1,open,item,Dundun,Afoxé,
gemma3_4b,E3_img_0535_near_N2_k1_P1,open,country,Senegal,Brazil,
gemma3_4b,E3_img_0535_near_N5_k3_P1,open,item,Berimbau,Afoxé,
gemma3_4b,E3_img_0535_far_N2_k1_P1,open,item,Kora,Afoxé,
gemma3_4b,E3_img_0535_far_N2_k1_P1,open,country,Gambia,Brazil,
gemma3_4b,E3_img_0535_far_N5_k3_P1,open,item,Kora,Afoxé,
gemma3_4b,E3_img_0535_far_N5_k3_P1,open,country,Gambia,Brazil,
gemma3_4b,E1_img_0584_mixed_N1_k1_P1,open,item,Nyckelharpa,Komuz,
gemma3_4b,E1_img_0584_mixed_N1_k1_P1,open,country,Sweden,Kyrgyzstan,
gemma3_4b,E1_img_0584_mixed_N2_k2_P1,open,item,Morin Khuur,Komuz,
gemma3_4b,E1_img_0584_mixed_N2_k2_P1,open,country,Mongolia,Kyrgyzstan,
gemma3_4b,E1_img_0584_mixed_N3_k1_P1,open,item,Nyatiti,Komuz,
gemma3_4b,E1_img_0584_mixed_N3_k1_P1,open,country,Kenya,Kyrgyzstan,
gemma3_4b,E1_img_0584_mixed_N4_k4_P1,open,item,Nyckelharpa,Komuz,
gemma3_4b,E1_img_0584_mixed_N4_k4_P1,open,country,Sweden,Kyrgyzstan,
gemma3_4b,E2_img_0584_mixed_N5_k1_P1,open,item,Kora,Komuz,
gemma3_4b,E2_img_0584_mixed_N5_k1_P1,open,country,Gambia,Kyrgyzstan,
gemma3_4b,E2_img_0584_mixed_N5_k2_P1,open,item,Kora,Komuz,
gemma3_4b,E2_img_0584_mixed_N5_k2_P1,open,country,Gambia,Kyrgyzstan,
gemma3_4b,E2_img_0584_mixed_N5_k3_P1,open,item,Kamancheh,Komuz,
gemma3_4b,E2_img_0584_mixed_N5_k3_P1,open,country,Iran,Kyrgyzstan,
gemma3_4b,E2_img_0584_mixed_N5_k4_P1,open,item,Nyckelharpa,Komuz,
gemma3_4b,E2_img_0584_mixed_N5_k4_P1,open,country,Sweden,Kyrgyzstan,
gemma3_4b,E2_img_0584_mixed_N5_k5_P1,open,item,Nyckelharpa,Komuz,
gemma3_4b,E2_img_0584_mixed_N5_k5_P1,open,country,Sweden,Kyrgyzstan,
gemma3_4b,LEAK_img_0584_mixed_leak,open,item,Sitar,Komuz,
gemma3_4b,LEAK_img_0584_mixed_leak,open,country,India,Kyrgyzstan,
gemma3_4b,E3_img_0584_near_N2_k2_P1,open,item,Nyckelharpa,Komuz,
gemma3_4b,E3_img_0584_near_N2_k2_P1,open,country,Sweden,Kyrgyzstan,
gemma3_4b,E3_img_0584_near_N5_k4_P1,open,item,Nyckelharpa,Komuz,
gemma3_4b,E3_img_0584_near_N5_k4_P1,open,country,Sweden,Kyrgyzstan,
gemma3_4b,E3_img_0584_far_N2_k2_P1,open,item,Koto,Komuz,
gemma3_4b,E3_img_0584_far_N2_k2_P1,open,country,Japan,Kyrgyzstan,
gemma3_4b,E3_img_0584_far_N5_k4_P1,open,item,Cittern,Komuz,
gemma3_4b,E3_img_0584_far_N5_k4_P1,open,country,United States,Kyrgyzstan,
gemma3_4b,E5_img_0584_mixed_N1_k1_P2,open,item,Nyckelharpa,Komuz,
gemma3_4b,E5_img_0584_mixed_N1_k1_P2,open,country,Sweden,Kyrgyzstan,
gemma3_4b,E5_img_0584_mixed_N2_k2_P2,open,item,Morin Khuur,Komuz,
gemma3_4b,E5_img_0584_mixed_N2_k2_P2,open,country,Mongolia,Kyrgyzstan,
gemma3_4b,E5_img_0584_mixed_N3_k1_P2,open,item,Kora,Komuz,
gemma3_4b,E5_img_0584_mixed_N3_k1_P2,open,country,Gambia,Kyrgyzstan,
gemma3_4b,E5_img_0584_mixed_N4_k4_P2,open,item,Kamancheh,Komuz,
gemma3_4b,E5_img_0584_mixed_N4_k4_P2,open,country,Iran,Kyrgyzstan,
gemma3_4b,E5_img_0584_mixed_N5_k4_P2,open,item,Kamancheh,Komuz,
gemma3_4b,E5_img_0584_mixed_N5_k4_P2,open,country,Iran,Kyrgyzstan,
gemma3_4b,E5_img_0584_mixed_N1_k1_P3,open,item,Nyckelharpa,Komuz,
gemma3_4b,E5_img_0584_mixed_N1_k1_P3,open,country,Sweden,Kyrgyzstan,
gemma3_4b,E5_img_0584_mixed_N2_k2_P3,open,item,Morin Khuur,Komuz,
gemma3_4b,E5_img_0584_mixed_N2_k2_P3,open,country,Mongolia,Kyrgyzstan,
gemma3_4b,E5_img_0584_mixed_N3_k1_P3,open,item,Kora,Komuz,
gemma3_4b,E5_img_0584_mixed_N3_k1_P3,open,country,Gambia,Kyrgyzstan,
gemma3_4b,E5_img_0584_mixed_N4_k4_P3,open,item,Kamancheh,Komuz,
gemma3_4b,E5_img_0584_mixed_N4_k4_P3,open,country,Iran,Kyrgyzstan,
gemma3_4b,E5_img_0584_mixed_N5_k4_P3,open,item,Kamancheh,Komuz,
gemma3_4b,E5_img_0584_mixed_N5_k4_P3,open,country,Iran,Kyrgyzstan,
gemma3_4b,E6_img_0584_mixed_N1_k1_P4,open,item,kora,Komuz,
gemma3_4b,E6_img_0584_mixed_N3_k1_P4,open,item,Kora,Komuz,
gemma3_4b,E6_img_0584_mixed_N3_k1_P4,open,country,Gambia,Kyrgyzstan,
gemma3_4b,E6_img_0584_mixed_N4_k4_P4,open,item,Rebab,Komuz,
gemma3_4b,E6_img_0584_mixed_N5_k4_P4,open,item,Nyckelharpa,Komuz,
gemma3_4b,E6_img_0584_mixed_N5_k4_P4,open,country,Sweden,Kyrgyzstan,
gemma3_4b,E1_img_0632_mixed_N2_k1_P1,open,country,Germany,Spain,
gemma3_4b,E1_img_0632_mixed_N4_k1_P1,open,country,Germany,Spain,
gemma3_4b,E2_img_0632_mixed_N5_k1_P1,open,country,Europe,Spain,
gemma3_4b,E2_img_0632_mixed_N5_k2_P1,open,country,Germany,Spain,
gemma3_4b,E2_img_0632_mixed_N5_k4_P1,open,country,Italy,Spain,
gemma3_4b,LEAK_img_0632_mixed_leak,open,item,Sitar,Trikiti,
gemma3_4b,LEAK_img_0632_mixed_leak,open,country,India,Spain,
gemma3_4b,E3_img_0632_far_N5_k5_P1,open,country,Italy,Spain,
gemma3_4b,E1_img_0547_mixed_N1_k1_P1,open,item,Tiple,Caña de millo,
gemma3_4b,E1_img_0547_mixed_N2_k2_P1,open,item,Tiple,Caña de millo,
gemma3_4b,E1_img_0547_mixed_N3_k3_P1,open,item,Tiple,Caña de millo,
gemma3_4b,E1_img_0547_mixed_N3_k3_P1,open,country,Ecuador,Colombia,
gemma3_4b,E1_img_0547_mixed_N4_k2_P1,open,item,Tiple,Caña de millo,
gemma3_4b,E2_img_0547_mixed_N5_k1_P1,open,item,Quena,Caña de millo,
gemma3_4b,E2_img_0547_mixed_N5_k1_P1,open,country,Peru,Colombia,
gemma3_4b,E2_img_0547_mixed_N5_k2_P1,open,item,Tarka,Caña de millo,
gemma3_4b,E2_img_0547_mixed_N5_k2_P1,open,country,Ecuador,Colombia,
gemma3_4b,E2_img_0547_mixed_N5_k3_P1,open,item,Tiple,Caña de millo,
gemma3_4b,E2_img_0547_mixed_N5_k4_P1,open,item,Tiple,Caña de millo,
gemma3_4b,E2_img_0547_mixed_N5_k5_P1,open,item,Zampoña,Caña de millo,
gemma3_4b,E2_img_0547_mixed_N5_k5_P1,open,country,Peru,Colombia,
gemma3_4b,LEAK_img_0547_mixed_leak,open,item,Sitar,Caña de millo,
gemma3_4b,LEAK_img_0547_mixed_leak,open,country,India,Colombia,
gemma3_4b,E3_img_0547_near_N2_k2_P1,open,item,Tiple,Caña de millo,
gemma3_4b,E3_img_0547_near_N5_k1_P1,open,item,Zampona,Caña de millo,
gemma3_4b,E3_img_0547_near_N5_k1_P1,open,country,Ecuador,Colombia,
gemma3_4b,E3_img_0547_far_N2_k2_P1,open,item,Tiple,Caña de millo,
gemma3_4b,E3_img_0547_far_N5_k1_P1,open,item,Quena,Caña de millo,
gemma3_4b,E3_img_0547_far_N5_k1_P1,open,country,Peru,Colombia,
gemma3_4b,E1_img_0610_mixed_N1_k1_P1,open,item,Guzheng,Sanshin,
gemma3_4b,E1_img_0610_mixed_N1_k1_P1,open,country,China,Japan,
gemma3_4b,E1_img_0610_mixed_N2_k1_P1,open,item,Morin Khuur,Sanshin,
gemma3_4b,E1_img_0610_mixed_N2_k1_P1,open,country,Mongolia,Japan,
gemma3_4b,E1_img_0610_mixed_N3_k1_P1,open,item,Morin Khuur,Sanshin,
gemma3_4b,E1_img_0610_mixed_N3_k1_P1,open,country,Mongolia,Japan,
gemma3_4b,E1_img_0610_mixed_N4_k3_P1,open,item,Pipa,Sanshin,
gemma3_4b,E1_img_0610_mixed_N4_k3_P1,open,country,China,Japan,
gemma3_4b,E2_img_0610_mixed_N5_k1_P1,open,item,Pipa,Sanshin,
gemma3_4b,E2_img_0610_mixed_N5_k1_P1,open,country,China,Japan,
gemma3_4b,E2_img_0610_mixed_N5_k2_P1,open,item,Dotara,Sanshin,
gemma3_4b,E2_img_0610_mixed_N5_k3_P1,open,item,Erhu,Sanshin,
gemma3_4b,E2_img_0610_mixed_N5_k3_P1,open,country,China,Japan,
gemma3_4b,E2_img_0610_mixed_N5_k4_P1,open,item,Pipa,Sanshin,
gemma3_4b,E2_img_0610_mixed_N5_k4_P1,open,country,China,Japan,
gemma3_4b,E2_img_0610_mixed_N5_k5_P1,open,item,Morin Khuur,Sanshin,
gemma3_4b,E2_img_0610_mixed_N5_k5_P1,open,country,Mongolia,Japan,
gemma3_4b,LEAK_img_0610_mixed_leak,open,item,Sitar,Sanshin,
gemma3_4b,E3_img_0610_near_N2_k1_P1,open,item,Suoheng,Sanshin,
gemma3_4b,E3_img_0610_near_N2_k1_P1,open,country,China,Japan,
gemma3_4b,E3_img_0610_near_N5_k2_P1,open,item,Morin Khuur,Sanshin,
gemma3_4b,E3_img_0610_near_N5_k2_P1,open,country,Mongolia,Japan,
gemma3_4b,E3_img_0610_far_N2_k1_P1,open,item,Kakko,Sanshin,
gemma3_4b,E3_img_0610_far_N5_k2_P1,open,item,Morin Khuur,Sanshin,
gemma3_4b,E3_img_0610_far_N5_k2_P1,open,country,Mongolia,Japan,
gemma3_4b,E5_img_0610_mixed_N1_k1_P2,open,item,Guanzi,Sanshin,
gemma3_4b,E5_img_0610_mixed_N1_k1_P2,open,country,China,Japan,
gemma3_4b,E5_img_0610_mixed_N2_k1_P2,open,item,Morin Khuur,Sanshin,
gemma3_4b,E5_img_0610_mixed_N2_k1_P2,open,country,Mongolia,Japan,
gemma3_4b,E5_img_0610_mixed_N3_k1_P2,open,item,Morin Khuur,Sanshin,
gemma3_4b,E5_img_0610_mixed_N3_k1_P2,open,country,Mongolia,Japan,
gemma3_4b,E5_img_0610_mixed_N4_k3_P2,open,item,Pipa,Sanshin,
gemma3_4b,E5_img_0610_mixed_N4_k3_P2,open,country,China,Japan,
gemma3_4b,E5_img_0610_mixed_N5_k2_P2,open,item,Dotara,Sanshin,
gemma3_4b,E5_img_0610_mixed_N1_k1_P3,open,item,Ghatam,Sanshin,
gemma3_4b,E5_img_0610_mixed_N2_k1_P3,open,item,Morin Khuur,Sanshin,
gemma3_4b,E5_img_0610_mixed_N2_k1_P3,open,country,Mongolia,Japan,
gemma3_4b,E5_img_0610_mixed_N3_k1_P3,open,item,Morin Khuur,Sanshin,
gemma3_4b,E5_img_0610_mixed_N3_k1_P3,open,country,Mongolia,Japan,
gemma3_4b,E5_img_0610_mixed_N4_k3_P3,open,item,Tanbur,Sanshin,
gemma3_4b,E5_img_0610_mixed_N4_k3_P3,open,country,Uzbekistan,Japan,
gemma3_4b,E5_img_0610_mixed_N5_k2_P3,open,item,Dotara,Sanshin,
gemma3_4b,E6_img_0610_mixed_N1_k1_P4,open,item,guzheng,Sanshin,
gemma3_4b,E6_img_0610_mixed_N1_k1_P4,open,country,China,Japan,
gemma3_4b,E6_img_0610_mixed_N3_k1_P4,open,item,Gaohu,Sanshin,
gemma3_4b,E6_img_0610_mixed_N3_k1_P4,open,country,China,Japan,
gemma3_4b,E6_img_0610_mixed_N5_k2_P4,open,item,Gezhe,Sanshin,
gemma3_4b,E6_img_0610_mixed_N5_k2_P4,open,country,China,Japan,
gemma3_4b,E1_img_0571_mixed_N1_k1_P1,open,item,Jarana,Güira,
gemma3_4b,E1_img_0571_mixed_N1_k1_P1,open,country,Mexico,Dominican Republic,
gemma3_4b,E1_img_0571_mixed_N2_k2_P1,open,item,Jarana,Güira,
gemma3_4b,E1_img_0571_mixed_N2_k2_P1,open,country,Mexico,Dominican Republic,
gemma3_4b,E1_img_0571_mixed_N3_k2_P1,open,item,Taromba,Güira,
gemma3_4b,E1_img_0571_mixed_N3_k2_P1,open,country,Mexico,Dominican Republic,
gemma3_4b,E1_img_0571_mixed_N4_k4_P1,open,item,Squeeler,Güira,
gemma3_4b,E1_img_0571_mixed_N4_k4_P1,open,country,Mexico,Dominican Republic,
gemma3_4b,E2_img_0571_mixed_N5_k1_P1,open,item,Tar (or Tarangu),Güira,
gemma3_4b,E2_img_0571_mixed_N5_k1_P1,open,country,Colombia,Dominican Republic,
gemma3_4b,E2_img_0571_mixed_N5_k2_P1,open,item,Ghatam,Güira,
gemma3_4b,E2_img_0571_mixed_N5_k2_P1,open,country,India,Dominican Republic,
gemma3_4b,E2_img_0571_mixed_N5_k3_P1,open,item,Ghatam,Güira,
gemma3_4b,E2_img_0571_mixed_N5_k3_P1,open,country,India,Dominican Republic,
gemma3_4b,E2_img_0571_mixed_N5_k4_P1,open,item,Tabor,Güira,
gemma3_4b,E2_img_0571_mixed_N5_k4_P1,open,country,Spain,Dominican Republic,
gemma3_4b,E2_img_0571_mixed_N5_k5_P1,open,item,Siku,Güira,
gemma3_4b,E2_img_0571_mixed_N5_k5_P1,open,country,Mexico,Dominican Republic,
gemma3_4b,LEAK_img_0571_mixed_leak,open,item,Sitar,Güira,
gemma3_4b,LEAK_img_0571_mixed_leak,open,country,India,Dominican Republic,
gemma3_4b,E3_img_0571_near_N2_k2_P1,open,item,Tiple,Güira,
gemma3_4b,E3_img_0571_near_N5_k3_P1,open,item,Tiple,Güira,
gemma3_4b,E3_img_0571_near_N5_k3_P1,open,country,Peru,Dominican Republic,
gemma3_4b,E3_img_0571_far_N2_k2_P1,open,item,Jarana,Güira,
gemma3_4b,E3_img_0571_far_N2_k2_P1,open,country,Mexico,Dominican Republic,
gemma3_4b,E3_img_0571_far_N5_k3_P1,open,item,Ghatam,Güira,
gemma3_4b,E1_img_0566_mixed_N1_k1_P1,open,item,Ketuk instrument,Gendang beleq,
gemma3_4b,E1_img_0566_mixed_N2_k1_P1,open,item,Gamelan drums,Gendang beleq,
gemma3_4b,E1_img_0566_mixed_N3_k3_P1,open,item,Gamelan drums,Gendang beleq,
gemma3_4b,E1_img_0566_mixed_N4_k1_P1,open,item,Gamelan drums,Gendang beleq,
gemma3_4b,E2_img_0566_mixed_N5_k1_P1,open,item,Gamelan drums,Gendang beleq,
gemma3_4b,E2_img_0566_mixed_N5_k2_P1,open,item,Gamelan drums,Gendang beleq,
gemma3_4b,E2_img_0566_mixed_N5_k3_P1,open,item,Gamelan drums,Gendang beleq,
gemma3_4b,E2_img_0566_mixed_N5_k4_P1,open,item,Ketuk Drums,Gendang beleq,
gemma3_4b,E2_img_0566_mixed_N5_k5_P1,open,item,Drums,Gendang beleq,
gemma3_4b,LEAK_img_0566_mixed_leak,open,item,Sitar,Gendang beleq,
gemma3_4b,LEAK_img_0566_mixed_leak,open,country,India,Indonesia,
gemma3_4b,E3_img_0566_near_N2_k1_P1,open,item,Gamelan drums,Gendang beleq,
gemma3_4b,E3_img_0566_near_N5_k4_P1,open,item,Ketuk Drums,Gendang beleq,
gemma3_4b,E3_img_0566_far_N2_k1_P1,open,item,Gamelan drums,Gendang beleq,
gemma3_4b,E3_img_0566_far_N5_k4_P1,open,item,Ketuk Drums,Gendang beleq,
gemma3_4b,E1_img_0582_mixed_N1_k1_P1,open,item,Nyckelharpa,Kokle,
gemma3_4b,E1_img_0582_mixed_N1_k1_P1,open,country,Sweden,Latvia,
gemma3_4b,E1_img_0582_mixed_N2_k2_P1,open,item,Hurdy-gurdy,Kokle,
gemma3_4b,E1_img_0582_mixed_N2_k2_P1,open,country,France,Latvia,
gemma3_4b,E1_img_0582_mixed_N3_k1_P1,open,item,Hurdy-gurdy,Kokle,
gemma3_4b,E1_img_0582_mixed_N3_k1_P1,open,country,France,Latvia,
gemma3_4b,E1_img_0582_mixed_N4_k2_P1,open,item,Nyckelharpa,Kokle,
gemma3_4b,E1_img_0582_mixed_N4_k2_P1,open,country,Sweden,Latvia,
gemma3_4b,E2_img_0582_mixed_N5_k1_P1,open,item,Nyckelharpa,Kokle,
gemma3_4b,E2_img_0582_mixed_N5_k1_P1,open,country,Sweden,Latvia,
gemma3_4b,E2_img_0582_mixed_N5_k2_P1,open,item,Nyckelharpa,Kokle,
gemma3_4b,E2_img_0582_mixed_N5_k2_P1,open,country,Sweden,Latvia,
gemma3_4b,E2_img_0582_mixed_N5_k3_P1,open,item,Hurdy-gurdy,Kokle,
gemma3_4b,E2_img_0582_mixed_N5_k3_P1,open,country,France,Latvia,
gemma3_4b,E2_img_0582_mixed_N5_k4_P1,open,item,Hurdy-gurdy,Kokle,
gemma3_4b,E2_img_0582_mixed_N5_k4_P1,open,country,France,Latvia,
gemma3_4b,E2_img_0582_mixed_N5_k5_P1,open,item,Hurdy-gurdy,Kokle,
gemma3_4b,E2_img_0582_mixed_N5_k5_P1,open,country,France,Latvia,
gemma3_4b,E3_img_0582_far_N2_k2_P1,open,item,Hurdy-gurdy,Kokle,
gemma3_4b,E3_img_0582_far_N2_k2_P1,open,country,France,Latvia,
gemma3_4b,E3_img_0582_far_N5_k5_P1,open,item,Cimitar,Kokle,
gemma3_4b,E3_img_0582_far_N5_k5_P1,open,country,Romania,Latvia,
gemma3_4b,E5_img_0582_mixed_N1_k1_P2,open,item,Nyckelharpa,Kokle,
gemma3_4b,E5_img_0582_mixed_N1_k1_P2,open,country,Sweden,Latvia,
gemma3_4b,E5_img_0582_mixed_N2_k2_P2,open,item,Nyckelharpa,Kokle,
gemma3_4b,E5_img_0582_mixed_N2_k2_P2,open,country,Sweden,Latvia,
gemma3_4b,E5_img_0582_mixed_N3_k1_P2,open,item,Nyckelharpa,Kokle,
gemma3_4b,E5_img_0582_mixed_N3_k1_P2,open,country,Sweden,Latvia,
gemma3_4b,E5_img_0582_mixed_N4_k2_P2,open,item,Nyckelharpa,Kokle,
gemma3_4b,E5_img_0582_mixed_N4_k2_P2,open,country,Sweden,Latvia,
gemma3_4b,E5_img_0582_mixed_N5_k5_P2,open,item,Hurdy-gurdy,Kokle,
gemma3_4b,E5_img_0582_mixed_N5_k5_P2,open,country,France,Latvia,
gemma3_4b,E5_img_0582_mixed_N1_k1_P3,open,item,Nyckelharpa,Kokle,
gemma3_4b,E5_img_0582_mixed_N1_k1_P3,open,country,Sweden,Latvia,
gemma3_4b,E5_img_0582_mixed_N2_k2_P3,open,item,Nyckelharpa,Kokle,
gemma3_4b,E5_img_0582_mixed_N2_k2_P3,open,country,Sweden,Latvia,
gemma3_4b,E5_img_0582_mixed_N3_k1_P3,open,item,Nyckelharpa,Kokle,
gemma3_4b,E5_img_0582_mixed_N3_k1_P3,open,country,Sweden,Latvia,
gemma3_4b,E5_img_0582_mixed_N4_k2_P3,open,item,Nyckelharpa,Kokle,
gemma3_4b,E5_img_0582_mixed_N4_k2_P3,open,country,Sweden,Latvia,
gemma3_4b,E5_img_0582_mixed_N5_k5_P3,open,item,Cimitar,Kokle,
gemma3_4b,E5_img_0582_mixed_N5_k5_P3,open,country,Romania,Latvia,
gemma3_4b,E6_img_0582_mixed_N1_k1_P4,open,item,Nyckelharpa,Kokle,
gemma3_4b,E6_img_0582_mixed_N1_k1_P4,open,country,Sweden,Latvia,
gemma3_4b,E6_img_0582_mixed_N3_k1_P4,open,item,Zither,Kokle,
gemma3_4b,E6_img_0582_mixed_N3_k1_P4,open,country,Germany,Latvia,
gemma3_4b,E6_img_0582_mixed_N5_k5_P4,open,item,Harp,Kokle,
gemma3_4b,E1_img_0581_mixed_N1_k1_P1,open,item,Kethuk,Kendang,
gemma3_4b,E2_img_0581_mixed_N5_k2_P1,open,item,Kethok,Kendang,
gemma3_4b,E2_img_0581_mixed_N5_k3_P1,open,item,Kethuk,Kendang,
gemma3_4b,E2_img_0581_mixed_N5_k4_P1,open,item,Kemok,Kendang,
gemma3_4b,E2_img_0581_mixed_N5_k5_P1,open,item,Drum,Kendang,
gemma3_4b,LEAK_img_0581_mixed_leak,open,item,Sitar,Kendang,
gemma3_4b,LEAK_img_0581_mixed_leak,open,country,India,Indonesia,
gemma3_4b,E3_img_0581_near_N5_k1_P1,open,item,Genderbau,Kendang,
gemma3_4b,E1_img_0624_mixed_N1_k1_P1,open,item,Darbuka,Taarija,
gemma3_4b,E1_img_0624_mixed_N2_k2_P1,open,item,Darbuka,Taarija,
gemma3_4b,E1_img_0624_mixed_N2_k2_P1,open,country,Turkey,Morocco,
gemma3_4b,E1_img_0624_mixed_N3_k3_P1,open,item,Darbuka,Taarija,
gemma3_4b,E1_img_0624_mixed_N3_k3_P1,open,country,Turkey,Morocco,
gemma3_4b,E1_img_0624_mixed_N4_k4_P1,open,item,Darbuka,Taarija,
gemma3_4b,E1_img_0624_mixed_N4_k4_P1,open,country,Turkey,Morocco,
gemma3_4b,E2_img_0624_mixed_N5_k1_P1,open,item,Darbuka,Taarija,
gemma3_4b,E2_img_0624_mixed_N5_k1_P1,open,country,Turkey,Morocco,
gemma3_4b,E2_img_0624_mixed_N5_k2_P1,open,item,Darbuka,Taarija,
gemma3_4b,E2_img_0624_mixed_N5_k2_P1,open,country,Turkey,Morocco,
gemma3_4b,E2_img_0624_mixed_N5_k3_P1,open,item,Darbuka,Taarija,
gemma3_4b,E2_img_0624_mixed_N5_k3_P1,open,country,Egypt,Morocco,
gemma3_4b,E2_img_0624_mixed_N5_k4_P1,open,item,Darbuka,Taarija,
gemma3_4b,E2_img_0624_mixed_N5_k4_P1,open,country,Turkey,Morocco,
gemma3_4b,E2_img_0624_mixed_N5_k5_P1,open,item,Darbuka,Taarija,
gemma3_4b,E2_img_0624_mixed_N5_k5_P1,open,country,Turkey,Morocco,
gemma3_4b,LEAK_img_0624_mixed_leak,open,item,Sitar,Taarija,
gemma3_4b,LEAK_img_0624_mixed_leak,open,country,India,Morocco,
gemma3_4b,E3_img_0624_near_N2_k2_P1,open,item,Darbuka,Taarija,
gemma3_4b,E3_img_0624_near_N2_k2_P1,open,country,Turkey,Morocco,
gemma3_4b,E3_img_0624_near_N5_k2_P1,open,item,Darbuka,Taarija,
gemma3_4b,E3_img_0624_near_N5_k2_P1,open,country,Turkey,Morocco,
gemma3_4b,E3_img_0624_far_N2_k2_P1,open,item,Darbuka,Taarija,
gemma3_4b,E3_img_0624_far_N2_k2_P1,open,country,Turkey,Morocco,
gemma3_4b,E3_img_0624_far_N5_k2_P1,open,item,Darbuka,Taarija,
gemma3_4b,E3_img_0624_far_N5_k2_P1,open,country,Turkey,Morocco,
gemma3_4b,E1_img_0561_mixed_N1_k1_P1,open,item,Zither,Fujara,
gemma3_4b,E1_img_0561_mixed_N2_k1_P1,open,item,Duduk,Fujara,
gemma3_4b,E1_img_0561_mixed_N2_k1_P1,open,country,Armenia,Slovakia,
gemma3_4b,E1_img_0561_mixed_N3_k1_P1,open,item,Duduk,Fujara,
gemma3_4b,E1_img_0561_mixed_N3_k1_P1,open,country,Armenia,Slovakia,
gemma3_4b,E1_img_0561_mixed_N4_k1_P1,open,item,Duduk,Fujara,
gemma3_4b,E1_img_0561_mixed_N4_k1_P1,open,country,Armenia,Slovakia,
gemma3_4b,E2_img_0561_mixed_N5_k1_P1,open,item,Dudú,Fujara,
gemma3_4b,E2_img_0561_mixed_N5_k1_P1,open,country,Romania,Slovakia,
gemma3_4b,E2_img_0561_mixed_N5_k2_P1,open,item,Dungchen,Fujara,
gemma3_4b,E2_img_0561_mixed_N5_k3_P1,open,item,Dzo,Fujara,
gemma3_4b,E2_img_0561_mixed_N5_k4_P1,open,item,Duduk,Fujara,
gemma3_4b,E2_img_0561_mixed_N5_k4_P1,open,country,Slovenia,Slovakia,
gemma3_4b,E2_img_0561_mixed_N5_k5_P1,open,item,Duduk,Fujara,
gemma3_4b,E2_img_0561_mixed_N5_k5_P1,open,country,Armenia,Slovakia,
gemma3_4b,LEAK_img_0561_mixed_leak,open,item,Sitar,Fujara,
gemma3_4b,LEAK_img_0561_mixed_leak,open,country,India,Slovakia,
gemma3_4b,E3_img_0561_near_N2_k1_P1,open,item,Lur,Fujara,
gemma3_4b,E3_img_0561_near_N2_k1_P1,open,country,Slovenia,Slovakia,
gemma3_4b,E3_img_0561_near_N5_k3_P1,open,item,Zurna,Fujara,
gemma3_4b,E3_img_0561_near_N5_k3_P1,open,country,Turkey,Slovakia,
gemma3_4b,E3_img_0561_far_N2_k1_P1,open,item,Zurna,Fujara,
gemma3_4b,E3_img_0561_far_N2_k1_P1,open,country,Turkey,Slovakia,
gemma3_4b,E3_img_0561_far_N5_k3_P1,open,item,Zurna,Fujara,
gemma3_4b,E3_img_0561_far_N5_k3_P1,open,country,Turkey,Slovakia,
gemma3_4b,E5_img_0561_mixed_N1_k1_P2,open,item,Zither,Fujara,
gemma3_4b,E5_img_0561_mixed_N1_k1_P2,open,country,Austria,Slovakia,
gemma3_4b,E5_img_0561_mixed_N2_k1_P2,open,item,Duduk,Fujara,
gemma3_4b,E5_img_0561_mixed_N2_k1_P2,open,country,Armenia,Slovakia,
gemma3_4b,E5_img_0561_mixed_N3_k1_P2,open,item,Duduk,Fujara,
gemma3_4b,E5_img_0561_mixed_N3_k1_P2,open,country,Armenia,Slovakia,
gemma3_4b,E5_img_0561_mixed_N4_k1_P2,open,item,Duduk,Fujara,
gemma3_4b,E5_img_0561_mixed_N4_k1_P2,open,country,Armenia,Slovakia,
gemma3_4b,E5_img_0561_mixed_N5_k3_P2,open,item,Morin Khuur,Fujara,
gemma3_4b,E5_img_0561_mixed_N5_k3_P2,open,country,Mongolia,Slovakia,
gemma3_4b,E5_img_0561_mixed_N1_k1_P3,open,item,Zither,Fujara,
gemma3_4b,E5_img_0561_mixed_N2_k1_P3,open,item,Duduk,Fujara,
gemma3_4b,E5_img_0561_mixed_N2_k1_P3,open,country,Armenia,Slovakia,
gemma3_4b,E5_img_0561_mixed_N3_k1_P3,open,item,Duduk,Fujara,
gemma3_4b,E5_img_0561_mixed_N3_k1_P3,open,country,Armenia,Slovakia,
gemma3_4b,E5_img_0561_mixed_N4_k1_P3,open,item,Duduk,Fujara,
gemma3_4b,E5_img_0561_mixed_N4_k1_P3,open,country,Armenia,Slovakia,
gemma3_4b,E5_img_0561_mixed_N5_k3_P3,open,item,Morin Khuur,Fujara,
gemma3_4b,E5_img_0561_mixed_N5_k3_P3,open,country,Mongolia,Slovakia,
gemma3_4b,E6_img_0561_mixed_N1_k1_P4,open,item,Nyckelharpa,Fujara,
gemma3_4b,E6_img_0561_mixed_N1_k1_P4,open,country,Sweden,Slovakia,
gemma3_4b,E6_img_0561_mixed_N2_k1_P4,open,item,duda,Fujara,
gemma3_4b,E6_img_0561_mixed_N4_k1_P4,open,item,Dudú,Fujara,
gemma3_4b,E6_img_0561_mixed_N4_k1_P4,open,country,Romania,Slovakia,
gemma3_4b,E1_img_0564_mixed_N1_k1_P1,open,item,Gamelan instrument,Gangsa,
gemma3_4b,E1_img_0564_mixed_N2_k2_P1,open,item,Gamelan,Gangsa,
gemma3_4b,E1_img_0564_mixed_N3_k2_P1,open,item,Gamelan,Gangsa,
gemma3_4b,E1_img_0564_mixed_N4_k2_P1,open,item,Gamelan,Gangsa,
gemma3_4b,E2_img_0564_mixed_N5_k1_P1,open,item,Gender Wayang,Gangsa,
gemma3_4b,E2_img_0564_mixed_N5_k2_P1,open,item,Gamelan,Gangsa,
gemma3_4b,E2_img_0564_mixed_N5_k3_P1,open,item,Gamelan instrument,Gangsa,
gemma3_4b,E2_img_0564_mixed_N5_k4_P1,open,item,Gamelan,Gangsa,
gemma3_4b,E2_img_0564_mixed_N5_k5_P1,open,item,Gamelan,Gangsa,
gemma3_4b,LEAK_img_0564_mixed_leak,open,item,Sitar,Gangsa,
gemma3_4b,LEAK_img_0564_mixed_leak,open,country,India,Indonesia,
gemma3_4b,E3_img_0564_near_N2_k2_P1,open,item,Gamelan,Gangsa,
gemma3_4b,E3_img_0564_near_N5_k4_P1,open,item,Gamelan,Gangsa,
gemma3_4b,E3_img_0564_far_N2_k2_P1,open,item,Gamelan,Gangsa,
gemma3_4b,E3_img_0564_far_N5_k4_P1,open,item,Gamelan,Gangsa,
gemma3_4b,E1_img_0604_mixed_N1_k1_P1,open,item,Gamelan instrument,Poeng mang,
gemma3_4b,E1_img_0604_mixed_N2_k1_P1,open,item,Gamelan,Poeng mang,
gemma3_4b,E1_img_0604_mixed_N3_k3_P1,open,item,Gamelan,Poeng mang,
gemma3_4b,E1_img_0604_mixed_N4_k3_P1,open,item,Gamelan,Poeng mang,
gemma3_4b,E2_img_0604_mixed_N5_k1_P1,open,item,Gamelan,Poeng mang,
gemma3_4b,E2_img_0604_mixed_N5_k2_P1,open,item,Gamelan,Poeng mang,
gemma3_4b,E2_img_0604_mixed_N5_k3_P1,open,item,Gamelan,Poeng mang,
gemma3_4b,E2_img_0604_mixed_N5_k4_P1,open,item,Gamelan,Poeng mang,
gemma3_4b,E2_img_0604_mixed_N5_k5_P1,open,item,Gamelan,Poeng mang,
gemma3_4b,LEAK_img_0604_mixed_leak,open,item,Sitar,Poeng mang,
gemma3_4b,LEAK_img_0604_mixed_leak,open,country,India,Thailand,
gemma3_4b,E3_img_0604_near_N2_k1_P1,open,item,Gamelan,Poeng mang,
gemma3_4b,E3_img_0604_near_N2_k1_P1,open,country,Indonesia,Thailand,
gemma3_4b,E3_img_0604_near_N5_k5_P1,open,item,Gamelan,Poeng mang,
gemma3_4b,E3_img_0604_near_N5_k5_P1,open,country,Indonesia,Thailand,
gemma3_4b,E3_img_0604_far_N2_k1_P1,open,item,Gamelan,Poeng mang,
gemma3_4b,E3_img_0604_far_N2_k1_P1,open,country,Indonesia,Thailand,
gemma3_4b,E3_img_0604_far_N5_k5_P1,open,item,Gongs,Poeng mang,
gemma3_4b,E1_img_0628_mixed_N1_k1_P1,open,item,Oud,Tambura,
gemma3_4b,E1_img_0628_mixed_N2_k2_P1,open,item,Oud,Tambura,
gemma3_4b,E1_img_0628_mixed_N2_k2_P1,open,country,Turkey,Bulgaria,
gemma3_4b,E1_img_0628_mixed_N3_k1_P1,open,item,Oud,Tambura,
gemma3_4b,E1_img_0628_mixed_N3_k1_P1,open,country,Turkey,Bulgaria,
gemma3_4b,E1_img_0628_mixed_N4_k4_P1,open,item,Oud,Tambura,
gemma3_4b,E1_img_0628_mixed_N4_k4_P1,open,country,Turkey,Bulgaria,
gemma3_4b,E2_img_0628_mixed_N5_k1_P1,open,item,Oud,Tambura,
gemma3_4b,E2_img_0628_mixed_N5_k1_P1,open,country,Turkey,Bulgaria,
gemma3_4b,E2_img_0628_mixed_N5_k2_P1,open,item,Oud,Tambura,
gemma3_4b,E2_img_0628_mixed_N5_k2_P1,open,country,Turkey,Bulgaria,
gemma3_4b,E2_img_0628_mixed_N5_k3_P1,open,item,Oud,Tambura,
gemma3_4b,E2_img_0628_mixed_N5_k3_P1,open,country,Turkey,Bulgaria,
gemma3_4b,E2_img_0628_mixed_N5_k4_P1,open,item,Oud,Tambura,
gemma3_4b,E2_img_0628_mixed_N5_k4_P1,open,country,Turkey,Bulgaria,
gemma3_4b,E2_img_0628_mixed_N5_k5_P1,open,item,Oud,Tambura,
gemma3_4b,E2_img_0628_mixed_N5_k5_P1,open,country,Turkey,Bulgaria,
gemma3_4b,LEAK_img_0628_mixed_leak,open,item,Sitar,Tambura,
gemma3_4b,E3_img_0628_near_N2_k2_P1,open,item,Oud,Tambura,
gemma3_4b,E3_img_0628_near_N2_k2_P1,open,country,Turkey,Bulgaria,
gemma3_4b,E3_img_0628_near_N5_k1_P1,open,item,Balaban,Tambura,
gemma3_4b,E3_img_0628_near_N5_k1_P1,open,country,Turkey,Bulgaria,
gemma3_4b,E3_img_0628_far_N2_k2_P1,open,item,Oud,Tambura,
gemma3_4b,E3_img_0628_far_N2_k2_P1,open,country,Turkey,Bulgaria,
gemma3_4b,E3_img_0628_far_N5_k1_P1,open,item,Balaban,Tambura,
gemma3_4b,E3_img_0628_far_N5_k1_P1,open,country,Turkey,Bulgaria,
gemma3_4b,E5_img_0628_mixed_N1_k1_P2,open,item,Oud,Tambura,
gemma3_4b,E5_img_0628_mixed_N1_k1_P2,open,country,Middle East,Bulgaria,
gemma3_4b,E5_img_0628_mixed_N2_k2_P2,open,item,Mandolin,Tambura,
gemma3_4b,E5_img_0628_mixed_N2_k2_P2,open,country,Turkey,Bulgaria,
gemma3_4b,E5_img_0628_mixed_N3_k1_P2,open,item,Oud,Tambura,
gemma3_4b,E5_img_0628_mixed_N3_k1_P2,open,country,Turkey,Bulgaria,
gemma3_4b,E5_img_0628_mixed_N4_k4_P2,open,item,Oud,Tambura,
gemma3_4b,E5_img_0628_mixed_N4_k4_P2,open,country,Turkey,Bulgaria,
gemma3_4b,E5_img_0628_mixed_N5_k1_P2,open,item,Oud,Tambura,
gemma3_4b,E5_img_0628_mixed_N5_k1_P2,open,country,Turkey,Bulgaria,
gemma3_4b,E5_img_0628_mixed_N1_k1_P3,open,item,Oud,Tambura,
gemma3_4b,E5_img_0628_mixed_N1_k1_P3,open,country,Middle East,Bulgaria,
gemma3_4b,E5_img_0628_mixed_N2_k2_P3,open,item,Mandolin,Tambura,
gemma3_4b,E5_img_0628_mixed_N2_k2_P3,open,country,Turkey,Bulgaria,
gemma3_4b,E5_img_0628_mixed_N3_k1_P3,open,item,Oud,Tambura,
gemma3_4b,E5_img_0628_mixed_N3_k1_P3,open,country,Turkey,Bulgaria,
gemma3_4b,E5_img_0628_mixed_N4_k4_P3,open,item,Oud,Tambura,
gemma3_4b,E5_img_0628_mixed_N4_k4_P3,open,country,Turkey,Bulgaria,
gemma3_4b,E5_img_0628_mixed_N5_k1_P3,open,item,Oud,Tambura,
gemma3_4b,E5_img_0628_mixed_N5_k1_P3,open,country,Turkey,Bulgaria,
gemma3_4b,E6_img_0628_mixed_N1_k1_P4,open,item,Balaban,Tambura,
gemma3_4b,E6_img_0628_mixed_N1_k1_P4,open,country,Turkey,Bulgaria,
gemma3_4b,E6_img_0628_mixed_N3_k1_P4,open,item,Oud,Tambura,
gemma3_4b,E6_img_0628_mixed_N3_k1_P4,open,country,Middle East,Bulgaria,
gemma3_4b,E6_img_0628_mixed_N4_k4_P4,open,item,Oud,Tambura,
gemma3_4b,E6_img_0628_mixed_N4_k4_P4,open,country,Turkey,Bulgaria,
gemma3_4b,E6_img_0628_mixed_N5_k1_P4,open,item,Ud,Tambura,
gemma3_4b,E6_img_0628_mixed_N5_k1_P4,open,country,Turkey,Bulgaria,
gemma3_4b,E1_img_0608_mixed_N1_k1_P1,open,item,Ukulele,Requinto jarocho,
gemma3_4b,E1_img_0608_mixed_N2_k1_P1,open,item,Ukulele,Requinto jarocho,
gemma3_4b,E1_img_0608_mixed_N2_k1_P1,open,country,Hawaii,Mexico,
gemma3_4b,E1_img_0608_mixed_N3_k2_P1,open,item,Ukulele,Requinto jarocho,
gemma3_4b,E1_img_0608_mixed_N3_k2_P1,open,country,Hawaii,Mexico,
gemma3_4b,E1_img_0608_mixed_N4_k1_P1,open,item,Ukulele,Requinto jarocho,
gemma3_4b,E1_img_0608_mixed_N4_k1_P1,open,country,Hawaii,Mexico,
gemma3_4b,E2_img_0608_mixed_N5_k1_P1,open,item,Ukulele,Requinto jarocho,
gemma3_4b,E2_img_0608_mixed_N5_k1_P1,open,country,Hawaii,Mexico,
gemma3_4b,E2_img_0608_mixed_N5_k2_P1,open,item,Ukulele,Requinto jarocho,
gemma3_4b,E2_img_0608_mixed_N5_k2_P1,open,country,Hawaii,Mexico,
gemma3_4b,E2_img_0608_mixed_N5_k3_P1,open,item,Ukulele,Requinto jarocho,
gemma3_4b,E2_img_0608_mixed_N5_k3_P1,open,country,Hawaii,Mexico,
gemma3_4b,E2_img_0608_mixed_N5_k4_P1,open,item,Ukulele,Requinto jarocho,
gemma3_4b,E2_img_0608_mixed_N5_k4_P1,open,country,Hawaii,Mexico,
gemma3_4b,E2_img_0608_mixed_N5_k5_P1,open,item,Ukulele,Requinto jarocho,
gemma3_4b,E2_img_0608_mixed_N5_k5_P1,open,country,Hawaii,Mexico,
gemma3_4b,LEAK_img_0608_mixed_leak,open,item,Sitar,Requinto jarocho,
gemma3_4b,LEAK_img_0608_mixed_leak,open,country,India,Mexico,
gemma3_4b,E3_img_0608_near_N2_k1_P1,open,item,Ukulele,Requinto jarocho,
gemma3_4b,E3_img_0608_near_N2_k1_P1,open,country,Hawaii,Mexico,
gemma3_4b,E3_img_0608_near_N5_k2_P1,open,item,Ukulele,Requinto jarocho,
gemma3_4b,E3_img_0608_near_N5_k2_P1,open,country,Hawaii,Mexico,
gemma3_4b,E3_img_0608_far_N2_k1_P1,open,item,Ukulele,Requinto jarocho,
gemma3_4b,E3_img_0608_far_N2_k1_P1,open,country,Hawaii,Mexico,
gemma3_4b,E3_img_0608_far_N5_k2_P1,open,item,Ukulele,Requinto jarocho,
gemma3_4b,E3_img_0608_far_N5_k2_P1,open,country,Hawaii,Mexico,
gemma3_4b,E1_img_0641_mixed_N1_k1_P1,open,item,Trombone,Vuvuzela,
gemma3_4b,E1_img_0641_mixed_N1_k1_P1,open,country,Belgium,South Africa,
gemma3_4b,E1_img_0641_mixed_N2_k2_P1,open,item,Megaphone,Vuvuzela,
gemma3_4b,E1_img_0641_mixed_N2_k2_P1,open,country,Belgium,South Africa,
gemma3_4b,E1_img_0641_mixed_N3_k3_P1,open,item,Megaphone,Vuvuzela,
gemma3_4b,E1_img_0641_mixed_N3_k3_P1,open,country,Belgium,South Africa,
gemma3_4b,E1_img_0641_mixed_N4_k2_P1,open,item,Horn,Vuvuzela,
gemma3_4b,E1_img_0641_mixed_N4_k2_P1,open,country,Belgium,South Africa,
gemma3_4b,E2_img_0641_mixed_N5_k1_P1,open,item,Horn,Vuvuzela,
gemma3_4b,E2_img_0641_mixed_N5_k1_P1,open,country,Belgium,South Africa,
gemma3_4b,E2_img_0641_mixed_N5_k2_P1,open,item,Horn,Vuvuzela,
gemma3_4b,E2_img_0641_mixed_N5_k2_P1,open,country,Belgium,South Africa,
gemma3_4b,E2_img_0641_mixed_N5_k3_P1,open,item,Horn,Vuvuzela,
gemma3_4b,E2_img_0641_mixed_N5_k3_P1,open,country,Belgium,South Africa,
gemma3_4b,E2_img_0641_mixed_N5_k4_P1,open,item,Horn,Vuvuzela,
gemma3_4b,E2_img_0641_mixed_N5_k4_P1,open,country,Belgium,South Africa,
gemma3_4b,E2_img_0641_mixed_N5_k5_P1,open,item,Megaphone,Vuvuzela,
gemma3_4b,LEAK_img_0641_mixed_leak,open,item,Sitar,Vuvuzela,
gemma3_4b,LEAK_img_0641_mixed_leak,open,country,India,South Africa,
gemma3_4b,E3_img_0641_near_N2_k2_P1,open,item,Megaphone,Vuvuzela,
gemma3_4b,E3_img_0641_near_N2_k2_P1,open,country,Belgium,South Africa,
gemma3_4b,E3_img_0641_near_N5_k3_P1,open,item,Horn,Vuvuzela,
gemma3_4b,E3_img_0641_near_N5_k3_P1,open,country,Belgium,South Africa,
gemma3_4b,E3_img_0641_far_N2_k2_P1,open,item,Megaphone,Vuvuzela,
gemma3_4b,E3_img_0641_far_N2_k2_P1,open,country,Belgium,South Africa,
gemma3_4b,E3_img_0641_far_N5_k3_P1,open,item,Megaphone,Vuvuzela,
gemma3_4b,E3_img_0641_far_N5_k3_P1,open,country,Belgium,South Africa,
gemma3_4b,E1_img_0629_mixed_N1_k1_P1,open,item,Ocarina,Teponaztli,
gemma3_4b,E1_img_0629_mixed_N2_k1_P1,open,item,Ocarina,Teponaztli,
gemma3_4b,LEAK_img_0629_mixed_leak,open,item,Sitar,Teponaztli,
gemma3_4b,LEAK_img_0629_mixed_leak,open,country,India,Mexico,
gemma3_4b,E3_img_0629_near_N5_k4_P1,open,item,Huehuetl,Teponaztli,
gemma3_4b,E3_img_0629_far_N2_k1_P1,open,item,Kudu Horn Flute,Teponaztli,
gemma3_4b,E3_img_0629_far_N2_k1_P1,open,country,South Africa,Mexico,
gemma3_4b,E3_img_0629_far_N5_k4_P1,open,item,Ocarina,Teponaztli,
gemma3_4b,E5_img_0629_mixed_N1_k1_P2,open,item,Ocarina,Teponaztli,
gemma3_4b,E5_img_0629_mixed_N1_k1_P2,open,country,Peru,Mexico,
gemma3_4b,E5_img_0629_mixed_N2_k1_P2,open,item,Huehuetl,Teponaztli,
gemma3_4b,E5_img_0629_mixed_N1_k1_P3,open,item,Ocarina,Teponaztli,
gemma3_4b,E5_img_0629_mixed_N2_k1_P3,open,item,Huehuetl,Teponaztli,
gemma3_4b,E5_img_0629_mixed_N3_k1_P3,open,item,Tepohuitzli,Teponaztli,
gemma3_4b,E6_img_0629_mixed_N1_k1_P4,open,item,Ocarina,Teponaztli,
gemma3_4b,E1_img_0602_mixed_N1_k1_P1,open,item,Bagpipes,Pibgorn,
gemma3_4b,E1_img_0602_mixed_N2_k2_P1,open,item,Uilleann pipes,Pibgorn,
gemma3_4b,E1_img_0602_mixed_N2_k2_P1,open,country,Ireland,United Kingdom,
gemma3_4b,E1_img_0602_mixed_N3_k2_P1,open,item,Highland Bagpipe,Pibgorn,
gemma3_4b,E1_img_0602_mixed_N4_k4_P1,open,item,Uilleann pipes,Pibgorn,
gemma3_4b,E1_img_0602_mixed_N4_k4_P1,open,country,Ireland,United Kingdom,
gemma3_4b,E2_img_0602_mixed_N5_k1_P1,open,item,Uilleann pipes,Pibgorn,
gemma3_4b,E2_img_0602_mixed_N5_k1_P1,open,country,Ireland,United Kingdom,
gemma3_4b,E2_img_0602_mixed_N5_k2_P1,open,item,Uilleann pipes,Pibgorn,
gemma3_4b,E2_img_0602_mixed_N5_k2_P1,open,country,Ireland,United Kingdom,
gemma3_4b,E2_img_0602_mixed_N5_k3_P1,open,item,Uilleann pipes,Pibgorn,
gemma3_4b,E2_img_0602_mixed_N5_k3_P1,open,country,Ireland,United Kingdom,
gemma3_4b,E2_img_0602_mixed_N5_k4_P1,open,item,Uilleann pipes,Pibgorn,
gemma3_4b,E2_img_0602_mixed_N5_k4_P1,open,country,Ireland,United Kingdom,
gemma3_4b,E2_img_0602_mixed_N5_k5_P1,open,item,Uilleann pipes,Pibgorn,
gemma3_4b,E2_img_0602_mixed_N5_k5_P1,open,country,Ireland,United Kingdom,
gemma3_4b,LEAK_img_0602_mixed_leak,open,item,Sitar,Pibgorn,
gemma3_4b,LEAK_img_0602_mixed_leak,open,country,India,United Kingdom,
gemma3_4b,E3_img_0602_near_N2_k2_P1,open,item,Highland Bagpipe,Pibgorn,
gemma3_4b,E3_img_0602_near_N5_k5_P1,open,item,Uilleann pipes,Pibgorn,
gemma3_4b,E3_img_0602_near_N5_k5_P1,open,country,Ireland,United Kingdom,
gemma3_4b,E3_img_0602_far_N2_k2_P1,open,item,Highland Bagpipe,Pibgorn,
gemma3_4b,E3_img_0602_far_N5_k5_P1,open,item,Uilleann pipes,Pibgorn,
gemma3_4b,E3_img_0602_far_N5_k5_P1,open,country,Ireland,United Kingdom,
gemma3_4b,E1_img_0618_mixed_N1_k1_P1,open,item,Sho,Shamisen,
gemma3_4b,E1_img_0618_mixed_N2_k1_P1,open,item,Koto,Shamisen,
gemma3_4b,E1_img_0618_mixed_N3_k3_P1,open,item,Yo-se-do,Shamisen,
gemma3_4b,E1_img_0618_mixed_N4_k1_P1,open,item,Zhongruan,Shamisen,
gemma3_4b,E2_img_0618_mixed_N5_k1_P1,open,item,Zhongruan,Shamisen,
gemma3_4b,E2_img_0618_mixed_N5_k2_P1,open,item,Erhu,Shamisen,
gemma3_4b,E2_img_0618_mixed_N5_k3_P1,open,item,Erhu,Shamisen,
gemma3_4b,E2_img_0618_mixed_N5_k4_P1,open,item,Pipa,Shamisen,
gemma3_4b,E2_img_0618_mixed_N5_k5_P1,open,item,Pipa,Shamisen,
gemma3_4b,LEAK_img_0618_mixed_leak,open,item,Sitar,Shamisen,
gemma3_4b,LEAK_img_0618_mixed_leak,open,country,India,Japan,
gemma3_4b,E3_img_0618_near_N2_k1_P1,open,item,Shakuhachi,Shamisen,
gemma3_4b,E3_img_0618_near_N5_k1_P1,open,item,Koto,Shamisen,
gemma3_4b,E3_img_0618_far_N2_k1_P1,open,item,Koto,Shamisen,
gemma3_4b,E3_img_0618_far_N5_k1_P1,open,item,Zhongruan,Shamisen,
gemma3_4b,E3_img_0618_far_N5_k1_P1,open,country,China,Japan,
gemma3_4b,E1_img_0575_mixed_N1_k1_P1,open,item,Donggu,Hne,
gemma3_4b,E1_img_0575_mixed_N1_k1_P1,open,country,China,Myanmar,
gemma3_4b,E1_img_0575_mixed_N2_k2_P1,open,country,India,Myanmar,
gemma3_4b,E1_img_0575_mixed_N3_k1_P1,open,country,India,Myanmar,
gemma3_4b,E1_img_0575_mixed_N4_k2_P1,open,country,India,Myanmar,
gemma3_4b,E2_img_0575_mixed_N5_k1_P1,open,item,Madal,Hne,
gemma3_4b,E2_img_0575_mixed_N5_k2_P1,open,country,India,Myanmar,
gemma3_4b,E2_img_0575_mixed_N5_k3_P1,open,item,Diple,Hne,
gemma3_4b,E2_img_0575_mixed_N5_k3_P1,open,country,Romania,Myanmar,
gemma3_4b,E2_img_0575_mixed_N5_k4_P1,open,item,Shofar,Hne,
gemma3_4b,E2_img_0575_mixed_N5_k4_P1,open,country,Israel,Myanmar,
gemma3_4b,E2_img_0575_mixed_N5_k5_P1,open,country,India,Myanmar,
gemma3_4b,LEAK_img_0575_mixed_leak,open,item,Sitar,Hne,
gemma3_4b,LEAK_img_0575_mixed_leak,open,country,India,Myanmar,
gemma3_4b,E3_img_0575_near_N2_k2_P1,open,country,India,Myanmar,
gemma3_4b,E3_img_0575_near_N5_k2_P1,open,country,Lebanon,Myanmar,
gemma3_4b,E3_img_0575_far_N2_k2_P1,open,item,Dholak,Hne,
gemma3_4b,E3_img_0575_far_N2_k2_P1,open,country,India,Myanmar,
gemma3_4b,E3_img_0575_far_N5_k2_P1,open,country,Lebanon,Myanmar,
gemma3_4b,E5_img_0575_mixed_N1_k1_P2,open,item,Dongguwajeo,Hne,
gemma3_4b,E5_img_0575_mixed_N1_k1_P2,open,country,Korea,Myanmar,
gemma3_4b,E5_img_0575_mixed_N2_k2_P2,open,country,India,Myanmar,
gemma3_4b,E5_img_0575_mixed_N3_k1_P2,open,country,India,Myanmar,
gemma3_4b,E5_img_0575_mixed_N4_k2_P2,open,country,India,Myanmar,
gemma3_4b,E5_img_0575_mixed_N5_k2_P2,open,country,India,Myanmar,
gemma3_4b,E5_img_0575_mixed_N1_k1_P3,open,item,Dongguwannie,Hne,
gemma3_4b,E5_img_0575_mixed_N1_k1_P3,open,country,Korea,Myanmar,
gemma3_4b,E5_img_0575_mixed_N2_k2_P3,open,country,India,Myanmar,
gemma3_4b,E5_img_0575_mixed_N3_k1_P3,open,country,India,Myanmar,
gemma3_4b,E5_img_0575_mixed_N4_k2_P3,open,country,India,Myanmar,
gemma3_4b,E5_img_0575_mixed_N5_k2_P3,open,country,India,Myanmar,
gemma3_4b,E6_img_0575_mixed_N1_k1_P4,open,item,Xiao,Hne,
gemma3_4b,E6_img_0575_mixed_N1_k1_P4,open,country,China,Myanmar,
gemma3_4b,E6_img_0575_mixed_N2_k2_P4,open,country,India,Myanmar,
gemma3_4b,E6_img_0575_mixed_N3_k1_P4,open,country,India,Myanmar,
gemma3_4b,E6_img_0575_mixed_N5_k2_P4,open,country,India,Myanmar,
gemma3_4b,E1_img_0594_mixed_N1_k1_P1,open,item,Saung Hatgyi,Mi gyaung,
gemma3_4b,E1_img_0594_mixed_N2_k1_P1,open,item,Saw Duang,Mi gyaung,
gemma3_4b,E1_img_0594_mixed_N3_k2_P1,open,item,Saw Duang,Mi gyaung,
gemma3_4b,E1_img_0594_mixed_N3_k2_P1,open,country,Thailand,Myanmar,
gemma3_4b,E1_img_0594_mixed_N4_k3_P1,open,item,Saksòon,Mi gyaung,
gemma3_4b,E2_img_0594_mixed_N5_k1_P1,open,item,Saung Hat,Mi gyaung,
gemma3_4b,E2_img_0594_mixed_N5_k2_P1,open,item,Salodong,Mi gyaung,
gemma3_4b,E2_img_0594_mixed_N5_k3_P1,open,item,Salodong,Mi gyaung,
gemma3_4b,E2_img_0594_mixed_N5_k4_P1,open,item,Salodong,Mi gyaung,
gemma3_4b,E2_img_0594_mixed_N5_k5_P1,open,item,Saksò,Mi gyaung,
gemma3_4b,E2_img_0594_mixed_N5_k5_P1,open,country,Benin,Myanmar,
gemma3_4b,LEAK_img_0594_mixed_leak,open,item,Sitar,Mi gyaung,
gemma3_4b,LEAK_img_0594_mixed_leak,open,country,India,Myanmar,
gemma3_4b,E3_img_0594_near_N2_k1_P1,open,item,Saung Hatgyi,Mi gyaung,
gemma3_4b,E3_img_0594_near_N5_k3_P1,open,item,Salodong,Mi gyaung,
gemma3_4b,E3_img_0594_far_N2_k1_P1,open,item,Saung Hatgyi,Mi gyaung,
gemma3_4b,E3_img_0594_far_N5_k3_P1,open,item,Saw Te (or Saw Te Oo),Mi gyaung,
gemma3_4b,LEAK_img_0550_mixed_leak,open,item,Sitar,Conga,
gemma3_4b,LEAK_img_0550_mixed_leak,open,country,India,Cuba,
gemma3_4b,E3_img_0550_far_N5_k4_P1,open,country,Dominican Republic,Cuba,
gemma3_4b,E1_img_0606_mixed_N1_k1_P1,open,item,Oud,Qanbūs,
gemma3_4b,E1_img_0606_mixed_N2_k1_P1,open,item,Oud,Qanbūs,
gemma3_4b,E1_img_0606_mixed_N2_k1_P1,open,country,Iraq,Yemen,
gemma3_4b,E1_img_0606_mixed_N3_k1_P1,open,item,Oud,Qanbūs,
gemma3_4b,E1_img_0606_mixed_N3_k1_P1,open,country,Middle East,Yemen,
gemma3_4b,E1_img_0606_mixed_N4_k1_P1,open,item,Oud,Qanbūs,
gemma3_4b,E1_img_0606_mixed_N4_k1_P1,open,country,Middle East,Yemen,
gemma3_4b,E2_img_0606_mixed_N5_k1_P1,open,item,Oud,Qanbūs,
gemma3_4b,E2_img_0606_mixed_N5_k1_P1,open,country,Egypt,Yemen,
gemma3_4b,E2_img_0606_mixed_N5_k2_P1,open,item,Oud,Qanbūs,
gemma3_4b,E2_img_0606_mixed_N5_k2_P1,open,country,Middle East,Yemen,
gemma3_4b,E2_img_0606_mixed_N5_k3_P1,open,item,Oud,Qanbūs,
gemma3_4b,E2_img_0606_mixed_N5_k3_P1,open,country,Middle East,Yemen,
gemma3_4b,E2_img_0606_mixed_N5_k4_P1,open,item,Morin Khuur,Qanbūs,
gemma3_4b,E2_img_0606_mixed_N5_k4_P1,open,country,Mongolia,Yemen,
gemma3_4b,E2_img_0606_mixed_N5_k5_P1,open,item,Oud,Qanbūs,
gemma3_4b,E2_img_0606_mixed_N5_k5_P1,open,country,Middle East,Yemen,
gemma3_4b,LEAK_img_0606_mixed_leak,open,item,Sitar,Qanbūs,
gemma3_4b,LEAK_img_0606_mixed_leak,open,country,India,Yemen,
gemma3_4b,E3_img_0606_near_N2_k1_P1,open,item,Oud,Qanbūs,
gemma3_4b,E3_img_0606_near_N2_k1_P1,open,country,Iraq,Yemen,
gemma3_4b,E3_img_0606_near_N5_k5_P1,open,item,Oud,Qanbūs,
gemma3_4b,E3_img_0606_near_N5_k5_P1,open,country,Syria,Yemen,
gemma3_4b,E3_img_0606_far_N2_k1_P1,open,item,Oud,Qanbūs,
gemma3_4b,E3_img_0606_far_N2_k1_P1,open,country,Middle East,Yemen,
gemma3_4b,E3_img_0606_far_N5_k5_P1,open,item,Oud,Qanbūs,
gemma3_4b,E3_img_0606_far_N5_k5_P1,open,country,Iraq,Yemen,
gemma3_4b,E5_img_0606_mixed_N1_k1_P2,open,item,Oud,Qanbūs,
gemma3_4b,E5_img_0606_mixed_N1_k1_P2,open,country,Iraq,Yemen,
gemma3_4b,E5_img_0606_mixed_N2_k1_P2,open,item,Oud,Qanbūs,
gemma3_4b,E5_img_0606_mixed_N2_k1_P2,open,country,Iraq,Yemen,
gemma3_4b,E5_img_0606_mixed_N3_k1_P2,open,item,Oud,Qanbūs,
gemma3_4b,E5_img_0606_mixed_N3_k1_P2,open,country,Middle East,Yemen,
gemma3_4b,E5_img_0606_mixed_N4_k1_P2,open,item,Oud,Qanbūs,
gemma3_4b,E5_img_0606_mixed_N4_k1_P2,open,country,Iraq,Yemen,
gemma3_4b,E5_img_0606_mixed_N5_k5_P2,open,item,Oud,Qanbūs,
gemma3_4b,E5_img_0606_mixed_N5_k5_P2,open,country,Middle East,Yemen,
gemma3_4b,E5_img_0606_mixed_N1_k1_P3,open,item,Oud,Qanbūs,
gemma3_4b,E5_img_0606_mixed_N1_k1_P3,open,country,Iraq,Yemen,
gemma3_4b,E5_img_0606_mixed_N2_k1_P3,open,item,Oud,Qanbūs,
gemma3_4b,E5_img_0606_mixed_N2_k1_P3,open,country,Iraq,Yemen,
gemma3_4b,E5_img_0606_mixed_N3_k1_P3,open,item,Oud,Qanbūs,
gemma3_4b,E5_img_0606_mixed_N3_k1_P3,open,country,Middle East,Yemen,
gemma3_4b,E5_img_0606_mixed_N4_k1_P3,open,item,Oud,Qanbūs,
gemma3_4b,E5_img_0606_mixed_N4_k1_P3,open,country,Middle East,Yemen,
gemma3_4b,E5_img_0606_mixed_N5_k5_P3,open,item,Oud,Qanbūs,
gemma3_4b,E5_img_0606_mixed_N5_k5_P3,open,country,Middle East,Yemen,
gemma3_4b,E6_img_0606_mixed_N1_k1_P4,open,item,Kamancheh,Qanbūs,
gemma3_4b,E6_img_0606_mixed_N1_k1_P4,open,country,Iran,Yemen,
gemma3_4b,E6_img_0606_mixed_N3_k1_P4,open,item,Oud,Qanbūs,
gemma3_4b,E6_img_0606_mixed_N3_k1_P4,open,country,Middle East,Yemen,
gemma3_4b,E6_img_0606_mixed_N4_k1_P4,open,item,Kamancheh,Qanbūs,
gemma3_4b,E6_img_0606_mixed_N4_k1_P4,open,country,Iran,Yemen,
gemma3_4b,E6_img_0606_mixed_N5_k5_P4,open,item,Oud,Qanbūs,
gemma3_4b,E6_img_0606_mixed_N5_k5_P4,open,country,Middle East,Yemen,
gemma3_4b,E1_img_0592_mixed_N1_k1_P1,open,item,Dilruba,Marovany,
gemma3_4b,E1_img_0592_mixed_N1_k1_P1,open,country,Afghanistan,Madagascar,
gemma3_4b,E1_img_0592_mixed_N2_k2_P1,open,item,Dil,Marovany,
gemma3_4b,E1_img_0592_mixed_N2_k2_P1,open,country,Pakistan,Madagascar,
gemma3_4b,E1_img_0592_mixed_N3_k2_P1,open,item,Dil,Marovany,
gemma3_4b,E1_img_0592_mixed_N3_k2_P1,open,country,India,Madagascar,
gemma3_4b,E1_img_0592_mixed_N4_k2_P1,open,item,Dil,Marovany,
gemma3_4b,E1_img_0592_mixed_N4_k2_P1,open,country,Pakistan,Madagascar,
gemma3_4b,E2_img_0592_mixed_N5_k1_P1,open,item,Sarod,Marovany,
gemma3_4b,E2_img_0592_mixed_N5_k1_P1,open,country,India,Madagascar,
gemma3_4b,E2_img_0592_mixed_N5_k2_P1,open,item,Dil,Marovany,
gemma3_4b,E2_img_0592_mixed_N5_k2_P1,open,country,Turkey,Madagascar,
gemma3_4b,E2_img_0592_mixed_N5_k3_P1,open,item,Dil,Marovany,
gemma3_4b,E2_img_0592_mixed_N5_k3_P1,open,country,India,Madagascar,
gemma3_4b,E2_img_0592_mixed_N5_k4_P1,open,item,Dil,Marovany,
gemma3_4b,E2_img_0592_mixed_N5_k4_P1,open,country,India,Madagascar,
gemma3_4b,E2_img_0592_mixed_N5_k5_P1,open,item,Dil,Marovany,
gemma3_4b,E2_img_0592_mixed_N5_k5_P1,open,country,India,Madagascar,
gemma3_4b,LEAK_img_0592_mixed_leak,open,item,Sitar,Marovany,
gemma3_4b,LEAK_img_0592_mixed_leak,open,country,India,Madagascar,
gemma3_4b,E3_img_0592_near_N2_k2_P1,open,item,Dil,Marovany,
gemma3_4b,E3_img_0592_near_N2_k2_P1,open,country,India,Madagascar,
gemma3_4b,E3_img_0592_near_N5_k1_P1,open,item,Dungun,Marovany,
gemma3_4b,E3_img_0592_near_N5_k1_P1,open,country,Malaysia,Madagascar,
gemma3_4b,E3_img_0592_far_N2_k2_P1,open,item,Dil,Marovany,
gemma3_4b,E3_img_0592_far_N2_k2_P1,open,country,India,Madagascar,
gemma3_4b,E3_img_0592_far_N5_k1_P1,open,item,Sarod,Marovany,
gemma3_4b,E3_img_0592_far_N5_k1_P1,open,country,India,Madagascar,
gemma3_4b,E1_img_0562_mixed_N1_k1_P1,open,item,Nyckelharpa,Gadulka,
gemma3_4b,E1_img_0562_mixed_N1_k1_P1,open,country,Sweden,Bulgaria,
gemma3_4b,E1_img_0562_mixed_N2_k1_P1,open,item,Nyckelharpa,Gadulka,
gemma3_4b,E1_img_0562_mixed_N2_k1_P1,open,country,Sweden,Bulgaria,
gemma3_4b,E1_img_0562_mixed_N3_k3_P1,open,item,Nyckelharpa,Gadulka,
gemma3_4b,E1_img_0562_mixed_N3_k3_P1,open,country,Sweden,Bulgaria,
gemma3_4b,E1_img_0562_mixed_N4_k3_P1,open,item,Nyckelharpa,Gadulka,
gemma3_4b,E1_img_0562_mixed_N4_k3_P1,open,country,Sweden,Bulgaria,
gemma3_4b,E2_img_0562_mixed_N5_k1_P1,open,item,Hurdy-gurdy,Gadulka,
gemma3_4b,E2_img_0562_mixed_N5_k1_P1,open,country,France,Bulgaria,
gemma3_4b,E2_img_0562_mixed_N5_k2_P1,open,item,Theorbo,Gadulka,
gemma3_4b,E2_img_0562_mixed_N5_k2_P1,open,country,Spain,Bulgaria,
gemma3_4b,E2_img_0562_mixed_N5_k3_P1,open,item,Theorbo,Gadulka,
gemma3_4b,E2_img_0562_mixed_N5_k3_P1,open,country,Spain,Bulgaria,
gemma3_4b,E2_img_0562_mixed_N5_k4_P1,open,item,Cittern,Gadulka,
gemma3_4b,E2_img_0562_mixed_N5_k5_P1,open,item,Nyckelharpa,Gadulka,
gemma3_4b,E2_img_0562_mixed_N5_k5_P1,open,country,Sweden,Bulgaria,
gemma3_4b,LEAK_img_0562_mixed_leak,open,item,Sitar,Gadulka,
gemma3_4b,LEAK_img_0562_mixed_leak,open,country,India,Bulgaria,
gemma3_4b,E3_img_0562_near_N2_k1_P1,open,item,Nyckelharpa,Gadulka,
gemma3_4b,E3_img_0562_near_N2_k1_P1,open,country,Sweden,Bulgaria,
gemma3_4b,E3_img_0562_near_N5_k2_P1,open,item,Hurdy-gurdy,Gadulka,
gemma3_4b,E3_img_0562_near_N5_k2_P1,open,country,France,Bulgaria,
gemma3_4b,E3_img_0562_far_N2_k1_P1,open,item,Nyckelharpa,Gadulka,
gemma3_4b,E3_img_0562_far_N2_k1_P1,open,country,Sweden,Bulgaria,
gemma3_4b,E3_img_0562_far_N5_k2_P1,open,item,Nyckelharpa,Gadulka,
gemma3_4b,E3_img_0562_far_N5_k2_P1,open,country,Sweden,Bulgaria,
gemma3_4b,E1_img_0558_mixed_N1_k1_P1,open,item,Shawm,Dvoyanka,
gemma3_4b,E1_img_0558_mixed_N2_k2_P1,open,item,Shawm,Dvoyanka,
gemma3_4b,E1_img_0558_mixed_N2_k2_P1,open,country,Turkey,Bulgaria,
gemma3_4b,E1_img_0558_mixed_N3_k1_P1,open,item,Shehnai,Dvoyanka,
gemma3_4b,E1_img_0558_mixed_N3_k1_P1,open,country,India,Bulgaria,
gemma3_4b,E1_img_0558_mixed_N4_k4_P1,open,item,Shofar,Dvoyanka,
gemma3_4b,E1_img_0558_mixed_N4_k4_P1,open,country,Israel,Bulgaria,
gemma3_4b,E2_img_0558_mixed_N5_k2_P1,open,item,Shawm,Dvoyanka,
gemma3_4b,E2_img_0558_mixed_N5_k3_P1,open,item,Shofar,Dvoyanka,
gemma3_4b,E2_img_0558_mixed_N5_k3_P1,open,country,Israel,Bulgaria,
gemma3_4b,E2_img_0558_mixed_N5_k4_P1,open,item,Shofar,Dvoyanka,
gemma3_4b,E2_img_0558_mixed_N5_k4_P1,open,country,Israel,Bulgaria,
gemma3_4b,E2_img_0558_mixed_N5_k5_P1,open,item,Jew’s harp,Dvoyanka,
gemma3_4b,LEAK_img_0558_mixed_leak,open,item,Sitar,Dvoyanka,
gemma3_4b,LEAK_img_0558_mixed_leak,open,country,India,Bulgaria,
gemma3_4b,E3_img_0558_near_N2_k2_P1,open,item,Shawm,Dvoyanka,
gemma3_4b,E3_img_0558_near_N5_k3_P1,open,item,Ocarina,Dvoyanka,
gemma3_4b,E3_img_0558_far_N2_k2_P1,open,item,Shofar,Dvoyanka,
gemma3_4b,E3_img_0558_far_N2_k2_P1,open,country,Israel,Bulgaria,
gemma3_4b,E3_img_0558_far_N5_k3_P1,open,item,Shawm,Dvoyanka,
gemma3_4b,E5_img_0558_mixed_N1_k1_P2,open,item,Shawm,Dvoyanka,
gemma3_4b,E5_img_0558_mixed_N1_k1_P2,open,country,Turkey,Bulgaria,
gemma3_4b,E5_img_0558_mixed_N2_k2_P2,open,item,Shawm,Dvoyanka,
gemma3_4b,E5_img_0558_mixed_N2_k2_P2,open,country,Turkey,Bulgaria,
gemma3_4b,E5_img_0558_mixed_N3_k1_P2,open,item,Shehnai,Dvoyanka,
gemma3_4b,E5_img_0558_mixed_N3_k1_P2,open,country,India,Bulgaria,
gemma3_4b,E5_img_0558_mixed_N4_k4_P2,open,item,Shofar,Dvoyanka,
gemma3_4b,E5_img_0558_mixed_N4_k4_P2,open,country,Israel,Bulgaria,
gemma3_4b,E5_img_0558_mixed_N5_k3_P2,open,item,Shakuhachi,Dvoyanka,
gemma3_4b,E5_img_0558_mixed_N5_k3_P2,open,country,Japan,Bulgaria,
gemma3_4b,E5_img_0558_mixed_N1_k1_P3,open,item,Shawm,Dvoyanka,
gemma3_4b,E5_img_0558_mixed_N1_k1_P3,open,country,Middle East,Bulgaria,
gemma3_4b,E5_img_0558_mixed_N2_k2_P3,open,item,Shawm,Dvoyanka,
gemma3_4b,E5_img_0558_mixed_N2_k2_P3,open,country,Middle East,Bulgaria,
gemma3_4b,E5_img_0558_mixed_N3_k1_P3,open,item,Shehnai,Dvoyanka,
gemma3_4b,E5_img_0558_mixed_N3_k1_P3,open,country,India,Bulgaria,
gemma3_4b,E5_img_0558_mixed_N4_k4_P3,open,item,Shehnai,Dvoyanka,
gemma3_4b,E5_img_0558_mixed_N4_k4_P3,open,country,India,Bulgaria,
gemma3_4b,E5_img_0558_mixed_N5_k3_P3,open,item,Murex,Dvoyanka,
gemma3_4b,E5_img_0558_mixed_N5_k3_P3,open,country,Israel,Bulgaria,
gemma3_4b,E6_img_0558_mixed_N2_k2_P4,open,item,Shehnai,Dvoyanka,
gemma3_4b,E6_img_0558_mixed_N2_k2_P4,open,country,India,Bulgaria,
gemma3_4b,E6_img_0558_mixed_N3_k1_P4,open,item,Shehnai,Dvoyanka,
gemma3_4b,E6_img_0558_mixed_N3_k1_P4,open,country,India,Bulgaria,
gemma3_4b,E6_img_0558_mixed_N4_k4_P4,open,item,Nyckelharpa,Dvoyanka,
gemma3_4b,E6_img_0558_mixed_N4_k4_P4,open,country,Sweden,Bulgaria,
gemma3_4b,E6_img_0558_mixed_N5_k3_P4,open,item,Flute,Dvoyanka,
gemma3_4b,E1_img_0605_mixed_N1_k1_P1,open,item,Duduk,Pungi,
gemma3_4b,E1_img_0605_mixed_N1_k1_P1,open,country,Armenia,India,
gemma3_4b,E1_img_0605_mixed_N2_k1_P1,open,item,Saron,Pungi,
gemma3_4b,E1_img_0605_mixed_N2_k1_P1,open,country,Indonesia,India,
gemma3_4b,E1_img_0605_mixed_N3_k2_P1,open,item,Gunung,Pungi,
gemma3_4b,E1_img_0605_mixed_N3_k2_P1,open,country,Indonesia,India,
gemma3_4b,E1_img_0605_mixed_N4_k1_P1,open,item,Saron,Pungi,
gemma3_4b,E1_img_0605_mixed_N4_k1_P1,open,country,Indonesia,India,
gemma3_4b,E2_img_0605_mixed_N5_k1_P1,open,item,Saron,Pungi,
gemma3_4b,E2_img_0605_mixed_N5_k1_P1,open,country,Indonesia,India,
gemma3_4b,E2_img_0605_mixed_N5_k2_P1,open,item,Shawm,Pungi,
gemma3_4b,E2_img_0605_mixed_N5_k2_P1,open,country,Syria,India,
gemma3_4b,E2_img_0605_mixed_N5_k3_P1,open,item,Shawm,Pungi,
gemma3_4b,E2_img_0605_mixed_N5_k3_P1,open,country,Syria,India,
gemma3_4b,E2_img_0605_mixed_N5_k4_P1,open,item,Dholak,Pungi,
gemma3_4b,E2_img_0605_mixed_N5_k5_P1,open,item,Duduk,Pungi,
gemma3_4b,E2_img_0605_mixed_N5_k5_P1,open,country,Armenia,India,
gemma3_4b,LEAK_img_0605_mixed_leak,open,item,Sitar,Pungi,
gemma3_4b,E3_img_0605_near_N2_k1_P1,open,item,Suling,Pungi,
gemma3_4b,E3_img_0605_near_N2_k1_P1,open,country,Indonesia,India,
gemma3_4b,E3_img_0605_near_N5_k4_P1,open,item,Dozark,Pungi,
gemma3_4b,E3_img_0605_far_N2_k1_P1,open,item,Saron,Pungi,
gemma3_4b,E3_img_0605_far_N2_k1_P1,open,country,Indonesia,India,
gemma3_4b,E3_img_0605_far_N5_k4_P1,open,item,Shawm,Pungi,
gemma3_4b,E3_img_0605_far_N5_k4_P1,open,country,Syria,India,
gemma3_4b,E1_img_0623_mixed_N1_k1_P1,open,item,Theorbo,Swedish lute,
gemma3_4b,E1_img_0623_mixed_N2_k2_P1,open,item,Theorbo,Swedish lute,
gemma3_4b,E1_img_0623_mixed_N2_k2_P1,open,country,Italy,Sweden,
gemma3_4b,E1_img_0623_mixed_N3_k3_P1,open,item,Theorbo,Swedish lute,
gemma3_4b,E1_img_0623_mixed_N3_k3_P1,open,country,Italy,Sweden,
gemma3_4b,E1_img_0623_mixed_N4_k2_P1,open,item,Theorbo,Swedish lute,
gemma3_4b,E1_img_0623_mixed_N4_k2_P1,open,country,Italy,Sweden,
gemma3_4b,E2_img_0623_mixed_N5_k1_P1,open,item,Oud,Swedish lute,
gemma3_4b,E2_img_0623_mixed_N5_k1_P1,open,country,Middle East,Sweden,
gemma3_4b,E2_img_0623_mixed_N5_k2_P1,open,item,Theorbo,Swedish lute,
gemma3_4b,E2_img_0623_mixed_N5_k2_P1,open,country,Spain,Sweden,
gemma3_4b,E2_img_0623_mixed_N5_k3_P1,open,item,Theorbo,Swedish lute,
gemma3_4b,E2_img_0623_mixed_N5_k3_P1,open,country,Italy,Sweden,
gemma3_4b,E2_img_0623_mixed_N5_k4_P1,open,item,Theorbo,Swedish lute,
gemma3_4b,E2_img_0623_mixed_N5_k4_P1,open,country,Italy,Sweden,
gemma3_4b,E2_img_0623_mixed_N5_k5_P1,open,item,Theorbo,Swedish lute,
gemma3_4b,E2_img_0623_mixed_N5_k5_P1,open,country,Italy,Sweden,
gemma3_4b,LEAK_img_0623_mixed_leak,open,item,Sitar,Swedish lute,
gemma3_4b,E3_img_0623_near_N2_k2_P1,open,item,Theorbo,Swedish lute,
gemma3_4b,E3_img_0623_near_N5_k5_P1,open,item,Theorbo,Swedish lute,
gemma3_4b,E3_img_0623_far_N2_k2_P1,open,item,Theorbo,Swedish lute,
gemma3_4b,E3_img_0623_far_N5_k5_P1,open,item,Theorbo,Swedish lute,
gemma3_4b,E3_img_0623_far_N5_k5_P1,open,country,Italy,Sweden,
gemma3_4b,LEAK_img_0625_mixed_leak,open,item,Sitar,Tabla,
gemma3_4b,E1_img_0631_mixed_N1_k1_P1,open,item,Kora,Tonkori,
gemma3_4b,E1_img_0631_mixed_N1_k1_P1,open,country,Gambia,Japan,
gemma3_4b,E1_img_0631_mixed_N2_k2_P1,open,item,Kora,Tonkori,
gemma3_4b,E1_img_0631_mixed_N2_k2_P1,open,country,Gambia,Japan,
gemma3_4b,E1_img_0631_mixed_N3_k2_P1,open,item,Charango,Tonkori,
gemma3_4b,E1_img_0631_mixed_N3_k2_P1,open,country,Bolivia,Japan,
gemma3_4b,E1_img_0631_mixed_N4_k4_P1,open,item,Dipylon,Tonkori,
gemma3_4b,E2_img_0631_mixed_N5_k1_P1,open,item,Djembe,Tonkori,
gemma3_4b,E2_img_0631_mixed_N5_k1_P1,open,country,Mali,Japan,
gemma3_4b,E2_img_0631_mixed_N5_k2_P1,open,item,Quena,Tonkori,
gemma3_4b,E2_img_0631_mixed_N5_k2_P1,open,country,Peru,Japan,
gemma3_4b,E2_img_0631_mixed_N5_k3_P1,open,item,Mbira,Tonkori,
gemma3_4b,E2_img_0631_mixed_N5_k3_P1,open,country,Zimbabwe,Japan,
gemma3_4b,E2_img_0631_mixed_N5_k4_P1,open,item,Mbira,Tonkori,
gemma3_4b,E2_img_0631_mixed_N5_k4_P1,open,country,Zimbabwe,Japan,
gemma3_4b,E2_img_0631_mixed_N5_k5_P1,open,item,Mbira,Tonkori,
gemma3_4b,E2_img_0631_mixed_N5_k5_P1,open,country,Zimbabwe,Japan,
gemma3_4b,LEAK_img_0631_mixed_leak,open,item,Sitar,Tonkori,
gemma3_4b,LEAK_img_0631_mixed_leak,open,country,India,Japan,
gemma3_4b,E3_img_0631_near_N2_k2_P1,open,item,Koto,Tonkori,
gemma3_4b,E3_img_0631_near_N5_k2_P1,open,item,Gypshi Violin,Tonkori,
gemma3_4b,E3_img_0631_far_N2_k2_P1,open,item,Kora,Tonkori,
gemma3_4b,E3_img_0631_far_N2_k2_P1,open,country,Gambia,Japan,
gemma3_4b,E3_img_0631_far_N5_k2_P1,open,item,Kora,Tonkori,
gemma3_4b,E3_img_0631_far_N5_k2_P1,open,country,Gambia,Japan,
gemma3_4b,E1_img_0607_mixed_N1_k1_P1,open,item,Marimba,Ranat,
gemma3_4b,E1_img_0607_mixed_N2_k1_P1,open,item,Balafon,Ranat,
gemma3_4b,E1_img_0607_mixed_N2_k1_P1,open,country,Mali,Thailand,
gemma3_4b,E1_img_0607_mixed_N3_k3_P1,open,item,Mallet xylophone,Ranat,
gemma3_4b,E1_img_0607_mixed_N4_k1_P1,open,item,Balafon,Ranat,
gemma3_4b,E1_img_0607_mixed_N4_k1_P1,open,country,Mali,Thailand,
gemma3_4b,E2_img_0607_mixed_N5_k1_P1,open,item,Kalimba,Ranat,
gemma3_4b,E2_img_0607_mixed_N5_k1_P1,open,country,Zimbabwe,Thailand,
gemma3_4b,E2_img_0607_mixed_N5_k2_P1,open,item,Xylophone,Ranat,
gemma3_4b,E2_img_0607_mixed_N5_k2_P1,open,country,Mali,Thailand,
gemma3_4b,E2_img_0607_mixed_N5_k3_P1,open,item,Kalimba,Ranat,
gemma3_4b,E2_img_0607_mixed_N5_k3_P1,open,country,Zimbabwe,Thailand,
gemma3_4b,E2_img_0607_mixed_N5_k4_P1,open,item,Xylophone,Ranat,
gemma3_4b,E2_img_0607_mixed_N5_k5_P1,open,item,Xylophone,Ranat,
gemma3_4b,LEAK_img_0607_mixed_leak,open,item,Sitar,Ranat,
gemma3_4b,LEAK_img_0607_mixed_leak,open,country,India,Thailand,
gemma3_4b,E3_img_0607_near_N2_k1_P1,open,item,Balafon,Ranat,
gemma3_4b,E3_img_0607_near_N2_k1_P1,open,country,Mali,Thailand,
gemma3_4b,E3_img_0607_near_N5_k3_P1,open,item,Xylophone,Ranat,
gemma3_4b,E3_img_0607_far_N2_k1_P1,open,item,Balafon,Ranat,
gemma3_4b,E3_img_0607_far_N2_k1_P1,open,country,Mali,Thailand,
gemma3_4b,E3_img_0607_far_N5_k3_P1,open,item,Kalimba,Ranat,
gemma3_4b,E3_img_0607_far_N5_k3_P1,open,country,Zimbabwe,Thailand,
gemma3_4b,LEAK_img_0572_mixed_leak,open,item,Sitar,Guzheng,
gemma3_4b,LEAK_img_0572_mixed_leak,open,country,India,China,
gemma3_4b,E1_img_0548_mixed_N2_k1_P1,open,country,Croatia,Turkey,
gemma3_4b,E1_img_0548_mixed_N3_k2_P1,open,country,Croatia,Turkey,
gemma3_4b,E1_img_0548_mixed_N4_k3_P1,open,country,Croatia,Turkey,
gemma3_4b,E2_img_0548_mixed_N5_k1_P1,open,country,Serbia,Turkey,
gemma3_4b,E2_img_0548_mixed_N5_k3_P1,open,country,Serbia,Turkey,
gemma3_4b,E2_img_0548_mixed_N5_k4_P1,open,country,Croatia,Turkey,
gemma3_4b,E2_img_0548_mixed_N5_k5_P1,open,country,Serbia,Turkey,
gemma3_4b,LEAK_img_0548_mixed_leak,open,item,Sitar,Çeng,
gemma3_4b,LEAK_img_0548_mixed_leak,open,country,India,Turkey,
gemma3_4b,E3_img_0548_near_N2_k1_P1,open,country,Croatia,Turkey,
gemma3_4b,E3_img_0548_near_N5_k5_P1,open,country,Serbia,Turkey,
gemma3_4b,E3_img_0548_far_N2_k1_P1,open,country,Slovenia,Turkey,
gemma3_4b,E1_img_0591_mixed_N1_k1_P1,open,item,Dholak,Madal,
gemma3_4b,E1_img_0591_mixed_N1_k1_P1,open,country,India,Nepal,
gemma3_4b,E1_img_0591_mixed_N2_k2_P1,open,item,Tabla,Madal,
gemma3_4b,E1_img_0591_mixed_N2_k2_P1,open,country,India,Nepal,
gemma3_4b,E1_img_0591_mixed_N3_k3_P1,open,item,Tabla,Madal,
gemma3_4b,E1_img_0591_mixed_N3_k3_P1,open,country,India,Nepal,
gemma3_4b,E1_img_0591_mixed_N4_k4_P1,open,item,Dholak,Madal,
gemma3_4b,E1_img_0591_mixed_N4_k4_P1,open,country,India,Nepal,
gemma3_4b,E2_img_0591_mixed_N5_k1_P1,open,item,Tabla,Madal,
gemma3_4b,E2_img_0591_mixed_N5_k1_P1,open,country,India,Nepal,
gemma3_4b,E2_img_0591_mixed_N5_k2_P1,open,item,Tabla,Madal,
gemma3_4b,E2_img_0591_mixed_N5_k2_P1,open,country,India,Nepal,
gemma3_4b,E2_img_0591_mixed_N5_k3_P1,open,item,Dholak,Madal,
gemma3_4b,E2_img_0591_mixed_N5_k3_P1,open,country,India,Nepal,
gemma3_4b,E2_img_0591_mixed_N5_k4_P1,open,item,Dhol,Madal,
gemma3_4b,E2_img_0591_mixed_N5_k4_P1,open,country,India,Nepal,
gemma3_4b,E2_img_0591_mixed_N5_k5_P1,open,item,Tabla,Madal,
gemma3_4b,E2_img_0591_mixed_N5_k5_P1,open,country,India,Nepal,
gemma3_4b,LEAK_img_0591_mixed_leak,open,item,Sitar,Madal,
gemma3_4b,LEAK_img_0591_mixed_leak,open,country,India,Nepal,
gemma3_4b,E3_img_0591_near_N2_k2_P1,open,item,Dholak,Madal,
gemma3_4b,E3_img_0591_near_N5_k1_P1,open,item,Dholak,Madal,
gemma3_4b,E3_img_0591_far_N2_k2_P1,open,item,Dholak,Madal,
gemma3_4b,E3_img_0591_far_N2_k2_P1,open,country,India,Nepal,
gemma3_4b,E3_img_0591_far_N5_k1_P1,open,item,Dholak,Madal,
gemma3_4b,E3_img_0591_far_N5_k1_P1,open,country,India,Nepal,
gemma3_4b,E1_img_0543_mixed_N1_k1_P1,open,item,Hurdy-gurdy,Bandura,
gemma3_4b,E1_img_0543_mixed_N1_k1_P1,open,country,France,Ukraine,
gemma3_4b,E1_img_0543_mixed_N2_k1_P1,open,item,Hurdy-gurdy,Bandura,
gemma3_4b,E1_img_0543_mixed_N2_k1_P1,open,country,France,Ukraine,
gemma3_4b,E1_img_0543_mixed_N3_k1_P1,open,item,Hurdy-gurdy,Bandura,
gemma3_4b,E1_img_0543_mixed_N3_k1_P1,open,country,France,Ukraine,
gemma3_4b,E1_img_0543_mixed_N4_k1_P1,open,item,Hurdy-gurdy,Bandura,
gemma3_4b,E1_img_0543_mixed_N4_k1_P1,open,country,France,Ukraine,
gemma3_4b,E2_img_0543_mixed_N5_k1_P1,open,item,Hurdy-gurdy,Bandura,
gemma3_4b,E2_img_0543_mixed_N5_k1_P1,open,country,France,Ukraine,
gemma3_4b,E2_img_0543_mixed_N5_k2_P1,open,item,Lyra,Bandura,
gemma3_4b,E2_img_0543_mixed_N5_k2_P1,open,country,Italy,Ukraine,
gemma3_4b,E2_img_0543_mixed_N5_k3_P1,open,item,Hurdy-gurdy,Bandura,
gemma3_4b,E2_img_0543_mixed_N5_k3_P1,open,country,France,Ukraine,
gemma3_4b,E2_img_0543_mixed_N5_k4_P1,open,item,Lyra,Bandura,
gemma3_4b,E2_img_0543_mixed_N5_k4_P1,open,country,Italy,Ukraine,
gemma3_4b,E2_img_0543_mixed_N5_k5_P1,open,item,Hurdy-gurdy,Bandura,
gemma3_4b,E2_img_0543_mixed_N5_k5_P1,open,country,France,Ukraine,
gemma3_4b,LEAK_img_0543_mixed_leak,open,item,Sitar,Bandura,
gemma3_4b,LEAK_img_0543_mixed_leak,open,country,India,Ukraine,
gemma3_4b,E3_img_0543_near_N2_k1_P1,open,item,Hurdy-gurdy,Bandura,
gemma3_4b,E3_img_0543_near_N2_k1_P1,open,country,France,Ukraine,
gemma3_4b,E3_img_0543_near_N5_k2_P1,open,item,Hurdy-gurdy,Bandura,
gemma3_4b,E3_img_0543_near_N5_k2_P1,open,country,France,Ukraine,
gemma3_4b,E3_img_0543_far_N2_k1_P1,open,item,Hurdy-gurdy,Bandura,
gemma3_4b,E3_img_0543_far_N2_k1_P1,open,country,France,Ukraine,
gemma3_4b,E3_img_0543_far_N5_k2_P1,open,item,Lyre,Bandura,
gemma3_4b,E3_img_0543_far_N5_k2_P1,open,country,Greece,Ukraine,
gemma3_4b,E5_img_0543_mixed_N1_k1_P2,open,item,Hurdy-gurdy,Bandura,
gemma3_4b,E5_img_0543_mixed_N1_k1_P2,open,country,France,Ukraine,
gemma3_4b,E5_img_0543_mixed_N2_k1_P2,open,item,Nyckelharpa,Bandura,
gemma3_4b,E5_img_0543_mixed_N3_k1_P2,open,item,Hurdy-gurdy,Bandura,
gemma3_4b,E5_img_0543_mixed_N3_k1_P2,open,country,France,Ukraine,
gemma3_4b,E5_img_0543_mixed_N4_k1_P2,open,item,Hurdy-gurdy,Bandura,
gemma3_4b,E5_img_0543_mixed_N4_k1_P2,open,country,France,Ukraine,
gemma3_4b,E5_img_0543_mixed_N5_k2_P2,open,item,Lyra,Bandura,
gemma3_4b,E5_img_0543_mixed_N5_k2_P2,open,country,Italy,Ukraine,
gemma3_4b,E5_img_0543_mixed_N1_k1_P3,open,item,Hurdy-gurdy,Bandura,
gemma3_4b,E5_img_0543_mixed_N1_k1_P3,open,country,France,Ukraine,
gemma3_4b,E5_img_0543_mixed_N2_k1_P3,open,item,Nyckelharpa,Bandura,
gemma3_4b,E5_img_0543_mixed_N3_k1_P3,open,item,Hurdy-gurdy,Bandura,
gemma3_4b,E5_img_0543_mixed_N3_k1_P3,open,country,France,Ukraine,
gemma3_4b,E5_img_0543_mixed_N4_k1_P3,open,item,Hurdy-gurdy,Bandura,
gemma3_4b,E5_img_0543_mixed_N4_k1_P3,open,country,France,Ukraine,
gemma3_4b,E5_img_0543_mixed_N5_k2_P3,open,item,Lyra,Bandura,
gemma3_4b,E5_img_0543_mixed_N5_k2_P3,open,country,Italy,Ukraine,
gemma3_4b,E6_img_0543_mixed_N2_k1_P4,open,item,Lira da braccio,Bandura,
gemma3_4b,E6_img_0543_mixed_N2_k1_P4,open,country,Italy,Ukraine,
gemma3_4b,E6_img_0543_mixed_N3_k1_P4,open,item,Hurdy-gurdy,Bandura,
gemma3_4b,E6_img_0543_mixed_N3_k1_P4,open,country,France,Ukraine,
gemma3_4b,E6_img_0543_mixed_N4_k1_P4,open,item,Hurdy-gurdy,Bandura,
gemma3_4b,E6_img_0543_mixed_N4_k1_P4,open,country,France,Ukraine,
gemma3_4b,E1_img_0568_mixed_N1_k1_P1,open,item,Komuz,Ghijak,
gemma3_4b,E1_img_0568_mixed_N1_k1_P1,open,country,Kyrgyzstan,China,
gemma3_4b,E1_img_0568_mixed_N2_k2_P1,open,item,Domra,Ghijak,
gemma3_4b,E1_img_0568_mixed_N2_k2_P1,open,country,Kazakhstan,China,
gemma3_4b,E1_img_0568_mixed_N3_k2_P1,open,item,Domra,Ghijak,
gemma3_4b,E1_img_0568_mixed_N4_k2_P1,open,item,Domra,Ghijak,
gemma3_4b,E2_img_0568_mixed_N5_k1_P1,open,item,Komuz,Ghijak,
gemma3_4b,E2_img_0568_mixed_N5_k1_P1,open,country,Kyrgyzstan,China,
gemma3_4b,E2_img_0568_mixed_N5_k2_P1,open,item,Domra,Ghijak,
gemma3_4b,E2_img_0568_mixed_N5_k3_P1,open,item,Domra,Ghijak,
gemma3_4b,E2_img_0568_mixed_N5_k4_P1,open,item,Domra,Ghijak,
gemma3_4b,E2_img_0568_mixed_N5_k5_P1,open,item,Domra,Ghijak,
gemma3_4b,LEAK_img_0568_mixed_leak,open,item,Sitar,Ghijak,
gemma3_4b,LEAK_img_0568_mixed_leak,open,country,India,China,
gemma3_4b,E3_img_0568_near_N2_k2_P1,open,item,Domra,Ghijak,
gemma3_4b,E3_img_0568_near_N2_k2_P1,open,country,Russia,China,
gemma3_4b,E3_img_0568_near_N5_k3_P1,open,item,Domra,Ghijak,
gemma3_4b,E3_img_0568_near_N5_k3_P1,open,country,Russia,China,
gemma3_4b,E3_img_0568_far_N2_k2_P1,open,item,Komuz,Ghijak,
gemma3_4b,E3_img_0568_far_N2_k2_P1,open,country,Kyrgyzstan,China,
gemma3_4b,E3_img_0568_far_N5_k3_P1,open,item,Domra,Ghijak,
gemma3_4b,E3_img_0568_far_N5_k3_P1,open,country,Russia,China,
gemma3_4b,E1_img_0565_mixed_N1_k1_P1,open,item,Kōauau,Garamut,
gemma3_4b,E1_img_0565_mixed_N1_k1_P1,open,country,New Zealand,Papua New Guinea,
gemma3_4b,E1_img_0565_mixed_N2_k1_P1,open,item,Kōau Rau,Garamut,
gemma3_4b,E1_img_0565_mixed_N2_k1_P1,open,country,New Zealand,Papua New Guinea,
gemma3_4b,E1_img_0565_mixed_N3_k3_P1,open,item,Kōrero Whakaata,Garamut,
gemma3_4b,E1_img_0565_mixed_N3_k3_P1,open,country,New Zealand,Papua New Guinea,
gemma3_4b,E1_img_0565_mixed_N4_k3_P1,open,item,Kōrere,Garamut,
gemma3_4b,E1_img_0565_mixed_N4_k3_P1,open,country,New Zealand,Papua New Guinea,
gemma3_4b,E2_img_0565_mixed_N5_k1_P1,open,item,Kōau Rau,Garamut,
gemma3_4b,E2_img_0565_mixed_N5_k1_P1,open,country,New Zealand,Papua New Guinea,
gemma3_4b,E2_img_0565_mixed_N5_k2_P1,open,item,Kōwhaiwha,Garamut,
gemma3_4b,E2_img_0565_mixed_N5_k2_P1,open,country,New Zealand,Papua New Guinea,
gemma3_4b,E2_img_0565_mixed_N5_k3_P1,open,item,Kōauau,Garamut,
gemma3_4b,E2_img_0565_mixed_N5_k3_P1,open,country,New Zealand,Papua New Guinea,
gemma3_4b,E2_img_0565_mixed_N5_k4_P1,open,item,Kōauau,Garamut,
gemma3_4b,E2_img_0565_mixed_N5_k4_P1,open,country,New Zealand,Papua New Guinea,
gemma3_4b,E2_img_0565_mixed_N5_k5_P1,open,item,Kōauau,Garamut,
gemma3_4b,E2_img_0565_mixed_N5_k5_P1,open,country,New Zealand,Papua New Guinea,
gemma3_4b,LEAK_img_0565_mixed_leak,open,item,Sitar,Garamut,
gemma3_4b,LEAK_img_0565_mixed_leak,open,country,India,Papua New Guinea,
gemma3_4b,E1_img_0621_mixed_N1_k1_P1,open,item,Timbale,Steelpan,
gemma3_4b,E1_img_0621_mixed_N2_k2_P1,open,item,Congas,Steelpan,
gemma3_4b,E1_img_0621_mixed_N2_k2_P1,open,country,Cuba,Trinidad and Tobago,
gemma3_4b,E1_img_0621_mixed_N3_k1_P1,open,item,Udu drum,Steelpan,
gemma3_4b,E1_img_0621_mixed_N3_k1_P1,open,country,Nigeria,Trinidad and Tobago,
gemma3_4b,E1_img_0621_mixed_N4_k4_P1,open,item,Congas,Steelpan,
gemma3_4b,E2_img_0621_mixed_N5_k1_P1,open,item,Tumboa,Steelpan,
gemma3_4b,E2_img_0621_mixed_N5_k1_P1,open,country,Nigeria,Trinidad and Tobago,
gemma3_4b,E2_img_0621_mixed_N5_k2_P1,open,item,Timpani,Steelpan,
gemma3_4b,E2_img_0621_mixed_N5_k3_P1,open,item,Congas,Steelpan,
gemma3_4b,E2_img_0621_mixed_N5_k4_P1,open,item,Congas,Steelpan,
gemma3_4b,E2_img_0621_mixed_N5_k5_P1,open,item,Congas,Steelpan,
gemma3_4b,LEAK_img_0621_mixed_leak,open,item,Sitar,Steelpan,
gemma3_4b,LEAK_img_0621_mixed_leak,open,country,India,Trinidad and Tobago,
gemma3_4b,E3_img_0621_near_N2_k2_P1,open,item,Congas,Steelpan,
gemma3_4b,E3_img_0621_near_N5_k5_P1,open,item,Udu drum,Steelpan,
gemma3_4b,E3_img_0621_near_N5_k5_P1,open,country,Nigeria,Trinidad and Tobago,
gemma3_4b,E3_img_0621_far_N2_k2_P1,open,item,Congas,Steelpan,
gemma3_4b,E3_img_0621_far_N2_k2_P1,open,country,Cuba,Trinidad and Tobago,
gemma3_4b,E3_img_0621_far_N5_k5_P1,open,item,Udu drum,Steelpan,
gemma3_4b,E3_img_0621_far_N5_k5_P1,open,country,Nigeria,Trinidad and Tobago,
gemma3_4b,E5_img_0621_mixed_N1_k1_P2,open,item,Timbale,Steelpan,
gemma3_4b,E5_img_0621_mixed_N1_k1_P2,open,country,Cuba,Trinidad and Tobago,
gemma3_4b,E5_img_0621_mixed_N2_k2_P2,open,item,Congas,Steelpan,
gemma3_4b,E5_img_0621_mixed_N2_k2_P2,open,country,Cuba,Trinidad and Tobago,
gemma3_4b,E5_img_0621_mixed_N3_k1_P2,open,item,Udu drum,Steelpan,
gemma3_4b,E5_img_0621_mixed_N3_k1_P2,open,country,Nigeria,Trinidad and Tobago,
gemma3_4b,E5_img_0621_mixed_N4_k4_P2,open,item,Congas,Steelpan,
gemma3_4b,E5_img_0621_mixed_N4_k4_P2,open,country,Cuba,Trinidad and Tobago,
gemma3_4b,E5_img_0621_mixed_N5_k5_P2,open,item,Congas,Steelpan,
gemma3_4b,E5_img_0621_mixed_N5_k5_P2,open,country,Cuba,Trinidad and Tobago,
gemma3_4b,E5_img_0621_mixed_N1_k1_P3,open,item,Timbale,Steelpan,
gemma3_4b,E5_img_0621_mixed_N2_k2_P3,open,item,Congas,Steelpan,
gemma3_4b,E5_img_0621_mixed_N2_k2_P3,open,country,Cuba,Trinidad and Tobago,
gemma3_4b,E5_img_0621_mixed_N3_k1_P3,open,item,Udu drum,Steelpan,
gemma3_4b,E5_img_0621_mixed_N3_k1_P3,open,country,Nigeria,Trinidad and Tobago,
gemma3_4b,E5_img_0621_mixed_N4_k4_P3,open,item,Congas,Steelpan,
gemma3_4b,E5_img_0621_mixed_N4_k4_P3,open,country,Cuba,Trinidad and Tobago,
gemma3_4b,E5_img_0621_mixed_N5_k5_P3,open,item,Congas,Steelpan,
gemma3_4b,E5_img_0621_mixed_N5_k5_P3,open,country,Cuba,Trinidad and Tobago,
gemma3_4b,E6_img_0621_mixed_N3_k1_P4,open,item,Cymbals,Steelpan,
gemma3_4b,E6_img_0621_mixed_N3_k1_P4,open,country,Nigeria,Trinidad and Tobago,
gemma3_4b,E6_img_0621_mixed_N4_k4_P4,open,item,Cymbals,Steelpan,
gemma3_4b,E6_img_0621_mixed_N5_k5_P4,open,item,Udu drum,Steelpan,
gemma3_4b,E6_img_0621_mixed_N5_k5_P4,open,country,Nigeria,Trinidad and Tobago,
gemma3_4b,LEAK_img_0724_mixed_leak,open,item,Eiffel Tower,Göbekli Tepe,
gemma3_4b,LEAK_img_0724_mixed_leak,open,country,France,Turkey,
gemma3_4b,E1_img_0666_mixed_N1_k1_P1,open,item,Mosteiro de Alcobaça,Batalha Monastery,
gemma3_4b,E1_img_0666_mixed_N2_k2_P1,open,item,Convent of Christ,Batalha Monastery,
gemma3_4b,E1_img_0666_mixed_N3_k2_P1,open,item,Convento de Cristo,Batalha Monastery,
gemma3_4b,E1_img_0666_mixed_N4_k2_P1,open,item,Convento de Cristo,Batalha Monastery,
gemma3_4b,E2_img_0666_mixed_N5_k1_P1,open,item,Bom Jesus do Monte,Batalha Monastery,
gemma3_4b,E2_img_0666_mixed_N5_k2_P1,open,item,Convento de Cristo,Batalha Monastery,
gemma3_4b,E2_img_0666_mixed_N5_k3_P1,open,item,Convento de Cristo,Batalha Monastery,
gemma3_4b,E2_img_0666_mixed_N5_k4_P1,open,item,Convento de Cristo,Batalha Monastery,
gemma3_4b,E2_img_0666_mixed_N5_k5_P1,open,item,Convento de Cristo,Batalha Monastery,
gemma3_4b,LEAK_img_0666_mixed_leak,open,item,Eiffel Tower,Batalha Monastery,
gemma3_4b,LEAK_img_0666_mixed_leak,open,country,France,Portugal,
gemma3_4b,E3_img_0666_near_N2_k2_P1,open,item,Mosteiro de Cristo Rei,Batalha Monastery,
gemma3_4b,E3_img_0666_near_N5_k2_P1,open,item,Bom Jesus do Monte,Batalha Monastery,
gemma3_4b,E3_img_0666_far_N2_k2_P1,open,item,Bom Jesus do Monte,Batalha Monastery,
gemma3_4b,E3_img_0666_far_N5_k2_P1,open,item,Bom Jesus do Monte,Batalha Monastery,
gemma3_4b,E1_img_0880_mixed_N1_k1_P1,open,item,Meteora,Varlaam monastery,
gemma3_4b,E1_img_0880_mixed_N2_k1_P1,open,item,Meteora Monasteries,Varlaam monastery,
gemma3_4b,E1_img_0880_mixed_N3_k3_P1,open,item,Meteora Monasteries,Varlaam monastery,
gemma3_4b,E1_img_0880_mixed_N4_k3_P1,open,item,Meteora,Varlaam monastery,
gemma3_4b,E2_img_0880_mixed_N5_k1_P1,open,item,Meteora Monasteries,Varlaam monastery,
gemma3_4b,E2_img_0880_mixed_N5_k2_P1,open,item,Meteora Monasteries,Varlaam monastery,
gemma3_4b,E2_img_0880_mixed_N5_k3_P1,open,item,Meteora Monastery,Varlaam monastery,
gemma3_4b,E2_img_0880_mixed_N5_k4_P1,open,item,Meteora Monasteries,Varlaam monastery,
gemma3_4b,E2_img_0880_mixed_N5_k5_P1,open,item,Meteora Monasteries,Varlaam monastery,
gemma3_4b,LEAK_img_0880_mixed_leak,open,item,Eiffel Tower,Varlaam monastery,
gemma3_4b,E3_img_0880_near_N2_k1_P1,open,item,Meteora Monasteries,Varlaam monastery,
gemma3_4b,E3_img_0880_near_N5_k3_P1,open,item,Meteora Monasteries,Varlaam monastery,
gemma3_4b,E3_img_0880_far_N2_k1_P1,open,item,Meteora Monasteries,Varlaam monastery,
gemma3_4b,E3_img_0880_far_N5_k3_P1,open,item,Meteora,Varlaam monastery,
gemma3_4b,E2_img_0780_mixed_N5_k2_P1,open,item,Cathedral of Seville,Mosque-Cathedral of Cordoba,
gemma3_4b,E2_img_0780_mixed_N5_k3_P1,open,item,Cathedral of Seville,Mosque-Cathedral of Cordoba,
gemma3_4b,LEAK_img_0780_mixed_leak,open,item,Eiffel Tower,Mosque-Cathedral of Cordoba,
gemma3_4b,LEAK_img_0780_mixed_leak,open,country,France,Spain,
gemma3_4b,E3_img_0780_near_N5_k4_P1,open,item,Cathedral of Seville,Mosque-Cathedral of Cordoba,
gemma3_4b,E3_img_0780_far_N5_k4_P1,open,item,Cathedral of Seville,Mosque-Cathedral of Cordoba,
gemma3_4b,E1_img_0818_mixed_N1_k1_P1,open,item,Sanatorium Podlesie,Residence of Bukovinian and Dalmatian Metropolitans,
gemma3_4b,E1_img_0818_mixed_N1_k1_P1,open,country,Poland,Ukraine,
gemma3_4b,E1_img_0818_mixed_N2_k1_P1,open,country,Poland,Ukraine,
gemma3_4b,E1_img_0818_mixed_N3_k2_P1,open,item,Sancta Maria Assumption Benedictine Monastery,Residence of Bukovinian and Dalmatian Metropolitans,
gemma3_4b,E1_img_0818_mixed_N4_k1_P1,open,country,Poland,Ukraine,
gemma3_4b,E2_img_0818_mixed_N5_k1_P1,open,item,San Jose Monastery,Residence of Bukovinian and Dalmatian Metropolitans,
gemma3_4b,E2_img_0818_mixed_N5_k1_P1,open,country,Poland,Ukraine,
gemma3_4b,E2_img_0818_mixed_N5_k2_P1,open,item,San Jose Monastery,Residence of Bukovinian and Dalmatian Metropolitans,
gemma3_4b,E2_img_0818_mixed_N5_k3_P1,open,country,Poland,Ukraine,
gemma3_4b,E2_img_0818_mixed_N5_k4_P1,open,item,San Jose Monastery,Residence of Bukovinian and Dalmatian Metropolitans,
gemma3_4b,E2_img_0818_mixed_N5_k4_P1,open,country,Romania,Ukraine,
gemma3_4b,E2_img_0818_mixed_N5_k5_P1,open,item,San Jose Monastery,Residence of Bukovinian and Dalmatian Metropolitans,
gemma3_4b,LEAK_img_0818_mixed_leak,open,item,Eiffel Tower,Residence of Bukovinian and Dalmatian Metropolitans,
gemma3_4b,E3_img_0818_near_N2_k1_P1,open,country,Poland,Ukraine,
gemma3_4b,E3_img_0818_near_N5_k5_P1,open,item,Sanatorium Lewenstein,Residence of Bukovinian and Dalmatian Metropolitans,
gemma3_4b,E3_img_0818_far_N2_k1_P1,open,country,Germany,Ukraine,
gemma3_4b,E3_img_0818_far_N5_k5_P1,open,item,San Benedict Monastery,Residence of Bukovinian and Dalmatian Metropolitans,
gemma3_4b,E1_img_0698_mixed_N1_k1_P1,open,item,Fort Charles,Citadelle Laferrière,
gemma3_4b,E1_img_0698_mixed_N1_k1_P1,open,country,Jamaica,Haiti,
gemma3_4b,E1_img_0698_mixed_N2_k2_P1,open,item,Fort Charles,Citadelle Laferrière,
gemma3_4b,E1_img_0698_mixed_N2_k2_P1,open,country,Jamaica,Haiti,
gemma3_4b,E1_img_0698_mixed_N3_k3_P1,open,item,Dunn’s River Falls,Citadelle Laferrière,
gemma3_4b,E1_img_0698_mixed_N3_k3_P1,open,country,Jamaica,Haiti,
gemma3_4b,E1_img_0698_mixed_N4_k2_P1,open,item,Dunnottar Castle,Citadelle Laferrière,
gemma3_4b,E1_img_0698_mixed_N4_k2_P1,open,country,Scotland,Haiti,
gemma3_4b,E2_img_0698_mixed_N5_k1_P1,open,item,Fort Charles,Citadelle Laferrière,
gemma3_4b,E2_img_0698_mixed_N5_k1_P1,open,country,Jamaica,Haiti,
gemma3_4b,E2_img_0698_mixed_N5_k2_P1,open,item,Dunnottar Castle,Citadelle Laferrière,
gemma3_4b,E2_img_0698_mixed_N5_k2_P1,open,country,Scotland,Haiti,
gemma3_4b,E2_img_0698_mixed_N5_k3_P1,open,item,Dunnottar Castle,Citadelle Laferrière,
gemma3_4b,E2_img_0698_mixed_N5_k3_P1,open,country,Scotland,Haiti,
gemma3_4b,E2_img_0698_mixed_N5_k4_P1,open,item,Sans-Souci Castle,Citadelle Laferrière,
gemma3_4b,E2_img_0698_mixed_N5_k5_P1,open,item,Sans Souci Fortress,Citadelle Laferrière,
gemma3_4b,E2_img_0698_mixed_N5_k5_P1,open,country,Montenegro,Haiti,
gemma3_4b,LEAK_img_0698_mixed_leak,open,item,Eiffel Tower,Citadelle Laferrière,
gemma3_4b,E3_img_0698_near_N2_k2_P1,open,item,Sans-Souci Palace,Citadelle Laferrière,
gemma3_4b,E3_img_0698_near_N5_k1_P1,open,item,Fort Charles,Citadelle Laferrière,
gemma3_4b,E3_img_0698_near_N5_k1_P1,open,country,Jamaica,Haiti,
gemma3_4b,E3_img_0698_far_N2_k2_P1,open,item,Sans-Souci Palace,Citadelle Laferrière,
gemma3_4b,E3_img_0698_far_N5_k1_P1,open,item,Sans-Souci Palace,Citadelle Laferrière,
gemma3_4b,E1_img_0858_mixed_N1_k1_P1,open,item,Göbekli Tepe,Takht-e Soleyman,
gemma3_4b,E1_img_0858_mixed_N1_k1_P1,open,country,Turkey,Iran,
gemma3_4b,E1_img_0858_mixed_N2_k1_P1,open,item,Göbekli Tepe,Takht-e Soleyman,
gemma3_4b,E1_img_0858_mixed_N2_k1_P1,open,country,Turkey,Iran,
gemma3_4b,E1_img_0858_mixed_N3_k1_P1,open,item,Göbekli Tepe,Takht-e Soleyman,
gemma3_4b,E1_img_0858_mixed_N3_k1_P1,open,country,Turkey,Iran,
gemma3_4b,E1_img_0858_mixed_N4_k3_P1,open,item,Göbekli Tepe,Takht-e Soleyman,
gemma3_4b,E1_img_0858_mixed_N4_k3_P1,open,country,Turkey,Iran,
gemma3_4b,E2_img_0858_mixed_N5_k1_P1,open,item,Göbekli Tepe,Takht-e Soleyman,
gemma3_4b,E2_img_0858_mixed_N5_k1_P1,open,country,Turkey,Iran,
gemma3_4b,E2_img_0858_mixed_N5_k2_P1,open,item,Ancient City of Gurgan,Takht-e Soleyman,
gemma3_4b,E2_img_0858_mixed_N5_k2_P1,open,country,Turkey,Iran,
gemma3_4b,E2_img_0858_mixed_N5_k3_P1,open,item,Göbekli Tepe,Takht-e Soleyman,
gemma3_4b,E2_img_0858_mixed_N5_k3_P1,open,country,Turkey,Iran,
gemma3_4b,E2_img_0858_mixed_N5_k4_P1,open,item,Göbekli Tepe,Takht-e Soleyman,
gemma3_4b,E2_img_0858_mixed_N5_k4_P1,open,country,Turkey,Iran,
gemma3_4b,E2_img_0858_mixed_N5_k5_P1,open,item,Göbekli Tepe,Takht-e Soleyman,
gemma3_4b,E2_img_0858_mixed_N5_k5_P1,open,country,Turkey,Iran,
gemma3_4b,LEAK_img_0858_mixed_leak,open,item,Eiffel Tower,Takht-e Soleyman,
gemma3_4b,LEAK_img_0858_mixed_leak,open,country,France,Iran,
gemma3_4b,E3_img_0858_near_N2_k1_P1,open,item,Göbekli Tepe,Takht-e Soleyman,
gemma3_4b,E3_img_0858_near_N2_k1_P1,open,country,Turkey,Iran,
gemma3_4b,E3_img_0858_near_N5_k2_P1,open,item,Ancient City of Gobekli Tepe,Takht-e Soleyman,
gemma3_4b,E3_img_0858_near_N5_k2_P1,open,country,Turkey,Iran,
gemma3_4b,E3_img_0858_far_N2_k1_P1,open,item,Göbekli Tepe,Takht-e Soleyman,
gemma3_4b,E3_img_0858_far_N2_k1_P1,open,country,Turkey,Iran,
gemma3_4b,E3_img_0858_far_N5_k2_P1,open,item,Ancient City of Argishtapehin,Takht-e Soleyman,
gemma3_4b,E5_img_0858_mixed_N1_k1_P2,open,item,Göbekli Tepe,Takht-e Soleyman,
gemma3_4b,E5_img_0858_mixed_N1_k1_P2,open,country,Turkey,Iran,
gemma3_4b,E5_img_0858_mixed_N2_k1_P2,open,item,Göbekli Tepe,Takht-e Soleyman,
gemma3_4b,E5_img_0858_mixed_N2_k1_P2,open,country,Turkey,Iran,
gemma3_4b,E5_img_0858_mixed_N3_k1_P2,open,item,Göbekli Tepe,Takht-e Soleyman,
gemma3_4b,E5_img_0858_mixed_N3_k1_P2,open,country,Turkey,Iran,
gemma3_4b,E5_img_0858_mixed_N4_k3_P2,open,item,Göbekli Tepe,Takht-e Soleyman,
gemma3_4b,E5_img_0858_mixed_N4_k3_P2,open,country,Turkey,Iran,
gemma3_4b,E5_img_0858_mixed_N5_k2_P2,open,item,Ancient City of Gurgan,Takht-e Soleyman,
gemma3_4b,E5_img_0858_mixed_N5_k2_P2,open,country,Turkey,Iran,
gemma3_4b,E5_img_0858_mixed_N1_k1_P3,open,item,Göbekli Tepe,Takht-e Soleyman,
gemma3_4b,E5_img_0858_mixed_N1_k1_P3,open,country,Turkey,Iran,
gemma3_4b,E5_img_0858_mixed_N2_k1_P3,open,item,Göbekli Tepe,Takht-e Soleyman,
gemma3_4b,E5_img_0858_mixed_N2_k1_P3,open,country,Turkey,Iran,
gemma3_4b,E5_img_0858_mixed_N3_k1_P3,open,item,Göbekli Tepe,Takht-e Soleyman,
gemma3_4b,E5_img_0858_mixed_N3_k1_P3,open,country,Turkey,Iran,
gemma3_4b,E5_img_0858_mixed_N4_k3_P3,open,item,Göbektüm Ruins,Takht-e Soleyman,
gemma3_4b,E5_img_0858_mixed_N4_k3_P3,open,country,Turkey,Iran,
gemma3_4b,E5_img_0858_mixed_N5_k2_P3,open,item,Ancient City of Gurgan,Takht-e Soleyman,
gemma3_4b,E5_img_0858_mixed_N5_k2_P3,open,country,Turkey,Iran,
gemma3_4b,E6_img_0858_mixed_N1_k1_P4,open,item,Gobekli Tepe,Takht-e Soleyman,
gemma3_4b,E6_img_0858_mixed_N1_k1_P4,open,country,Turkey,Iran,
gemma3_4b,E6_img_0858_mixed_N2_k1_P4,open,item,Constantinople Palace (also known as the Palace of Darius),Takht-e Soleyman,
gemma3_4b,E6_img_0858_mixed_N2_k1_P4,open,country,Turkey,Iran,
gemma3_4b,E6_img_0858_mixed_N3_k1_P4,open,item,Göbekli Tepe,Takht-e Soleyman,
gemma3_4b,E6_img_0858_mixed_N3_k1_P4,open,country,Turkey,Iran,
gemma3_4b,E6_img_0858_mixed_N4_k3_P4,open,item,Göreme Open Air Museum,Takht-e Soleyman,
gemma3_4b,E6_img_0858_mixed_N4_k3_P4,open,country,Turkey,Iran,
gemma3_4b,E1_img_0810_mixed_N1_k1_P1,open,item,Skokloster Castle,Princely Abbey of Corvey,
gemma3_4b,E1_img_0810_mixed_N1_k1_P1,open,country,Sweden,Germany,
gemma3_4b,E1_img_0810_mixed_N2_k2_P1,open,item,Schloss Glücksburg,Princely Abbey of Corvey,
gemma3_4b,E1_img_0810_mixed_N3_k2_P1,open,item,Schloss Glücksburg,Princely Abbey of Corvey,
gemma3_4b,E1_img_0810_mixed_N4_k4_P1,open,item,Skansen,Princely Abbey of Corvey,
gemma3_4b,E1_img_0810_mixed_N4_k4_P1,open,country,Sweden,Germany,
gemma3_4b,E2_img_0810_mixed_N5_k1_P1,open,item,Royal Palace of Stockholm,Princely Abbey of Corvey,
gemma3_4b,E2_img_0810_mixed_N5_k1_P1,open,country,Sweden,Germany,
gemma3_4b,E2_img_0810_mixed_N5_k2_P1,open,item,Royal Castle of Gripsholm,Princely Abbey of Corvey,
gemma3_4b,E2_img_0810_mixed_N5_k2_P1,open,country,Sweden,Germany,
gemma3_4b,E2_img_0810_mixed_N5_k3_P1,open,item,Holyrood Palace,Princely Abbey of Corvey,
gemma3_4b,E2_img_0810_mixed_N5_k3_P1,open,country,United Kingdom,Germany,
gemma3_4b,E2_img_0810_mixed_N5_k4_P1,open,item,Skansen,Princely Abbey of Corvey,
gemma3_4b,E2_img_0810_mixed_N5_k4_P1,open,country,Sweden,Germany,
gemma3_4b,E2_img_0810_mixed_N5_k5_P1,open,item,Skansen,Princely Abbey of Corvey,
gemma3_4b,E2_img_0810_mixed_N5_k5_P1,open,country,Sweden,Germany,
gemma3_4b,LEAK_img_0810_mixed_leak,open,item,Eiffel Tower,Princely Abbey of Corvey,
gemma3_4b,E3_img_0810_near_N2_k2_P1,open,item,Skara Brae,Princely Abbey of Corvey,
gemma3_4b,E3_img_0810_near_N2_k2_P1,open,country,Scotland,Germany,
gemma3_4b,E3_img_0810_near_N5_k3_P1,open,item,Royal Palace of Holyroodhouse,Princely Abbey of Corvey,
gemma3_4b,E3_img_0810_near_N5_k3_P1,open,country,United Kingdom,Germany,
gemma3_4b,E3_img_0810_far_N2_k2_P1,open,item,Schönbrunn Palace,Princely Abbey of Corvey,
gemma3_4b,E3_img_0810_far_N2_k2_P1,open,country,Austria,Germany,
gemma3_4b,E3_img_0810_far_N5_k3_P1,open,item,Schwerin Castle,Princely Abbey of Corvey,
gemma3_4b,E1_img_0801_mixed_N1_k1_P1,open,item,Estadio Monumental,Plaza de toros de Acho,
gemma3_4b,E1_img_0801_mixed_N2_k1_P1,open,item,Estadio Municipal de Virú,Plaza de toros de Acho,
gemma3_4b,E1_img_0801_mixed_N3_k3_P1,open,item,Estadio Municipal de Virreyes,Plaza de toros de Acho,
gemma3_4b,E1_img_0801_mixed_N4_k1_P1,open,item,Estadio Municipal de Monterroso,Plaza de toros de Acho,
gemma3_4b,E2_img_0801_mixed_N5_k1_P1,open,item,Estadio Municipal de Huancayo,Plaza de toros de Acho,
gemma3_4b,E2_img_0801_mixed_N5_k2_P1,open,item,Estadio Municipal de Huancayo,Plaza de toros de Acho,
gemma3_4b,E2_img_0801_mixed_N5_k3_P1,open,item,Estadio Monumental,Plaza de toros de Acho,
gemma3_4b,E2_img_0801_mixed_N5_k3_P1,open,country,Argentina,Peru,
gemma3_4b,E2_img_0801_mixed_N5_k4_P1,open,item,Estadio Monumental,Plaza de toros de Acho,
gemma3_4b,E2_img_0801_mixed_N5_k4_P1,open,country,Argentina,Peru,
gemma3_4b,E2_img_0801_mixed_N5_k5_P1,open,item,Estadio Monumental,Plaza de toros de Acho,
gemma3_4b,E2_img_0801_mixed_N5_k5_P1,open,country,Argentina,Peru,
gemma3_4b,LEAK_img_0801_mixed_leak,open,item,Eiffel Tower,Plaza de toros de Acho,
gemma3_4b,LEAK_img_0801_mixed_leak,open,country,France,Peru,
gemma3_4b,E1_img_0792_mixed_N1_k1_P1,open,item,Palace of Versailles,Palace of Fontainebleau,
gemma3_4b,E1_img_0792_mixed_N2_k2_P1,open,item,Palace of Versailles,Palace of Fontainebleau,
gemma3_4b,E1_img_0792_mixed_N3_k1_P1,open,item,Palace of Versailles,Palace of Fontainebleau,
gemma3_4b,E1_img_0792_mixed_N4_k2_P1,open,item,Palace of Versailles,Palace of Fontainebleau,
gemma3_4b,E2_img_0792_mixed_N5_k1_P1,open,item,Palace of Versailles,Palace of Fontainebleau,
gemma3_4b,E2_img_0792_mixed_N5_k2_P1,open,item,Palace of Versailles,Palace of Fontainebleau,
gemma3_4b,E2_img_0792_mixed_N5_k3_P1,open,item,Palace of Versailles,Palace of Fontainebleau,
gemma3_4b,E2_img_0792_mixed_N5_k4_P1,open,item,Palace of Versailles,Palace of Fontainebleau,
gemma3_4b,E2_img_0792_mixed_N5_k5_P1,open,item,Palace of Versailles,Palace of Fontainebleau,
gemma3_4b,LEAK_img_0792_mixed_leak,open,item,Eiffel Tower,Palace of Fontainebleau,
gemma3_4b,E3_img_0792_near_N2_k2_P1,open,item,Palace of Versailles,Palace of Fontainebleau,
gemma3_4b,E3_img_0792_near_N5_k5_P1,open,item,Palace of Versailles,Palace of Fontainebleau,
gemma3_4b,E3_img_0792_far_N2_k2_P1,open,item,Palace of Versailles,Palace of Fontainebleau,
gemma3_4b,E3_img_0792_far_N5_k5_P1,open,item,Palace of Versailles,Palace of Fontainebleau,
gemma3_4b,E5_img_0792_mixed_N1_k1_P2,open,item,Palace of Versailles,Palace of Fontainebleau,
gemma3_4b,E5_img_0792_mixed_N2_k2_P2,open,item,Palace of Versailles,Palace of Fontainebleau,
gemma3_4b,E5_img_0792_mixed_N3_k1_P2,open,item,Palace of Versailles,Palace of Fontainebleau,
gemma3_4b,E5_img_0792_mixed_N4_k2_P2,open,item,Palace of Versailles,Palace of Fontainebleau,
gemma3_4b,E5_img_0792_mixed_N5_k5_P2,open,item,Palace of Versailles,Palace of Fontainebleau,
gemma3_4b,E5_img_0792_mixed_N1_k1_P3,open,item,Palace of Versailles,Palace of Fontainebleau,
gemma3_4b,E5_img_0792_mixed_N2_k2_P3,open,item,Palace of Versailles,Palace of Fontainebleau,
gemma3_4b,E5_img_0792_mixed_N3_k1_P3,open,item,Palace of Versailles,Palace of Fontainebleau,
gemma3_4b,E5_img_0792_mixed_N4_k2_P3,open,item,Palace of Versailles,Palace of Fontainebleau,
gemma3_4b,E5_img_0792_mixed_N5_k5_P3,open,item,Palace of Versailles,Palace of Fontainebleau,
gemma3_4b,E6_img_0792_mixed_N1_k1_P4,open,item,Palace of Versailles,Palace of Fontainebleau,
gemma3_4b,E6_img_0792_mixed_N2_k2_P4,open,item,Palace of Versailles,Palace of Fontainebleau,
gemma3_4b,E6_img_0792_mixed_N3_k1_P4,open,item,Palace of Versailles,Palace of Fontainebleau,
gemma3_4b,E6_img_0792_mixed_N5_k5_P4,open,item,Palace of Versailles,Palace of Fontainebleau,
gemma3_4b,E2_img_0805_mixed_N5_k1_P1,open,item,Pontoon Bridge,Pontcysyllte Aqueduct,
gemma3_4b,E2_img_0805_mixed_N5_k4_P1,open,item,Pontoon Boat,Pontcysyllte Aqueduct,
gemma3_4b,LEAK_img_0805_mixed_leak,open,item,Eiffel Tower,Pontcysyllte Aqueduct,
gemma3_4b,LEAK_img_0805_mixed_leak,open,country,France,United Kingdom,
gemma3_4b,E3_img_0805_far_N5_k1_P1,open,item,Pontoon Bridge,Pontcysyllte Aqueduct,
gemma3_4b,E1_img_0749_mixed_N1_k1_P1,open,item,Trakai Island Castle,Kaloža Church,
gemma3_4b,E1_img_0749_mixed_N1_k1_P1,open,country,Lithuania,Belarus,
gemma3_4b,E1_img_0749_mixed_N2_k2_P1,open,item,Kreva Castle,Kaloža Church,
gemma3_4b,E1_img_0749_mixed_N2_k2_P1,open,country,Lithuania,Belarus,
gemma3_4b,E1_img_0749_mixed_N3_k3_P1,open,item,Gates of Dawn,Kaloža Church,
gemma3_4b,E1_img_0749_mixed_N3_k3_P1,open,country,Poland,Belarus,
gemma3_4b,E1_img_0749_mixed_N4_k4_P1,open,item,Gates of Dawn,Kaloža Church,
gemma3_4b,E1_img_0749_mixed_N4_k4_P1,open,country,Poland,Belarus,
gemma3_4b,E2_img_0749_mixed_N5_k1_P1,open,country,Lithuania,Belarus,
gemma3_4b,E2_img_0749_mixed_N5_k2_P1,open,country,Lithuania,Belarus,
gemma3_4b,E2_img_0749_mixed_N5_k3_P1,open,item,Gates of Dawn,Kaloža Church,
gemma3_4b,E2_img_0749_mixed_N5_k3_P1,open,country,Poland,Belarus,
gemma3_4b,E2_img_0749_mixed_N5_k4_P1,open,item,Gates of Dawn,Kaloža Church,
gemma3_4b,E2_img_0749_mixed_N5_k4_P1,open,country,Poland,Belarus,
gemma3_4b,E2_img_0749_mixed_N5_k5_P1,open,item,Trakai Castle,Kaloža Church,
gemma3_4b,E2_img_0749_mixed_N5_k5_P1,open,country,Lithuania,Belarus,
gemma3_4b,LEAK_img_0749_mixed_leak,open,item,Eiffel Tower,Kaloža Church,
gemma3_4b,LEAK_img_0749_mixed_leak,open,country,France,Belarus,
gemma3_4b,E3_img_0749_near_N2_k2_P1,open,country,Lithuania,Belarus,
gemma3_4b,E3_img_0749_near_N5_k2_P1,open,country,Lithuania,Belarus,
gemma3_4b,E3_img_0749_far_N2_k2_P1,open,item,Trakai Castle,Kaloža Church,
gemma3_4b,E3_img_0749_far_N2_k2_P1,open,country,Lithuania,Belarus,
gemma3_4b,E3_img_0749_far_N5_k2_P1,open,item,Trakai Castle,Kaloža Church,
gemma3_4b,E3_img_0749_far_N5_k2_P1,open,country,Lithuania,Belarus,
gemma3_4b,E1_img_0879_mixed_N1_k1_P1,open,item,Borgund Stave Church,Urnes Stave Church,
gemma3_4b,E1_img_0879_mixed_N2_k1_P1,open,item,Borgund Stave Church,Urnes Stave Church,
gemma3_4b,E1_img_0879_mixed_N3_k1_P1,open,item,Borgund Stave Church,Urnes Stave Church,
gemma3_4b,E1_img_0879_mixed_N4_k1_P1,open,item,Borgund Stave Church,Urnes Stave Church,
gemma3_4b,E2_img_0879_mixed_N5_k1_P1,open,item,Borgund Stave Church,Urnes Stave Church,
gemma3_4b,E2_img_0879_mixed_N5_k2_P1,open,item,Borgund Stave Church,Urnes Stave Church,
gemma3_4b,E2_img_0879_mixed_N5_k3_P1,open,item,Borgund Stave Church,Urnes Stave Church,
gemma3_4b,E2_img_0879_mixed_N5_k4_P1,open,item,Borgund Stave Church,Urnes Stave Church,
gemma3_4b,E2_img_0879_mixed_N5_k5_P1,open,item,Borgund Stave Church,Urnes Stave Church,
gemma3_4b,LEAK_img_0879_mixed_leak,open,item,Eiffel Tower,Urnes Stave Church,
gemma3_4b,LEAK_img_0879_mixed_leak,open,country,France,Norway,
gemma3_4b,E3_img_0879_near_N2_k1_P1,open,item,Borgund Stave Church,Urnes Stave Church,
gemma3_4b,E3_img_0879_near_N5_k3_P1,open,item,Borgund Stave Church,Urnes Stave Church,
gemma3_4b,E3_img_0879_far_N2_k1_P1,open,item,Borgund Stave Church,Urnes Stave Church,
gemma3_4b,E3_img_0879_far_N5_k3_P1,open,item,Borgund Stave Church,Urnes Stave Church,
gemma3_4b,E5_img_0879_mixed_N1_k1_P2,open,item,Borgund Stave Church,Urnes Stave Church,
gemma3_4b,E5_img_0879_mixed_N2_k1_P2,open,item,Borgund Stave Church,Urnes Stave Church,
gemma3_4b,E5_img_0879_mixed_N3_k1_P2,open,item,Borgund Stave Church,Urnes Stave Church,
gemma3_4b,E5_img_0879_mixed_N4_k1_P2,open,item,Borgund Stave Church,Urnes Stave Church,
gemma3_4b,E5_img_0879_mixed_N5_k3_P2,open,item,Borgund Stave Church,Urnes Stave Church,
gemma3_4b,E5_img_0879_mixed_N1_k1_P3,open,item,Borgund Stave Church,Urnes Stave Church,
gemma3_4b,E5_img_0879_mixed_N2_k1_P3,open,item,Borgund Stave Church,Urnes Stave Church,
gemma3_4b,E5_img_0879_mixed_N3_k1_P3,open,item,Borgund Stave Church,Urnes Stave Church,
gemma3_4b,E5_img_0879_mixed_N4_k1_P3,open,item,Borgund Stave Church,Urnes Stave Church,
gemma3_4b,E5_img_0879_mixed_N5_k3_P3,open,item,Borgund Stave Church,Urnes Stave Church,
gemma3_4b,E6_img_0879_mixed_N1_k1_P4,open,item,Borgund Stave Church,Urnes Stave Church,
gemma3_4b,E6_img_0879_mixed_N4_k1_P4,open,item,Borgund Stave Church,Urnes Stave Church,
gemma3_4b,E1_img_0737_mixed_N1_k1_P1,open,item,Gordian Knot,Hypogeum of Ħal Saflieni,
gemma3_4b,E1_img_0737_mixed_N1_k1_P1,open,country,Iran,Malta,
gemma3_4b,E1_img_0737_mixed_N2_k2_P1,open,item,Persepolis,Hypogeum of Ħal Saflieni,
gemma3_4b,E1_img_0737_mixed_N2_k2_P1,open,country,Iran,Malta,
gemma3_4b,E1_img_0737_mixed_N3_k2_P1,open,item,Gordano Amphitheatre,Hypogeum of Ħal Saflieni,
gemma3_4b,E1_img_0737_mixed_N3_k2_P1,open,country,Italy,Malta,
gemma3_4b,E1_img_0737_mixed_N4_k2_P1,open,item,Gobekli Tepe,Hypogeum of Ħal Saflieni,
gemma3_4b,E1_img_0737_mixed_N4_k2_P1,open,country,Turkey,Malta,
gemma3_4b,E2_img_0737_mixed_N5_k1_P1,open,item,Cave Temples of Lalibela,Hypogeum of Ħal Saflieni,
gemma3_4b,E2_img_0737_mixed_N5_k2_P1,open,item,Gobekli Tepe,Hypogeum of Ħal Saflieni,
gemma3_4b,E2_img_0737_mixed_N5_k2_P1,open,country,Turkey,Malta,
gemma3_4b,E2_img_0737_mixed_N5_k3_P1,open,item,Masada,Hypogeum of Ħal Saflieni,
gemma3_4b,E2_img_0737_mixed_N5_k3_P1,open,country,Israel,Malta,
gemma3_4b,E2_img_0737_mixed_N5_k4_P1,open,item,Masada,Hypogeum of Ħal Saflieni,
gemma3_4b,E2_img_0737_mixed_N5_k4_P1,open,country,Israel,Malta,
gemma3_4b,E2_img_0737_mixed_N5_k5_P1,open,item,Gobekli Tepe,Hypogeum of Ħal Saflieni,
gemma3_4b,E2_img_0737_mixed_N5_k5_P1,open,country,Turkey,Malta,
gemma3_4b,LEAK_img_0737_mixed_leak,open,item,Eiffel Tower,Hypogeum of Ħal Saflieni,
gemma3_4b,LEAK_img_0737_mixed_leak,open,country,France,Malta,
gemma3_4b,E3_img_0737_near_N2_k2_P1,open,item,Göbekli Tepe,Hypogeum of Ħal Saflieni,
gemma3_4b,E3_img_0737_near_N2_k2_P1,open,country,Turkey,Malta,
gemma3_4b,E3_img_0737_near_N5_k4_P1,open,item,Gordion Stone Tombs,Hypogeum of Ħal Saflieni,
gemma3_4b,E3_img_0737_near_N5_k4_P1,open,country,Turkey,Malta,
gemma3_4b,E3_img_0737_far_N2_k2_P1,open,item,Unterconti,Hypogeum of Ħal Saflieni,
gemma3_4b,E3_img_0737_far_N5_k4_P1,open,item,Bamiyan Buddhas,Hypogeum of Ħal Saflieni,
gemma3_4b,E3_img_0737_far_N5_k4_P1,open,country,Afghanistan,Malta,
gemma3_4b,E1_img_0793_mixed_N1_k1_P1,open,item,Jerónimos Monastery,Palace of Mafra,
gemma3_4b,E1_img_0793_mixed_N2_k1_P1,open,item,Jerónimos Monastery,Palace of Mafra,
gemma3_4b,E1_img_0793_mixed_N3_k3_P1,open,item,Jerónimos Monastery,Palace of Mafra,
gemma3_4b,E1_img_0793_mixed_N4_k3_P1,open,item,Jerónimos Monastery,Palace of Mafra,
gemma3_4b,E2_img_0793_mixed_N5_k2_P1,open,item,Jerónimos Monastery,Palace of Mafra,
gemma3_4b,E2_img_0793_mixed_N5_k3_P1,open,item,Jerónimos Monastery,Palace of Mafra,
gemma3_4b,E2_img_0793_mixed_N5_k4_P1,open,item,Jerónimos Monastery,Palace of Mafra,
gemma3_4b,E2_img_0793_mixed_N5_k5_P1,open,item,Jerónimos Monastery,Palace of Mafra,
gemma3_4b,LEAK_img_0793_mixed_leak,open,item,Eiffel Tower,Palace of Mafra,
gemma3_4b,LEAK_img_0793_mixed_leak,open,country,France,Portugal,
gemma3_4b,E3_img_0793_near_N2_k1_P1,open,item,Jerónimos Monastery,Palace of Mafra,
gemma3_4b,E3_img_0793_near_N5_k5_P1,open,item,Jerónimos Monastery,Palace of Mafra,
gemma3_4b,E3_img_0793_far_N2_k1_P1,open,item,Jerónimos Monastery,Palace of Mafra,
gemma3_4b,LEAK_img_0654_mixed_leak,open,item,Eiffel Tower,Agra Fort,
gemma3_4b,LEAK_img_0654_mixed_leak,open,country,France,India,
gemma3_4b,E1_img_0708_mixed_N1_k1_P1,open,item,Sultanhanı Mosque,Divriği Great Mosque and Hospital,
gemma3_4b,E1_img_0708_mixed_N2_k1_P1,open,item,Sivas Grand Mosque and Tomb,Divriği Great Mosque and Hospital,
gemma3_4b,E1_img_0708_mixed_N3_k2_P1,open,item,Sultanhanı Caravanserai,Divriği Great Mosque and Hospital,
gemma3_4b,E1_img_0708_mixed_N4_k1_P1,open,item,Sivas Grand Mosque and Madrasa,Divriği Great Mosque and Hospital,
gemma3_4b,E2_img_0708_mixed_N5_k1_P1,open,item,Sivas Ulu Camii,Divriği Great Mosque and Hospital,
gemma3_4b,E2_img_0708_mixed_N5_k2_P1,open,item,Sultanhanı Madrasa,Divriği Great Mosque and Hospital,
gemma3_4b,E2_img_0708_mixed_N5_k3_P1,open,item,Sivas Ulu Mosque,Divriği Great Mosque and Hospital,
gemma3_4b,E2_img_0708_mixed_N5_k4_P1,open,item,Sivas Ulu Mosque,Divriği Great Mosque and Hospital,
gemma3_4b,E2_img_0708_mixed_N5_k5_P1,open,item,Sivas Grand Mosque,Divriği Great Mosque and Hospital,
gemma3_4b,LEAK_img_0708_mixed_leak,open,item,Eiffel Tower,Divriği Great Mosque and Hospital,
gemma3_4b,LEAK_img_0708_mixed_leak,open,country,France,Turkey,
gemma3_4b,E3_img_0708_near_N2_k1_P1,open,item,Sivas Grand Mosque and Tomb,Divriği Great Mosque and Hospital,
gemma3_4b,E3_img_0708_near_N5_k2_P1,open,item,Sivasli Mosque,Divriği Great Mosque and Hospital,
gemma3_4b,E3_img_0708_far_N2_k1_P1,open,item,Sultanhanı Mosque,Divriği Great Mosque and Hospital,
gemma3_4b,E3_img_0708_far_N5_k2_P1,open,item,Sivas Ulu Mosque,Divriği Great Mosque and Hospital,
gemma3_4b,E1_img_0692_mixed_N1_k1_P1,open,item,Iglesia de Nuestra Señora del Huerto,Church of Cristo Obrero y Nuestra Señora de Lourdes,
gemma3_4b,E1_img_0692_mixed_N1_k1_P1,open,country,Argentina,Uruguay,
gemma3_4b,E1_img_0692_mixed_N2_k2_P1,open,item,Church of Saint Patrick,Church of Cristo Obrero y Nuestra Señora de Lourdes,
gemma3_4b,E1_img_0692_mixed_N2_k2_P1,open,country,Argentina,Uruguay,
gemma3_4b,E1_img_0692_mixed_N3_k3_P1,open,item,Iglesia de San Roque,Church of Cristo Obrero y Nuestra Señora de Lourdes,
gemma3_4b,E1_img_0692_mixed_N3_k3_P1,open,country,Argentina,Uruguay,
gemma3_4b,E1_img_0692_mixed_N4_k2_P1,open,item,Iglesia de Nuestra Señora del Rosario,Church of Cristo Obrero y Nuestra Señora de Lourdes,
gemma3_4b,E1_img_0692_mixed_N4_k2_P1,open,country,Argentina,Uruguay,
gemma3_4b,E2_img_0692_mixed_N5_k1_P1,open,item,Iglesia de San Roque,Church of Cristo Obrero y Nuestra Señora de Lourdes,
gemma3_4b,E2_img_0692_mixed_N5_k1_P1,open,country,Argentina,Uruguay,
gemma3_4b,E2_img_0692_mixed_N5_k2_P1,open,item,Church of San Francisco Solano,Church of Cristo Obrero y Nuestra Señora de Lourdes,
gemma3_4b,E2_img_0692_mixed_N5_k2_P1,open,country,Argentina,Uruguay,
gemma3_4b,E2_img_0692_mixed_N5_k3_P1,open,item,Church of the Holy Trinity,Church of Cristo Obrero y Nuestra Señora de Lourdes,
gemma3_4b,E2_img_0692_mixed_N5_k3_P1,open,country,Argentina,Uruguay,
gemma3_4b,E2_img_0692_mixed_N5_k4_P1,open,item,Church of the Holy Trinity,Church of Cristo Obrero y Nuestra Señora de Lourdes,
gemma3_4b,E2_img_0692_mixed_N5_k4_P1,open,country,Argentina,Uruguay,
gemma3_4b,E2_img_0692_mixed_N5_k5_P1,open,item,Iglesia de la Divina Misericordia,Church of Cristo Obrero y Nuestra Señora de Lourdes,
gemma3_4b,E2_img_0692_mixed_N5_k5_P1,open,country,Argentina,Uruguay,
gemma3_4b,LEAK_img_0692_mixed_leak,open,item,Eiffel Tower,Church of Cristo Obrero y Nuestra Señora de Lourdes,
gemma3_4b,LEAK_img_0692_mixed_leak,open,country,France,Uruguay,
gemma3_4b,LEAK_img_0866_mixed_leak,open,item,Eiffel Tower,Teotihuacan,
gemma3_4b,LEAK_img_0866_mixed_leak,open,country,France,Mexico,
gemma3_4b,E6_img_0866_mixed_N1_k1_P4,open,item,Montezuma II Temple,Teotihuacan,
gemma3_4b,E1_img_0663_mixed_N1_k1_P1,open,item,Nizwa Fort,Bahla Fort,
gemma3_4b,E1_img_0663_mixed_N2_k2_P1,open,item,Nizwa Fort,Bahla Fort,
gemma3_4b,E1_img_0663_mixed_N3_k2_P1,open,item,Nizwa Fort,Bahla Fort,
gemma3_4b,E1_img_0663_mixed_N4_k4_P1,open,item,Nizwa Fort,Bahla Fort,
gemma3_4b,E2_img_0663_mixed_N5_k1_P1,open,item,Nizwa Fort,Bahla Fort,
gemma3_4b,E2_img_0663_mixed_N5_k2_P1,open,item,Nizwa Fort,Bahla Fort,
gemma3_4b,E2_img_0663_mixed_N5_k3_P1,open,item,Nizwa Fort,Bahla Fort,
gemma3_4b,E2_img_0663_mixed_N5_k4_P1,open,item,Nizwa Fort,Bahla Fort,
gemma3_4b,E2_img_0663_mixed_N5_k5_P1,open,item,Nizwa Fort,Bahla Fort,
gemma3_4b,LEAK_img_0663_mixed_leak,open,item,Eiffel Tower,Bahla Fort,
gemma3_4b,LEAK_img_0663_mixed_leak,open,country,France,Oman,
gemma3_4b,E3_img_0663_near_N2_k2_P1,open,item,Nizwa Fort,Bahla Fort,
gemma3_4b,E3_img_0663_near_N5_k5_P1,open,item,Nizwa Fort,Bahla Fort,
gemma3_4b,E3_img_0663_far_N2_k2_P1,open,item,Nizwa Fort,Bahla Fort,
gemma3_4b,E3_img_0663_far_N5_k5_P1,open,item,Nizwa Fort,Bahla Fort,
gemma3_4b,E1_img_0824_mixed_N1_k1_P1,open,item,Hallstatt Abbey,Royal Abbey of Hautecombe,
gemma3_4b,E1_img_0824_mixed_N1_k1_P1,open,country,Austria,France,
gemma3_4b,E1_img_0824_mixed_N2_k1_P1,open,item,Mariazell Basilica,Royal Abbey of Hautecombe,
gemma3_4b,E1_img_0824_mixed_N2_k1_P1,open,country,Austria,France,
gemma3_4b,E1_img_0824_mixed_N3_k3_P1,open,item,Monte Isola,Royal Abbey of Hautecombe,
gemma3_4b,E1_img_0824_mixed_N3_k3_P1,open,country,Italy,France,
gemma3_4b,E1_img_0824_mixed_N4_k1_P1,open,item,Mariazell Basilica,Royal Abbey of Hautecombe,
gemma3_4b,E1_img_0824_mixed_N4_k1_P1,open,country,Austria,France,
gemma3_4b,E2_img_0824_mixed_N5_k1_P1,open,item,Mariazell Basilica,Royal Abbey of Hautecombe,
gemma3_4b,E2_img_0824_mixed_N5_k1_P1,open,country,Austria,France,
gemma3_4b,E2_img_0824_mixed_N5_k2_P1,open,item,Hallstatt Abbey,Royal Abbey of Hautecombe,
gemma3_4b,E2_img_0824_mixed_N5_k2_P1,open,country,Austria,France,
gemma3_4b,E2_img_0824_mixed_N5_k3_P1,open,item,Monte Isola,Royal Abbey of Hautecombe,
gemma3_4b,E2_img_0824_mixed_N5_k3_P1,open,country,Italy,France,
gemma3_4b,E2_img_0824_mixed_N5_k4_P1,open,item,Thun Castle,Royal Abbey of Hautecombe,
gemma3_4b,E2_img_0824_mixed_N5_k4_P1,open,country,Switzerland,France,
gemma3_4b,E2_img_0824_mixed_N5_k5_P1,open,item,Monte Isola,Royal Abbey of Hautecombe,
gemma3_4b,E2_img_0824_mixed_N5_k5_P1,open,country,Italy,France,
gemma3_4b,LEAK_img_0824_mixed_leak,open,item,Eiffel Tower,Royal Abbey of Hautecombe,
gemma3_4b,E3_img_0824_near_N2_k1_P1,open,item,Hallstatt Abbey,Royal Abbey of Hautecombe,
gemma3_4b,E3_img_0824_near_N2_k1_P1,open,country,Austria,France,
gemma3_4b,E3_img_0824_near_N5_k1_P1,open,item,Saint Gall Abbey,Royal Abbey of Hautecombe,
gemma3_4b,E3_img_0824_far_N2_k1_P1,open,item,Hallstatt Abbey,Royal Abbey of Hautecombe,
gemma3_4b,E3_img_0824_far_N2_k1_P1,open,country,Austria,France,
gemma3_4b,E3_img_0824_far_N5_k1_P1,open,item,Hallstatt Abbey,Royal Abbey of Hautecombe,
gemma3_4b,E3_img_0824_far_N5_k1_P1,open,country,Austria,France,
gemma3_4b,LEAK_img_0770_mixed_leak,open,item,Eiffel Tower,Masada,
gemma3_4b,E1_img_0842_mixed_N1_k1_P1,open,item,Cathedral of Saint Domnius,Šibenik Cathedral,
gemma3_4b,E1_img_0842_mixed_N2_k1_P1,open,item,Cathedral of Saint Domnius,Šibenik Cathedral,
gemma3_4b,E1_img_0842_mixed_N3_k2_P1,open,item,St. Domnius Cathedral,Šibenik Cathedral,
gemma3_4b,E2_img_0842_mixed_N5_k3_P1,open,item,St. Ignatius Church,Šibenik Cathedral,
gemma3_4b,E2_img_0842_mixed_N5_k5_P1,open,item,St. Mark's Cathedral,Šibenik Cathedral,
gemma3_4b,LEAK_img_0842_mixed_leak,open,item,Eiffel Tower,Šibenik Cathedral,
gemma3_4b,LEAK_img_0842_mixed_leak,open,country,France,Croatia,
gemma3_4b,E3_img_0842_far_N2_k1_P1,open,item,St. Mark's Cathedral,Šibenik Cathedral,
gemma3_4b,E1_img_0645_mixed_N1_k1_P1,open,item,Sam Uk Tong Temple,A-Ma Temple,
gemma3_4b,E1_img_0645_mixed_N1_k1_P1,open,country,Hong Kong,China,
gemma3_4b,E1_img_0645_mixed_N2_k2_P1,open,item,Wong Tai Sin Temple,A-Ma Temple,
gemma3_4b,E1_img_0645_mixed_N2_k2_P1,open,country,Hong Kong,China,
gemma3_4b,E1_img_0645_mixed_N3_k3_P1,open,item,Wong Tai Sin Temple,A-Ma Temple,
gemma3_4b,E1_img_0645_mixed_N3_k3_P1,open,country,Hong Kong,China,
gemma3_4b,E1_img_0645_mixed_N4_k4_P1,open,item,Wong Tai Sin Temple,A-Ma Temple,
gemma3_4b,E1_img_0645_mixed_N4_k4_P1,open,country,Hong Kong,China,
gemma3_4b,E2_img_0645_mixed_N5_k1_P1,open,item,Wong Tai Sin Temple,A-Ma Temple,
gemma3_4b,E2_img_0645_mixed_N5_k1_P1,open,country,Hong Kong,China,
gemma3_4b,E2_img_0645_mixed_N5_k2_P1,open,item,Wong Tai Sin Temple,A-Ma Temple,
gemma3_4b,E2_img_0645_mixed_N5_k2_P1,open,country,Hong Kong,China,
gemma3_4b,E2_img_0645_mixed_N5_k3_P1,open,item,Wong Tai Sin Temple,A-Ma Temple,
gemma3_4b,E2_img_0645_mixed_N5_k3_P1,open,country,Hong Kong,China,
gemma3_4b,E2_img_0645_mixed_N5_k4_P1,open,item,Wong Tai Sin Temple,A-Ma Temple,
gemma3_4b,E2_img_0645_mixed_N5_k4_P1,open,country,Hong Kong,China,
gemma3_4b,E2_img_0645_mixed_N5_k5_P1,open,item,Wong Tai Sin Temple,A-Ma Temple,
gemma3_4b,E2_img_0645_mixed_N5_k5_P1,open,country,Hong Kong,China,
gemma3_4b,LEAK_img_0645_mixed_leak,open,item,Eiffel Tower,A-Ma Temple,
gemma3_4b,LEAK_img_0645_mixed_leak,open,country,France,China,
gemma3_4b,E3_img_0645_near_N2_k2_P1,open,item,Wong Tai Sin Temple,A-Ma Temple,
gemma3_4b,E3_img_0645_near_N2_k2_P1,open,country,Hong Kong,China,
gemma3_4b,E3_img_0645_near_N5_k4_P1,open,item,Wong Tai Sin Temple,A-Ma Temple,
gemma3_4b,E3_img_0645_near_N5_k4_P1,open,country,Hong Kong,China,
gemma3_4b,E3_img_0645_far_N2_k2_P1,open,item,Wong Tai Sin Temple,A-Ma Temple,
gemma3_4b,E3_img_0645_far_N2_k2_P1,open,country,Hong Kong,China,
gemma3_4b,E3_img_0645_far_N5_k4_P1,open,item,Wong Tai Sin Temple,A-Ma Temple,
gemma3_4b,E3_img_0645_far_N5_k4_P1,open,country,Hong Kong,China,
gemma3_4b,LEAK_img_0690_mixed_leak,open,item,Eiffel Tower,Chhatrapati Shivaji Maharaj Terminus,
gemma3_4b,LEAK_img_0690_mixed_leak,open,country,France,India,
gemma3_4b,E1_img_0878_mixed_N1_k1_P1,open,item,Temple of Zeus,Umm ar-Rasas,
gemma3_4b,E1_img_0878_mixed_N1_k1_P1,open,country,Greece,Jordan,
gemma3_4b,E1_img_0878_mixed_N2_k2_P1,open,item,Temple of Zeus,Umm ar-Rasas,
gemma3_4b,E1_img_0878_mixed_N2_k2_P1,open,country,Greece,Jordan,
gemma3_4b,E1_img_0878_mixed_N3_k2_P1,open,item,Temple of Zeus,Umm ar-Rasas,
gemma3_4b,E1_img_0878_mixed_N3_k2_P1,open,country,Greece,Jordan,
gemma3_4b,E1_img_0878_mixed_N4_k2_P1,open,item,Temple of Zeus,Umm ar-Rasas,
gemma3_4b,E1_img_0878_mixed_N4_k2_P1,open,country,Greece,Jordan,
gemma3_4b,E2_img_0878_mixed_N5_k1_P1,open,item,Temple of Bel,Umm ar-Rasas,
gemma3_4b,E2_img_0878_mixed_N5_k1_P1,open,country,Syria,Jordan,
gemma3_4b,E2_img_0878_mixed_N5_k2_P1,open,item,Temple of Zeus,Umm ar-Rasas,
gemma3_4b,E2_img_0878_mixed_N5_k2_P1,open,country,Greece,Jordan,
gemma3_4b,E2_img_0878_mixed_N5_k3_P1,open,item,Temple of Zeus,Umm ar-Rasas,
gemma3_4b,E2_img_0878_mixed_N5_k3_P1,open,country,Greece,Jordan,
gemma3_4b,E2_img_0878_mixed_N5_k4_P1,open,item,Temple of Zeus,Umm ar-Rasas,
gemma3_4b,E2_img_0878_mixed_N5_k4_P1,open,country,Greece,Jordan,
gemma3_4b,E2_img_0878_mixed_N5_k5_P1,open,item,Temple of Zeus,Umm ar-Rasas,
gemma3_4b,E2_img_0878_mixed_N5_k5_P1,open,country,Greece,Jordan,
gemma3_4b,LEAK_img_0878_mixed_leak,open,item,Eiffel Tower,Umm ar-Rasas,
gemma3_4b,LEAK_img_0878_mixed_leak,open,country,France,Jordan,
gemma3_4b,E3_img_0878_near_N2_k2_P1,open,item,Temple of Zeus,Umm ar-Rasas,
gemma3_4b,E3_img_0878_near_N2_k2_P1,open,country,Greece,Jordan,
gemma3_4b,E3_img_0878_near_N5_k1_P1,open,item,Persepolis,Umm ar-Rasas,
gemma3_4b,E3_img_0878_far_N2_k2_P1,open,item,Temple of Zeus,Umm ar-Rasas,
gemma3_4b,E3_img_0878_far_N2_k2_P1,open,country,Greece,Jordan,
gemma3_4b,E3_img_0878_far_N5_k1_P1,open,item,Temple of Segesta,Umm ar-Rasas,
gemma3_4b,LEAK_img_0704_mixed_leak,open,item,Eiffel Tower,Cusco Cathedral,
gemma3_4b,LEAK_img_0704_mixed_leak,open,country,France,Peru,
gemma3_4b,E2_img_0653_mixed_N5_k1_P1,open,item,Parthenon,Acropolis of Athens,
gemma3_4b,E2_img_0653_mixed_N5_k2_P1,open,item,Parthenon,Acropolis of Athens,
gemma3_4b,LEAK_img_0653_mixed_leak,open,item,Eiffel Tower,Acropolis of Athens,
gemma3_4b,LEAK_img_0653_mixed_leak,open,country,France,Greece,
gemma3_4b,E6_img_0653_mixed_N3_k1_P4,open,item,Parthenon,Acropolis of Athens,
gemma3_4b,E1_img_0651_mixed_N1_k1_P1,open,item,Münster St. Johann,Abbey of Saint Gall,
gemma3_4b,E1_img_0651_mixed_N2_k1_P1,open,item,Münster of Basel,Abbey of Saint Gall,
gemma3_4b,E1_img_0651_mixed_N3_k2_P1,open,item,St. Peter's Church,Abbey of Saint Gall,
gemma3_4b,E1_img_0651_mixed_N4_k1_P1,open,item,Bern Historical Museum,Abbey of Saint Gall,
gemma3_4b,E2_img_0651_mixed_N5_k1_P1,open,item,Bern Historical Museum,Abbey of Saint Gall,
gemma3_4b,E2_img_0651_mixed_N5_k2_P1,open,item,Bern Minster,Abbey of Saint Gall,
gemma3_4b,E2_img_0651_mixed_N5_k3_P1,open,item,St. Gallen Münster,Abbey of Saint Gall,
gemma3_4b,E2_img_0651_mixed_N5_k4_P1,open,item,Bern Historical Museum,Abbey of Saint Gall,
gemma3_4b,E2_img_0651_mixed_N5_k5_P1,open,item,Bern Historical Museum,Abbey of Saint Gall,
gemma3_4b,LEAK_img_0651_mixed_leak,open,item,Eiffel Tower,Abbey of Saint Gall,
gemma3_4b,E3_img_0651_near_N2_k1_P1,open,item,Münster of Zurich,Abbey of Saint Gall,
gemma3_4b,E3_img_0651_near_N5_k4_P1,open,item,Münster of Basel,Abbey of Saint Gall,
gemma3_4b,E3_img_0651_far_N2_k1_P1,open,item,Münster St. Peter,Abbey of Saint Gall,
gemma3_4b,E3_img_0651_far_N5_k4_P1,open,item,Berner Münster,Abbey of Saint Gall,
gemma3_4b,E1_img_0668_mixed_N2_k2_P1,open,item,Sanctuary of Fátima,Bom Jesus do Monte,
gemma3_4b,E1_img_0668_mixed_N4_k2_P1,open,item,Sanctuary of Fátima,Bom Jesus do Monte,
gemma3_4b,E2_img_0668_mixed_N5_k4_P1,open,item,Sanctuary of Fátima,Bom Jesus do Monte,
gemma3_4b,LEAK_img_0668_mixed_leak,open,item,Eiffel Tower,Bom Jesus do Monte,
gemma3_4b,LEAK_img_0668_mixed_leak,open,country,France,Portugal,
gemma3_4b,E3_img_0668_near_N2_k2_P1,open,item,Sanctuary of Fátima,Bom Jesus do Monte,
gemma3_4b,E1_img_0809_mixed_N1_k1_P1,open,item,Wat Phu,Preah Vihear Temple,
gemma3_4b,E1_img_0809_mixed_N1_k1_P1,open,country,Thailand,Cambodia,
gemma3_4b,E1_img_0809_mixed_N2_k1_P1,open,item,Wat Phu,Preah Vihear Temple,
gemma3_4b,E1_img_0809_mixed_N2_k1_P1,open,country,Thailand,Cambodia,
gemma3_4b,E1_img_0809_mixed_N3_k1_P1,open,item,Wat Phu,Preah Vihear Temple,
gemma3_4b,E1_img_0809_mixed_N3_k1_P1,open,country,Thailand,Cambodia,
gemma3_4b,E1_img_0809_mixed_N4_k3_P1,open,item,Wat Phu,Preah Vihear Temple,
gemma3_4b,E1_img_0809_mixed_N4_k3_P1,open,country,Thailand,Cambodia,
gemma3_4b,E2_img_0809_mixed_N5_k1_P1,open,item,Preah Ko Temple,Preah Vihear Temple,
gemma3_4b,E2_img_0809_mixed_N5_k2_P1,open,item,Angkor Thom,Preah Vihear Temple,
gemma3_4b,E2_img_0809_mixed_N5_k3_P1,open,item,Angkor Wat,Preah Vihear Temple,
gemma3_4b,E2_img_0809_mixed_N5_k4_P1,open,item,Angkor Thom,Preah Vihear Temple,
gemma3_4b,E2_img_0809_mixed_N5_k5_P1,open,item,Preah Ko,Preah Vihear Temple,
gemma3_4b,LEAK_img_0809_mixed_leak,open,item,Eiffel Tower,Preah Vihear Temple,
gemma3_4b,LEAK_img_0809_mixed_leak,open,country,France,Cambodia,
gemma3_4b,E3_img_0809_near_N2_k1_P1,open,item,Wat Phu,Preah Vihear Temple,
gemma3_4b,E3_img_0809_near_N2_k1_P1,open,country,Laos,Cambodia,
gemma3_4b,E3_img_0809_near_N5_k1_P1,open,item,Preah Ko Temple,Preah Vihear Temple,
gemma3_4b,E3_img_0809_far_N2_k1_P1,open,item,Wat Phu,Preah Vihear Temple,
gemma3_4b,E3_img_0809_far_N2_k1_P1,open,country,Thailand,Cambodia,
gemma3_4b,E3_img_0809_far_N5_k1_P1,open,item,Preah Ko Temple,Preah Vihear Temple,
gemma3_4b,E5_img_0809_mixed_N1_k1_P2,open,item,Wat Phu,Preah Vihear Temple,
gemma3_4b,E5_img_0809_mixed_N1_k1_P2,open,country,Thailand,Cambodia,
gemma3_4b,E5_img_0809_mixed_N2_k1_P2,open,item,Wat Phu,Preah Vihear Temple,
gemma3_4b,E5_img_0809_mixed_N2_k1_P2,open,country,Thailand,Cambodia,
gemma3_4b,E5_img_0809_mixed_N3_k1_P2,open,item,Wat Phu,Preah Vihear Temple,
gemma3_4b,E5_img_0809_mixed_N3_k1_P2,open,country,Thailand,Cambodia,
gemma3_4b,E5_img_0809_mixed_N4_k3_P2,open,item,Angkor Thom,Preah Vihear Temple,
gemma3_4b,E5_img_0809_mixed_N1_k1_P3,open,item,Wat Phu,Preah Vihear Temple,
gemma3_4b,E5_img_0809_mixed_N1_k1_P3,open,country,Laos,Cambodia,
gemma3_4b,E5_img_0809_mixed_N2_k1_P3,open,item,Wat Phu,Preah Vihear Temple,
gemma3_4b,E5_img_0809_mixed_N2_k1_P3,open,country,Thailand,Cambodia,
gemma3_4b,E5_img_0809_mixed_N3_k1_P3,open,item,Wat Phu,Preah Vihear Temple,
gemma3_4b,E5_img_0809_mixed_N3_k1_P3,open,country,Thailand,Cambodia,
gemma3_4b,E5_img_0809_mixed_N4_k3_P3,open,item,Wat Sambor,Preah Vihear Temple,
gemma3_4b,E5_img_0809_mixed_N5_k1_P3,open,item,Preah Ko Temple,Preah Vihear Temple,
gemma3_4b,E6_img_0809_mixed_N1_k1_P4,open,item,Wat Phu,Preah Vihear Temple,
gemma3_4b,E6_img_0809_mixed_N1_k1_P4,open,country,Laos,Cambodia,
gemma3_4b,E6_img_0809_mixed_N4_k3_P4,open,item,Angkor Wat,Preah Vihear Temple,
gemma3_4b,E6_img_0809_mixed_N5_k1_P4,open,item,Preah Ko Temple,Preah Vihear Temple,
gemma3_4b,E1_img_0723_mixed_N1_k1_P1,open,item,Palace of San Carlos,General Archive of the Indies,
gemma3_4b,E1_img_0723_mixed_N2_k2_P1,open,item,Palermo Royal Palace,General Archive of the Indies,
gemma3_4b,E1_img_0723_mixed_N2_k2_P1,open,country,Italy,Spain,
gemma3_4b,E1_img_0723_mixed_N3_k2_P1,open,item,Palermo Royal Palace,General Archive of the Indies,
gemma3_4b,E1_img_0723_mixed_N3_k2_P1,open,country,Italy,Spain,
gemma3_4b,E1_img_0723_mixed_N4_k4_P1,open,item,Palermo Royal Palace,General Archive of the Indies,
gemma3_4b,E1_img_0723_mixed_N4_k4_P1,open,country,Italy,Spain,
gemma3_4b,E2_img_0723_mixed_N5_k1_P1,open,item,Palacio de la Magdalena,General Archive of the Indies,
gemma3_4b,E2_img_0723_mixed_N5_k2_P1,open,item,Palermo Town Hall,General Archive of the Indies,
gemma3_4b,E2_img_0723_mixed_N5_k2_P1,open,country,Italy,Spain,
gemma3_4b,E2_img_0723_mixed_N5_k3_P1,open,item,Plaza Mayor,General Archive of the Indies,
gemma3_4b,E2_img_0723_mixed_N5_k4_P1,open,item,Plaza de España,General Archive of the Indies,
gemma3_4b,E2_img_0723_mixed_N5_k5_P1,open,item,Palermo Royal Palace,General Archive of the Indies,
gemma3_4b,E2_img_0723_mixed_N5_k5_P1,open,country,Italy,Spain,
gemma3_4b,LEAK_img_0723_mixed_leak,open,item,Eiffel Tower,General Archive of the Indies,
gemma3_4b,E3_img_0723_near_N2_k2_P1,open,item,Palermo Royal Palace,General Archive of the Indies,
gemma3_4b,E3_img_0723_near_N5_k2_P1,open,item,Palermo Royal Palace,General Archive of the Indies,
gemma3_4b,E3_img_0723_far_N2_k2_P1,open,item,Palermo Town Hall,General Archive of the Indies,
gemma3_4b,E3_img_0723_far_N2_k2_P1,open,country,Italy,Spain,
gemma3_4b,E3_img_0723_far_N5_k2_P1,open,item,Palermo Cathedral,General Archive of the Indies,
gemma3_4b,E1_img_0715_mixed_N1_k1_P1,open,item,Bauhaus Dessau,Fagus Factory,
gemma3_4b,E1_img_0715_mixed_N2_k1_P1,open,item,Bauhaus Dessau,Fagus Factory,
gemma3_4b,E1_img_0715_mixed_N3_k3_P1,open,item,Bauhaus Dessau,Fagus Factory,
gemma3_4b,E1_img_0715_mixed_N4_k1_P1,open,item,Bauhaus Dessau,Fagus Factory,
gemma3_4b,E2_img_0715_mixed_N5_k1_P1,open,item,Bauhaus Dessau,Fagus Factory,
gemma3_4b,E2_img_0715_mixed_N5_k2_P1,open,item,Bauhaus Dessau,Fagus Factory,
gemma3_4b,E2_img_0715_mixed_N5_k3_P1,open,item,Bauhaus Dessau,Fagus Factory,
gemma3_4b,E2_img_0715_mixed_N5_k4_P1,open,item,Bauhaus Dessau,Fagus Factory,
gemma3_4b,E2_img_0715_mixed_N5_k5_P1,open,item,Bauhaus Dessau,Fagus Factory,
gemma3_4b,LEAK_img_0715_mixed_leak,open,item,Eiffel Tower,Fagus Factory,
gemma3_4b,E3_img_0715_near_N2_k1_P1,open,item,Bauhaus Dessau,Fagus Factory,
gemma3_4b,E3_img_0715_near_N5_k3_P1,open,item,Bauhaus Dessau,Fagus Factory,
gemma3_4b,E3_img_0715_far_N2_k1_P1,open,item,Bauhaus Dessau,Fagus Factory,
gemma3_4b,E3_img_0715_far_N5_k3_P1,open,item,Bauhaus Dessau,Fagus Factory,
gemma3_4b,LEAK_img_0854_mixed_leak,open,item,Eiffel Tower,Sydney Opera House,
gemma3_4b,LEAK_img_0854_mixed_leak,open,country,France,Australia,
gemma3_4b,E1_img_0811_mixed_N1_k1_P1,open,item,Qasr Al Sham,Qal’at al Bahrain,
gemma3_4b,E1_img_0811_mixed_N1_k1_P1,open,country,Iraq,Bahrain,
gemma3_4b,E1_img_0811_mixed_N2_k1_P1,open,item,Babylon,Qal’at al Bahrain,
gemma3_4b,E1_img_0811_mixed_N2_k1_P1,open,country,Iraq,Bahrain,
gemma3_4b,E1_img_0811_mixed_N3_k2_P1,open,item,Babylon,Qal’at al Bahrain,
gemma3_4b,E1_img_0811_mixed_N3_k2_P1,open,country,Iraq,Bahrain,
gemma3_4b,E1_img_0811_mixed_N4_k3_P1,open,item,Babylon,Qal’at al Bahrain,
gemma3_4b,E1_img_0811_mixed_N4_k3_P1,open,country,Iraq,Bahrain,
gemma3_4b,E2_img_0811_mixed_N5_k1_P1,open,item,Babylon,Qal’at al Bahrain,
gemma3_4b,E2_img_0811_mixed_N5_k1_P1,open,country,Iraq,Bahrain,
gemma3_4b,E2_img_0811_mixed_N5_k2_P1,open,item,Ancient City of Ur,Qal’at al Bahrain,
gemma3_4b,E2_img_0811_mixed_N5_k2_P1,open,country,Iraq,Bahrain,
gemma3_4b,E2_img_0811_mixed_N5_k3_P1,open,item,Qanat,Qal’at al Bahrain,
gemma3_4b,E2_img_0811_mixed_N5_k3_P1,open,country,Oman,Bahrain,
gemma3_4b,E2_img_0811_mixed_N5_k4_P1,open,item,Babylon,Qal’at al Bahrain,
gemma3_4b,E2_img_0811_mixed_N5_k4_P1,open,country,Iraq,Bahrain,
gemma3_4b,E2_img_0811_mixed_N5_k5_P1,open,item,Babylon,Qal’at al Bahrain,
gemma3_4b,E2_img_0811_mixed_N5_k5_P1,open,country,Iraq,Bahrain,
gemma3_4b,LEAK_img_0811_mixed_leak,open,item,Eiffel Tower,Qal’at al Bahrain,
gemma3_4b,LEAK_img_0811_mixed_leak,open,country,France,Bahrain,
gemma3_4b,E3_img_0811_near_N2_k1_P1,open,item,Babylon,Qal’at al Bahrain,
gemma3_4b,E3_img_0811_near_N2_k1_P1,open,country,Iraq,Bahrain,
gemma3_4b,E3_img_0811_near_N5_k5_P1,open,item,Babylon,Qal’at al Bahrain,
gemma3_4b,E3_img_0811_near_N5_k5_P1,open,country,Iraq,Bahrain,
gemma3_4b,E3_img_0811_far_N2_k1_P1,open,item,Babylon,Qal’at al Bahrain,
gemma3_4b,E3_img_0811_far_N2_k1_P1,open,country,Iraq,Bahrain,
gemma3_4b,E3_img_0811_far_N5_k5_P1,open,item,Babylon,Qal’at al Bahrain,
gemma3_4b,E3_img_0811_far_N5_k5_P1,open,country,Iraq,Bahrain,
gemma3_4b,E1_img_0696_mixed_N1_k1_P1,open,item,Spaso-Preobrazhensky Monastery,Church of the Saviour at Berestove,
gemma3_4b,E1_img_0696_mixed_N2_k2_P1,open,item,Spaso-Preobrazhensky Monastery,Church of the Saviour at Berestove,
gemma3_4b,E1_img_0696_mixed_N3_k3_P1,open,item,Spaso-Preobrazhensky Monastery,Church of the Saviour at Berestove,
gemma3_4b,E1_img_0696_mixed_N4_k4_P1,open,item,Spaso-Preobrazhensky Monastery,Church of the Saviour at Berestove,
gemma3_4b,E2_img_0696_mixed_N5_k1_P1,open,item,Chernihiv Pechersk Lavra,Church of the Saviour at Berestove,
gemma3_4b,E2_img_0696_mixed_N5_k2_P1,open,item,Kievan Caves Monastery,Church of the Saviour at Berestove,
gemma3_4b,E2_img_0696_mixed_N5_k3_P1,open,item,Novodvorskaya Church,Church of the Saviour at Berestove,
gemma3_4b,E2_img_0696_mixed_N5_k3_P1,open,country,Russia,Ukraine,
gemma3_4b,E2_img_0696_mixed_N5_k4_P1,open,item,Dormition Cathedral,Church of the Saviour at Berestove,
gemma3_4b,E2_img_0696_mixed_N5_k4_P1,open,country,Russia,Ukraine,
gemma3_4b,E2_img_0696_mixed_N5_k5_P1,open,item,Spaso-Preobrazhensky Monastery,Church of the Saviour at Berestove,
gemma3_4b,E2_img_0696_mixed_N5_k5_P1,open,country,Russia,Ukraine,
gemma3_4b,LEAK_img_0696_mixed_leak,open,item,Eiffel Tower,Church of the Saviour at Berestove,
gemma3_4b,LEAK_img_0696_mixed_leak,open,country,France,Ukraine,
gemma3_4b,E3_img_0696_near_N2_k2_P1,open,item,Chernigov Saviour Temple,Church of the Saviour at Berestove,
gemma3_4b,E3_img_0696_near_N5_k1_P1,open,item,Chernihiv Pechersk Lavra,Church of the Saviour at Berestove,
gemma3_4b,E3_img_0696_far_N2_k2_P1,open,item,Chernihiv Pechersk Lavra,Church of the Saviour at Berestove,
gemma3_4b,E3_img_0696_far_N5_k1_P1,open,item,Chernihiv Pechersk Lavra,Church of the Saviour at Berestove,
gemma3_4b,E2_img_0676_mixed_N5_k1_P1,open,item,Cathedral of Santiago de Compostela,Burgos Cathedral,
gemma3_4b,LEAK_img_0676_mixed_leak,open,item,Eiffel Tower,Burgos Cathedral,
gemma3_4b,E3_img_0676_far_N5_k2_P1,open,item,Cathedral of Santiago,Burgos Cathedral,
gemma3_4b,E6_img_0676_mixed_N2_k1_P4,open,item,Santiago de Compostela Cathedral,Burgos Cathedral,
gemma3_4b,E6_img_0676_mixed_N4_k1_P4,open,item,Santiago de Compostela Cathedral,Burgos Cathedral,
gemma3_4b,E1_img_0772_mixed_N1_k1_P1,open,item,Kalyan Minaret,Mausoleum of Khoja Ahmed Yasawi,
gemma3_4b,E1_img_0772_mixed_N1_k1_P1,open,country,Uzbekistan,Kazakhstan,
gemma3_4b,E1_img_0772_mixed_N2_k2_P1,open,item,Registan Square,Mausoleum of Khoja Ahmed Yasawi,
gemma3_4b,E1_img_0772_mixed_N2_k2_P1,open,country,Uzbekistan,Kazakhstan,
gemma3_4b,E1_img_0772_mixed_N3_k2_P1,open,item,Registan Square,Mausoleum of Khoja Ahmed Yasawi,
gemma3_4b,E1_img_0772_mixed_N3_k2_P1,open,country,Uzbekistan,Kazakhstan,
gemma3_4b,E1_img_0772_mixed_N4_k2_P1,open,item,Registan Square,Mausoleum of Khoja Ahmed Yasawi,
gemma3_4b,E1_img_0772_mixed_N4_k2_P1,open,country,Uzbekistan,Kazakhstan,
gemma3_4b,E2_img_0772_mixed_N5_k1_P1,open,item,Registan Square,Mausoleum of Khoja Ahmed Yasawi,
gemma3_4b,E2_img_0772_mixed_N5_k1_P1,open,country,Uzbekistan,Kazakhstan,
gemma3_4b,E2_img_0772_mixed_N5_k2_P1,open,item,Kalyan Minaret,Mausoleum of Khoja Ahmed Yasawi,
gemma3_4b,E2_img_0772_mixed_N5_k2_P1,open,country,Turkey,Kazakhstan,
gemma3_4b,E2_img_0772_mixed_N5_k3_P1,open,item,Registan Square,Mausoleum of Khoja Ahmed Yasawi,
gemma3_4b,E2_img_0772_mixed_N5_k3_P1,open,country,Uzbekistan,Kazakhstan,
gemma3_4b,E2_img_0772_mixed_N5_k4_P1,open,item,Registan Square Mosque,Mausoleum of Khoja Ahmed Yasawi,
gemma3_4b,E2_img_0772_mixed_N5_k4_P1,open,country,Uzbekistan,Kazakhstan,
gemma3_4b,E2_img_0772_mixed_N5_k5_P1,open,item,Ulu Mosque,Mausoleum of Khoja Ahmed Yasawi,
gemma3_4b,E2_img_0772_mixed_N5_k5_P1,open,country,Uzbekistan,Kazakhstan,
gemma3_4b,LEAK_img_0772_mixed_leak,open,item,Eiffel Tower,Mausoleum of Khoja Ahmed Yasawi,
gemma3_4b,LEAK_img_0772_mixed_leak,open,country,France,Kazakhstan,
gemma3_4b,E3_img_0772_near_N2_k2_P1,open,item,Chor Minor Mosque,Mausoleum of Khoja Ahmed Yasawi,
gemma3_4b,E3_img_0772_near_N2_k2_P1,open,country,Uzbekistan,Kazakhstan,
gemma3_4b,E3_img_0772_near_N5_k3_P1,open,item,Registan Square,Mausoleum of Khoja Ahmed Yasawi,
gemma3_4b,E3_img_0772_near_N5_k3_P1,open,country,Uzbekistan,Kazakhstan,
gemma3_4b,E3_img_0772_far_N2_k2_P1,open,item,Registan Square,Mausoleum of Khoja Ahmed Yasawi,
gemma3_4b,E3_img_0772_far_N2_k2_P1,open,country,Uzbekistan,Kazakhstan,
gemma3_4b,E3_img_0772_far_N5_k3_P1,open,item,Registan Square,Mausoleum of Khoja Ahmed Yasawi,
gemma3_4b,E3_img_0772_far_N5_k3_P1,open,country,Uzbekistan,Kazakhstan,
gemma3_4b,E1_img_0667_mixed_N1_k1_P1,open,item,Krak des Chevaliers,Beaufort Castle,
gemma3_4b,E1_img_0667_mixed_N2_k1_P1,open,item,Malbork Castle,Beaufort Castle,
gemma3_4b,E1_img_0667_mixed_N2_k1_P1,open,country,Poland,Lebanon,
gemma3_4b,E1_img_0667_mixed_N3_k3_P1,open,item,Spiš Castle,Beaufort Castle,
gemma3_4b,E1_img_0667_mixed_N3_k3_P1,open,country,Slovakia,Lebanon,
gemma3_4b,E1_img_0667_mixed_N4_k3_P1,open,item,Malbork Castle,Beaufort Castle,
gemma3_4b,E1_img_0667_mixed_N4_k3_P1,open,country,Poland,Lebanon,
gemma3_4b,E2_img_0667_mixed_N5_k1_P1,open,item,Karakaya Castle,Beaufort Castle,
gemma3_4b,E2_img_0667_mixed_N5_k1_P1,open,country,Turkey,Lebanon,
gemma3_4b,E2_img_0667_mixed_N5_k2_P1,open,item,Kara Koy Castle,Beaufort Castle,
gemma3_4b,E2_img_0667_mixed_N5_k2_P1,open,country,Turkey,Lebanon,
gemma3_4b,E2_img_0667_mixed_N5_k3_P1,open,item,Kara Koy Fortress,Beaufort Castle,
gemma3_4b,E2_img_0667_mixed_N5_k3_P1,open,country,Turkey,Lebanon,
gemma3_4b,E2_img_0667_mixed_N5_k4_P1,open,item,Shkodra Castle,Beaufort Castle,
gemma3_4b,E2_img_0667_mixed_N5_k4_P1,open,country,Albania,Lebanon,
gemma3_4b,E2_img_0667_mixed_N5_k5_P1,open,item,Castle of Landshut,Beaufort Castle,
gemma3_4b,LEAK_img_0667_mixed_leak,open,item,Eiffel Tower,Beaufort Castle,
gemma3_4b,E3_img_0667_near_N2_k1_P1,open,item,Malbork Castle,Beaufort Castle,
gemma3_4b,E3_img_0667_near_N2_k1_P1,open,country,Poland,Lebanon,
gemma3_4b,E3_img_0667_near_N5_k4_P1,open,item,Karakorum,Beaufort Castle,
gemma3_4b,E3_img_0667_near_N5_k4_P1,open,country,Mongolia,Lebanon,
gemma3_4b,E3_img_0667_far_N2_k1_P1,open,item,Malbork Castle,Beaufort Castle,
gemma3_4b,E3_img_0667_far_N2_k1_P1,open,country,Poland,Lebanon,
gemma3_4b,E3_img_0667_far_N5_k4_P1,open,item,Qafas Castle,Beaufort Castle,
gemma3_4b,E3_img_0667_far_N5_k4_P1,open,country,Albania,Lebanon,
gemma3_4b,LEAK_img_0655_mixed_leak,open,item,Eiffel Tower,Aït Benhaddou,
gemma3_4b,LEAK_img_0655_mixed_leak,open,country,France,Morocco,
gemma3_4b,E1_img_0024_mixed_N4_k1_P1,open,country,Turkey,Uzbekistan,
gemma3_4b,E2_img_0024_mixed_N5_k1_P1,open,item,Topaz,Doppa,
gemma3_4b,E2_img_0024_mixed_N5_k4_P1,open,item,Peshtan,Doppa,
gemma3_4b,E2_img_0024_mixed_N5_k5_P1,open,item,Fez,Doppa,
gemma3_4b,E2_img_0024_mixed_N5_k5_P1,open,country,Morocco,Uzbekistan,
gemma3_4b,LEAK_img_0024_mixed_leak,open,item,Kimono,Doppa,
gemma3_4b,E3_img_0024_near_N2_k1_P1,open,country,Pakistan,Uzbekistan,
gemma3_4b,E3_img_0024_near_N5_k1_P1,open,item,Kalpak,Doppa,
gemma3_4b,E3_img_0024_near_N5_k1_P1,open,country,Turkey,Uzbekistan,
gemma3_4b,E3_img_0024_far_N2_k1_P1,open,country,Pakistan,Uzbekistan,
gemma3_4b,E3_img_0024_far_N5_k1_P1,open,item,Kalpak,Doppa,
gemma3_4b,E5_img_0024_mixed_N5_k1_P2,open,item,Topaz,Doppa,
gemma3_4b,E5_img_0024_mixed_N1_k1_P3,open,item,Peshtemal,Doppa,
gemma3_4b,E5_img_0024_mixed_N1_k1_P3,open,country,Turkey,Uzbekistan,
gemma3_4b,E5_img_0024_mixed_N4_k1_P3,open,item,Toplu,Doppa,
gemma3_4b,E5_img_0024_mixed_N4_k1_P3,open,country,Turkey,Uzbekistan,
gemma3_4b,E5_img_0024_mixed_N5_k1_P3,open,item,Toplu,Doppa,
gemma3_4b,E5_img_0024_mixed_N5_k1_P3,open,country,Turkey,Uzbekistan,
gemma3_4b,E6_img_0024_mixed_N1_k1_P4,open,item,Fez,Doppa,
gemma3_4b,E6_img_0024_mixed_N1_k1_P4,open,country,Turkey,Uzbekistan,
gemma3_4b,E6_img_0024_mixed_N4_k1_P4,open,item,Kalpak,Doppa,
gemma3_4b,E6_img_0024_mixed_N4_k1_P4,open,country,Kyrgyzstan,Uzbekistan,
gemma3_4b,E1_img_0004_mixed_N1_k1_P1,open,item,Cardigan,Aran jumper,
gemma3_4b,E1_img_0004_mixed_N2_k2_P1,open,item,Cardigan,Aran jumper,
gemma3_4b,E1_img_0004_mixed_N3_k2_P1,open,item,Cardigan,Aran jumper,
gemma3_4b,E1_img_0004_mixed_N4_k2_P1,open,item,Cardigan,Aran jumper,
gemma3_4b,E2_img_0004_mixed_N5_k1_P1,open,item,Cardigan,Aran jumper,
gemma3_4b,E2_img_0004_mixed_N5_k1_P1,open,country,United States,Ireland,
gemma3_4b,E2_img_0004_mixed_N5_k2_P1,open,item,Cardigan,Aran jumper,
gemma3_4b,E2_img_0004_mixed_N5_k3_P1,open,item,Cardigan,Aran jumper,
gemma3_4b,E2_img_0004_mixed_N5_k4_P1,open,item,Cardigan,Aran jumper,
gemma3_4b,E2_img_0004_mixed_N5_k4_P1,open,country,United States,Ireland,
gemma3_4b,E2_img_0004_mixed_N5_k5_P1,open,item,Cardigan,Aran jumper,
gemma3_4b,LEAK_img_0004_mixed_leak,open,item,Kimono,Aran jumper,
gemma3_4b,E3_img_0004_near_N2_k2_P1,open,item,Cardigan,Aran jumper,
gemma3_4b,E3_img_0004_near_N5_k2_P1,open,item,Cardigan,Aran jumper,
gemma3_4b,E3_img_0004_far_N2_k2_P1,open,item,Cardigan,Aran jumper,
gemma3_4b,E3_img_0004_far_N5_k2_P1,open,item,Cardigan,Aran jumper,
gemma3_4b,E1_img_0020_mixed_N1_k1_P1,open,item,Beanie,Chilote cap,
gemma3_4b,E1_img_0020_mixed_N2_k1_P1,open,item,Lopapeysa,Chilote cap,
gemma3_4b,E1_img_0020_mixed_N2_k1_P1,open,country,Iceland,Chile,
gemma3_4b,E1_img_0020_mixed_N3_k3_P1,open,item,Ushanka,Chilote cap,
gemma3_4b,E1_img_0020_mixed_N3_k3_P1,open,country,Russia,Chile,
gemma3_4b,E1_img_0020_mixed_N4_k3_P1,open,item,Beanie,Chilote cap,
gemma3_4b,E1_img_0020_mixed_N4_k3_P1,open,country,Denmark,Chile,
gemma3_4b,E2_img_0020_mixed_N5_k1_P1,open,item,Beanie,Chilote cap,
gemma3_4b,E2_img_0020_mixed_N5_k1_P1,open,country,Norway,Chile,
gemma3_4b,E2_img_0020_mixed_N5_k2_P1,open,item,Beanie,Chilote cap,
gemma3_4b,E2_img_0020_mixed_N5_k2_P1,open,country,Iceland,Chile,
gemma3_4b,E2_img_0020_mixed_N5_k3_P1,open,item,Beanie,Chilote cap,
gemma3_4b,E2_img_0020_mixed_N5_k3_P1,open,country,Iceland,Chile,
gemma3_4b,E2_img_0020_mixed_N5_k4_P1,open,item,Beanie,Chilote cap,
gemma3_4b,E2_img_0020_mixed_N5_k5_P1,open,item,Beanie,Chilote cap,
gemma3_4b,LEAK_img_0020_mixed_leak,open,item,Kimono,Chilote cap,
gemma3_4b,E3_img_0020_near_N2_k1_P1,open,item,Lopapeysa,Chilote cap,
gemma3_4b,E3_img_0020_near_N2_k1_P1,open,country,Iceland,Chile,
gemma3_4b,E3_img_0020_near_N5_k3_P1,open,item,Ushanka,Chilote cap,
gemma3_4b,E3_img_0020_near_N5_k3_P1,open,country,Russia,Chile,
gemma3_4b,E3_img_0020_far_N2_k1_P1,open,item,Lopapeysa,Chilote cap,
gemma3_4b,E3_img_0020_far_N2_k1_P1,open,country,Iceland,Chile,
gemma3_4b,E3_img_0020_far_N5_k3_P1,open,item,Lopapeysa,Chilote cap,
gemma3_4b,E3_img_0020_far_N5_k3_P1,open,country,Iceland,Chile,
gemma3_4b,E1_img_0086_mixed_N1_k1_P1,open,item,Niqab,Yashmak,
gemma3_4b,E1_img_0086_mixed_N2_k2_P1,open,item,Headdress,Yashmak,
gemma3_4b,E1_img_0086_mixed_N2_k2_P1,open,country,Iran,Turkey,
gemma3_4b,E1_img_0086_mixed_N3_k1_P1,open,item,Chador,Yashmak,
gemma3_4b,E1_img_0086_mixed_N3_k1_P1,open,country,Iran,Turkey,
gemma3_4b,E1_img_0086_mixed_N4_k4_P1,open,item,Niqab,Yashmak,
gemma3_4b,E2_img_0086_mixed_N5_k1_P1,open,item,Niqab,Yashmak,
gemma3_4b,E2_img_0086_mixed_N5_k2_P1,open,item,Niqab,Yashmak,
gemma3_4b,E2_img_0086_mixed_N5_k3_P1,open,item,Niqab,Yashmak,
gemma3_4b,E2_img_0086_mixed_N5_k4_P1,open,item,Niqab,Yashmak,
gemma3_4b,E2_img_0086_mixed_N5_k5_P1,open,item,Niqab,Yashmak,
gemma3_4b,LEAK_img_0086_mixed_leak,open,item,Kimono,Yashmak,
gemma3_4b,LEAK_img_0086_mixed_leak,open,country,Japan,Turkey,
gemma3_4b,E3_img_0086_near_N2_k2_P1,open,item,Niqab,Yashmak,
gemma3_4b,E3_img_0086_near_N5_k4_P1,open,item,Niqab,Yashmak,
gemma3_4b,E3_img_0086_far_N2_k2_P1,open,item,Headdress,Yashmak,
gemma3_4b,E3_img_0086_far_N2_k2_P1,open,country,Persia,Turkey,
gemma3_4b,E3_img_0086_far_N5_k4_P1,open,item,Headdress,Yashmak,
gemma3_4b,E3_img_0086_far_N5_k4_P1,open,country,Iran,Turkey,
gemma3_4b,E5_img_0086_mixed_N1_k1_P2,open,item,Niqab,Yashmak,
gemma3_4b,E5_img_0086_mixed_N2_k2_P2,open,item,Headdress,Yashmak,
gemma3_4b,E5_img_0086_mixed_N2_k2_P2,open,country,Iran,Turkey,
gemma3_4b,E5_img_0086_mixed_N3_k1_P2,open,item,Chador,Yashmak,
gemma3_4b,E5_img_0086_mixed_N3_k1_P2,open,country,Iran,Turkey,
gemma3_4b,E5_img_0086_mixed_N4_k4_P2,open,item,Niqab,Yashmak,
gemma3_4b,E5_img_0086_mixed_N4_k4_P2,open,country,Palestine,Turkey,
gemma3_4b,E5_img_0086_mixed_N5_k4_P2,open,item,Niqab,Yashmak,
gemma3_4b,E5_img_0086_mixed_N5_k4_P2,open,country,Middle East,Turkey,
gemma3_4b,E5_img_0086_mixed_N1_k1_P3,open,item,Niqab,Yashmak,
gemma3_4b,E5_img_0086_mixed_N1_k1_P3,open,country,Middle East,Turkey,
gemma3_4b,E5_img_0086_mixed_N2_k2_P3,open,item,Headdress,Yashmak,
gemma3_4b,E5_img_0086_mixed_N2_k2_P3,open,country,Persia (Iran),Turkey,
gemma3_4b,E5_img_0086_mixed_N3_k1_P3,open,item,Chador,Yashmak,
gemma3_4b,E5_img_0086_mixed_N3_k1_P3,open,country,Iran,Turkey,
gemma3_4b,E5_img_0086_mixed_N4_k4_P3,open,item,Niqab,Yashmak,
gemma3_4b,E5_img_0086_mixed_N4_k4_P3,open,country,Middle East,Turkey,
gemma3_4b,E5_img_0086_mixed_N5_k4_P3,open,item,Niqab,Yashmak,
gemma3_4b,E5_img_0086_mixed_N5_k4_P3,open,country,Middle East,Turkey,
gemma3_4b,E6_img_0086_mixed_N1_k1_P4,open,item,Chador,Yashmak,
gemma3_4b,E6_img_0086_mixed_N1_k1_P4,open,country,Iran,Turkey,
gemma3_4b,E6_img_0086_mixed_N3_k1_P4,open,item,Niqab,Yashmak,
gemma3_4b,E6_img_0086_mixed_N4_k4_P4,open,item,Niqab,Yashmak,
gemma3_4b,E1_img_0029_mixed_N1_k1_P1,open,item,Ikat,Geringsing,
gemma3_4b,E1_img_0029_mixed_N2_k1_P1,open,item,Ikat,Geringsing,
gemma3_4b,E1_img_0029_mixed_N3_k2_P1,open,item,Ikat,Geringsing,
gemma3_4b,E1_img_0029_mixed_N4_k1_P1,open,item,Ikat,Geringsing,
gemma3_4b,E2_img_0029_mixed_N5_k1_P1,open,item,Batik,Geringsing,
gemma3_4b,E2_img_0029_mixed_N5_k2_P1,open,item,Batik,Geringsing,
gemma3_4b,E2_img_0029_mixed_N5_k3_P1,open,item,Batik,Geringsing,
gemma3_4b,E2_img_0029_mixed_N5_k4_P1,open,item,Ikat,Geringsing,
gemma3_4b,E2_img_0029_mixed_N5_k5_P1,open,item,Ikat,Geringsing,
gemma3_4b,LEAK_img_0029_mixed_leak,open,item,Kimono,Geringsing,
gemma3_4b,LEAK_img_0029_mixed_leak,open,country,Japan,Indonesia,
gemma3_4b,E3_img_0029_near_N2_k1_P1,open,item,Ikat,Geringsing,
gemma3_4b,E3_img_0029_near_N5_k5_P1,open,item,Ikat,Geringsing,
gemma3_4b,E3_img_0029_far_N2_k1_P1,open,item,Ikat,Geringsing,
gemma3_4b,E3_img_0029_far_N5_k5_P1,open,item,Ikat,Geringsing,
gemma3_4b,E1_img_0025_mixed_N1_k1_P1,open,item,Djellaba,Frimla,
gemma3_4b,E1_img_0025_mixed_N2_k2_P1,open,item,Chaouak,Frimla,
gemma3_4b,E1_img_0025_mixed_N3_k3_P1,open,item,Chaouak,Frimla,
gemma3_4b,E1_img_0025_mixed_N4_k2_P1,open,country,Tunisia,Algeria,
gemma3_4b,E2_img_0025_mixed_N5_k1_P1,open,item,Djellaba,Frimla,
gemma3_4b,E2_img_0025_mixed_N5_k2_P1,open,country,Tunisia,Algeria,
gemma3_4b,E2_img_0025_mixed_N5_k3_P1,open,country,Tunisia,Algeria,
gemma3_4b,E2_img_0025_mixed_N5_k4_P1,open,country,Tunisia,Algeria,
gemma3_4b,E2_img_0025_mixed_N5_k5_P1,open,country,Tunisia,Algeria,
gemma3_4b,LEAK_img_0025_mixed_leak,open,item,Kimono,Frimla,
gemma3_4b,LEAK_img_0025_mixed_leak,open,country,Japan,Algeria,
gemma3_4b,E3_img_0025_near_N2_k2_P1,open,item,Chaâbi,Frimla,
gemma3_4b,E3_img_0025_near_N5_k1_P1,open,item,Djellaba,Frimla,
gemma3_4b,E3_img_0025_far_N2_k2_P1,open,item,Djellaba,Frimla,
gemma3_4b,E3_img_0025_far_N5_k1_P1,open,item,Djellaba,Frimla,
gemma3_4b,E1_img_0026_mixed_N1_k1_P1,open,item,G-string,Fundoshi,
gemma3_4b,E1_img_0026_mixed_N3_k1_P1,open,item,Hombrador,Fundoshi,
gemma3_4b,E1_img_0026_mixed_N4_k3_P1,open,item,Hombrador,Fundoshi,
gemma3_4b,E2_img_0026_mixed_N5_k1_P1,open,item,Men's Swim Trunks,Fundoshi,
gemma3_4b,E2_img_0026_mixed_N5_k2_P1,open,item,Hombrador,Fundoshi,
gemma3_4b,E2_img_0026_mixed_N5_k2_P1,open,country,Mexico,Japan,
gemma3_4b,E2_img_0026_mixed_N5_k3_P1,open,item,Hombrador,Fundoshi,
gemma3_4b,E2_img_0026_mixed_N5_k4_P1,open,item,Hombrador,Fundoshi,
gemma3_4b,E2_img_0026_mixed_N5_k4_P1,open,country,Mexico,Japan,
gemma3_4b,E2_img_0026_mixed_N5_k5_P1,open,item,Tsubanuku,Fundoshi,
gemma3_4b,LEAK_img_0026_mixed_leak,open,item,Kimono,Fundoshi,
gemma3_4b,E3_img_0026_near_N2_k1_P1,open,item,Hakama,Fundoshi,
gemma3_4b,E3_img_0026_near_N5_k2_P1,open,item,Takhtabandi,Fundoshi,
gemma3_4b,E3_img_0026_far_N2_k1_P1,open,item,Hombrador,Fundoshi,
gemma3_4b,E3_img_0026_far_N5_k2_P1,open,item,Hombrador,Fundoshi,
gemma3_4b,E5_img_0026_mixed_N1_k1_P2,open,item,Hompa Hood,Fundoshi,
gemma3_4b,E5_img_0026_mixed_N2_k1_P2,open,item,Hompa Hongmu,Fundoshi,
gemma3_4b,E5_img_0026_mixed_N3_k1_P2,open,item,Hompa,Fundoshi,
gemma3_4b,E5_img_0026_mixed_N4_k3_P2,open,item,Hombrador,Fundoshi,
gemma3_4b,E5_img_0026_mixed_N4_k3_P2,open,country,Mexico,Japan,
gemma3_4b,E5_img_0026_mixed_N5_k2_P2,open,item,Hombrador,Fundoshi,
gemma3_4b,E5_img_0026_mixed_N5_k2_P2,open,country,Mexico,Japan,
gemma3_4b,E5_img_0026_mixed_N1_k1_P3,open,item,Hompa Hongi,Fundoshi,
gemma3_4b,E5_img_0026_mixed_N2_k1_P3,open,item,Hompa Hongwanji Buddhist Monk's Robe,Fundoshi,
gemma3_4b,E5_img_0026_mixed_N3_k1_P3,open,item,Hompa,Fundoshi,
gemma3_4b,E5_img_0026_mixed_N4_k3_P3,open,item,Shukuma,Fundoshi,
gemma3_4b,E5_img_0026_mixed_N5_k2_P3,open,item,Hombrador,Fundoshi,
gemma3_4b,E5_img_0026_mixed_N5_k2_P3,open,country,Mexico,Japan,
gemma3_4b,E6_img_0026_mixed_N1_k1_P4,open,item,Yukata,Fundoshi,
gemma3_4b,E6_img_0026_mixed_N3_k1_P4,open,item,Muumuu,Fundoshi,
gemma3_4b,E6_img_0026_mixed_N3_k1_P4,open,country,Hawaii,Japan,
gemma3_4b,E1_img_0030_mixed_N1_k1_P1,open,item,Kente cloth,Ghanaian smock,
gemma3_4b,E1_img_0030_mixed_N2_k2_P1,open,item,Kente cloth,Ghanaian smock,
gemma3_4b,E1_img_0030_mixed_N3_k2_P1,open,item,Kente cloth,Ghanaian smock,
gemma3_4b,E1_img_0030_mixed_N4_k4_P1,open,item,Kente cloth,Ghanaian smock,
gemma3_4b,E2_img_0030_mixed_N5_k1_P1,open,item,Kente cloth,Ghanaian smock,
gemma3_4b,E2_img_0030_mixed_N5_k2_P1,open,item,Kente cloth,Ghanaian smock,
gemma3_4b,E2_img_0030_mixed_N5_k3_P1,open,item,Keffiyeh,Ghanaian smock,
gemma3_4b,E2_img_0030_mixed_N5_k3_P1,open,country,Sudan,Ghana,
gemma3_4b,E2_img_0030_mixed_N5_k4_P1,open,item,Kente cloth,Ghanaian smock,
gemma3_4b,E2_img_0030_mixed_N5_k5_P1,open,item,Kente cloth,Ghanaian smock,
gemma3_4b,LEAK_img_0030_mixed_leak,open,item,Kimono,Ghanaian smock,
gemma3_4b,E3_img_0030_near_N2_k2_P1,open,item,Kente cloth,Ghanaian smock,
gemma3_4b,E3_img_0030_near_N5_k3_P1,open,item,Kente cloth,Ghanaian smock,
gemma3_4b,E3_img_0030_far_N2_k2_P1,open,item,Kente cloth,Ghanaian smock,
gemma3_4b,E3_img_0030_far_N5_k3_P1,open,item,Kente cloth,Ghanaian smock,
gemma3_4b,E1_img_0008_mixed_N1_k1_P1,open,item,Kilt,Belted plaid,
gemma3_4b,E1_img_0008_mixed_N2_k1_P1,open,item,Kilt,Belted plaid,
gemma3_4b,E1_img_0008_mixed_N3_k3_P1,open,item,Kilt,Belted plaid,
gemma3_4b,E1_img_0008_mixed_N4_k1_P1,open,item,Kilt,Belted plaid,
gemma3_4b,E2_img_0008_mixed_N5_k1_P1,open,item,Kilt,Belted plaid,
gemma3_4b,E2_img_0008_mixed_N5_k2_P1,open,item,Kilt,Belted plaid,
gemma3_4b,E2_img_0008_mixed_N5_k3_P1,open,item,Kilt,Belted plaid,
gemma3_4b,E2_img_0008_mixed_N5_k4_P1,open,item,Kilt,Belted plaid,
gemma3_4b,E2_img_0008_mixed_N5_k5_P1,open,item,Kilt,Belted plaid,
gemma3_4b,LEAK_img_0008_mixed_leak,open,item,Kimono,Belted plaid,
gemma3_4b,E3_img_0008_near_N2_k1_P1,open,item,Kilt,Belted plaid,
gemma3_4b,E3_img_0008_near_N5_k4_P1,open,item,Kilt,Belted plaid,
gemma3_4b,E3_img_0008_far_N2_k1_P1,open,item,Kilt,Belted plaid,
gemma3_4b,E3_img_0008_far_N5_k4_P1,open,item,Kilt,Belted plaid,
gemma3_4b,E1_img_0085_mixed_N1_k1_P1,open,country,Soviet Union,Russia,
gemma3_4b,LEAK_img_0085_mixed_leak,open,item,Kimono,Ushanka,
gemma3_4b,E5_img_0085_mixed_N1_k1_P3,open,country,Soviet Union,Russia,
gemma3_4b,E6_img_0085_mixed_N2_k2_P4,open,item,Ushtushka,Ushanka,
gemma3_4b,E1_img_0063_mixed_N1_k1_P1,open,item,Tunic,Perizoma,
gemma3_4b,E1_img_0063_mixed_N2_k1_P1,open,item,Tunic,Perizoma,
gemma3_4b,E1_img_0063_mixed_N3_k2_P1,open,item,Rüst,Perizoma,
gemma3_4b,E1_img_0063_mixed_N3_k2_P1,open,country,Germany,Greece,
gemma3_4b,E1_img_0063_mixed_N4_k3_P1,open,item,Rüst,Perizoma,
gemma3_4b,E2_img_0063_mixed_N5_k1_P1,open,item,Tunic,Perizoma,
gemma3_4b,E2_img_0063_mixed_N5_k2_P1,open,item,Tunic,Perizoma,
gemma3_4b,E2_img_0063_mixed_N5_k3_P1,open,item,Tunic,Perizoma,
gemma3_4b,E2_img_0063_mixed_N5_k4_P1,open,item,Tunic,Perizoma,
gemma3_4b,E2_img_0063_mixed_N5_k5_P1,open,item,Chasuble,Perizoma,
gemma3_4b,LEAK_img_0063_mixed_leak,open,item,Kimono,Perizoma,
gemma3_4b,LEAK_img_0063_mixed_leak,open,country,Japan,Greece,
gemma3_4b,E3_img_0063_near_N2_k1_P1,open,item,Tunic,Perizoma,
gemma3_4b,E3_img_0063_near_N5_k1_P1,open,item,Tunic,Perizoma,
gemma3_4b,E3_img_0063_far_N2_k1_P1,open,item,Tunic,Perizoma,
gemma3_4b,E3_img_0063_far_N5_k1_P1,open,item,Tunic,Perizoma,
gemma3_4b,E1_img_0009_mixed_N4_k4_P1,open,item,Topi,Birke topi,
gemma3_4b,E2_img_0009_mixed_N5_k2_P1,open,item,Topi,Birke topi,
gemma3_4b,LEAK_img_0009_mixed_leak,open,item,Kimono,Birke topi,
gemma3_4b,LEAK_img_0009_mixed_leak,open,country,Japan,Nepal,
gemma3_4b,E1_img_0027_mixed_N1_k1_P1,open,item,Hakama,Gakuran,
gemma3_4b,E1_img_0027_mixed_N2_k1_P1,open,item,Kimono,Gakuran,
gemma3_4b,E1_img_0027_mixed_N3_k1_P1,open,item,Kimono,Gakuran,
gemma3_4b,E1_img_0027_mixed_N4_k1_P1,open,item,Kimono,Gakuran,
gemma3_4b,E2_img_0027_mixed_N5_k1_P1,open,item,Kimono,Gakuran,
gemma3_4b,E2_img_0027_mixed_N5_k2_P1,open,item,Hakama,Gakuran,
gemma3_4b,E2_img_0027_mixed_N5_k3_P1,open,item,Kangka,Gakuran,
gemma3_4b,E2_img_0027_mixed_N5_k4_P1,open,item,Blazer,Gakuran,
gemma3_4b,E2_img_0027_mixed_N5_k5_P1,open,item,Blazer,Gakuran,
gemma3_4b,LEAK_img_0027_mixed_leak,open,item,Kimono,Gakuran,
gemma3_4b,E3_img_0027_near_N2_k1_P1,open,item,Kimono,Gakuran,
gemma3_4b,E3_img_0027_near_N5_k3_P1,open,item,Kimono,Gakuran,
gemma3_4b,E3_img_0027_far_N2_k1_P1,open,item,Kimono,Gakuran,
gemma3_4b,E3_img_0027_far_N5_k3_P1,open,item,Kimono,Gakuran,
gemma3_4b,E5_img_0027_mixed_N1_k1_P2,open,item,Hakama,Gakuran,
gemma3_4b,E5_img_0027_mixed_N2_k1_P2,open,item,Kimono,Gakuran,
gemma3_4b,E5_img_0027_mixed_N3_k1_P2,open,item,Kimono,Gakuran,
gemma3_4b,E5_img_0027_mixed_N4_k1_P2,open,item,Kimono,Gakuran,
gemma3_4b,E5_img_0027_mixed_N5_k3_P2,open,item,Kangka,Gakuran,
gemma3_4b,E5_img_0027_mixed_N1_k1_P3,open,item,Hakama,Gakuran,
gemma3_4b,E5_img_0027_mixed_N2_k1_P3,open,item,Kimono,Gakuran,
gemma3_4b,E5_img_0027_mixed_N3_k1_P3,open,item,Kimono,Gakuran,
gemma3_4b,E5_img_0027_mixed_N4_k1_P3,open,item,Kimono,Gakuran,
gemma3_4b,E5_img_0027_mixed_N5_k3_P3,open,item,Kangka,Gakuran,
gemma3_4b,E6_img_0027_mixed_N1_k1_P4,open,item,Kimono,Gakuran,
gemma3_4b,E6_img_0027_mixed_N2_k1_P4,open,item,Kimono,Gakuran,
gemma3_4b,E6_img_0027_mixed_N3_k1_P4,open,item,Kimono,Gakuran,
gemma3_4b,E6_img_0027_mixed_N4_k1_P4,open,item,Kimono,Gakuran,
gemma3_4b,E1_img_0035_mixed_N1_k1_P1,open,item,Skirt,Haramaki,
gemma3_4b,E1_img_0035_mixed_N2_k2_P1,open,item,Sarong,Haramaki,
gemma3_4b,E1_img_0035_mixed_N2_k2_P1,open,country,Indonesia,Japan,
gemma3_4b,E1_img_0035_mixed_N3_k2_P1,open,item,Sarong,Haramaki,
gemma3_4b,E1_img_0035_mixed_N3_k2_P1,open,country,Indonesia,Japan,
gemma3_4b,E1_img_0035_mixed_N4_k2_P1,open,item,Sarong,Haramaki,
gemma3_4b,E1_img_0035_mixed_N4_k2_P1,open,country,Indonesia,Japan,
gemma3_4b,E2_img_0035_mixed_N5_k1_P1,open,item,Shawl,Haramaki,
gemma3_4b,E2_img_0035_mixed_N5_k2_P1,open,item,Sarong,Haramaki,
gemma3_4b,E2_img_0035_mixed_N5_k2_P1,open,country,Indonesia,Japan,
gemma3_4b,E2_img_0035_mixed_N5_k3_P1,open,item,Shawl,Haramaki,
gemma3_4b,E2_img_0035_mixed_N5_k4_P1,open,item,Tube top,Haramaki,
gemma3_4b,E2_img_0035_mixed_N5_k5_P1,open,item,Tube top,Haramaki,
gemma3_4b,LEAK_img_0035_mixed_leak,open,item,Kimono,Haramaki,
gemma3_4b,E3_img_0035_near_N2_k2_P1,open,item,Headscarf,Haramaki,
gemma3_4b,E3_img_0035_near_N5_k4_P1,open,item,towel,Haramaki,
gemma3_4b,E3_img_0035_far_N2_k2_P1,open,item,Sarong,Haramaki,
gemma3_4b,E3_img_0035_far_N2_k2_P1,open,country,Indonesia,Japan,
gemma3_4b,E3_img_0035_far_N5_k4_P1,open,item,Sarong,Haramaki,
gemma3_4b,E3_img_0035_far_N5_k4_P1,open,country,Indonesia,Japan,
gemma3_4b,E1_img_0023_mixed_N1_k1_P1,open,item,Shugandal,Dirac,
gemma3_4b,E1_img_0023_mixed_N1_k1_P1,open,country,Ethiopia,Somalia,
gemma3_4b,E1_img_0023_mixed_N2_k1_P1,open,item,Diriyah,Dirac,
gemma3_4b,E1_img_0023_mixed_N2_k1_P1,open,country,Ethiopia,Somalia,
gemma3_4b,E1_img_0023_mixed_N3_k3_P1,open,item,Shug,Dirac,
gemma3_4b,E1_img_0023_mixed_N3_k3_P1,open,country,Ethiopia,Somalia,
gemma3_4b,E1_img_0023_mixed_N4_k3_P1,open,item,Shug,Dirac,
gemma3_4b,E1_img_0023_mixed_N4_k3_P1,open,country,Ethiopia,Somalia,
gemma3_4b,E2_img_0023_mixed_N5_k1_P1,open,item,Diriyah,Dirac,
gemma3_4b,E2_img_0023_mixed_N5_k1_P1,open,country,Yemen,Somalia,
gemma3_4b,E2_img_0023_mixed_N5_k2_P1,open,item,Shendy,Dirac,
gemma3_4b,E2_img_0023_mixed_N5_k2_P1,open,country,Ethiopia,Somalia,
gemma3_4b,E2_img_0023_mixed_N5_k3_P1,open,item,Shendy,Dirac,
gemma3_4b,E2_img_0023_mixed_N5_k3_P1,open,country,Ethiopia,Somalia,
gemma3_4b,E2_img_0023_mixed_N5_k4_P1,open,item,Habesha,Dirac,
gemma3_4b,E2_img_0023_mixed_N5_k4_P1,open,country,Ethiopia,Somalia,
gemma3_4b,E2_img_0023_mixed_N5_k5_P1,open,country,Ethiopia,Somalia,
gemma3_4b,LEAK_img_0023_mixed_leak,open,item,Kimono,Dirac,
gemma3_4b,E3_img_0023_near_N2_k1_P1,open,item,Shug,Dirac,
gemma3_4b,E3_img_0023_near_N2_k1_P1,open,country,Ethiopia,Somalia,
gemma3_4b,E3_img_0023_near_N5_k5_P1,open,item,Kebbet,Dirac,
gemma3_4b,E3_img_0023_near_N5_k5_P1,open,country,Sudan,Somalia,
gemma3_4b,E3_img_0023_far_N2_k1_P1,open,item,Shugandal,Dirac,
gemma3_4b,E3_img_0023_far_N2_k1_P1,open,country,Ethiopia,Somalia,
gemma3_4b,E3_img_0023_far_N5_k5_P1,open,item,Habesha,Dirac,
gemma3_4b,E3_img_0023_far_N5_k5_P1,open,country,Ethiopia,Somalia,
gemma3_4b,E1_img_0002_mixed_N1_k1_P1,open,item,Áo dài,Áo bà ba,
gemma3_4b,E1_img_0002_mixed_N2_k2_P1,open,item,Áo dài,Áo bà ba,
gemma3_4b,E1_img_0002_mixed_N3_k1_P1,open,item,Áo dài,Áo bà ba,
gemma3_4b,E1_img_0002_mixed_N4_k4_P1,open,item,Áo dài,Áo bà ba,
gemma3_4b,E2_img_0002_mixed_N5_k1_P1,open,item,Áo dài,Áo bà ba,
gemma3_4b,E2_img_0002_mixed_N5_k2_P1,open,item,Áo dài,Áo bà ba,
gemma3_4b,E2_img_0002_mixed_N5_k4_P1,open,item,Áo dài,Áo bà ba,
gemma3_4b,E2_img_0002_mixed_N5_k5_P1,open,item,Áo dài,Áo bà ba,
gemma3_4b,LEAK_img_0002_mixed_leak,open,item,Kimono,Áo bà ba,
gemma3_4b,LEAK_img_0002_mixed_leak,open,country,Japan,Vietnam,
gemma3_4b,E3_img_0002_near_N2_k2_P1,open,item,Áo dài,Áo bà ba,
gemma3_4b,E3_img_0002_near_N5_k1_P1,open,item,Áo dài,Áo bà ba,
gemma3_4b,E3_img_0002_far_N2_k2_P1,open,item,Áo dài,Áo bà ba,
gemma3_4b,E3_img_0002_far_N5_k1_P1,open,item,Áo dài,Áo bà ba,
gemma3_4b,E5_img_0002_mixed_N1_k1_P2,open,item,Áo dài,Áo bà ba,
gemma3_4b,E5_img_0002_mixed_N2_k2_P2,open,item,Áo dài,Áo bà ba,
gemma3_4b,E5_img_0002_mixed_N3_k1_P2,open,item,Áo dài,Áo bà ba,
gemma3_4b,E5_img_0002_mixed_N4_k4_P2,open,item,Áo dài,Áo bà ba,
gemma3_4b,E5_img_0002_mixed_N5_k1_P2,open,item,Áo dài,Áo bà ba,
gemma3_4b,E5_img_0002_mixed_N1_k1_P3,open,item,Áo dài,Áo bà ba,
gemma3_4b,E5_img_0002_mixed_N2_k2_P3,open,item,Áo Dài,Áo bà ba,
gemma3_4b,E5_img_0002_mixed_N3_k1_P3,open,item,Áo dài,Áo bà ba,
gemma3_4b,E5_img_0002_mixed_N4_k4_P3,open,item,Áo Dài,Áo bà ba,
gemma3_4b,E5_img_0002_mixed_N5_k1_P3,open,item,Áo dài,Áo bà ba,
gemma3_4b,E6_img_0002_mixed_N1_k1_P4,open,item,áo dài,Áo bà ba,
gemma3_4b,E6_img_0002_mixed_N3_k1_P4,open,item,Ao Dai,Áo bà ba,
gemma3_4b,E6_img_0002_mixed_N4_k4_P4,open,item,Áo dài,Áo bà ba,
gemma3_4b,E6_img_0002_mixed_N5_k1_P4,open,item,Áo dài,Áo bà ba,
gemma3_4b,E1_img_0055_mixed_N1_k1_P1,open,item,Ishangu,Mushanana,
gemma3_4b,E1_img_0055_mixed_N2_k1_P1,open,item,Ishangu,Mushanana,
gemma3_4b,E1_img_0055_mixed_N3_k2_P1,open,item,Ishangu,Mushanana,
gemma3_4b,E1_img_0055_mixed_N4_k1_P1,open,item,Ishangu,Mushanana,
gemma3_4b,E1_img_0055_mixed_N4_k1_P1,open,country,Tanzania,Rwanda,
gemma3_4b,E2_img_0055_mixed_N5_k1_P1,open,item,Ishangu,Mushanana,
gemma3_4b,E2_img_0055_mixed_N5_k1_P1,open,country,Tanzania,Rwanda,
gemma3_4b,E2_img_0055_mixed_N5_k2_P1,open,item,Ishangu,Mushanana,
gemma3_4b,E2_img_0055_mixed_N5_k3_P1,open,item,Ishangu,Mushanana,
gemma3_4b,E2_img_0055_mixed_N5_k4_P1,open,item,Ishangu,Mushanana,
gemma3_4b,E2_img_0055_mixed_N5_k5_P1,open,item,Ishangu,Mushanana,
gemma3_4b,LEAK_img_0055_mixed_leak,open,item,Kimono,Mushanana,
gemma3_4b,LEAK_img_0055_mixed_leak,open,country,Japan,Rwanda,
gemma3_4b,E3_img_0055_near_N2_k1_P1,open,item,Ishangu,Mushanana,
gemma3_4b,E3_img_0055_near_N5_k2_P1,open,item,Ishangu,Mushanana,
gemma3_4b,E3_img_0055_far_N2_k1_P1,open,item,Ishangu,Mushanana,
gemma3_4b,E3_img_0055_far_N5_k2_P1,open,item,Ishangu,Mushanana,
gemma3_4b,E1_img_0076_mixed_N1_k1_P1,open,item,Baju putih,Songkok,
gemma3_4b,E2_img_0076_mixed_N5_k2_P1,open,item,Baju Melayu,Songkok,
gemma3_4b,E2_img_0076_mixed_N5_k2_P1,open,country,Malaysia,Indonesia,
gemma3_4b,E2_img_0076_mixed_N5_k3_P1,open,item,Peaked Cap,Songkok,
gemma3_4b,LEAK_img_0076_mixed_leak,open,item,Kimono,Songkok,
gemma3_4b,LEAK_img_0076_mixed_leak,open,country,Japan,Indonesia,
gemma3_4b,E3_img_0076_near_N5_k3_P1,open,item,Peaked Cap,Songkok,
gemma3_4b,E2_img_0001_mixed_N5_k2_P1,open,item,Barbaguia,Abarka,
gemma3_4b,E2_img_0001_mixed_N5_k3_P1,open,item,Albargás,Abarka,
gemma3_4b,E3_img_0001_far_N5_k4_P1,open,item,Albargás,Abarka,
gemma3_4b,E6_img_0001_mixed_N5_k4_P4,open,item,Albargas,Abarka,
gemma3_4b,E1_img_0069_mixed_N1_k1_P1,open,item,Hanbok,Saekdongot,
gemma3_4b,E1_img_0069_mixed_N2_k2_P1,open,item,Hanbok,Saekdongot,
gemma3_4b,E1_img_0069_mixed_N3_k2_P1,open,item,Hanbok,Saekdongot,
gemma3_4b,E1_img_0069_mixed_N4_k4_P1,open,item,Hanbok,Saekdongot,
gemma3_4b,E2_img_0069_mixed_N5_k1_P1,open,item,Hanbok,Saekdongot,
gemma3_4b,E2_img_0069_mixed_N5_k2_P1,open,item,Hanbok,Saekdongot,
gemma3_4b,E2_img_0069_mixed_N5_k3_P1,open,item,Hanbok,Saekdongot,
gemma3_4b,E2_img_0069_mixed_N5_k4_P1,open,item,Hanbok,Saekdongot,
gemma3_4b,E2_img_0069_mixed_N5_k5_P1,open,item,Hanbok,Saekdongot,
gemma3_4b,E3_img_0069_near_N2_k2_P1,open,item,Hanbok,Saekdongot,
gemma3_4b,E3_img_0069_near_N5_k5_P1,open,item,Hanbok,Saekdongot,
gemma3_4b,E3_img_0069_far_N2_k2_P1,open,item,Hanbok,Saekdongot,
gemma3_4b,E3_img_0069_far_N5_k5_P1,open,item,Hanbok,Saekdongot,
gemma3_4b,E1_img_0011_mixed_N1_k1_P1,open,item,Day dress,Bolero,
gemma3_4b,E1_img_0011_mixed_N2_k1_P1,open,item,Dress,Bolero,
gemma3_4b,E1_img_0011_mixed_N3_k3_P1,open,item,New Look dress,Bolero,
gemma3_4b,E1_img_0011_mixed_N3_k3_P1,open,country,United Kingdom,Spain,
gemma3_4b,E1_img_0011_mixed_N4_k1_P1,open,item,Dress,Bolero,
gemma3_4b,E2_img_0011_mixed_N5_k1_P1,open,item,Dress,Bolero,
gemma3_4b,E2_img_0011_mixed_N5_k2_P1,open,item,Dress,Bolero,
gemma3_4b,E2_img_0011_mixed_N5_k3_P1,open,item,Suit,Bolero,
gemma3_4b,E2_img_0011_mixed_N5_k3_P1,open,country,United States,Spain,
gemma3_4b,E2_img_0011_mixed_N5_k4_P1,open,item,Suit,Bolero,
gemma3_4b,E2_img_0011_mixed_N5_k4_P1,open,country,United States,Spain,
gemma3_4b,E2_img_0011_mixed_N5_k5_P1,open,item,Suit,Bolero,
gemma3_4b,E2_img_0011_mixed_N5_k5_P1,open,country,United States,Spain,
gemma3_4b,LEAK_img_0011_mixed_leak,open,item,Kimono,Bolero,
gemma3_4b,E3_img_0011_near_N2_k1_P1,open,item,Dress,Bolero,
gemma3_4b,E3_img_0011_near_N5_k1_P1,open,item,Dress,Bolero,
gemma3_4b,E3_img_0011_far_N2_k1_P1,open,item,White dress,Bolero,
gemma3_4b,E3_img_0011_far_N5_k1_P1,open,item,Dress,Bolero,
gemma3_4b,E1_img_0028_mixed_N1_k1_P1,open,item,Bàbu,Gandoura,
gemma3_4b,E1_img_0028_mixed_N1_k1_P1,open,country,Syria,Algeria,
gemma3_4b,E1_img_0028_mixed_N2_k2_P1,open,item,Palestinian Wedding Dress,Gandoura,
gemma3_4b,E1_img_0028_mixed_N2_k2_P1,open,country,Palestine,Algeria,
gemma3_4b,E1_img_0028_mixed_N3_k1_P1,open,item,Jabalia,Gandoura,
gemma3_4b,E1_img_0028_mixed_N3_k1_P1,open,country,Syria,Algeria,
gemma3_4b,E1_img_0028_mixed_N4_k2_P1,open,item,Palestinian Wedding Dress,Gandoura,
gemma3_4b,E1_img_0028_mixed_N4_k2_P1,open,country,Palestine,Algeria,
gemma3_4b,E2_img_0028_mixed_N5_k1_P1,open,item,Palestinian Wedding Dress,Gandoura,
gemma3_4b,E2_img_0028_mixed_N5_k1_P1,open,country,Palestine,Algeria,
gemma3_4b,E2_img_0028_mixed_N5_k2_P1,open,item,Palestinian Wedding Dress,Gandoura,
gemma3_4b,E2_img_0028_mixed_N5_k2_P1,open,country,Palestine,Algeria,
gemma3_4b,E2_img_0028_mixed_N5_k3_P1,open,item,Bàbu,Gandoura,
gemma3_4b,E2_img_0028_mixed_N5_k3_P1,open,country,Syria,Algeria,
gemma3_4b,E2_img_0028_mixed_N5_k4_P1,open,item,Bàbu,Gandoura,
gemma3_4b,E2_img_0028_mixed_N5_k4_P1,open,country,Lebanon,Algeria,
gemma3_4b,E2_img_0028_mixed_N5_k5_P1,open,item,Palestinian Wedding Dress,Gandoura,
gemma3_4b,E2_img_0028_mixed_N5_k5_P1,open,country,Palestine,Algeria,
gemma3_4b,LEAK_img_0028_mixed_leak,open,item,Kimono,Gandoura,
gemma3_4b,E3_img_0028_near_N2_k2_P1,open,item,Dirndl,Gandoura,
gemma3_4b,E3_img_0028_near_N2_k2_P1,open,country,Austria,Algeria,
gemma3_4b,E3_img_0028_near_N5_k2_P1,open,item,Wedding dress,Gandoura,
gemma3_4b,E3_img_0028_near_N5_k2_P1,open,country,Syria,Algeria,
gemma3_4b,E3_img_0028_far_N2_k2_P1,open,item,Palestinian Wedding Dress,Gandoura,
gemma3_4b,E3_img_0028_far_N2_k2_P1,open,country,Palestine,Algeria,
gemma3_4b,E3_img_0028_far_N5_k2_P1,open,item,Palestinian Wedding Dress,Gandoura,
gemma3_4b,E3_img_0028_far_N5_k2_P1,open,country,Palestine,Algeria,
gemma3_4b,E5_img_0028_mixed_N1_k1_P2,open,item,Bàbu,Gandoura,
gemma3_4b,E5_img_0028_mixed_N1_k1_P2,open,country,Syria,Algeria,
gemma3_4b,E5_img_0028_mixed_N2_k2_P2,open,item,Bàbu,Gandoura,
gemma3_4b,E5_img_0028_mixed_N2_k2_P2,open,country,Syria,Algeria,
gemma3_4b,E5_img_0028_mixed_N3_k1_P2,open,item,Jabalia,Gandoura,
gemma3_4b,E5_img_0028_mixed_N3_k1_P2,open,country,Syria,Algeria,
gemma3_4b,E5_img_0028_mixed_N4_k2_P2,open,item,Kebaya,Gandoura,
gemma3_4b,E5_img_0028_mixed_N4_k2_P2,open,country,Indonesia,Algeria,
gemma3_4b,E5_img_0028_mixed_N5_k2_P2,open,item,Kebaya,Gandoura,
gemma3_4b,E5_img_0028_mixed_N5_k2_P2,open,country,Indonesia,Algeria,
gemma3_4b,E5_img_0028_mixed_N1_k1_P3,open,item,Palestinian Wedding Dress,Gandoura,
gemma3_4b,E5_img_0028_mixed_N1_k1_P3,open,country,Palestine,Algeria,
gemma3_4b,E5_img_0028_mixed_N2_k2_P3,open,item,Palestinian Wedding Dress,Gandoura,
gemma3_4b,E5_img_0028_mixed_N2_k2_P3,open,country,Palestine,Algeria,
gemma3_4b,E5_img_0028_mixed_N3_k1_P3,open,item,Palestinian Wedding Dress,Gandoura,
gemma3_4b,E5_img_0028_mixed_N3_k1_P3,open,country,Palestine,Algeria,
gemma3_4b,E5_img_0028_mixed_N4_k2_P3,open,item,Palestinian Wedding Dress,Gandoura,
gemma3_4b,E5_img_0028_mixed_N4_k2_P3,open,country,Palestine,Algeria,
gemma3_4b,E5_img_0028_mixed_N5_k2_P3,open,item,Palestinian Wedding Dress,Gandoura,
gemma3_4b,E5_img_0028_mixed_N5_k2_P3,open,country,Palestine,Algeria,
gemma3_4b,E6_img_0028_mixed_N1_k1_P4,open,item,ʿarbūna,Gandoura,
gemma3_4b,E6_img_0028_mixed_N1_k1_P4,open,country,Lebanon,Algeria,
gemma3_4b,E6_img_0028_mixed_N2_k2_P4,open,item,Lebanese wedding dress,Gandoura,
gemma3_4b,E6_img_0028_mixed_N2_k2_P4,open,country,Lebanon,Algeria,
gemma3_4b,E6_img_0028_mixed_N3_k1_P4,open,item,Palestinian wedding dress,Gandoura,
gemma3_4b,E6_img_0028_mixed_N3_k1_P4,open,country,Palestine,Algeria,
gemma3_4b,E6_img_0028_mixed_N4_k2_P4,open,item,Khalim,Gandoura,
gemma3_4b,E6_img_0028_mixed_N4_k2_P4,open,country,Syria,Algeria,
gemma3_4b,E1_img_0052_mixed_N1_k1_P1,open,item,Veil,M’laya,
gemma3_4b,E1_img_0052_mixed_N1_k1_P1,open,country,Mauritius,Algeria,
gemma3_4b,E1_img_0052_mixed_N2_k1_P1,open,item,Veil,M’laya,
gemma3_4b,E1_img_0052_mixed_N2_k1_P1,open,country,Mauritius,Algeria,
gemma3_4b,E1_img_0052_mixed_N3_k2_P1,open,item,Niqab,M’laya,
gemma3_4b,E1_img_0052_mixed_N3_k2_P1,open,country,Mauritania,Algeria,
gemma3_4b,E1_img_0052_mixed_N4_k3_P1,open,item,Burqa,M’laya,
gemma3_4b,E1_img_0052_mixed_N4_k3_P1,open,country,Mauritania,Algeria,
gemma3_4b,E2_img_0052_mixed_N5_k1_P1,open,item,Burka,M’laya,
gemma3_4b,E2_img_0052_mixed_N5_k1_P1,open,country,Mauritius,Algeria,
gemma3_4b,E2_img_0052_mixed_N5_k2_P1,open,item,Niqab,M’laya,
gemma3_4b,E2_img_0052_mixed_N5_k2_P1,open,country,Mauritania,Algeria,
gemma3_4b,E2_img_0052_mixed_N5_k3_P1,open,item,Niqab,M’laya,
gemma3_4b,E2_img_0052_mixed_N5_k3_P1,open,country,Mauritius,Algeria,
gemma3_4b,E2_img_0052_mixed_N5_k4_P1,open,item,Niqab,M’laya,
gemma3_4b,E2_img_0052_mixed_N5_k4_P1,open,country,Mauritania,Algeria,
gemma3_4b,E2_img_0052_mixed_N5_k5_P1,open,item,Burqa,M’laya,
gemma3_4b,E2_img_0052_mixed_N5_k5_P1,open,country,Mauritania,Algeria,
gemma3_4b,LEAK_img_0052_mixed_leak,open,item,Kimono,M’laya,
gemma3_4b,LEAK_img_0052_mixed_leak,open,country,Japan,Algeria,
gemma3_4b,E3_img_0052_near_N2_k1_P1,open,item,Niqab,M’laya,
gemma3_4b,E3_img_0052_near_N2_k1_P1,open,country,Mauritius,Algeria,
gemma3_4b,E3_img_0052_near_N5_k3_P1,open,item,Burqa,M’laya,
gemma3_4b,E3_img_0052_near_N5_k3_P1,open,country,Mauritania,Algeria,
gemma3_4b,E3_img_0052_far_N2_k1_P1,open,item,Veil,M’laya,
gemma3_4b,E3_img_0052_far_N2_k1_P1,open,country,Mauritius,Algeria,
gemma3_4b,E3_img_0052_far_N5_k3_P1,open,item,Niqab,M’laya,
gemma3_4b,E3_img_0052_far_N5_k3_P1,open,country,Mauritius,Algeria,
gemma3_4b,E1_img_0060_mixed_N1_k1_P1,open,item,Hanfu,Panling Lanshan,
gemma3_4b,E1_img_0060_mixed_N2_k2_P1,open,item,Hanfu,Panling Lanshan,
gemma3_4b,E1_img_0060_mixed_N3_k3_P1,open,item,Hanfu,Panling Lanshan,
gemma3_4b,E1_img_0060_mixed_N4_k4_P1,open,item,Hanfu,Panling Lanshan,
gemma3_4b,E2_img_0060_mixed_N5_k1_P1,open,item,Tang suit,Panling Lanshan,
gemma3_4b,E2_img_0060_mixed_N5_k2_P1,open,item,Hanfu,Panling Lanshan,
gemma3_4b,E2_img_0060_mixed_N5_k3_P1,open,item,Hanfu,Panling Lanshan,
gemma3_4b,E2_img_0060_mixed_N5_k4_P1,open,item,Hanfu,Panling Lanshan,
gemma3_4b,E2_img_0060_mixed_N5_k5_P1,open,item,Tang suit,Panling Lanshan,
gemma3_4b,LEAK_img_0060_mixed_leak,open,item,Kimono,Panling Lanshan,
gemma3_4b,E3_img_0060_near_N2_k2_P1,open,item,Hanfu,Panling Lanshan,
gemma3_4b,E3_img_0060_near_N5_k4_P1,open,item,Hanfu,Panling Lanshan,
gemma3_4b,E3_img_0060_far_N2_k2_P1,open,item,Hanfu,Panling Lanshan,
gemma3_4b,E3_img_0060_far_N5_k4_P1,open,item,Hanfu,Panling Lanshan,
gemma3_4b,LEAK_img_0022_mixed_leak,open,item,Kimono,Dhaka topi,
gemma3_4b,E3_img_0022_far_N5_k5_P1,open,item,topi,Dhaka topi,
gemma3_4b,E5_img_0022_mixed_N1_k1_P2,open,item,Topi,Dhaka topi,
gemma3_4b,E5_img_0022_mixed_N5_k5_P2,open,item,topi,Dhaka topi,
gemma3_4b,E6_img_0022_mixed_N1_k1_P4,open,item,Topi,Dhaka topi,
gemma3_4b,E6_img_0022_mixed_N5_k5_P4,open,item,Topi,Dhaka topi,
gemma3_4b,E1_img_0010_mixed_N1_k1_P1,open,item,Pagri,Blangkon,
gemma3_4b,E1_img_0010_mixed_N1_k1_P1,open,country,India,Indonesia,
gemma3_4b,E1_img_0010_mixed_N2_k2_P1,open,item,Kopiah,Blangkon,
gemma3_4b,E1_img_0010_mixed_N3_k2_P1,open,item,Pagri,Blangkon,
gemma3_4b,E1_img_0010_mixed_N3_k2_P1,open,country,India,Indonesia,
gemma3_4b,E1_img_0010_mixed_N4_k2_P1,open,item,Pagri,Blangkon,
gemma3_4b,E1_img_0010_mixed_N4_k2_P1,open,country,India,Indonesia,
gemma3_4b,E2_img_0010_mixed_N5_k1_P1,open,item,Pagri,Blangkon,
gemma3_4b,E2_img_0010_mixed_N5_k1_P1,open,country,India,Indonesia,
gemma3_4b,E2_img_0010_mixed_N5_k2_P1,open,item,Pagri,Blangkon,
gemma3_4b,E2_img_0010_mixed_N5_k2_P1,open,country,India,Indonesia,
gemma3_4b,E2_img_0010_mixed_N5_k3_P1,open,item,Pagri,Blangkon,
gemma3_4b,E2_img_0010_mixed_N5_k3_P1,open,country,India,Indonesia,
gemma3_4b,E2_img_0010_mixed_N5_k4_P1,open,item,Pagri,Blangkon,
gemma3_4b,E2_img_0010_mixed_N5_k4_P1,open,country,India,Indonesia,
gemma3_4b,E2_img_0010_mixed_N5_k5_P1,open,item,Peshtemal,Blangkon,
gemma3_4b,E2_img_0010_mixed_N5_k5_P1,open,country,Turkey,Indonesia,
gemma3_4b,LEAK_img_0010_mixed_leak,open,item,Kimono,Blangkon,
gemma3_4b,LEAK_img_0010_mixed_leak,open,country,Japan,Indonesia,
gemma3_4b,E3_img_0010_near_N2_k2_P1,open,item,turban,Blangkon,
gemma3_4b,E3_img_0010_near_N2_k2_P1,open,country,Turkey,Indonesia,
gemma3_4b,E3_img_0010_near_N5_k1_P1,open,item,Non La,Blangkon,
gemma3_4b,E3_img_0010_far_N2_k2_P1,open,item,Turbאן,Blangkon,
gemma3_4b,E3_img_0010_far_N2_k2_P1,open,country,India,Indonesia,
gemma3_4b,E3_img_0010_far_N5_k1_P1,open,item,Turbante,Blangkon,
gemma3_4b,E3_img_0010_far_N5_k1_P1,open,country,Morocco,Indonesia,
gemma3_4b,E1_img_0080_mixed_N1_k1_P1,open,item,Safari shirt,Tembel hat,
gemma3_4b,E1_img_0080_mixed_N2_k1_P1,open,item,Keffiyeh,Tembel hat,
gemma3_4b,E1_img_0080_mixed_N2_k1_P1,open,country,Palestine,Israel,
gemma3_4b,E1_img_0080_mixed_N3_k3_P1,open,item,Safari shirt,Tembel hat,
gemma3_4b,E1_img_0080_mixed_N4_k3_P1,open,item,Safari shirt,Tembel hat,
gemma3_4b,E2_img_0080_mixed_N5_k1_P1,open,item,Safari Shirt,Tembel hat,
gemma3_4b,E2_img_0080_mixed_N5_k2_P1,open,item,Safari shirt,Tembel hat,
gemma3_4b,E2_img_0080_mixed_N5_k3_P1,open,item,Safari shirt,Tembel hat,
gemma3_4b,E2_img_0080_mixed_N5_k4_P1,open,item,Safari shirt,Tembel hat,
gemma3_4b,E2_img_0080_mixed_N5_k4_P1,open,country,Tanzania,Israel,
gemma3_4b,E2_img_0080_mixed_N5_k5_P1,open,item,Safari shirt,Tembel hat,
gemma3_4b,E2_img_0080_mixed_N5_k5_P1,open,country,South Africa,Israel,
gemma3_4b,LEAK_img_0080_mixed_leak,open,item,Kimono,Tembel hat,
gemma3_4b,LEAK_img_0080_mixed_leak,open,country,Japan,Israel,
gemma3_4b,E3_img_0080_near_N2_k1_P1,open,item,Baju Kurung,Tembel hat,
gemma3_4b,E3_img_0080_near_N2_k1_P1,open,country,Malaysia,Israel,
gemma3_4b,E3_img_0080_far_N2_k1_P1,open,item,Kebbe,Tembel hat,
gemma3_4b,E3_img_0080_far_N2_k1_P1,open,country,Syria,Israel,
gemma3_4b,E3_img_0080_far_N5_k2_P1,open,item,Safari shirt,Tembel hat,
gemma3_4b,E3_img_0080_far_N5_k2_P1,open,country,Tanzania,Israel,
gemma3_4b,E1_img_0005_mixed_N1_k1_P1,open,item,Alpargatas,Avarca,
gemma3_4b,E1_img_0005_mixed_N2_k2_P1,open,item,Alpargatas,Avarca,
gemma3_4b,E1_img_0005_mixed_N3_k1_P1,open,item,Alpargatas,Avarca,
gemma3_4b,E1_img_0005_mixed_N4_k4_P1,open,item,Mojarabis,Avarca,
gemma3_4b,E2_img_0005_mixed_N5_k1_P1,open,item,Alpargatas,Avarca,
gemma3_4b,E2_img_0005_mixed_N5_k2_P1,open,item,Espadrilles,Avarca,
gemma3_4b,E2_img_0005_mixed_N5_k3_P1,open,item,Mojarabs,Avarca,
gemma3_4b,E2_img_0005_mixed_N5_k4_P1,open,item,Mojari,Avarca,
gemma3_4b,E2_img_0005_mixed_N5_k5_P1,open,item,Mojarabis,Avarca,
gemma3_4b,LEAK_img_0005_mixed_leak,open,item,Kimono,Avarca,
gemma3_4b,LEAK_img_0005_mixed_leak,open,country,Japan,Spain,
gemma3_4b,E3_img_0005_near_N2_k2_P1,open,item,Alpargatas,Avarca,
gemma3_4b,E3_img_0005_near_N5_k3_P1,open,item,Alpargatas,Avarca,
gemma3_4b,E3_img_0005_near_N5_k3_P1,open,country,Brazil,Spain,
gemma3_4b,E3_img_0005_far_N2_k2_P1,open,item,Alpargatas,Avarca,
gemma3_4b,E3_img_0005_far_N2_k2_P1,open,country,Argentina,Spain,
gemma3_4b,E3_img_0005_far_N5_k3_P1,open,item,Alpargatas,Avarca,
gemma3_4b,E3_img_0005_far_N5_k3_P1,open,country,Brazil,Spain,
gemma3_4b,E5_img_0005_mixed_N1_k1_P2,open,item,Alpargatas,Avarca,
gemma3_4b,E5_img_0005_mixed_N2_k2_P2,open,item,Alpargatas,Avarca,
gemma3_4b,E5_img_0005_mixed_N3_k1_P2,open,item,Alpargatas,Avarca,
gemma3_4b,E5_img_0005_mixed_N4_k4_P2,open,item,Mojarabis,Avarca,
gemma3_4b,E5_img_0005_mixed_N5_k3_P2,open,item,Mojari,Avarca,
gemma3_4b,E5_img_0005_mixed_N1_k1_P3,open,item,Alpargatas,Avarca,
gemma3_4b,E5_img_0005_mixed_N2_k2_P3,open,item,Alpargatas,Avarca,
gemma3_4b,E5_img_0005_mixed_N3_k1_P3,open,item,Alpargatas,Avarca,
gemma3_4b,E5_img_0005_mixed_N4_k4_P3,open,item,Mojarabi sandals,Avarca,
gemma3_4b,E5_img_0005_mixed_N5_k3_P3,open,item,Alpargatas,Avarca,
gemma3_4b,E5_img_0005_mixed_N5_k3_P3,open,country,Portugal,Spain,
gemma3_4b,E6_img_0005_mixed_N1_k1_P4,open,item,Chunguras,Avarca,
gemma3_4b,E6_img_0005_mixed_N1_k1_P4,open,country,Cuba,Spain,
gemma3_4b,E6_img_0005_mixed_N4_k4_P4,open,item,Alpargatas,Avarca,
gemma3_4b,E1_img_0032_mixed_N1_k1_P1,open,item,Lace Shawl,Haapsalu shawl,
gemma3_4b,E1_img_0032_mixed_N2_k1_P1,open,item,Lace,Haapsalu shawl,
gemma3_4b,E1_img_0032_mixed_N3_k2_P1,open,item,Lace Shawl,Haapsalu shawl,
gemma3_4b,E1_img_0032_mixed_N4_k1_P1,open,item,Lace,Haapsalu shawl,
gemma3_4b,E2_img_0032_mixed_N5_k1_P1,open,item,Lace Shawl,Haapsalu shawl,
gemma3_4b,E2_img_0032_mixed_N5_k2_P1,open,item,Lace Shawl,Haapsalu shawl,
gemma3_4b,E2_img_0032_mixed_N5_k3_P1,open,item,Lace Shawl,Haapsalu shawl,
gemma3_4b,E2_img_0032_mixed_N5_k4_P1,open,item,Lace Shawl,Haapsalu shawl,
gemma3_4b,E2_img_0032_mixed_N5_k5_P1,open,item,Lace Shawl,Haapsalu shawl,
gemma3_4b,LEAK_img_0032_mixed_leak,open,item,Kimono,Haapsalu shawl,
gemma3_4b,LEAK_img_0032_mixed_leak,open,country,Japan,Estonia,
gemma3_4b,E3_img_0032_near_N2_k1_P1,open,item,Lace Shawl,Haapsalu shawl,
gemma3_4b,E3_img_0032_near_N5_k4_P1,open,item,Lace,Haapsalu shawl,
gemma3_4b,E3_img_0032_far_N2_k1_P1,open,item,Lace,Haapsalu shawl,
gemma3_4b,E3_img_0032_far_N5_k4_P1,open,item,Lace Shawl,Haapsalu shawl,
gemma3_4b,E1_img_0056_mixed_N1_k1_P1,open,item,Áo dài,Nón lá,
gemma3_4b,E1_img_0056_mixed_N2_k2_P1,open,item,Áo dài,Nón lá,
gemma3_4b,E1_img_0056_mixed_N3_k3_P1,open,item,Áo dài,Nón lá,
gemma3_4b,E1_img_0056_mixed_N4_k2_P1,open,item,Áo dài,Nón lá,
gemma3_4b,E2_img_0056_mixed_N5_k1_P1,open,item,Áo dài,Nón lá,
gemma3_4b,E2_img_0056_mixed_N5_k2_P1,open,item,Áo dài,Nón lá,
gemma3_4b,E2_img_0056_mixed_N5_k3_P1,open,item,Áo dài,Nón lá,
gemma3_4b,E2_img_0056_mixed_N5_k4_P1,open,item,Áo dài,Nón lá,
gemma3_4b,E2_img_0056_mixed_N5_k5_P1,open,item,Áo dài,Nón lá,
gemma3_4b,LEAK_img_0056_mixed_leak,open,item,Kimono,Nón lá,
gemma3_4b,LEAK_img_0056_mixed_leak,open,country,Japan,Vietnam,
gemma3_4b,E3_img_0056_near_N2_k2_P1,open,item,Áo dài,Nón lá,
gemma3_4b,E3_img_0056_near_N5_k5_P1,open,item,Áo dài,Nón lá,
gemma3_4b,E3_img_0056_far_N2_k2_P1,open,item,Áo Nàng,Nón lá,
gemma3_4b,E3_img_0056_far_N5_k5_P1,open,item,Áo dài,Nón lá,
gemma3_4b,E1_img_0051_mixed_N1_k1_P1,open,item,Zapato de Gala,Mexican pointy boot,
gemma3_4b,E1_img_0051_mixed_N4_k3_P1,open,item,Karet,Mexican pointy boot,
gemma3_4b,E1_img_0051_mixed_N4_k3_P1,open,country,Spain,Mexico,
gemma3_4b,E2_img_0051_mixed_N5_k2_P1,open,item,Cowboy boots,Mexican pointy boot,
gemma3_4b,E2_img_0051_mixed_N5_k3_P1,open,item,Quetzalcoatl shoes,Mexican pointy boot,
gemma3_4b,E2_img_0051_mixed_N5_k4_P1,open,item,Alpargatas,Mexican pointy boot,
gemma3_4b,E2_img_0051_mixed_N5_k5_P1,open,item,Alpargatas,Mexican pointy boot,
gemma3_4b,E2_img_0051_mixed_N5_k5_P1,open,country,Spain,Mexico,
gemma3_4b,LEAK_img_0051_mixed_leak,open,item,Kimono,Mexican pointy boot,
gemma3_4b,E5_img_0051_mixed_N1_k1_P2,open,item,Zapato de Gala,Mexican pointy boot,
gemma3_4b,E5_img_0051_mixed_N4_k3_P2,open,item,Keffiyeh,Mexican pointy boot,
gemma3_4b,E5_img_0051_mixed_N4_k3_P2,open,country,Jordan,Mexico,
gemma3_4b,E5_img_0051_mixed_N1_k1_P3,open,item,Chueca,Mexican pointy boot,
gemma3_4b,E5_img_0051_mixed_N4_k3_P3,open,item,Kain Songket,Mexican pointy boot,
gemma3_4b,E6_img_0051_mixed_N1_k1_P4,open,item,Charrada,Mexican pointy boot,
gemma3_4b,E6_img_0051_mixed_N1_k1_P4,open,country,Peru,Mexico,
gemma3_4b,LEAK_img_0058_mixed_leak,open,item,Kimono,Palestinian keffiyeh,
gemma3_4b,E1_img_0054_mixed_N1_k1_P1,open,country,Turkey,Morocco,
gemma3_4b,E1_img_0054_mixed_N2_k1_P1,open,item,Kaftan,Moroccan kaftan,
gemma3_4b,E1_img_0054_mixed_N2_k1_P1,open,country,Turkey,Morocco,
gemma3_4b,E1_img_0054_mixed_N3_k3_P1,open,item,Abaya,Moroccan kaftan,
gemma3_4b,E1_img_0054_mixed_N3_k3_P1,open,country,United Arab Emirates,Morocco,
gemma3_4b,E1_img_0054_mixed_N4_k1_P1,open,item,Abaya,Moroccan kaftan,
gemma3_4b,E1_img_0054_mixed_N4_k1_P1,open,country,United Arab Emirates,Morocco,
gemma3_4b,E2_img_0054_mixed_N5_k1_P1,open,item,Abaya,Moroccan kaftan,
gemma3_4b,E2_img_0054_mixed_N5_k1_P1,open,country,United Arab Emirates,Morocco,
gemma3_4b,E2_img_0054_mixed_N5_k2_P1,open,item,Abaya,Moroccan kaftan,
gemma3_4b,E2_img_0054_mixed_N5_k2_P1,open,country,United Arab Emirates,Morocco,
gemma3_4b,E2_img_0054_mixed_N5_k3_P1,open,item,Abaya,Moroccan kaftan,
gemma3_4b,E2_img_0054_mixed_N5_k3_P1,open,country,United Arab Emirates,Morocco,
gemma3_4b,E2_img_0054_mixed_N5_k4_P1,open,item,Abaya,Moroccan kaftan,
gemma3_4b,E2_img_0054_mixed_N5_k4_P1,open,country,United Arab Emirates,Morocco,
gemma3_4b,E2_img_0054_mixed_N5_k5_P1,open,item,Abaya,Moroccan kaftan,
gemma3_4b,E2_img_0054_mixed_N5_k5_P1,open,country,United Arab Emirates,Morocco,
gemma3_4b,LEAK_img_0054_mixed_leak,open,item,Kimono,Moroccan kaftan,
gemma3_4b,E3_img_0054_near_N2_k1_P1,open,item,Abaya,Moroccan kaftan,
gemma3_4b,E3_img_0054_near_N2_k1_P1,open,country,United Arab Emirates,Morocco,
gemma3_4b,E3_img_0054_near_N5_k3_P1,open,item,Keffiyeh,Moroccan kaftan,
gemma3_4b,E3_img_0054_far_N2_k1_P1,open,item,Abaya,Moroccan kaftan,
gemma3_4b,E3_img_0054_far_N2_k1_P1,open,country,United Arab Emirates,Morocco,
gemma3_4b,E3_img_0054_far_N5_k3_P1,open,item,Kebaya,Moroccan kaftan,
gemma3_4b,E1_img_0036_mixed_N1_k1_P1,open,item,Agbada,Isiagu attire,
gemma3_4b,E1_img_0036_mixed_N2_k2_P1,open,item,Agbada,Isiagu attire,
gemma3_4b,E1_img_0036_mixed_N3_k1_P1,open,item,Agbada,Isiagu attire,
gemma3_4b,E1_img_0036_mixed_N4_k2_P1,open,item,Agbada,Isiagu attire,
gemma3_4b,E2_img_0036_mixed_N5_k1_P1,open,item,Agbada,Isiagu attire,
gemma3_4b,E2_img_0036_mixed_N5_k2_P1,open,item,Agbada,Isiagu attire,
gemma3_4b,E2_img_0036_mixed_N5_k3_P1,open,item,Agbada,Isiagu attire,
gemma3_4b,E2_img_0036_mixed_N5_k4_P1,open,item,Agbada,Isiagu attire,
gemma3_4b,E2_img_0036_mixed_N5_k5_P1,open,item,Agbada,Isiagu attire,
gemma3_4b,LEAK_img_0036_mixed_leak,open,item,Kimono,Isiagu attire,
gemma3_4b,LEAK_img_0036_mixed_leak,open,country,Japan,Nigeria,
gemma3_4b,E3_img_0036_near_N2_k2_P1,open,item,Agbada,Isiagu attire,
gemma3_4b,E3_img_0036_near_N5_k4_P1,open,item,Agbada,Isiagu attire,
gemma3_4b,E3_img_0036_far_N2_k2_P1,open,item,Agbada,Isiagu attire,
gemma3_4b,E3_img_0036_far_N5_k4_P1,open,item,Agbada,Isiagu attire,
gemma3_4b,E5_img_0036_mixed_N1_k1_P2,open,item,Agbada,Isiagu attire,
gemma3_4b,E5_img_0036_mixed_N2_k2_P2,open,item,Agbada,Isiagu attire,
gemma3_4b,E5_img_0036_mixed_N3_k1_P2,open,item,Agbada,Isiagu attire,
gemma3_4b,E5_img_0036_mixed_N4_k2_P2,open,item,Agbada,Isiagu attire,
gemma3_4b,E5_img_0036_mixed_N5_k4_P2,open,item,Agbada,Isiagu attire,
gemma3_4b,E5_img_0036_mixed_N1_k1_P3,open,item,Agbada,Isiagu attire,
gemma3_4b,E5_img_0036_mixed_N2_k2_P3,open,item,Agbada,Isiagu attire,
gemma3_4b,E5_img_0036_mixed_N3_k1_P3,open,item,Igbo Agbada,Isiagu attire,
gemma3_4b,E5_img_0036_mixed_N4_k2_P3,open,item,Agbada,Isiagu attire,
gemma3_4b,E5_img_0036_mixed_N5_k4_P3,open,item,Agbada,Isiagu attire,
gemma3_4b,E6_img_0036_mixed_N1_k1_P4,open,item,Agbada,Isiagu attire,
gemma3_4b,E6_img_0036_mixed_N2_k2_P4,open,item,Agbada,Isiagu attire,
gemma3_4b,E6_img_0036_mixed_N3_k1_P4,open,item,Agbada,Isiagu attire,
gemma3_4b,E6_img_0036_mixed_N5_k4_P4,open,item,Agbada,Isiagu attire,
gemma3_4b,E1_img_0083_mixed_N1_k1_P1,open,item,Vyshyvanka,Ukrainian wreath,
gemma3_4b,E1_img_0083_mixed_N2_k1_P1,open,item,Vyshyvanka,Ukrainian wreath,
gemma3_4b,E1_img_0083_mixed_N3_k2_P1,open,item,Vyshyvanka,Ukrainian wreath,
gemma3_4b,E1_img_0083_mixed_N4_k3_P1,open,item,Vyshyvanka,Ukrainian wreath,
gemma3_4b,E2_img_0083_mixed_N5_k1_P1,open,item,Vyshyvanka,Ukrainian wreath,
gemma3_4b,E2_img_0083_mixed_N5_k2_P1,open,item,Vyshyvanka,Ukrainian wreath,
gemma3_4b,E2_img_0083_mixed_N5_k3_P1,open,item,Vyshyvanka,Ukrainian wreath,
gemma3_4b,E2_img_0083_mixed_N5_k4_P1,open,item,Vyshyvanka,Ukrainian wreath,
gemma3_4b,E2_img_0083_mixed_N5_k5_P1,open,item,Vyshyvanka,Ukrainian wreath,
gemma3_4b,LEAK_img_0083_mixed_leak,open,item,Kimono,Ukrainian wreath,
gemma3_4b,E3_img_0083_near_N2_k1_P1,open,item,Vyshyvanka,Ukrainian wreath,
gemma3_4b,E3_img_0083_near_N5_k5_P1,open,item,Vyshyvanka,Ukrainian wreath,
gemma3_4b,E3_img_0083_far_N2_k1_P1,open,item,Vyshyvanka,Ukrainian wreath,
gemma3_4b,E3_img_0083_far_N5_k5_P1,open,item,Vyshyvanka,Ukrainian wreath,
gemma3_4b,E1_img_0067_mixed_N1_k1_P1,open,item,Chalupa,Quechquemitl,
gemma3_4b,E1_img_0067_mixed_N2_k2_P1,open,item,Chalupa,Quechquemitl,
gemma3_4b,E1_img_0067_mixed_N3_k3_P1,open,item,Poncho,Quechquemitl,
gemma3_4b,E1_img_0067_mixed_N4_k4_P1,open,item,Chalupa,Quechquemitl,
gemma3_4b,E2_img_0067_mixed_N5_k1_P1,open,item,Chullo,Quechquemitl,
gemma3_4b,E2_img_0067_mixed_N5_k1_P1,open,country,Peru,Mexico,
gemma3_4b,E2_img_0067_mixed_N5_k2_P1,open,item,Chullo,Quechquemitl,
gemma3_4b,E2_img_0067_mixed_N5_k2_P1,open,country,Peru,Mexico,
gemma3_4b,E2_img_0067_mixed_N5_k3_P1,open,item,Chullo,Quechquemitl,
gemma3_4b,E2_img_0067_mixed_N5_k3_P1,open,country,Peru,Mexico,
gemma3_4b,E2_img_0067_mixed_N5_k4_P1,open,item,Chalupas,Quechquemitl,
gemma3_4b,E2_img_0067_mixed_N5_k5_P1,open,item,Chalupas,Quechquemitl,
gemma3_4b,LEAK_img_0067_mixed_leak,open,item,Kimono,Quechquemitl,
gemma3_4b,E1_img_0070_mixed_N1_k1_P1,open,item,Sambalpuri Gotika,Sambalpuri saree,
gemma3_4b,E1_img_0070_mixed_N2_k1_P1,open,item,Sambalpuri Odhni,Sambalpuri saree,
gemma3_4b,E1_img_0070_mixed_N3_k1_P1,open,item,Sambalpuri Odhni,Sambalpuri saree,
gemma3_4b,E1_img_0070_mixed_N4_k1_P1,open,item,Sambalpuri Odhni,Sambalpuri saree,
gemma3_4b,E2_img_0070_mixed_N5_k1_P1,open,item,Sambalpuri Odhni,Sambalpuri saree,
gemma3_4b,E2_img_0070_mixed_N5_k2_P1,open,item,Sambalpuri Odhni,Sambalpuri saree,
gemma3_4b,E2_img_0070_mixed_N5_k3_P1,open,item,Sambalpuri Odhni,Sambalpuri saree,
gemma3_4b,E2_img_0070_mixed_N5_k5_P1,open,item,Sambalpuri Odhni,Sambalpuri saree,
gemma3_4b,LEAK_img_0070_mixed_leak,open,item,Kimono,Sambalpuri saree,
gemma3_4b,LEAK_img_0070_mixed_leak,open,country,Japan,India,
gemma3_4b,E3_img_0070_near_N2_k1_P1,open,item,Sambalpuri Gotika,Sambalpuri saree,
gemma3_4b,E3_img_0070_near_N5_k2_P1,open,item,Sambalpuri Salampak,Sambalpuri saree,
gemma3_4b,E3_img_0070_far_N2_k1_P1,open,item,Sambalpuri Gotika,Sambalpuri saree,
gemma3_4b,E5_img_0070_mixed_N1_k1_P2,open,item,Sambalpuri Odhni,Sambalpuri saree,
gemma3_4b,E5_img_0070_mixed_N2_k1_P2,open,item,Sambalpuri Odhni,Sambalpuri saree,
gemma3_4b,E5_img_0070_mixed_N3_k1_P2,open,item,Sambalpuri Odhni,Sambalpuri saree,
gemma3_4b,E5_img_0070_mixed_N4_k1_P2,open,item,Sambalpuri Odhni,Sambalpuri saree,
gemma3_4b,E5_img_0070_mixed_N5_k2_P2,open,item,Sambalpuri Odhni,Sambalpuri saree,
gemma3_4b,E5_img_0070_mixed_N1_k1_P3,open,item,Sambalpuri Gotika,Sambalpuri saree,
gemma3_4b,E5_img_0070_mixed_N2_k1_P3,open,item,Sambalpuri Gotika,Sambalpuri saree,
gemma3_4b,E5_img_0070_mixed_N3_k1_P3,open,item,Sambalpuri Gotika,Sambalpuri saree,
gemma3_4b,E5_img_0070_mixed_N4_k1_P3,open,item,Sambalpuri Gotika,Sambalpuri saree,
gemma3_4b,E5_img_0070_mixed_N5_k2_P3,open,item,Sambalpuri Odhni,Sambalpuri saree,
gemma3_4b,E6_img_0070_mixed_N4_k1_P4,open,item,Sambalpuri Odhni,Sambalpuri saree,
gemma3_4b,E1_img_0048_mixed_N1_k1_P1,open,item,Hanbok,Magoja,
gemma3_4b,E1_img_0048_mixed_N2_k2_P1,open,item,Hanbok,Magoja,
gemma3_4b,E1_img_0048_mixed_N3_k2_P1,open,item,Hanbok,Magoja,
gemma3_4b,E1_img_0048_mixed_N4_k2_P1,open,item,Hanbok,Magoja,
gemma3_4b,E2_img_0048_mixed_N5_k1_P1,open,item,Ao Dai,Magoja,
gemma3_4b,E2_img_0048_mixed_N5_k2_P1,open,item,Hanbok,Magoja,
gemma3_4b,E2_img_0048_mixed_N5_k3_P1,open,item,Cheongsam,Magoja,
gemma3_4b,E2_img_0048_mixed_N5_k3_P1,open,country,China,South Korea,
gemma3_4b,E2_img_0048_mixed_N5_k4_P1,open,item,Cheongsam,Magoja,
gemma3_4b,E2_img_0048_mixed_N5_k4_P1,open,country,China,South Korea,
gemma3_4b,E2_img_0048_mixed_N5_k5_P1,open,item,Hanfu,Magoja,
gemma3_4b,E2_img_0048_mixed_N5_k5_P1,open,country,China,South Korea,
gemma3_4b,LEAK_img_0048_mixed_leak,open,item,Kimono,Magoja,
gemma3_4b,LEAK_img_0048_mixed_leak,open,country,Japan,South Korea,
gemma3_4b,E3_img_0048_near_N2_k2_P1,open,item,Hanfu,Magoja,
gemma3_4b,E3_img_0048_near_N5_k3_P1,open,item,Hanfu,Magoja,
gemma3_4b,E3_img_0048_far_N2_k2_P1,open,item,Hanbok,Magoja,
gemma3_4b,E3_img_0048_far_N5_k3_P1,open,item,Hanfu,Magoja,
gemma3_4b,E3_img_0048_far_N5_k3_P1,open,country,China,South Korea,
gemma3_4b,E1_img_0015_mixed_N1_k1_P1,open,item,Sombrero,Buntal hat,
gemma3_4b,E1_img_0015_mixed_N1_k1_P1,open,country,Mexico,Philippines,
gemma3_4b,E1_img_0015_mixed_N2_k1_P1,open,item,Sombrero,Buntal hat,
gemma3_4b,E1_img_0015_mixed_N2_k1_P1,open,country,Mexico,Philippines,
gemma3_4b,E1_img_0015_mixed_N3_k3_P1,open,item,Sombrero,Buntal hat,
gemma3_4b,E1_img_0015_mixed_N3_k3_P1,open,country,Mexico,Philippines,
gemma3_4b,E1_img_0015_mixed_N4_k3_P1,open,item,Straw hat,Buntal hat,
gemma3_4b,E2_img_0015_mixed_N5_k1_P1,open,item,Hat,Buntal hat,
gemma3_4b,E2_img_0015_mixed_N5_k2_P1,open,item,Straw hat,Buntal hat,
gemma3_4b,E2_img_0015_mixed_N5_k3_P1,open,item,Panama hat,Buntal hat,
gemma3_4b,E2_img_0015_mixed_N5_k3_P1,open,country,Ecuador,Philippines,
gemma3_4b,E2_img_0015_mixed_N5_k4_P1,open,item,Panama hat,Buntal hat,
gemma3_4b,E2_img_0015_mixed_N5_k4_P1,open,country,Ecuador,Philippines,
gemma3_4b,E2_img_0015_mixed_N5_k5_P1,open,item,Hat,Buntal hat,
gemma3_4b,E2_img_0015_mixed_N5_k5_P1,open,country,China,Philippines,
gemma3_4b,LEAK_img_0015_mixed_leak,open,item,Kimono,Buntal hat,
gemma3_4b,LEAK_img_0015_mixed_leak,open,country,Japan,Philippines,
gemma3_4b,E3_img_0015_near_N2_k1_P1,open,item,Sombrero,Buntal hat,
gemma3_4b,E3_img_0015_near_N2_k1_P1,open,country,Mexico,Philippines,
gemma3_4b,E3_img_0015_near_N5_k4_P1,open,item,Hat,Buntal hat,
gemma3_4b,E3_img_0015_far_N2_k1_P1,open,item,Sombrero,Buntal hat,
gemma3_4b,E1_img_0014_mixed_N1_k1_P1,open,item,Träset,Bunad,
gemma3_4b,E1_img_0014_mixed_N1_k1_P1,open,country,Sweden,Norway,
gemma3_4b,E1_img_0014_mixed_N4_k4_P1,open,item,Trachten,Bunad,
gemma3_4b,E1_img_0014_mixed_N4_k4_P1,open,country,Germany,Norway,
gemma3_4b,E2_img_0014_mixed_N5_k1_P1,open,item,Trønderbunad,Bunad,
gemma3_4b,E2_img_0014_mixed_N5_k2_P1,open,item,Trädräcke,Bunad,
gemma3_4b,E2_img_0014_mixed_N5_k2_P1,open,country,Sweden,Norway,
gemma3_4b,E2_img_0014_mixed_N5_k3_P1,open,item,Trachten,Bunad,
gemma3_4b,E2_img_0014_mixed_N5_k3_P1,open,country,Sweden,Norway,
gemma3_4b,E2_img_0014_mixed_N5_k4_P1,open,item,Trachten,Bunad,
gemma3_4b,E2_img_0014_mixed_N5_k4_P1,open,country,Sweden,Norway,
gemma3_4b,E2_img_0014_mixed_N5_k5_P1,open,item,Trachten,Bunad,
gemma3_4b,E2_img_0014_mixed_N5_k5_P1,open,country,Sweden,Norway,
gemma3_4b,LEAK_img_0014_mixed_leak,open,item,Kimono,Bunad,
gemma3_4b,LEAK_img_0014_mixed_leak,open,country,Japan,Norway,
gemma3_4b,E3_img_0014_near_N2_k2_P1,open,item,Träset,Bunad,
gemma3_4b,E3_img_0014_near_N5_k5_P1,open,item,Trachten,Bunad,
gemma3_4b,E3_img_0014_near_N5_k5_P1,open,country,Germany,Norway,
gemma3_4b,E3_img_0014_far_N2_k2_P1,open,item,Träset,Bunad,
gemma3_4b,E3_img_0014_far_N2_k2_P1,open,country,Sweden,Norway,
gemma3_4b,E5_img_0014_mixed_N1_k1_P2,open,item,Träset,Bunad,
gemma3_4b,E5_img_0014_mixed_N1_k1_P2,open,country,Sweden,Norway,
gemma3_4b,E5_img_0014_mixed_N2_k2_P2,open,item,Träset,Bunad,
gemma3_4b,E5_img_0014_mixed_N2_k2_P2,open,country,Sweden,Norway,
gemma3_4b,E5_img_0014_mixed_N3_k1_P2,open,item,Träset,Bunad,
gemma3_4b,E5_img_0014_mixed_N3_k1_P2,open,country,Sweden,Norway,
gemma3_4b,E5_img_0014_mixed_N4_k4_P2,open,item,Trachten,Bunad,
gemma3_4b,E5_img_0014_mixed_N4_k4_P2,open,country,Germany,Norway,
gemma3_4b,E5_img_0014_mixed_N5_k5_P2,open,item,Trachten,Bunad,
gemma3_4b,E5_img_0014_mixed_N5_k5_P2,open,country,Germany,Norway,
gemma3_4b,E5_img_0014_mixed_N4_k4_P3,open,item,Trønderbunad,Bunad,
gemma3_4b,E5_img_0014_mixed_N5_k5_P3,open,item,Trachten,Bunad,
gemma3_4b,E5_img_0014_mixed_N5_k5_P3,open,country,Germany,Norway,
