model,trial_id,mode,field,answer,gold,label
qwen25vl,E1_img_0240_mixed_N1_k1_P1,open,item,Apple Strudel,Tarte Tatin,
qwen25vl,E1_img_0240_mixed_N1_k1_P1,open,country,Austria,France,
qwen25vl,E1_img_0240_mixed_N2_k1_P1,open,item,Strudel,Tarte Tatin,
qwen25vl,E1_img_0240_mixed_N2_k1_P1,open,country,Austria,France,
qwen25vl,E1_img_0240_mixed_N3_k1_P1,open,item,Strudel,Tarte Tatin,
qwen25vl,E1_img_0240_mixed_N3_k1_P1,open,country,Austria,France,
qwen25vl,E1_img_0240_mixed_N4_k1_P1,open,item,Strudel,Tarte Tatin,
qwen25vl,E1_img_0240_mixed_N4_k1_P1,open,country,Austria,France,
qwen25vl,E2_img_0240_mixed_N5_k1_P1,open,item,Strudel,Tarte Tatin,
qwen25vl,E2_img_0240_mixed_N5_k1_P1,open,country,Austria,France,
qwen25vl,E2_img_0240_mixed_N5_k2_P1,open,item,Apple Strudel,Tarte Tatin,
qwen25vl,E2_img_0240_mixed_N5_k2_P1,open,country,Austria,France,
qwen25vl,E2_img_0240_mixed_N5_k3_P1,open,item,Apple Strudel,Tarte Tatin,
qwen25vl,E2_img_0240_mixed_N5_k3_P1,open,country,Austria,France,
qwen25vl,E2_img_0240_mixed_N5_k4_P1,open,item,Apple Strudel,Tarte Tatin,
qwen25vl,E2_img_0240_mixed_N5_k4_P1,open,country,Austria,France,
qwen25vl,E2_img_0240_mixed_N5_k5_P1,open,item,Apple Strudel,Tarte Tatin,
qwen25vl,E2_img_0240_mixed_N5_k5_P1,open,country,Austria,France,
qwen25vl,E3_img_0240_near_N2_k1_P1,open,item,Strudel,Tarte Tatin,
qwen25vl,E3_img_0240_near_N5_k1_P1,open,item,Strudel,Tarte Tatin,
qwen25vl,E3_img_0240_far_N2_k1_P1,open,item,Strudel,Tarte Tatin,
qwen25vl,E3_img_0240_far_N2_k1_P1,open,country,Austria,France,
qwen25vl,E3_img_0240_far_N5_k1_P1,open,item,Strudel,Tarte Tatin,
qwen25vl,E3_img_0240_far_N5_k1_P1,open,country,Austria,France,
qwen25vl,E5_img_0240_mixed_N1_k1_P2,open,item,Apple Strudel,Tarte Tatin,
qwen25vl,E5_img_0240_mixed_N1_k1_P2,open,country,Austria,France,
qwen25vl,E5_img_0240_mixed_N2_k1_P2,open,item,Strudel,Tarte Tatin,
qwen25vl,E5_img_0240_mixed_N2_k1_P2,open,country,Austria,France,
qwen25vl,E5_img_0240_mixed_N3_k1_P2,open,item,Strudel,Tarte Tatin,
qwen25vl,E5_img_0240_mixed_N3_k1_P2,open,country,Austria,France,
qwen25vl,E5_img_0240_mixed_N4_k1_P2,open,item,Strudel,Tarte Tatin,
qwen25vl,E5_img_0240_mixed_N4_k1_P2,open,country,Austria,France,
qwen25vl,E5_img_0240_mixed_N5_k1_P2,open,item,Strudel,Tarte Tatin,
qwen25vl,E5_img_0240_mixed_N5_k1_P2,open,country,Austria,France,
qwen25vl,E5_img_0240_mixed_N1_k1_P3,open,item,Strudel,Tarte Tatin,
qwen25vl,E5_img_0240_mixed_N1_k1_P3,open,country,Austria,France,
qwen25vl,E5_img_0240_mixed_N2_k1_P3,open,item,Strudel,Tarte Tatin,
qwen25vl,E5_img_0240_mixed_N2_k1_P3,open,country,Austria,France,
qwen25vl,E5_img_0240_mixed_N3_k1_P3,open,item,Strudel,Tarte Tatin,
qwen25vl,E5_img_0240_mixed_N3_k1_P3,open,country,Austria,France,
qwen25vl,E5_img_0240_mixed_N4_k1_P3,open,item,Strudel,Tarte Tatin,
qwen25vl,E5_img_0240_mixed_N4_k1_P3,open,country,Austria,France,
qwen25vl,E5_img_0240_mixed_N5_k1_P3,open,item,Strudel,Tarte Tatin,
qwen25vl,E5_img_0240_mixed_N5_k1_P3,open,country,Austria,France,
qwen25vl,E6_img_0240_mixed_N1_k1_P4,open,item,Chocolate-covered pastry with crumbly topping,Tarte Tatin,
qwen25vl,E6_img_0240_mixed_N2_k1_P4,open,item,Chocolate-covered pastry with crumbly topping,Tarte Tatin,
qwen25vl,E6_img_0240_mixed_N3_k1_P4,open,item,Chocolate-covered pastry with crumbly topping,Tarte Tatin,
qwen25vl,E6_img_0240_mixed_N4_k1_P4,open,item,Chocolate-covered pastry with crumbly topping,Tarte Tatin,
qwen25vl,E6_img_0240_mixed_N5_k1_P4,open,item,Chocolate-covered pastry with crumb topping,Tarte Tatin,
qwen25vl,E1_img_0108_mixed_N1_k1_P1,open,item,Polenta,Bika Ambon,
qwen25vl,E1_img_0108_mixed_N1_k1_P1,open,country,Italy,Indonesia,
qwen25vl,E1_img_0108_mixed_N2_k2_P1,open,item,Polenta,Bika Ambon,
qwen25vl,E1_img_0108_mixed_N2_k2_P1,open,country,Italy,Indonesia,
qwen25vl,E1_img_0108_mixed_N3_k2_P1,open,item,Polenta,Bika Ambon,
qwen25vl,E1_img_0108_mixed_N3_k2_P1,open,country,Italy,Indonesia,
qwen25vl,E1_img_0108_mixed_N4_k2_P1,open,item,Polenta,Bika Ambon,
qwen25vl,E1_img_0108_mixed_N4_k2_P1,open,country,Italy,Indonesia,
qwen25vl,E2_img_0108_mixed_N5_k1_P1,open,item,Polenta,Bika Ambon,
qwen25vl,E2_img_0108_mixed_N5_k1_P1,open,country,Italy,Indonesia,
qwen25vl,E2_img_0108_mixed_N5_k2_P1,open,item,Polenta,Bika Ambon,
qwen25vl,E2_img_0108_mixed_N5_k2_P1,open,country,Italy,Indonesia,
qwen25vl,E2_img_0108_mixed_N5_k3_P1,open,item,Polenta,Bika Ambon,
qwen25vl,E2_img_0108_mixed_N5_k3_P1,open,country,Italy,Indonesia,
qwen25vl,E2_img_0108_mixed_N5_k4_P1,open,item,Polenta,Bika Ambon,
qwen25vl,E2_img_0108_mixed_N5_k4_P1,open,country,Italy,Indonesia,
qwen25vl,E2_img_0108_mixed_N5_k5_P1,open,item,Polenta,Bika Ambon,
qwen25vl,E2_img_0108_mixed_N5_k5_P1,open,country,Italy,Indonesia,
qwen25vl,E3_img_0108_near_N2_k2_P1,open,item,Polenta,Bika Ambon,
qwen25vl,E3_img_0108_near_N2_k2_P1,open,country,Italy,Indonesia,
qwen25vl,E3_img_0108_near_N5_k2_P1,open,item,Polenta,Bika Ambon,
qwen25vl,E3_img_0108_near_N5_k2_P1,open,country,Italy,Indonesia,
qwen25vl,E3_img_0108_far_N2_k2_P1,open,item,Polenta,Bika Ambon,
qwen25vl,E3_img_0108_far_N5_k2_P1,open,item,Polenta,Bika Ambon,
qwen25vl,E1_img_0483_mixed_N1_k1_P1,open,country,Cuba,Venezuela,
qwen25vl,E1_img_0483_mixed_N2_k1_P1,open,country,Cuba,Venezuela,
qwen25vl,E1_img_0483_mixed_N4_k3_P1,open,item,Arroz con Habichuelas,Pabellón criollo,
qwen25vl,E2_img_0483_mixed_N5_k1_P1,open,item,Arroz con Habichuelas,Pabellón criollo,
qwen25vl,E2_img_0483_mixed_N5_k1_P1,open,country,Cuba,Venezuela,
qwen25vl,E3_img_0483_near_N2_k1_P1,open,country,Cuba,Venezuela,
qwen25vl,E3_img_0483_far_N2_k1_P1,open,country,Dominican Republic,Venezuela,
qwen25vl,E3_img_0483_far_N5_k3_P1,open,country,Dominican Republic,Venezuela,
qwen25vl,E1_img_0164_mixed_N1_k1_P1,open,item,Sesame Balls,Jin deui,
qwen25vl,E1_img_0164_mixed_N2_k2_P1,open,item,Sesame balls,Jin deui,
qwen25vl,E1_img_0164_mixed_N3_k1_P1,open,item,Sesame balls,Jin deui,
qwen25vl,E1_img_0164_mixed_N4_k4_P1,open,item,Sesame Balls,Jin deui,
qwen25vl,E2_img_0164_mixed_N5_k1_P1,open,item,Sesame balls,Jin deui,
qwen25vl,E2_img_0164_mixed_N5_k2_P1,open,item,Sesame balls,Jin deui,
qwen25vl,E2_img_0164_mixed_N5_k3_P1,open,item,Sesame balls,Jin deui,
qwen25vl,E2_img_0164_mixed_N5_k4_P1,open,item,Sesame balls,Jin deui,
qwen25vl,E2_img_0164_mixed_N5_k5_P1,open,item,Sesame Balls,Jin deui,
qwen25vl,E3_img_0164_near_N2_k2_P1,open,item,Sesame Balls,Jin deui,
qwen25vl,E3_img_0164_near_N5_k4_P1,open,item,Sesame Balls,Jin deui,
qwen25vl,E3_img_0164_far_N2_k2_P1,open,item,Sesame balls,Jin deui,
qwen25vl,E3_img_0164_far_N2_k2_P1,open,country,China,Indonesia,
qwen25vl,E3_img_0164_far_N5_k4_P1,open,item,Sesame Balls,Jin deui,
qwen25vl,E3_img_0164_far_N5_k4_P1,open,country,China,Indonesia,
qwen25vl,E5_img_0164_mixed_N1_k1_P2,open,item,Sesame Balls,Jin deui,
qwen25vl,E5_img_0164_mixed_N2_k2_P2,open,item,Sesame balls,Jin deui,
qwen25vl,E5_img_0164_mixed_N3_k1_P2,open,item,Sesame balls,Jin deui,
qwen25vl,E5_img_0164_mixed_N4_k4_P2,open,item,Sesame balls,Jin deui,
qwen25vl,E5_img_0164_mixed_N5_k4_P2,open,item,Sesame balls,Jin deui,
qwen25vl,E5_img_0164_mixed_N1_k1_P3,open,item,Sesame Balls,Jin deui,
qwen25vl,E5_img_0164_mixed_N2_k2_P3,open,item,Sesame balls,Jin deui,
qwen25vl,E5_img_0164_mixed_N3_k1_P3,open,item,Sesame balls,Jin deui,
qwen25vl,E5_img_0164_mixed_N4_k4_P3,open,item,Sesame Balls,Jin deui,
qwen25vl,E5_img_0164_mixed_N5_k4_P3,open,item,Sesame balls,Jin deui,
qwen25vl,E6_img_0164_mixed_N2_k2_P4,open,item,Sesame Balls,Jin deui,
qwen25vl,E6_img_0164_mixed_N3_k1_P4,open,item,Sesame Balls,Jin deui,
qwen25vl,E6_img_0164_mixed_N4_k4_P4,open,item,Sesame balls,Jin deui,
qwen25vl,E6_img_0164_mixed_N5_k4_P4,open,item,Sesame Balls,Jin deui,
qwen25vl,E1_img_0297_mixed_N1_k1_P1,open,item,Iced Coffee,Egg cream,
qwen25vl,E1_img_0297_mixed_N2_k1_P1,open,item,Iced Coffee,Egg cream,
qwen25vl,E1_img_0297_mixed_N3_k2_P1,open,item,Iced coffee,Egg cream,
qwen25vl,E1_img_0297_mixed_N4_k1_P1,open,item,Iced Coffee,Egg cream,
qwen25vl,E2_img_0297_mixed_N5_k1_P1,open,item,Iced coffee,Egg cream,
qwen25vl,E2_img_0297_mixed_N5_k2_P1,open,item,Iced coffee,Egg cream,
qwen25vl,E2_img_0297_mixed_N5_k3_P1,open,item,Iced coffee,Egg cream,
qwen25vl,E2_img_0297_mixed_N5_k4_P1,open,item,Iced Coffee,Egg cream,
qwen25vl,E2_img_0297_mixed_N5_k5_P1,open,item,Iced coffee,Egg cream,
qwen25vl,E3_img_0297_near_N2_k1_P1,open,item,Iced Coffee,Egg cream,
qwen25vl,E3_img_0297_near_N5_k5_P1,open,item,Iced coffee,Egg cream,
qwen25vl,E3_img_0297_far_N2_k1_P1,open,item,Iced Coffee,Egg cream,
qwen25vl,E3_img_0297_far_N5_k5_P1,open,item,Iced coffee,Egg cream,
qwen25vl,E1_img_0254_mixed_N1_k1_P1,open,item,Almond cookies,Vanillekipferl,
qwen25vl,E1_img_0254_mixed_N1_k1_P1,open,country,Italy,Austria,
qwen25vl,E1_img_0254_mixed_N2_k1_P1,open,item,Almond cookies,Vanillekipferl,
qwen25vl,E1_img_0254_mixed_N2_k1_P1,open,country,Italy,Austria,
qwen25vl,E1_img_0254_mixed_N3_k1_P1,open,item,Almond cookies,Vanillekipferl,
qwen25vl,E1_img_0254_mixed_N3_k1_P1,open,country,Italy,Austria,
qwen25vl,E1_img_0254_mixed_N4_k3_P1,open,item,Almond cookies,Vanillekipferl,
qwen25vl,E2_img_0254_mixed_N5_k1_P1,open,item,Almond cookies,Vanillekipferl,
qwen25vl,E2_img_0254_mixed_N5_k1_P1,open,country,Italy,Austria,
qwen25vl,E2_img_0254_mixed_N5_k2_P1,open,item,Almond cookies,Vanillekipferl,
qwen25vl,E2_img_0254_mixed_N5_k2_P1,open,country,Italy,Austria,
qwen25vl,E2_img_0254_mixed_N5_k3_P1,open,item,Almond cookies,Vanillekipferl,
qwen25vl,E2_img_0254_mixed_N5_k4_P1,open,item,Almond cookies,Vanillekipferl,
qwen25vl,E2_img_0254_mixed_N5_k4_P1,open,country,Italy,Austria,
qwen25vl,E2_img_0254_mixed_N5_k5_P1,open,item,Almond cookies,Vanillekipferl,
qwen25vl,E2_img_0254_mixed_N5_k5_P1,open,country,Italy,Austria,
qwen25vl,E3_img_0254_near_N2_k1_P1,open,item,Almond cookies,Vanillekipferl,
qwen25vl,E3_img_0254_near_N5_k2_P1,open,item,Almond cookies,Vanillekipferl,
qwen25vl,E3_img_0254_far_N2_k1_P1,open,item,Almond cookies,Vanillekipferl,
qwen25vl,E3_img_0254_far_N2_k1_P1,open,country,Italy,Austria,
qwen25vl,E3_img_0254_far_N5_k2_P1,open,item,Almond cookies,Vanillekipferl,
qwen25vl,E3_img_0254_far_N5_k2_P1,open,country,Italy,Austria,
qwen25vl,E5_img_0254_mixed_N1_k1_P2,open,item,Almond cookies,Vanillekipferl,
qwen25vl,E5_img_0254_mixed_N1_k1_P2,open,country,Italy,Austria,
qwen25vl,E5_img_0254_mixed_N2_k1_P2,open,item,Almond cookies,Vanillekipferl,
qwen25vl,E5_img_0254_mixed_N2_k1_P2,open,country,Italy,Austria,
qwen25vl,E5_img_0254_mixed_N3_k1_P2,open,item,Almond cookies,Vanillekipferl,
qwen25vl,E5_img_0254_mixed_N3_k1_P2,open,country,Italy,Austria,
qwen25vl,E5_img_0254_mixed_N4_k3_P2,open,item,Almond cookies,Vanillekipferl,
qwen25vl,E5_img_0254_mixed_N4_k3_P2,open,country,Italy,Austria,
qwen25vl,E5_img_0254_mixed_N5_k2_P2,open,item,Almond cookies,Vanillekipferl,
qwen25vl,E5_img_0254_mixed_N5_k2_P2,open,country,Italy,Austria,
qwen25vl,E5_img_0254_mixed_N1_k1_P3,open,item,Almond cookies,Vanillekipferl,
qwen25vl,E5_img_0254_mixed_N1_k1_P3,open,country,Italy,Austria,
qwen25vl,E5_img_0254_mixed_N2_k1_P3,open,item,Almond cookies,Vanillekipferl,
qwen25vl,E5_img_0254_mixed_N2_k1_P3,open,country,Italy,Austria,
qwen25vl,E5_img_0254_mixed_N3_k1_P3,open,item,Almond cookies,Vanillekipferl,
qwen25vl,E5_img_0254_mixed_N3_k1_P3,open,country,Italy,Austria,
qwen25vl,E5_img_0254_mixed_N4_k3_P3,open,item,Almond cookies,Vanillekipferl,
qwen25vl,E5_img_0254_mixed_N4_k3_P3,open,country,Italy,Austria,
qwen25vl,E5_img_0254_mixed_N5_k2_P3,open,item,Almond cookies,Vanillekipferl,
qwen25vl,E5_img_0254_mixed_N5_k2_P3,open,country,Italy,Austria,
qwen25vl,E6_img_0254_mixed_N1_k1_P4,open,item,Italian Almond Cookies,Vanillekipferl,
qwen25vl,E6_img_0254_mixed_N1_k1_P4,open,country,Italy,Austria,
qwen25vl,E6_img_0254_mixed_N2_k1_P4,open,item,Italian Almond Cookies,Vanillekipferl,
qwen25vl,E6_img_0254_mixed_N2_k1_P4,open,country,Italy,Austria,
qwen25vl,E6_img_0254_mixed_N3_k1_P4,open,item,Italian Cookies,Vanillekipferl,
qwen25vl,E6_img_0254_mixed_N3_k1_P4,open,country,Italy,Austria,
qwen25vl,E6_img_0254_mixed_N4_k3_P4,open,item,Almond cookies,Vanillekipferl,
qwen25vl,E6_img_0254_mixed_N4_k3_P4,open,country,Italy,Austria,
qwen25vl,E6_img_0254_mixed_N5_k2_P4,open,item,Powdered Sugar-Covered Cookies,Vanillekipferl,
qwen25vl,E6_img_0254_mixed_N5_k2_P4,open,country,Italy,Austria,
qwen25vl,E1_img_0359_mixed_N1_k1_P1,open,item,Coffee,Teh Tarik,
qwen25vl,E1_img_0359_mixed_N2_k2_P1,open,item,Coffee,Teh Tarik,
qwen25vl,E1_img_0359_mixed_N3_k2_P1,open,item,Coffee,Teh Tarik,
qwen25vl,E1_img_0359_mixed_N4_k4_P1,open,item,Coffee,Teh Tarik,
qwen25vl,E2_img_0359_mixed_N5_k1_P1,open,item,Coffee,Teh Tarik,
qwen25vl,E2_img_0359_mixed_N5_k2_P1,open,item,Coffee,Teh Tarik,
qwen25vl,E2_img_0359_mixed_N5_k3_P1,open,item,Coffee,Teh Tarik,
qwen25vl,E2_img_0359_mixed_N5_k4_P1,open,item,Hot chocolate,Teh Tarik,
qwen25vl,E2_img_0359_mixed_N5_k5_P1,open,item,Coffee,Teh Tarik,
qwen25vl,E3_img_0359_near_N5_k3_P1,open,item,Coffee,Teh Tarik,
qwen25vl,E3_img_0359_far_N2_k2_P1,open,item,Coffee,Teh Tarik,
qwen25vl,E3_img_0359_far_N5_k3_P1,open,item,Coffee,Teh Tarik,
qwen25vl,E1_img_0530_mixed_N4_k1_P1,open,item,Tom Yum Goong,Vori vori,
qwen25vl,E1_img_0530_mixed_N4_k1_P1,open,country,Thailand,Paraguay,
qwen25vl,E1_img_0260_mixed_N1_k1_P1,open,item,Orange dessert,Zerde,
qwen25vl,E1_img_0260_mixed_N2_k1_P1,open,item,Orange dessert,Zerde,
qwen25vl,E1_img_0260_mixed_N3_k2_P1,open,item,Orange dessert,Zerde,
qwen25vl,E1_img_0260_mixed_N4_k3_P1,open,item,Orange dessert,Zerde,
qwen25vl,E2_img_0260_mixed_N5_k1_P1,open,item,Orange dessert,Zerde,
qwen25vl,E2_img_0260_mixed_N5_k2_P1,open,item,Orange dessert,Zerde,
qwen25vl,E2_img_0260_mixed_N5_k3_P1,open,item,Orange dessert,Zerde,
qwen25vl,E2_img_0260_mixed_N5_k4_P1,open,item,Orange dessert,Zerde,
qwen25vl,E2_img_0260_mixed_N5_k5_P1,open,item,Orange dessert,Zerde,
qwen25vl,E3_img_0260_near_N2_k1_P1,open,item,Orange dessert,Zerde,
qwen25vl,E3_img_0260_near_N5_k1_P1,open,item,Orange dessert,Zerde,
qwen25vl,E3_img_0260_far_N2_k1_P1,open,item,Orange dessert,Zerde,
qwen25vl,E3_img_0260_far_N5_k1_P1,open,item,Orange dessert,Zerde,
qwen25vl,E1_img_0173_mixed_N1_k1_P1,open,item,Jell-O,Khanom chan,
qwen25vl,E1_img_0173_mixed_N2_k2_P1,open,item,Jellied dessert,Khanom chan,
qwen25vl,E1_img_0173_mixed_N3_k3_P1,open,item,Jellied dessert,Khanom chan,
qwen25vl,E1_img_0173_mixed_N4_k4_P1,open,item,Jellied dessert,Khanom chan,
qwen25vl,E2_img_0173_mixed_N5_k1_P1,open,item,Jellied Eels,Khanom chan,
qwen25vl,E2_img_0173_mixed_N5_k2_P1,open,item,Jellied dessert,Khanom chan,
qwen25vl,E2_img_0173_mixed_N5_k3_P1,open,item,Jellied Eels,Khanom chan,
qwen25vl,E2_img_0173_mixed_N5_k4_P1,open,item,Jellied Eels,Khanom chan,
qwen25vl,E2_img_0173_mixed_N5_k5_P1,open,item,Jellied Eels,Khanom chan,
qwen25vl,E3_img_0173_near_N2_k2_P1,open,item,Jellied dessert,Khanom chan,
qwen25vl,E3_img_0173_near_N5_k2_P1,open,item,Jellied dessert,Khanom chan,
qwen25vl,E3_img_0173_far_N2_k2_P1,open,item,Jellied Eels,Khanom chan,
qwen25vl,E3_img_0173_far_N5_k2_P1,open,item,Jellied Eels,Khanom chan,
qwen25vl,E1_img_0131_mixed_N1_k1_P1,open,item,Creme Brulee,Crema catalana,
qwen25vl,E1_img_0131_mixed_N1_k1_P1,open,country,France,Spain,
qwen25vl,E1_img_0131_mixed_N2_k1_P1,open,item,Creme Brulee,Crema catalana,
qwen25vl,E1_img_0131_mixed_N2_k1_P1,open,country,France,Spain,
qwen25vl,E1_img_0131_mixed_N3_k1_P1,open,item,Creme Brulee,Crema catalana,
qwen25vl,E1_img_0131_mixed_N3_k1_P1,open,country,France,Spain,
qwen25vl,E1_img_0131_mixed_N4_k1_P1,open,item,Creme Brulee,Crema catalana,
qwen25vl,E1_img_0131_mixed_N4_k1_P1,open,country,France,Spain,
qwen25vl,E2_img_0131_mixed_N5_k1_P1,open,item,Creme Brulee,Crema catalana,
qwen25vl,E2_img_0131_mixed_N5_k1_P1,open,country,France,Spain,
qwen25vl,E2_img_0131_mixed_N5_k2_P1,open,item,Creme Brulee,Crema catalana,
qwen25vl,E2_img_0131_mixed_N5_k2_P1,open,country,France,Spain,
qwen25vl,E2_img_0131_mixed_N5_k3_P1,open,item,Creme Brulee,Crema catalana,
qwen25vl,E2_img_0131_mixed_N5_k3_P1,open,country,France,Spain,
qwen25vl,E2_img_0131_mixed_N5_k4_P1,open,item,Creme Brulee,Crema catalana,
qwen25vl,E2_img_0131_mixed_N5_k4_P1,open,country,France,Spain,
qwen25vl,E2_img_0131_mixed_N5_k5_P1,open,item,Creme Brulee,Crema catalana,
qwen25vl,E2_img_0131_mixed_N5_k5_P1,open,country,France,Spain,
qwen25vl,E3_img_0131_near_N2_k1_P1,open,item,Creme Brulee,Crema catalana,
qwen25vl,E3_img_0131_near_N5_k3_P1,open,item,Creme Brulee,Crema catalana,
qwen25vl,E3_img_0131_far_N2_k1_P1,open,item,Creme Brulee,Crema catalana,
qwen25vl,E3_img_0131_far_N2_k1_P1,open,country,France,Spain,
qwen25vl,E3_img_0131_far_N5_k3_P1,open,item,Creme Brulee,Crema catalana,
qwen25vl,E3_img_0131_far_N5_k3_P1,open,country,France,Spain,
qwen25vl,E5_img_0131_mixed_N1_k1_P2,open,item,Creme Brulee,Crema catalana,
qwen25vl,E5_img_0131_mixed_N1_k1_P2,open,country,France,Spain,
qwen25vl,E5_img_0131_mixed_N2_k1_P2,open,item,Creme Brulee,Crema catalana,
qwen25vl,E5_img_0131_mixed_N2_k1_P2,open,country,France,Spain,
qwen25vl,E5_img_0131_mixed_N3_k1_P2,open,item,Creme Brulee,Crema catalana,
qwen25vl,E5_img_0131_mixed_N3_k1_P2,open,country,France,Spain,
qwen25vl,E5_img_0131_mixed_N4_k1_P2,open,item,Creme Brulee,Crema catalana,
qwen25vl,E5_img_0131_mixed_N4_k1_P2,open,country,France,Spain,
qwen25vl,E5_img_0131_mixed_N5_k3_P2,open,item,Crème brûlée,Crema catalana,
qwen25vl,E5_img_0131_mixed_N5_k3_P2,open,country,France,Spain,
qwen25vl,E5_img_0131_mixed_N1_k1_P3,open,item,Creme Brulee,Crema catalana,
qwen25vl,E5_img_0131_mixed_N1_k1_P3,open,country,France,Spain,
qwen25vl,E5_img_0131_mixed_N2_k1_P3,open,item,Creme Brulee,Crema catalana,
qwen25vl,E5_img_0131_mixed_N2_k1_P3,open,country,France,Spain,
qwen25vl,E5_img_0131_mixed_N3_k1_P3,open,item,Crème brûlée,Crema catalana,
qwen25vl,E5_img_0131_mixed_N3_k1_P3,open,country,France,Spain,
qwen25vl,E5_img_0131_mixed_N4_k1_P3,open,item,Crème brûlée,Crema catalana,
qwen25vl,E5_img_0131_mixed_N4_k1_P3,open,country,France,Spain,
qwen25vl,E5_img_0131_mixed_N5_k3_P3,open,item,Crème brûlée,Crema catalana,
qwen25vl,E5_img_0131_mixed_N5_k3_P3,open,country,France,Spain,
qwen25vl,E6_img_0131_mixed_N1_k1_P4,open,item,Creme Brulee,Crema catalana,
qwen25vl,E6_img_0131_mixed_N1_k1_P4,open,country,France,Spain,
qwen25vl,E6_img_0131_mixed_N2_k1_P4,open,item,Creme Brulee,Crema catalana,
qwen25vl,E6_img_0131_mixed_N2_k1_P4,open,country,France,Spain,
qwen25vl,E6_img_0131_mixed_N3_k1_P4,open,item,Creme Brulee,Crema catalana,
qwen25vl,E6_img_0131_mixed_N3_k1_P4,open,country,France,Spain,
qwen25vl,E6_img_0131_mixed_N4_k1_P4,open,item,Creme Brulee,Crema catalana,
qwen25vl,E6_img_0131_mixed_N4_k1_P4,open,country,France,Spain,
qwen25vl,E6_img_0131_mixed_N5_k3_P4,open,item,Creme Brulee,Crema catalana,
qwen25vl,E6_img_0131_mixed_N5_k3_P4,open,country,France,Spain,
qwen25vl,E1_img_0139_mixed_N1_k1_P1,open,item,Matcha Pudding,Douhua,
qwen25vl,E1_img_0139_mixed_N1_k1_P1,open,country,Japan,China,
qwen25vl,E1_img_0139_mixed_N2_k2_P1,open,item,Matcha Pudding,Douhua,
qwen25vl,E1_img_0139_mixed_N2_k2_P1,open,country,Japan,China,
qwen25vl,E1_img_0139_mixed_N3_k2_P1,open,item,Matcha Pudding,Douhua,
qwen25vl,E1_img_0139_mixed_N3_k2_P1,open,country,Japan,China,
qwen25vl,E1_img_0139_mixed_N4_k2_P1,open,item,Matcha Pudding,Douhua,
qwen25vl,E1_img_0139_mixed_N4_k2_P1,open,country,Japan,China,
qwen25vl,E2_img_0139_mixed_N5_k1_P1,open,item,Matcha Pudding,Douhua,
qwen25vl,E2_img_0139_mixed_N5_k1_P1,open,country,Japan,China,
qwen25vl,E2_img_0139_mixed_N5_k2_P1,open,item,Matcha Pudding,Douhua,
qwen25vl,E2_img_0139_mixed_N5_k2_P1,open,country,Japan,China,
qwen25vl,E2_img_0139_mixed_N5_k3_P1,open,item,Matcha Pudding,Douhua,
qwen25vl,E2_img_0139_mixed_N5_k3_P1,open,country,Japan,China,
qwen25vl,E2_img_0139_mixed_N5_k4_P1,open,item,Matcha Pudding,Douhua,
qwen25vl,E2_img_0139_mixed_N5_k4_P1,open,country,Japan,China,
qwen25vl,E2_img_0139_mixed_N5_k5_P1,open,item,Matcha Pudding,Douhua,
qwen25vl,E2_img_0139_mixed_N5_k5_P1,open,country,Japan,China,
qwen25vl,E3_img_0139_near_N2_k2_P1,open,item,Matcha Pudding,Douhua,
qwen25vl,E3_img_0139_near_N2_k2_P1,open,country,Japan,China,
qwen25vl,E3_img_0139_near_N5_k4_P1,open,item,Matcha Pudding,Douhua,
qwen25vl,E3_img_0139_near_N5_k4_P1,open,country,Japan,China,
qwen25vl,E3_img_0139_far_N2_k2_P1,open,item,Matcha Pudding,Douhua,
qwen25vl,E3_img_0139_far_N2_k2_P1,open,country,Japan,China,
qwen25vl,E3_img_0139_far_N5_k4_P1,open,item,Matcha Panna Cotta,Douhua,
qwen25vl,E3_img_0139_far_N5_k4_P1,open,country,Japan,China,
qwen25vl,E1_img_0193_mixed_N1_k1_P1,open,item,Black Forest Cake,Merveilleux,
qwen25vl,E1_img_0193_mixed_N1_k1_P1,open,country,Germany,Belgium,
qwen25vl,E1_img_0193_mixed_N2_k1_P1,open,item,Black Forest Cake,Merveilleux,
qwen25vl,E1_img_0193_mixed_N2_k1_P1,open,country,Germany,Belgium,
qwen25vl,E1_img_0193_mixed_N3_k3_P1,open,item,Black Forest Cake,Merveilleux,
qwen25vl,E1_img_0193_mixed_N3_k3_P1,open,country,Germany,Belgium,
qwen25vl,E1_img_0193_mixed_N4_k3_P1,open,item,Black Forest Cake,Merveilleux,
qwen25vl,E1_img_0193_mixed_N4_k3_P1,open,country,Germany,Belgium,
qwen25vl,E2_img_0193_mixed_N5_k1_P1,open,item,Black Forest Cake,Merveilleux,
qwen25vl,E2_img_0193_mixed_N5_k1_P1,open,country,Germany,Belgium,
qwen25vl,E2_img_0193_mixed_N5_k2_P1,open,item,Black Forest Cake,Merveilleux,
qwen25vl,E2_img_0193_mixed_N5_k2_P1,open,country,Germany,Belgium,
qwen25vl,E2_img_0193_mixed_N5_k3_P1,open,item,Black Forest Cake,Merveilleux,
qwen25vl,E2_img_0193_mixed_N5_k3_P1,open,country,Germany,Belgium,
qwen25vl,E2_img_0193_mixed_N5_k4_P1,open,item,Black Forest Cake,Merveilleux,
qwen25vl,E2_img_0193_mixed_N5_k4_P1,open,country,Germany,Belgium,
qwen25vl,E2_img_0193_mixed_N5_k5_P1,open,item,Black Forest Cake,Merveilleux,
qwen25vl,E2_img_0193_mixed_N5_k5_P1,open,country,Germany,Belgium,
qwen25vl,E3_img_0193_near_N2_k1_P1,open,item,Black Forest Cake,Merveilleux,
qwen25vl,E3_img_0193_near_N5_k5_P1,open,item,Black Forest Cake,Merveilleux,
qwen25vl,E3_img_0193_far_N2_k1_P1,open,item,Black Forest Cake,Merveilleux,
qwen25vl,E3_img_0193_far_N2_k1_P1,open,country,Germany,Belgium,
qwen25vl,E3_img_0193_far_N5_k5_P1,open,item,Black Forest Cake,Merveilleux,
qwen25vl,E3_img_0193_far_N5_k5_P1,open,country,Germany,Belgium,
qwen25vl,E1_img_0119_mixed_N1_k1_P1,open,item,Gujiya,Chandrakala,
qwen25vl,E1_img_0119_mixed_N2_k2_P1,open,item,Gujia,Chandrakala,
qwen25vl,E1_img_0119_mixed_N3_k3_P1,open,item,Gujia,Chandrakala,
qwen25vl,E1_img_0119_mixed_N4_k2_P1,open,item,Gujia,Chandrakala,
qwen25vl,E2_img_0119_mixed_N5_k1_P1,open,item,Gujia,Chandrakala,
qwen25vl,E2_img_0119_mixed_N5_k2_P1,open,item,Gujia,Chandrakala,
qwen25vl,E2_img_0119_mixed_N5_k3_P1,open,item,Gujia,Chandrakala,
qwen25vl,E2_img_0119_mixed_N5_k4_P1,open,item,Gujia,Chandrakala,
qwen25vl,E2_img_0119_mixed_N5_k5_P1,open,item,Gujia,Chandrakala,
qwen25vl,E3_img_0119_near_N2_k2_P1,open,item,Gujia,Chandrakala,
qwen25vl,E3_img_0119_near_N5_k3_P1,open,item,Gujia,Chandrakala,
qwen25vl,E3_img_0119_far_N2_k2_P1,open,item,Gujia,Chandrakala,
qwen25vl,E3_img_0119_far_N5_k3_P1,open,item,Gujia,Chandrakala,
qwen25vl,E1_img_0409_mixed_N4_k3_P1,open,item,Aloo Matar Paratha,Chapati,
qwen25vl,E2_img_0409_mixed_N5_k1_P1,open,item,Aloo Matar Paratha,Chapati,
qwen25vl,E2_img_0409_mixed_N5_k2_P1,open,item,Curry with flatbread,Chapati,
qwen25vl,E2_img_0409_mixed_N5_k3_P1,open,item,Curry with Roti,Chapati,
qwen25vl,E2_img_0409_mixed_N5_k4_P1,open,item,Curry with Roti,Chapati,
qwen25vl,E2_img_0409_mixed_N5_k5_P1,open,item,Aloo Matar Paratha,Chapati,
qwen25vl,E3_img_0409_near_N5_k4_P1,open,item,Curry with Roti,Chapati,
qwen25vl,E3_img_0409_far_N2_k1_P1,open,item,Aloo Matar Paratha,Chapati,
qwen25vl,E3_img_0409_far_N5_k4_P1,open,item,Curry with flatbread,Chapati,
qwen25vl,E5_img_0409_mixed_N1_k1_P2,open,item,Aloo Matar Paratha,Chapati,
qwen25vl,E5_img_0409_mixed_N2_k1_P2,open,item,Aloo Matar Paratha,Chapati,
qwen25vl,E5_img_0409_mixed_N3_k1_P2,open,item,Aloo Matar Paratha,Chapati,
qwen25vl,E5_img_0409_mixed_N4_k3_P2,open,item,Aloo Matar Paratha,Chapati,
qwen25vl,E5_img_0409_mixed_N5_k4_P2,open,item,Aloo Matar,Chapati,
qwen25vl,E5_img_0409_mixed_N1_k1_P3,open,item,Aloo Matar Paratha,Chapati,
qwen25vl,E5_img_0409_mixed_N2_k1_P3,open,item,Aloo Matar Paratha,Chapati,
qwen25vl,E5_img_0409_mixed_N3_k1_P3,open,item,Aloo Matar Paratha,Chapati,
qwen25vl,E5_img_0409_mixed_N4_k3_P3,open,item,Aloo Matar Paratha,Chapati,
qwen25vl,E5_img_0409_mixed_N5_k4_P3,open,item,Aloo Matar Paratha,Chapati,
qwen25vl,E6_img_0409_mixed_N1_k1_P4,open,item,Curry Dish,Chapati,
qwen25vl,E6_img_0409_mixed_N2_k1_P4,open,item,Curry Dish with Flatbread,Chapati,
qwen25vl,E6_img_0409_mixed_N3_k1_P4,open,item,Flatbread and Curry,Chapati,
qwen25vl,E6_img_0409_mixed_N4_k3_P4,open,item,Aloo Matar,Chapati,
qwen25vl,E6_img_0409_mixed_N5_k4_P4,open,item,Curry with flatbread,Chapati,
qwen25vl,E1_img_0238_mixed_N1_k1_P1,open,item,Ice cream,Syllabub,
qwen25vl,E1_img_0238_mixed_N2_k2_P1,open,item,Ice cream,Syllabub,
qwen25vl,E1_img_0238_mixed_N3_k2_P1,open,item,Ice cream,Syllabub,
qwen25vl,E1_img_0238_mixed_N4_k4_P1,open,item,Ice cream,Syllabub,
qwen25vl,E2_img_0238_mixed_N5_k1_P1,open,item,Ice cream,Syllabub,
qwen25vl,E2_img_0238_mixed_N5_k2_P1,open,item,Ice cream,Syllabub,
qwen25vl,E2_img_0238_mixed_N5_k3_P1,open,item,Ice cream,Syllabub,
qwen25vl,E2_img_0238_mixed_N5_k4_P1,open,item,Ice cream,Syllabub,
qwen25vl,E2_img_0238_mixed_N5_k5_P1,open,item,Ice cream,Syllabub,
qwen25vl,E3_img_0238_near_N2_k2_P1,open,item,Ice cream,Syllabub,
qwen25vl,E3_img_0238_near_N5_k5_P1,open,item,Ice cream,Syllabub,
qwen25vl,E3_img_0238_far_N2_k2_P1,open,item,Ice cream,Syllabub,
qwen25vl,E3_img_0238_far_N5_k5_P1,open,item,Ice cream,Syllabub,
qwen25vl,E1_img_0524_mixed_N3_k3_P1,open,item,Tacos al Carbon,Tostada,
qwen25vl,E2_img_0524_mixed_N5_k4_P1,open,item,Tacos al Pastor,Tostada,
qwen25vl,E2_img_0524_mixed_N5_k5_P1,open,item,Tacos al Carbon,Tostada,
qwen25vl,E1_img_0235_mixed_N1_k1_P1,open,item,Ice cream,Stracciatella,
qwen25vl,E1_img_0235_mixed_N2_k2_P1,open,item,Ice cream cone,Stracciatella,
qwen25vl,E1_img_0235_mixed_N3_k1_P1,open,item,Ice cream cone,Stracciatella,
qwen25vl,E1_img_0235_mixed_N4_k2_P1,open,item,Ice cream cone,Stracciatella,
qwen25vl,E2_img_0235_mixed_N5_k1_P1,open,item,Ice cream cone,Stracciatella,
qwen25vl,E2_img_0235_mixed_N5_k2_P1,open,item,Ice cream cone,Stracciatella,
qwen25vl,E2_img_0235_mixed_N5_k3_P1,open,item,Ice cream cone,Stracciatella,
qwen25vl,E2_img_0235_mixed_N5_k4_P1,open,item,Ice cream cone,Stracciatella,
qwen25vl,E2_img_0235_mixed_N5_k5_P1,open,item,Ice cream,Stracciatella,
qwen25vl,E3_img_0235_near_N2_k2_P1,open,item,Ice cream cone,Stracciatella,
qwen25vl,E3_img_0235_near_N5_k2_P1,open,item,Ice cream cone,Stracciatella,
qwen25vl,E3_img_0235_far_N2_k2_P1,open,item,Ice cream cone,Stracciatella,
qwen25vl,E3_img_0235_far_N5_k2_P1,open,item,Ice cream cone,Stracciatella,
qwen25vl,E5_img_0235_mixed_N1_k1_P2,open,item,Ice cream,Stracciatella,
qwen25vl,E5_img_0235_mixed_N2_k2_P2,open,item,Ice cream,Stracciatella,
qwen25vl,E5_img_0235_mixed_N3_k1_P2,open,item,Ice cream cone,Stracciatella,
qwen25vl,E5_img_0235_mixed_N4_k2_P2,open,item,Gelato,Stracciatella,
qwen25vl,E5_img_0235_mixed_N5_k2_P2,open,item,Gelato,Stracciatella,
qwen25vl,E5_img_0235_mixed_N1_k1_P3,open,item,Ice Cream Cone,Stracciatella,
qwen25vl,E5_img_0235_mixed_N2_k2_P3,open,item,Gelato,Stracciatella,
qwen25vl,E5_img_0235_mixed_N3_k1_P3,open,item,Gelato,Stracciatella,
qwen25vl,E5_img_0235_mixed_N4_k2_P3,open,item,Gelato,Stracciatella,
qwen25vl,E5_img_0235_mixed_N5_k2_P3,open,item,Gelato,Stracciatella,
qwen25vl,E6_img_0235_mixed_N1_k1_P4,open,item,Ice Cream Cone,Stracciatella,
qwen25vl,E6_img_0235_mixed_N2_k2_P4,open,item,Ice Cream Cone,Stracciatella,
qwen25vl,E6_img_0235_mixed_N3_k1_P4,open,item,Ice Cream Cone,Stracciatella,
qwen25vl,E6_img_0235_mixed_N4_k2_P4,open,item,Ice Cream Cone,Stracciatella,
qwen25vl,E6_img_0235_mixed_N5_k2_P4,open,item,Ice Cream Cone,Stracciatella,
qwen25vl,E1_img_0170_mixed_N1_k1_P1,open,item,Baklava,Kalburabastı,
qwen25vl,E1_img_0170_mixed_N1_k1_P1,open,country,Greece,Turkey,
qwen25vl,E1_img_0170_mixed_N2_k1_P1,open,item,Baklava,Kalburabastı,
qwen25vl,E1_img_0170_mixed_N2_k1_P1,open,country,Greece,Turkey,
qwen25vl,E1_img_0170_mixed_N3_k2_P1,open,item,Baklava,Kalburabastı,
qwen25vl,E1_img_0170_mixed_N3_k2_P1,open,country,Greece,Turkey,
qwen25vl,E1_img_0170_mixed_N4_k3_P1,open,item,Baklava and Loukoumades,Kalburabastı,
qwen25vl,E1_img_0170_mixed_N4_k3_P1,open,country,Greece,Turkey,
qwen25vl,E2_img_0170_mixed_N5_k1_P1,open,item,Baklava,Kalburabastı,
qwen25vl,E2_img_0170_mixed_N5_k1_P1,open,country,Greece,Turkey,
qwen25vl,E2_img_0170_mixed_N5_k2_P1,open,item,Baklava and Loukoumades,Kalburabastı,
qwen25vl,E2_img_0170_mixed_N5_k2_P1,open,country,Greece,Turkey,
qwen25vl,E2_img_0170_mixed_N5_k3_P1,open,item,Baklava and Loukoumades,Kalburabastı,
qwen25vl,E2_img_0170_mixed_N5_k3_P1,open,country,Greece,Turkey,
qwen25vl,E2_img_0170_mixed_N5_k4_P1,open,item,Baklava and Loukoumades,Kalburabastı,
qwen25vl,E2_img_0170_mixed_N5_k4_P1,open,country,Greece,Turkey,
qwen25vl,E2_img_0170_mixed_N5_k5_P1,open,item,Baklava and Loukoumades,Kalburabastı,
qwen25vl,E2_img_0170_mixed_N5_k5_P1,open,country,Greece,Turkey,
qwen25vl,E3_img_0170_near_N2_k1_P1,open,item,Baklava,Kalburabastı,
qwen25vl,E3_img_0170_near_N2_k1_P1,open,country,Greece,Turkey,
qwen25vl,E3_img_0170_near_N5_k3_P1,open,item,Baklava and Loukoumades,Kalburabastı,
qwen25vl,E3_img_0170_near_N5_k3_P1,open,country,Greece,Turkey,
qwen25vl,E3_img_0170_far_N2_k1_P1,open,item,Baklava,Kalburabastı,
qwen25vl,E3_img_0170_far_N2_k1_P1,open,country,Greece,Turkey,
qwen25vl,E3_img_0170_far_N5_k3_P1,open,item,Baklava,Kalburabastı,
qwen25vl,E3_img_0170_far_N5_k3_P1,open,country,Greece,Turkey,
qwen25vl,E1_img_0099_mixed_N1_k1_P1,open,item,Apple pie,Bánh chuối,
qwen25vl,E1_img_0099_mixed_N2_k2_P1,open,item,Apple pie,Bánh chuối,
qwen25vl,E1_img_0099_mixed_N3_k3_P1,open,item,Apple pie,Bánh chuối,
qwen25vl,E1_img_0099_mixed_N4_k4_P1,open,item,Apple pie,Bánh chuối,
qwen25vl,E2_img_0099_mixed_N5_k1_P1,open,item,Apple pie,Bánh chuối,
qwen25vl,E2_img_0099_mixed_N5_k2_P1,open,item,Apple pie,Bánh chuối,
qwen25vl,E2_img_0099_mixed_N5_k3_P1,open,item,Apple pie,Bánh chuối,
qwen25vl,E2_img_0099_mixed_N5_k4_P1,open,item,Apple pie,Bánh chuối,
qwen25vl,E2_img_0099_mixed_N5_k5_P1,open,item,Apple pie,Bánh chuối,
qwen25vl,E3_img_0099_near_N2_k2_P1,open,item,Apple pie,Bánh chuối,
qwen25vl,E3_img_0099_near_N5_k4_P1,open,item,Apple pie,Bánh chuối,
qwen25vl,E3_img_0099_far_N2_k2_P1,open,item,Apple pie,Bánh chuối,
qwen25vl,E3_img_0099_far_N5_k4_P1,open,item,Apple pie,Bánh chuối,
qwen25vl,E1_img_0349_mixed_N2_k1_P1,open,item,Lemonade,Screwdriver,
qwen25vl,E1_img_0349_mixed_N3_k1_P1,open,item,Lemonade,Screwdriver,
qwen25vl,E1_img_0349_mixed_N4_k1_P1,open,item,Lemonade,Screwdriver,
qwen25vl,E2_img_0349_mixed_N5_k1_P1,open,item,Lemonade,Screwdriver,
qwen25vl,E2_img_0349_mixed_N5_k2_P1,open,item,Lemonade,Screwdriver,
qwen25vl,E2_img_0349_mixed_N5_k3_P1,open,item,Cocktail,Screwdriver,
qwen25vl,E2_img_0349_mixed_N5_k4_P1,open,item,Cocktail,Screwdriver,
qwen25vl,E2_img_0349_mixed_N5_k5_P1,open,item,Lemonade,Screwdriver,
qwen25vl,E3_img_0349_near_N2_k1_P1,open,item,Lemonade,Screwdriver,
qwen25vl,E3_img_0349_far_N2_k1_P1,open,item,Orange juice,Screwdriver,
qwen25vl,E3_img_0349_far_N5_k5_P1,open,item,Orange juice,Screwdriver,
qwen25vl,E5_img_0349_mixed_N1_k1_P2,open,item,Orange Juice,Screwdriver,
qwen25vl,E5_img_0349_mixed_N2_k1_P2,open,item,Margarita,Screwdriver,
qwen25vl,E5_img_0349_mixed_N2_k1_P2,open,country,Mexico,United States,
qwen25vl,E5_img_0349_mixed_N3_k1_P2,open,item,Orange Juice,Screwdriver,
qwen25vl,E5_img_0349_mixed_N4_k1_P2,open,item,Orange juice,Screwdriver,
qwen25vl,E5_img_0349_mixed_N5_k5_P2,open,item,Lemonade,Screwdriver,
qwen25vl,E5_img_0349_mixed_N1_k1_P3,open,item,Orange Juice,Screwdriver,
qwen25vl,E5_img_0349_mixed_N2_k1_P3,open,item,Margarita,Screwdriver,
qwen25vl,E5_img_0349_mixed_N2_k1_P3,open,country,Mexico,United States,
qwen25vl,E5_img_0349_mixed_N3_k1_P3,open,item,Orange Juice,Screwdriver,
qwen25vl,E5_img_0349_mixed_N4_k1_P3,open,item,Orange Juice,Screwdriver,
qwen25vl,E5_img_0349_mixed_N5_k5_P3,open,item,Lemonade,Screwdriver,
qwen25vl,E6_img_0349_mixed_N2_k1_P4,open,item,Yellow Beverage,Screwdriver,
qwen25vl,E6_img_0349_mixed_N5_k5_P4,open,item,Yellow Beverage,Screwdriver,
qwen25vl,E1_img_0269_mixed_N1_k1_P1,open,item,Hot chocolate,Bandrek,
qwen25vl,E1_img_0269_mixed_N2_k2_P1,open,item,Hot chocolate,Bandrek,
qwen25vl,E1_img_0269_mixed_N3_k2_P1,open,item,Hot chocolate,Bandrek,
qwen25vl,E1_img_0269_mixed_N4_k2_P1,open,item,Hot chocolate,Bandrek,
qwen25vl,E2_img_0269_mixed_N5_k1_P1,open,item,Hot chocolate,Bandrek,
qwen25vl,E2_img_0269_mixed_N5_k2_P1,open,item,Hot chocolate,Bandrek,
qwen25vl,E2_img_0269_mixed_N5_k3_P1,open,item,Hot chocolate,Bandrek,
qwen25vl,E2_img_0269_mixed_N5_k4_P1,open,item,Hot chocolate,Bandrek,
qwen25vl,E2_img_0269_mixed_N5_k5_P1,open,item,Hot chocolate,Bandrek,
qwen25vl,E3_img_0269_near_N2_k2_P1,open,item,Hot chocolate,Bandrek,
qwen25vl,E3_img_0269_near_N5_k1_P1,open,item,Hot chocolate,Bandrek,
qwen25vl,E3_img_0269_far_N2_k2_P1,open,item,Hot chocolate,Bandrek,
qwen25vl,E3_img_0269_far_N5_k1_P1,open,item,Hot chocolate,Bandrek,
qwen25vl,E1_img_0256_mixed_N1_k1_P1,open,item,Croissant,Xuixo,
qwen25vl,E1_img_0256_mixed_N1_k1_P1,open,country,France,Spain,
qwen25vl,E1_img_0256_mixed_N2_k1_P1,open,item,Croissant,Xuixo,
qwen25vl,E1_img_0256_mixed_N2_k1_P1,open,country,France,Spain,
qwen25vl,E1_img_0256_mixed_N3_k3_P1,open,item,Croissant,Xuixo,
qwen25vl,E1_img_0256_mixed_N3_k3_P1,open,country,France,Spain,
qwen25vl,E1_img_0256_mixed_N4_k3_P1,open,item,Croissant,Xuixo,
qwen25vl,E1_img_0256_mixed_N4_k3_P1,open,country,France,Spain,
qwen25vl,E2_img_0256_mixed_N5_k1_P1,open,item,Croissant,Xuixo,
qwen25vl,E2_img_0256_mixed_N5_k1_P1,open,country,France,Spain,
qwen25vl,E2_img_0256_mixed_N5_k2_P1,open,item,Croissant,Xuixo,
qwen25vl,E2_img_0256_mixed_N5_k2_P1,open,country,France,Spain,
qwen25vl,E2_img_0256_mixed_N5_k3_P1,open,item,Croissant,Xuixo,
qwen25vl,E2_img_0256_mixed_N5_k3_P1,open,country,France,Spain,
qwen25vl,E2_img_0256_mixed_N5_k4_P1,open,item,Croissant,Xuixo,
qwen25vl,E2_img_0256_mixed_N5_k4_P1,open,country,France,Spain,
qwen25vl,E2_img_0256_mixed_N5_k5_P1,open,item,Croissant,Xuixo,
qwen25vl,E2_img_0256_mixed_N5_k5_P1,open,country,France,Spain,
qwen25vl,E3_img_0256_near_N2_k1_P1,open,item,Croissant,Xuixo,
qwen25vl,E3_img_0256_near_N2_k1_P1,open,country,France,Spain,
qwen25vl,E3_img_0256_near_N5_k2_P1,open,item,Croissant,Xuixo,
qwen25vl,E3_img_0256_near_N5_k2_P1,open,country,France,Spain,
qwen25vl,E3_img_0256_far_N2_k1_P1,open,item,Croissant,Xuixo,
qwen25vl,E3_img_0256_far_N2_k1_P1,open,country,France,Spain,
qwen25vl,E3_img_0256_far_N5_k2_P1,open,item,Croissant,Xuixo,
qwen25vl,E3_img_0256_far_N5_k2_P1,open,country,France,Spain,
qwen25vl,E1_img_0263_mixed_N2_k2_P1,open,item,Matcha Tea,Amazake,
qwen25vl,E1_img_0263_mixed_N3_k1_P1,open,item,Matcha Tea,Amazake,
qwen25vl,E1_img_0263_mixed_N4_k4_P1,open,item,Matcha Tea,Amazake,
qwen25vl,E2_img_0263_mixed_N5_k1_P1,open,item,Matcha Tea,Amazake,
qwen25vl,E2_img_0263_mixed_N5_k2_P1,open,item,Matcha Tea,Amazake,
qwen25vl,E2_img_0263_mixed_N5_k3_P1,open,item,Matcha tea,Amazake,
qwen25vl,E2_img_0263_mixed_N5_k4_P1,open,item,Matcha Tea,Amazake,
qwen25vl,E2_img_0263_mixed_N5_k5_P1,open,item,Matcha Tea,Amazake,
qwen25vl,E3_img_0263_near_N2_k2_P1,open,item,Matcha Tea,Amazake,
qwen25vl,E3_img_0263_near_N5_k3_P1,open,item,Matcha tea,Amazake,
qwen25vl,E3_img_0263_far_N2_k2_P1,open,item,Matcha Tea,Amazake,
qwen25vl,E3_img_0263_far_N5_k3_P1,open,item,Matcha tea,Amazake,
qwen25vl,E5_img_0263_mixed_N1_k1_P2,open,item,Matcha Tea,Amazake,
qwen25vl,E5_img_0263_mixed_N2_k2_P2,open,item,Matcha tea,Amazake,
qwen25vl,E5_img_0263_mixed_N3_k1_P2,open,item,Matcha Tea,Amazake,
qwen25vl,E5_img_0263_mixed_N4_k4_P2,open,item,Matcha Tea,Amazake,
qwen25vl,E5_img_0263_mixed_N5_k3_P2,open,item,Matcha latte,Amazake,
qwen25vl,E5_img_0263_mixed_N1_k1_P3,open,item,Matcha Tea,Amazake,
qwen25vl,E5_img_0263_mixed_N2_k2_P3,open,item,Matcha Tea,Amazake,
qwen25vl,E5_img_0263_mixed_N3_k1_P3,open,item,Matcha Tea,Amazake,
qwen25vl,E5_img_0263_mixed_N4_k4_P3,open,item,Matcha Tea,Amazake,
qwen25vl,E5_img_0263_mixed_N5_k3_P3,open,item,Matcha latte,Amazake,
qwen25vl,E6_img_0263_mixed_N1_k1_P4,open,item,Coffee,Amazake,
qwen25vl,E6_img_0263_mixed_N2_k2_P4,open,item,Matcha Tea,Amazake,
qwen25vl,E6_img_0263_mixed_N3_k1_P4,open,item,Tea,Amazake,
qwen25vl,E6_img_0263_mixed_N4_k4_P4,open,item,Matcha Tea,Amazake,
qwen25vl,E6_img_0263_mixed_N5_k3_P4,open,item,Matcha Latte,Amazake,
qwen25vl,E2_img_0270_mixed_N5_k5_P1,open,item,Various juices and coconuts,Batida,
qwen25vl,E3_img_0270_near_N5_k5_P1,open,item,Various fruit juices and coconuts,Batida,
qwen25vl,E3_img_0270_far_N5_k5_P1,open,item,Various fruit juices and coconuts,Batida,
qwen25vl,E1_img_0335_mixed_N2_k2_P1,open,item,Orange juice,Paradise,
qwen25vl,E1_img_0335_mixed_N3_k2_P1,open,item,Orange juice,Paradise,
qwen25vl,E1_img_0335_mixed_N4_k4_P1,open,item,Orange juice,Paradise,
qwen25vl,E2_img_0335_mixed_N5_k1_P1,open,item,Orange juice,Paradise,
qwen25vl,E2_img_0335_mixed_N5_k2_P1,open,item,Orange juice,Paradise,
qwen25vl,E2_img_0335_mixed_N5_k3_P1,open,item,Orange juice,Paradise,
qwen25vl,E2_img_0335_mixed_N5_k4_P1,open,item,Cocktail,Paradise,
qwen25vl,E2_img_0335_mixed_N5_k5_P1,open,item,Orange juice,Paradise,
qwen25vl,E3_img_0335_near_N2_k2_P1,open,item,Orange juice,Paradise,
qwen25vl,E3_img_0335_near_N5_k2_P1,open,item,Orange juice,Paradise,
qwen25vl,E3_img_0335_far_N2_k2_P1,open,item,Orange juice,Paradise,
qwen25vl,E3_img_0335_far_N5_k2_P1,open,item,Orange juice,Paradise,
qwen25vl,E1_img_0174_mixed_N1_k1_P1,open,item,Wontons,Khapse,
qwen25vl,E1_img_0174_mixed_N2_k1_P1,open,item,Wontons,Khapse,
qwen25vl,E1_img_0174_mixed_N3_k3_P1,open,item,Fried dumplings,Khapse,
qwen25vl,E1_img_0174_mixed_N4_k1_P1,open,item,Fried dumplings,Khapse,
qwen25vl,E2_img_0174_mixed_N5_k1_P1,open,item,Wontons,Khapse,
qwen25vl,E2_img_0174_mixed_N5_k2_P1,open,item,Fried dumplings,Khapse,
qwen25vl,E2_img_0174_mixed_N5_k3_P1,open,item,Fried dumplings,Khapse,
qwen25vl,E2_img_0174_mixed_N5_k4_P1,open,item,Fried dumplings,Khapse,
qwen25vl,E2_img_0174_mixed_N5_k5_P1,open,item,Wontons,Khapse,
qwen25vl,E3_img_0174_near_N2_k1_P1,open,item,Wontons,Khapse,
qwen25vl,E3_img_0174_near_N5_k3_P1,open,item,Fried dumplings,Khapse,
qwen25vl,E3_img_0174_far_N2_k1_P1,open,item,Wontons,Khapse,
qwen25vl,E3_img_0174_far_N5_k3_P1,open,item,Fried dumplings,Khapse,
qwen25vl,E1_img_0304_mixed_N1_k1_P1,open,item,Iced coffee,Fernet and Coke,
qwen25vl,E1_img_0304_mixed_N2_k1_P1,open,item,Iced Coffee,Fernet and Coke,
qwen25vl,E1_img_0304_mixed_N3_k2_P1,open,item,Iced coffee,Fernet and Coke,
qwen25vl,E1_img_0304_mixed_N4_k3_P1,open,item,Iced coffee,Fernet and Coke,
qwen25vl,E2_img_0304_mixed_N5_k1_P1,open,item,Iced coffee,Fernet and Coke,
qwen25vl,E2_img_0304_mixed_N5_k2_P1,open,item,Iced coffee,Fernet and Coke,
qwen25vl,E2_img_0304_mixed_N5_k3_P1,open,item,Iced coffee,Fernet and Coke,
qwen25vl,E2_img_0304_mixed_N5_k4_P1,open,item,Iced coffee,Fernet and Coke,
qwen25vl,E2_img_0304_mixed_N5_k5_P1,open,item,Iced coffee,Fernet and Coke,
qwen25vl,E3_img_0304_near_N2_k1_P1,open,item,Iced Coffee,Fernet and Coke,
qwen25vl,E3_img_0304_near_N5_k5_P1,open,item,Iced coffee,Fernet and Coke,
qwen25vl,E3_img_0304_far_N2_k1_P1,open,item,Iced Coffee,Fernet and Coke,
qwen25vl,E3_img_0304_far_N5_k5_P1,open,item,Iced coffee,Fernet and Coke,
qwen25vl,E1_img_0288_mixed_N2_k2_P1,open,item,Hot chocolate,Champurrado,
qwen25vl,E1_img_0288_mixed_N3_k3_P1,open,item,Hot chocolate,Champurrado,
qwen25vl,E1_img_0288_mixed_N4_k4_P1,open,item,Hot chocolate,Champurrado,
qwen25vl,E2_img_0288_mixed_N5_k1_P1,open,item,Kava,Champurrado,
qwen25vl,E2_img_0288_mixed_N5_k2_P1,open,item,Hot chocolate,Champurrado,
qwen25vl,E2_img_0288_mixed_N5_k3_P1,open,item,Hot chocolate,Champurrado,
qwen25vl,E2_img_0288_mixed_N5_k4_P1,open,item,Hot chocolate,Champurrado,
qwen25vl,E2_img_0288_mixed_N5_k5_P1,open,item,Hot chocolate,Champurrado,
qwen25vl,E3_img_0288_near_N5_k1_P1,open,item,Chicha Morada,Champurrado,
qwen25vl,E3_img_0288_near_N5_k1_P1,open,country,Peru,Mexico,
qwen25vl,E3_img_0288_far_N5_k1_P1,open,item,Chicha Morada,Champurrado,
qwen25vl,E3_img_0288_far_N5_k1_P1,open,country,Peru,Mexico,
qwen25vl,E1_img_0116_mixed_N1_k1_P1,open,item,Green Tarts,Carac,
qwen25vl,E1_img_0116_mixed_N2_k1_P1,open,item,Matcha Tarts,Carac,
qwen25vl,E1_img_0116_mixed_N2_k1_P1,open,country,Japan,Switzerland,
qwen25vl,E1_img_0116_mixed_N3_k1_P1,open,item,Matcha tart,Carac,
qwen25vl,E1_img_0116_mixed_N3_k1_P1,open,country,Japan,Switzerland,
qwen25vl,E1_img_0116_mixed_N4_k1_P1,open,item,Matcha tart,Carac,
qwen25vl,E1_img_0116_mixed_N4_k1_P1,open,country,Japan,Switzerland,
qwen25vl,E2_img_0116_mixed_N5_k1_P1,open,item,Matcha tart,Carac,
qwen25vl,E2_img_0116_mixed_N5_k1_P1,open,country,Japan,Switzerland,
qwen25vl,E2_img_0116_mixed_N5_k2_P1,open,item,Matcha tarts,Carac,
qwen25vl,E2_img_0116_mixed_N5_k2_P1,open,country,Japan,Switzerland,
qwen25vl,E2_img_0116_mixed_N5_k3_P1,open,item,Matcha tarts,Carac,
qwen25vl,E2_img_0116_mixed_N5_k3_P1,open,country,Japan,Switzerland,
qwen25vl,E2_img_0116_mixed_N5_k4_P1,open,item,Matcha tarts,Carac,
qwen25vl,E2_img_0116_mixed_N5_k4_P1,open,country,Japan,Switzerland,
qwen25vl,E2_img_0116_mixed_N5_k5_P1,open,item,Matcha tart,Carac,
qwen25vl,E2_img_0116_mixed_N5_k5_P1,open,country,Japan,Switzerland,
qwen25vl,E3_img_0116_near_N2_k1_P1,open,item,Matcha Tarts,Carac,
qwen25vl,E3_img_0116_near_N2_k1_P1,open,country,Japan,Switzerland,
qwen25vl,E3_img_0116_near_N5_k2_P1,open,item,Matcha tart,Carac,
qwen25vl,E3_img_0116_near_N5_k2_P1,open,country,Japan,Switzerland,
qwen25vl,E3_img_0116_far_N2_k1_P1,open,item,Matcha tart,Carac,
qwen25vl,E3_img_0116_far_N2_k1_P1,open,country,Japan,Switzerland,
qwen25vl,E3_img_0116_far_N5_k2_P1,open,item,Matcha cookies,Carac,
qwen25vl,E3_img_0116_far_N5_k2_P1,open,country,Japan,Switzerland,
qwen25vl,E5_img_0116_mixed_N1_k1_P2,open,item,Matcha Tarts,Carac,
qwen25vl,E5_img_0116_mixed_N1_k1_P2,open,country,Japan,Switzerland,
qwen25vl,E5_img_0116_mixed_N2_k1_P2,open,item,Matcha Tarts,Carac,
qwen25vl,E5_img_0116_mixed_N2_k1_P2,open,country,Japan,Switzerland,
qwen25vl,E5_img_0116_mixed_N3_k1_P2,open,item,Matcha tart,Carac,
qwen25vl,E5_img_0116_mixed_N3_k1_P2,open,country,Japan,Switzerland,
qwen25vl,E5_img_0116_mixed_N4_k1_P2,open,item,Matcha tart,Carac,
qwen25vl,E5_img_0116_mixed_N4_k1_P2,open,country,Japan,Switzerland,
qwen25vl,E5_img_0116_mixed_N5_k2_P2,open,item,Matcha tart,Carac,
qwen25vl,E5_img_0116_mixed_N5_k2_P2,open,country,Japan,Switzerland,
qwen25vl,E5_img_0116_mixed_N1_k1_P3,open,item,Matcha Tarts,Carac,
qwen25vl,E5_img_0116_mixed_N2_k1_P3,open,item,Matcha Tarts,Carac,
qwen25vl,E5_img_0116_mixed_N2_k1_P3,open,country,Japan,Switzerland,
qwen25vl,E5_img_0116_mixed_N3_k1_P3,open,item,Matcha tart,Carac,
qwen25vl,E5_img_0116_mixed_N3_k1_P3,open,country,Japan,Switzerland,
qwen25vl,E5_img_0116_mixed_N4_k1_P3,open,item,Matcha tart,Carac,
qwen25vl,E5_img_0116_mixed_N4_k1_P3,open,country,Japan,Switzerland,
qwen25vl,E5_img_0116_mixed_N5_k2_P3,open,item,Matcha tart,Carac,
qwen25vl,E5_img_0116_mixed_N5_k2_P3,open,country,Japan,Switzerland,
qwen25vl,E6_img_0116_mixed_N1_k1_P4,open,item,Pastry,Carac,
qwen25vl,E6_img_0116_mixed_N2_k1_P4,open,item,Pastry,Carac,
qwen25vl,E6_img_0116_mixed_N3_k1_P4,open,item,Green cookie with chocolate center,Carac,
qwen25vl,E6_img_0116_mixed_N4_k1_P4,open,item,Green cookie with chocolate center,Carac,
qwen25vl,E6_img_0116_mixed_N5_k2_P4,open,item,Tart,Carac,
qwen25vl,E6_img_0116_mixed_N5_k2_P4,open,country,France,Switzerland,
qwen25vl,E2_img_0161_mixed_N5_k4_P1,open,item,Ice cream sundae,Hokey pokey,
qwen25vl,E5_img_0161_mixed_N1_k1_P2,open,country,United States,New Zealand,
qwen25vl,E6_img_0161_mixed_N1_k1_P4,open,item,Ice cream with caramel sauce and a sugar cookie,Hokey pokey,
qwen25vl,E6_img_0161_mixed_N2_k2_P4,open,item,Ice cream with caramel sauce and a sugar cookie,Hokey pokey,
qwen25vl,E6_img_0161_mixed_N3_k1_P4,open,item,Ice cream with caramel sauce and a sugar cookie,Hokey pokey,
qwen25vl,E6_img_0161_mixed_N4_k4_P4,open,item,Ice cream,Hokey pokey,
qwen25vl,E6_img_0161_mixed_N4_k4_P4,open,country,United States,New Zealand,
qwen25vl,E6_img_0161_mixed_N5_k5_P4,open,item,Ice cream with caramel sauce and a sugar cookie,Hokey pokey,
qwen25vl,E1_img_0577_mixed_N1_k1_P1,open,item,Zither,Hurdy-gurdy,
qwen25vl,E1_img_0577_mixed_N2_k1_P1,open,item,Bandura,Hurdy-gurdy,
qwen25vl,E1_img_0577_mixed_N2_k1_P1,open,country,Ukraine,France,
qwen25vl,E1_img_0577_mixed_N3_k1_P1,open,item,Bandura,Hurdy-gurdy,
qwen25vl,E1_img_0577_mixed_N3_k1_P1,open,country,Ukraine,France,
qwen25vl,E1_img_0577_mixed_N4_k1_P1,open,item,Bandura,Hurdy-gurdy,
qwen25vl,E1_img_0577_mixed_N4_k1_P1,open,country,Ukraine,France,
qwen25vl,E2_img_0577_mixed_N5_k1_P1,open,item,Zither,Hurdy-gurdy,
qwen25vl,E2_img_0577_mixed_N5_k2_P1,open,item,Bandura,Hurdy-gurdy,
qwen25vl,E2_img_0577_mixed_N5_k2_P1,open,country,Ukraine,France,
qwen25vl,E2_img_0577_mixed_N5_k3_P1,open,item,Bandura,Hurdy-gurdy,
qwen25vl,E2_img_0577_mixed_N5_k3_P1,open,country,Ukraine,France,
qwen25vl,E2_img_0577_mixed_N5_k4_P1,open,item,Bandura,Hurdy-gurdy,
qwen25vl,E2_img_0577_mixed_N5_k4_P1,open,country,Ukraine,France,
qwen25vl,E2_img_0577_mixed_N5_k5_P1,open,item,Bandura,Hurdy-gurdy,
qwen25vl,E2_img_0577_mixed_N5_k5_P1,open,country,Ukraine,France,
qwen25vl,E3_img_0577_near_N2_k1_P1,open,item,Zither,Hurdy-gurdy,
qwen25vl,E3_img_0577_near_N5_k1_P1,open,item,Dulcimer,Hurdy-gurdy,
qwen25vl,E3_img_0577_far_N2_k1_P1,open,item,Zither,Hurdy-gurdy,
qwen25vl,E3_img_0577_far_N5_k1_P1,open,item,Zither,Hurdy-gurdy,
qwen25vl,E5_img_0577_mixed_N1_k1_P2,open,item,Bandura,Hurdy-gurdy,
qwen25vl,E5_img_0577_mixed_N1_k1_P2,open,country,Ukraine,France,
qwen25vl,E5_img_0577_mixed_N2_k1_P2,open,item,Bandura,Hurdy-gurdy,
qwen25vl,E5_img_0577_mixed_N2_k1_P2,open,country,Ukraine,France,
qwen25vl,E5_img_0577_mixed_N3_k1_P2,open,item,Bandura,Hurdy-gurdy,
qwen25vl,E5_img_0577_mixed_N3_k1_P2,open,country,Ukraine,France,
qwen25vl,E5_img_0577_mixed_N4_k1_P2,open,item,Bandura,Hurdy-gurdy,
qwen25vl,E5_img_0577_mixed_N4_k1_P2,open,country,Ukraine,France,
qwen25vl,E5_img_0577_mixed_N5_k1_P2,open,item,Bandura,Hurdy-gurdy,
qwen25vl,E5_img_0577_mixed_N5_k1_P2,open,country,Ukraine,France,
qwen25vl,E5_img_0577_mixed_N1_k1_P3,open,item,Dulcimer,Hurdy-gurdy,
qwen25vl,E5_img_0577_mixed_N2_k1_P3,open,item,Bandura,Hurdy-gurdy,
qwen25vl,E5_img_0577_mixed_N2_k1_P3,open,country,Ukraine,France,
qwen25vl,E5_img_0577_mixed_N3_k1_P3,open,item,Bandura,Hurdy-gurdy,
qwen25vl,E5_img_0577_mixed_N3_k1_P3,open,country,Ukraine,France,
qwen25vl,E5_img_0577_mixed_N4_k1_P3,open,item,Bandura,Hurdy-gurdy,
qwen25vl,E5_img_0577_mixed_N4_k1_P3,open,country,Ukraine,France,
qwen25vl,E5_img_0577_mixed_N5_k1_P3,open,item,Bandura,Hurdy-gurdy,
qwen25vl,E5_img_0577_mixed_N5_k1_P3,open,country,Ukraine,France,
qwen25vl,E1_img_0549_mixed_N1_k1_P1,open,item,Banjo,Chuniri,
qwen25vl,E1_img_0549_mixed_N2_k2_P1,open,item,Banjo,Chuniri,
qwen25vl,E1_img_0549_mixed_N3_k2_P1,open,item,Banjo,Chuniri,
qwen25vl,E1_img_0549_mixed_N4_k2_P1,open,item,Banjo,Chuniri,
qwen25vl,E2_img_0549_mixed_N5_k1_P1,open,item,Banjo,Chuniri,
qwen25vl,E2_img_0549_mixed_N5_k2_P1,open,item,Banjo,Chuniri,
qwen25vl,E2_img_0549_mixed_N5_k3_P1,open,item,Banjo,Chuniri,
qwen25vl,E2_img_0549_mixed_N5_k4_P1,open,item,Banjo,Chuniri,
qwen25vl,E2_img_0549_mixed_N5_k5_P1,open,item,Banjo,Chuniri,
qwen25vl,E3_img_0549_near_N2_k2_P1,open,item,Banjo,Chuniri,
qwen25vl,E3_img_0549_near_N5_k2_P1,open,item,Banjo,Chuniri,
qwen25vl,E3_img_0549_far_N2_k2_P1,open,item,Banjo,Chuniri,
qwen25vl,E3_img_0549_far_N5_k2_P1,open,item,Banjo,Chuniri,
qwen25vl,E1_img_0535_mixed_N1_k1_P1,open,item,Gourd Instrument,Afoxé,
qwen25vl,E1_img_0535_mixed_N2_k1_P1,open,item,Gourd instrument,Afoxé,
qwen25vl,E3_img_0535_near_N2_k1_P1,open,item,Gourd instrument,Afoxé,
qwen25vl,E3_img_0535_near_N5_k3_P1,open,item,Gourd instrument,Afoxé,
qwen25vl,E3_img_0535_far_N2_k1_P1,open,item,Gourd instrument,Afoxé,
qwen25vl,E3_img_0535_far_N5_k3_P1,open,item,Gourd instrument,Afoxé,
qwen25vl,E1_img_0584_mixed_N1_k1_P1,open,item,Bandura,Komuz,
qwen25vl,E1_img_0584_mixed_N1_k1_P1,open,country,Ukraine,Kyrgyzstan,
qwen25vl,E1_img_0584_mixed_N2_k2_P1,open,item,Cittern,Komuz,
qwen25vl,E1_img_0584_mixed_N3_k1_P1,open,item,Baglama,Komuz,
qwen25vl,E1_img_0584_mixed_N3_k1_P1,open,country,Turkey,Kyrgyzstan,
qwen25vl,E1_img_0584_mixed_N4_k4_P1,open,item,Baglama,Komuz,
qwen25vl,E1_img_0584_mixed_N4_k4_P1,open,country,Turkey,Kyrgyzstan,
qwen25vl,E2_img_0584_mixed_N5_k1_P1,open,item,Baglama,Komuz,
qwen25vl,E2_img_0584_mixed_N5_k1_P1,open,country,Turkey,Kyrgyzstan,
qwen25vl,E2_img_0584_mixed_N5_k2_P1,open,item,Baglama,Komuz,
qwen25vl,E2_img_0584_mixed_N5_k2_P1,open,country,Turkey,Kyrgyzstan,
qwen25vl,E2_img_0584_mixed_N5_k3_P1,open,item,Baglama,Komuz,
qwen25vl,E2_img_0584_mixed_N5_k3_P1,open,country,Turkey,Kyrgyzstan,
qwen25vl,E2_img_0584_mixed_N5_k4_P1,open,item,Baglama,Komuz,
qwen25vl,E2_img_0584_mixed_N5_k4_P1,open,country,Turkey,Kyrgyzstan,
qwen25vl,E2_img_0584_mixed_N5_k5_P1,open,item,Baglama,Komuz,
qwen25vl,E2_img_0584_mixed_N5_k5_P1,open,country,Turkey,Kyrgyzstan,
qwen25vl,E3_img_0584_near_N2_k2_P1,open,item,Bandura,Komuz,
qwen25vl,E3_img_0584_near_N2_k2_P1,open,country,Ukraine,Kyrgyzstan,
qwen25vl,E3_img_0584_near_N5_k4_P1,open,item,Bandura,Komuz,
qwen25vl,E3_img_0584_near_N5_k4_P1,open,country,Ukraine,Kyrgyzstan,
qwen25vl,E3_img_0584_far_N2_k2_P1,open,item,Bandura,Komuz,
qwen25vl,E3_img_0584_far_N2_k2_P1,open,country,Ukraine,Kyrgyzstan,
qwen25vl,E3_img_0584_far_N5_k4_P1,open,item,Bandura,Komuz,
qwen25vl,E3_img_0584_far_N5_k4_P1,open,country,Ukraine,Kyrgyzstan,
qwen25vl,E5_img_0584_mixed_N1_k1_P2,open,item,Bandura,Komuz,
qwen25vl,E5_img_0584_mixed_N1_k1_P2,open,country,Ukraine,Kyrgyzstan,
qwen25vl,E5_img_0584_mixed_N2_k2_P2,open,item,Baglama,Komuz,
qwen25vl,E5_img_0584_mixed_N2_k2_P2,open,country,Turkey,Kyrgyzstan,
qwen25vl,E5_img_0584_mixed_N3_k1_P2,open,item,Baglama,Komuz,
qwen25vl,E5_img_0584_mixed_N3_k1_P2,open,country,Turkey,Kyrgyzstan,
qwen25vl,E5_img_0584_mixed_N4_k4_P2,open,item,Baglama,Komuz,
qwen25vl,E5_img_0584_mixed_N4_k4_P2,open,country,Turkey,Kyrgyzstan,
qwen25vl,E5_img_0584_mixed_N5_k4_P2,open,item,Baglama,Komuz,
qwen25vl,E5_img_0584_mixed_N5_k4_P2,open,country,Turkey,Kyrgyzstan,
qwen25vl,E5_img_0584_mixed_N1_k1_P3,open,item,Bandura,Komuz,
qwen25vl,E5_img_0584_mixed_N1_k1_P3,open,country,Ukraine,Kyrgyzstan,
qwen25vl,E5_img_0584_mixed_N2_k2_P3,open,item,Baglama,Komuz,
qwen25vl,E5_img_0584_mixed_N2_k2_P3,open,country,Turkey,Kyrgyzstan,
qwen25vl,E5_img_0584_mixed_N3_k1_P3,open,item,Baglama,Komuz,
qwen25vl,E5_img_0584_mixed_N3_k1_P3,open,country,Turkey,Kyrgyzstan,
qwen25vl,E5_img_0584_mixed_N4_k4_P3,open,item,Baglama,Komuz,
qwen25vl,E5_img_0584_mixed_N4_k4_P3,open,country,Turkey,Kyrgyzstan,
qwen25vl,E5_img_0584_mixed_N5_k4_P3,open,item,Baglama,Komuz,
qwen25vl,E5_img_0584_mixed_N5_k4_P3,open,country,Turkey,Kyrgyzstan,
qwen25vl,E6_img_0584_mixed_N1_k1_P4,open,item,Lute,Komuz,
qwen25vl,E6_img_0584_mixed_N2_k2_P4,open,item,Lute,Komuz,
qwen25vl,E6_img_0584_mixed_N2_k2_P4,open,country,Italy,Kyrgyzstan,
qwen25vl,E6_img_0584_mixed_N3_k1_P4,open,item,Balalaika,Komuz,
qwen25vl,E6_img_0584_mixed_N3_k1_P4,open,country,Russia,Kyrgyzstan,
qwen25vl,E6_img_0584_mixed_N4_k4_P4,open,item,Lute,Komuz,
qwen25vl,E6_img_0584_mixed_N5_k4_P4,open,item,Hurdy-gurdy,Komuz,
qwen25vl,E6_img_0584_mixed_N5_k4_P4,open,country,France,Kyrgyzstan,
qwen25vl,E1_img_0547_mixed_N1_k1_P1,open,item,Flute,Caña de millo,
qwen25vl,E1_img_0547_mixed_N2_k2_P1,open,item,Flute,Caña de millo,
qwen25vl,E1_img_0547_mixed_N3_k3_P1,open,item,Flute,Caña de millo,
qwen25vl,E1_img_0547_mixed_N4_k2_P1,open,item,Flute,Caña de millo,
qwen25vl,E2_img_0547_mixed_N5_k1_P1,open,item,Flute,Caña de millo,
qwen25vl,E2_img_0547_mixed_N5_k2_P1,open,item,Flute,Caña de millo,
qwen25vl,E2_img_0547_mixed_N5_k3_P1,open,item,Flute,Caña de millo,
qwen25vl,E2_img_0547_mixed_N5_k4_P1,open,item,Flute,Caña de millo,
qwen25vl,E2_img_0547_mixed_N5_k5_P1,open,item,Pan flute,Caña de millo,
qwen25vl,E3_img_0547_near_N2_k2_P1,open,item,Flute,Caña de millo,
qwen25vl,E3_img_0547_near_N5_k1_P1,open,item,Flute,Caña de millo,
qwen25vl,E3_img_0547_near_N5_k1_P1,open,country,Mexico,Colombia,
qwen25vl,E3_img_0547_far_N2_k2_P1,open,item,Flute,Caña de millo,
qwen25vl,E3_img_0547_far_N5_k1_P1,open,item,Flute,Caña de millo,
qwen25vl,E3_img_0547_far_N5_k1_P1,open,country,Mexico,Colombia,
qwen25vl,E1_img_0610_mixed_N1_k1_P1,open,item,Erhu,Sanshin,
qwen25vl,E1_img_0610_mixed_N1_k1_P1,open,country,China,Japan,
qwen25vl,E1_img_0610_mixed_N2_k1_P1,open,item,Erhu,Sanshin,
qwen25vl,E1_img_0610_mixed_N2_k1_P1,open,country,China,Japan,
qwen25vl,E1_img_0610_mixed_N3_k1_P1,open,item,Erhu,Sanshin,
qwen25vl,E1_img_0610_mixed_N3_k1_P1,open,country,China,Japan,
qwen25vl,E1_img_0610_mixed_N4_k3_P1,open,item,Erhu,Sanshin,
qwen25vl,E1_img_0610_mixed_N4_k3_P1,open,country,China,Japan,
qwen25vl,E2_img_0610_mixed_N5_k1_P1,open,item,Erhu,Sanshin,
qwen25vl,E2_img_0610_mixed_N5_k1_P1,open,country,China,Japan,
qwen25vl,E2_img_0610_mixed_N5_k2_P1,open,item,Erhu,Sanshin,
qwen25vl,E2_img_0610_mixed_N5_k2_P1,open,country,China,Japan,
qwen25vl,E2_img_0610_mixed_N5_k3_P1,open,item,Erhu,Sanshin,
qwen25vl,E2_img_0610_mixed_N5_k3_P1,open,country,China,Japan,
qwen25vl,E2_img_0610_mixed_N5_k4_P1,open,item,Erhu,Sanshin,
qwen25vl,E2_img_0610_mixed_N5_k4_P1,open,country,China,Japan,
qwen25vl,E2_img_0610_mixed_N5_k5_P1,open,item,Erhu,Sanshin,
qwen25vl,E2_img_0610_mixed_N5_k5_P1,open,country,China,Japan,
qwen25vl,E3_img_0610_near_N2_k1_P1,open,item,Erhu,Sanshin,
qwen25vl,E3_img_0610_near_N2_k1_P1,open,country,China,Japan,
qwen25vl,E3_img_0610_near_N5_k2_P1,open,item,Erhu,Sanshin,
qwen25vl,E3_img_0610_near_N5_k2_P1,open,country,China,Japan,
qwen25vl,E3_img_0610_far_N2_k1_P1,open,item,Erhu,Sanshin,
qwen25vl,E3_img_0610_far_N2_k1_P1,open,country,China,Japan,
qwen25vl,E3_img_0610_far_N5_k2_P1,open,item,Erhu,Sanshin,
qwen25vl,E3_img_0610_far_N5_k2_P1,open,country,China,Japan,
qwen25vl,E5_img_0610_mixed_N1_k1_P2,open,item,Erhu,Sanshin,
qwen25vl,E5_img_0610_mixed_N1_k1_P2,open,country,China,Japan,
qwen25vl,E5_img_0610_mixed_N2_k1_P2,open,item,Erhu,Sanshin,
qwen25vl,E5_img_0610_mixed_N2_k1_P2,open,country,China,Japan,
qwen25vl,E5_img_0610_mixed_N3_k1_P2,open,item,Erhu,Sanshin,
qwen25vl,E5_img_0610_mixed_N3_k1_P2,open,country,China,Japan,
qwen25vl,E5_img_0610_mixed_N4_k3_P2,open,item,Erhu,Sanshin,
qwen25vl,E5_img_0610_mixed_N4_k3_P2,open,country,China,Japan,
qwen25vl,E5_img_0610_mixed_N5_k2_P2,open,item,Erhu,Sanshin,
qwen25vl,E5_img_0610_mixed_N5_k2_P2,open,country,China,Japan,
qwen25vl,E5_img_0610_mixed_N1_k1_P3,open,item,Erhu,Sanshin,
qwen25vl,E5_img_0610_mixed_N1_k1_P3,open,country,China,Japan,
qwen25vl,E5_img_0610_mixed_N2_k1_P3,open,item,Erhu,Sanshin,
qwen25vl,E5_img_0610_mixed_N2_k1_P3,open,country,China,Japan,
qwen25vl,E5_img_0610_mixed_N3_k1_P3,open,item,Erhu,Sanshin,
qwen25vl,E5_img_0610_mixed_N3_k1_P3,open,country,China,Japan,
qwen25vl,E5_img_0610_mixed_N4_k3_P3,open,item,Erhu,Sanshin,
qwen25vl,E5_img_0610_mixed_N4_k3_P3,open,country,China,Japan,
qwen25vl,E5_img_0610_mixed_N5_k2_P3,open,item,Erhu,Sanshin,
qwen25vl,E5_img_0610_mixed_N5_k2_P3,open,country,China,Japan,
qwen25vl,E6_img_0610_mixed_N1_k1_P4,open,item,Erhu,Sanshin,
qwen25vl,E6_img_0610_mixed_N1_k1_P4,open,country,China,Japan,
qwen25vl,E6_img_0610_mixed_N2_k1_P4,open,item,Shamisen,Sanshin,
qwen25vl,E6_img_0610_mixed_N3_k1_P4,open,item,Pipa,Sanshin,
qwen25vl,E6_img_0610_mixed_N3_k1_P4,open,country,China,Japan,
qwen25vl,E6_img_0610_mixed_N4_k3_P4,open,item,Erhu,Sanshin,
qwen25vl,E6_img_0610_mixed_N4_k3_P4,open,country,China,Japan,
qwen25vl,E6_img_0610_mixed_N5_k2_P4,open,item,Pipa,Sanshin,
qwen25vl,E6_img_0610_mixed_N5_k2_P4,open,country,China,Japan,
qwen25vl,E1_img_0566_mixed_N1_k1_P1,open,item,Gamelan,Gendang beleq,
qwen25vl,E1_img_0566_mixed_N2_k1_P1,open,item,Gamelan,Gendang beleq,
qwen25vl,E1_img_0566_mixed_N3_k3_P1,open,item,Gamelan,Gendang beleq,
qwen25vl,E1_img_0566_mixed_N4_k1_P1,open,item,Gamelan,Gendang beleq,
qwen25vl,E2_img_0566_mixed_N5_k1_P1,open,item,Gamelan,Gendang beleq,
qwen25vl,E2_img_0566_mixed_N5_k2_P1,open,item,Gamelan,Gendang beleq,
qwen25vl,E2_img_0566_mixed_N5_k3_P1,open,item,Gamelan,Gendang beleq,
qwen25vl,E2_img_0566_mixed_N5_k4_P1,open,item,Gamelan,Gendang beleq,
qwen25vl,E2_img_0566_mixed_N5_k5_P1,open,item,Gamelan,Gendang beleq,
qwen25vl,E3_img_0566_near_N2_k1_P1,open,item,Gamelan,Gendang beleq,
qwen25vl,E3_img_0566_near_N5_k4_P1,open,item,Gamelan,Gendang beleq,
qwen25vl,E3_img_0566_far_N2_k1_P1,open,item,Gamelan,Gendang beleq,
qwen25vl,E3_img_0566_far_N5_k4_P1,open,item,Gamelan,Gendang beleq,
qwen25vl,E1_img_0582_mixed_N1_k1_P1,open,item,Dulcimer,Kokle,
qwen25vl,E1_img_0582_mixed_N2_k2_P1,open,item,Dulcimer,Kokle,
qwen25vl,E1_img_0582_mixed_N3_k1_P1,open,item,Dulcimer,Kokle,
qwen25vl,E1_img_0582_mixed_N4_k2_P1,open,item,Dulcimer,Kokle,
qwen25vl,E2_img_0582_mixed_N5_k1_P1,open,item,Dulcimer,Kokle,
qwen25vl,E2_img_0582_mixed_N5_k2_P1,open,item,Dulcimer,Kokle,
qwen25vl,E2_img_0582_mixed_N5_k3_P1,open,item,Dulcimer,Kokle,
qwen25vl,E2_img_0582_mixed_N5_k4_P1,open,item,Dulcimer,Kokle,
qwen25vl,E2_img_0582_mixed_N5_k5_P1,open,item,Dulcimer,Kokle,
qwen25vl,E3_img_0582_near_N2_k2_P1,open,item,Koto,Kokle,
qwen25vl,E3_img_0582_near_N2_k2_P1,open,country,Japan,Latvia,
qwen25vl,E3_img_0582_near_N5_k5_P1,open,item,Dulcimer,Kokle,
qwen25vl,E3_img_0582_far_N2_k2_P1,open,item,Dulcimer,Kokle,
qwen25vl,E3_img_0582_far_N5_k5_P1,open,item,Koto,Kokle,
qwen25vl,E3_img_0582_far_N5_k5_P1,open,country,Japan,Latvia,
qwen25vl,E5_img_0582_mixed_N1_k1_P2,open,item,Dulcimer,Kokle,
qwen25vl,E5_img_0582_mixed_N1_k1_P2,open,country,United States,Latvia,
qwen25vl,E5_img_0582_mixed_N2_k2_P2,open,item,Dulcimer,Kokle,
qwen25vl,E5_img_0582_mixed_N3_k1_P2,open,item,Dulcimer,Kokle,
qwen25vl,E5_img_0582_mixed_N4_k2_P2,open,item,Dulcimer,Kokle,
qwen25vl,E5_img_0582_mixed_N5_k5_P2,open,item,Dulcimer,Kokle,
qwen25vl,E5_img_0582_mixed_N1_k1_P3,open,item,Koto,Kokle,
qwen25vl,E5_img_0582_mixed_N1_k1_P3,open,country,Japan,Latvia,
qwen25vl,E5_img_0582_mixed_N2_k2_P3,open,item,Dulcimer,Kokle,
qwen25vl,E5_img_0582_mixed_N3_k1_P3,open,item,Dulcimer,Kokle,
qwen25vl,E5_img_0582_mixed_N4_k2_P3,open,item,Dulcimer,Kokle,
qwen25vl,E5_img_0582_mixed_N5_k5_P3,open,item,Koto,Kokle,
qwen25vl,E5_img_0582_mixed_N5_k5_P3,open,country,Japan,Latvia,
qwen25vl,E6_img_0582_mixed_N1_k1_P4,open,item,Koto,Kokle,
qwen25vl,E6_img_0582_mixed_N1_k1_P4,open,country,Japan,Latvia,
qwen25vl,E6_img_0582_mixed_N2_k2_P4,open,item,Koto and Taiko,Kokle,
qwen25vl,E6_img_0582_mixed_N2_k2_P4,open,country,Japan,Latvia,
qwen25vl,E6_img_0582_mixed_N3_k1_P4,open,item,Koto-like instruments,Kokle,
qwen25vl,E6_img_0582_mixed_N3_k1_P4,open,country,Japan,Latvia,
qwen25vl,E6_img_0582_mixed_N4_k2_P4,open,item,Koto,Kokle,
qwen25vl,E6_img_0582_mixed_N4_k2_P4,open,country,Japan,Latvia,
qwen25vl,E6_img_0582_mixed_N5_k5_P4,open,item,Koto,Kokle,
qwen25vl,E6_img_0582_mixed_N5_k5_P4,open,country,Japan,Latvia,
qwen25vl,E1_img_0624_mixed_N1_k1_P1,open,item,Drum,Taarija,
qwen25vl,E1_img_0624_mixed_N2_k2_P1,open,item,Drum,Taarija,
qwen25vl,E1_img_0624_mixed_N3_k3_P1,open,item,Drum,Taarija,
qwen25vl,E1_img_0624_mixed_N4_k4_P1,open,item,Drum,Taarija,
qwen25vl,E2_img_0624_mixed_N5_k1_P1,open,item,Bongo drum,Taarija,
qwen25vl,E2_img_0624_mixed_N5_k2_P1,open,item,Drum,Taarija,
qwen25vl,E2_img_0624_mixed_N5_k3_P1,open,item,Drum,Taarija,
qwen25vl,E2_img_0624_mixed_N5_k4_P1,open,item,Drum,Taarija,
qwen25vl,E2_img_0624_mixed_N5_k5_P1,open,item,Drum,Taarija,
qwen25vl,E3_img_0624_near_N2_k2_P1,open,item,Djembe,Taarija,
qwen25vl,E3_img_0624_near_N5_k2_P1,open,item,Djembe,Taarija,
qwen25vl,E3_img_0624_far_N2_k2_P1,open,item,Drum,Taarija,
qwen25vl,E3_img_0624_far_N5_k2_P1,open,item,Bongo drum,Taarija,
qwen25vl,E1_img_0561_mixed_N1_k1_P1,open,item,Duduk,Fujara,
qwen25vl,E1_img_0561_mixed_N1_k1_P1,open,country,Armenia,Slovakia,
qwen25vl,E1_img_0561_mixed_N2_k1_P1,open,item,Duduk,Fujara,
qwen25vl,E1_img_0561_mixed_N2_k1_P1,open,country,Armenia,Slovakia,
qwen25vl,E1_img_0561_mixed_N3_k1_P1,open,item,Duduk,Fujara,
qwen25vl,E1_img_0561_mixed_N3_k1_P1,open,country,Armenia,Slovakia,
qwen25vl,E1_img_0561_mixed_N4_k1_P1,open,item,Duduk,Fujara,
qwen25vl,E1_img_0561_mixed_N4_k1_P1,open,country,Armenia,Slovakia,
qwen25vl,E2_img_0561_mixed_N5_k1_P1,open,item,Duduk,Fujara,
qwen25vl,E2_img_0561_mixed_N5_k1_P1,open,country,Armenia,Slovakia,
qwen25vl,E2_img_0561_mixed_N5_k2_P1,open,item,Duduk,Fujara,
qwen25vl,E2_img_0561_mixed_N5_k2_P1,open,country,Armenia,Slovakia,
qwen25vl,E2_img_0561_mixed_N5_k3_P1,open,item,Duduk,Fujara,
qwen25vl,E2_img_0561_mixed_N5_k3_P1,open,country,Armenia,Slovakia,
qwen25vl,E2_img_0561_mixed_N5_k4_P1,open,item,Didgeridoo,Fujara,
qwen25vl,E2_img_0561_mixed_N5_k4_P1,open,country,Australia,Slovakia,
qwen25vl,E2_img_0561_mixed_N5_k5_P1,open,item,Duduk,Fujara,
qwen25vl,E2_img_0561_mixed_N5_k5_P1,open,country,Armenia,Slovakia,
qwen25vl,E3_img_0561_near_N2_k1_P1,open,item,Duduk,Fujara,
qwen25vl,E3_img_0561_near_N2_k1_P1,open,country,Armenia,Slovakia,
qwen25vl,E3_img_0561_near_N5_k3_P1,open,item,Duduk,Fujara,
qwen25vl,E3_img_0561_near_N5_k3_P1,open,country,Armenia,Slovakia,
qwen25vl,E3_img_0561_far_N2_k1_P1,open,item,Duduk,Fujara,
qwen25vl,E3_img_0561_far_N2_k1_P1,open,country,Armenia,Slovakia,
qwen25vl,E3_img_0561_far_N5_k3_P1,open,item,Duduk,Fujara,
qwen25vl,E3_img_0561_far_N5_k3_P1,open,country,Armenia,Slovakia,
qwen25vl,E5_img_0561_mixed_N1_k1_P2,open,item,Duduk,Fujara,
qwen25vl,E5_img_0561_mixed_N1_k1_P2,open,country,Armenia,Slovakia,
qwen25vl,E5_img_0561_mixed_N2_k1_P2,open,item,Duduk,Fujara,
qwen25vl,E5_img_0561_mixed_N2_k1_P2,open,country,Armenia,Slovakia,
qwen25vl,E5_img_0561_mixed_N3_k1_P2,open,item,Duduk,Fujara,
qwen25vl,E5_img_0561_mixed_N3_k1_P2,open,country,Armenia,Slovakia,
qwen25vl,E5_img_0561_mixed_N4_k1_P2,open,item,Duduk,Fujara,
qwen25vl,E5_img_0561_mixed_N4_k1_P2,open,country,Armenia,Slovakia,
qwen25vl,E5_img_0561_mixed_N5_k3_P2,open,item,Duduk,Fujara,
qwen25vl,E5_img_0561_mixed_N5_k3_P2,open,country,Armenia,Slovakia,
qwen25vl,E5_img_0561_mixed_N1_k1_P3,open,item,Duduk,Fujara,
qwen25vl,E5_img_0561_mixed_N1_k1_P3,open,country,Armenia,Slovakia,
qwen25vl,E5_img_0561_mixed_N2_k1_P3,open,item,Duduk,Fujara,
qwen25vl,E5_img_0561_mixed_N2_k1_P3,open,country,Armenia,Slovakia,
qwen25vl,E5_img_0561_mixed_N3_k1_P3,open,item,Duduk,Fujara,
qwen25vl,E5_img_0561_mixed_N3_k1_P3,open,country,Armenia,Slovakia,
qwen25vl,E5_img_0561_mixed_N4_k1_P3,open,item,Duduk,Fujara,
qwen25vl,E5_img_0561_mixed_N4_k1_P3,open,country,Armenia,Slovakia,
qwen25vl,E5_img_0561_mixed_N5_k3_P3,open,item,Duduk,Fujara,
qwen25vl,E5_img_0561_mixed_N5_k3_P3,open,country,Armenia,Slovakia,
qwen25vl,E6_img_0561_mixed_N1_k1_P4,open,item,Didgeridoo,Fujara,
qwen25vl,E6_img_0561_mixed_N1_k1_P4,open,country,Australia,Slovakia,
qwen25vl,E6_img_0561_mixed_N2_k1_P4,open,item,Didgeridoo,Fujara,
qwen25vl,E6_img_0561_mixed_N2_k1_P4,open,country,Australia,Slovakia,
qwen25vl,E6_img_0561_mixed_N3_k1_P4,open,item,Didgeridoo,Fujara,
qwen25vl,E6_img_0561_mixed_N3_k1_P4,open,country,Australia,Slovakia,
qwen25vl,E6_img_0561_mixed_N4_k1_P4,open,item,Duduk,Fujara,
qwen25vl,E6_img_0561_mixed_N4_k1_P4,open,country,Armenia,Slovakia,
qwen25vl,E6_img_0561_mixed_N5_k3_P4,open,item,Didgeridoo,Fujara,
qwen25vl,E6_img_0561_mixed_N5_k3_P4,open,country,Australia,Slovakia,
qwen25vl,E1_img_0564_mixed_N1_k1_P1,open,item,Gamelan,Gangsa,
qwen25vl,E1_img_0564_mixed_N2_k2_P1,open,item,Gamelan,Gangsa,
qwen25vl,E1_img_0564_mixed_N3_k2_P1,open,item,Gamelan,Gangsa,
qwen25vl,E1_img_0564_mixed_N4_k2_P1,open,item,Gamelan,Gangsa,
qwen25vl,E2_img_0564_mixed_N5_k1_P1,open,item,Gamelan,Gangsa,
qwen25vl,E2_img_0564_mixed_N5_k2_P1,open,item,Gamelan,Gangsa,
qwen25vl,E2_img_0564_mixed_N5_k3_P1,open,item,Gamelan,Gangsa,
qwen25vl,E2_img_0564_mixed_N5_k4_P1,open,item,Gamelan,Gangsa,
qwen25vl,E2_img_0564_mixed_N5_k5_P1,open,item,Gamelan,Gangsa,
qwen25vl,E3_img_0564_near_N2_k2_P1,open,item,Gamelan,Gangsa,
qwen25vl,E3_img_0564_near_N5_k4_P1,open,item,Gamelan,Gangsa,
qwen25vl,E3_img_0564_far_N2_k2_P1,open,item,Gamelan,Gangsa,
qwen25vl,E3_img_0564_far_N5_k4_P1,open,item,Gamelan,Gangsa,
qwen25vl,E1_img_0604_mixed_N1_k1_P1,open,item,Khaen,Poeng mang,
qwen25vl,E1_img_0604_mixed_N2_k1_P1,open,item,Khaen,Poeng mang,
qwen25vl,E1_img_0604_mixed_N3_k3_P1,open,item,Khaen,Poeng mang,
qwen25vl,E1_img_0604_mixed_N4_k3_P1,open,item,Khaen,Poeng mang,
qwen25vl,E2_img_0604_mixed_N5_k1_P1,open,item,Khaen,Poeng mang,
qwen25vl,E2_img_0604_mixed_N5_k2_P1,open,item,Khaen,Poeng mang,
qwen25vl,E2_img_0604_mixed_N5_k3_P1,open,item,Khaen,Poeng mang,
qwen25vl,E2_img_0604_mixed_N5_k4_P1,open,item,Gamelan,Poeng mang,
qwen25vl,E2_img_0604_mixed_N5_k5_P1,open,item,Khaen,Poeng mang,
qwen25vl,E3_img_0604_near_N2_k1_P1,open,item,Khaen,Poeng mang,
qwen25vl,E3_img_0604_near_N5_k5_P1,open,item,Khaen,Poeng mang,
qwen25vl,E3_img_0604_far_N2_k1_P1,open,item,Khaen,Poeng mang,
qwen25vl,E3_img_0604_far_N5_k5_P1,open,item,Khaen,Poeng mang,
qwen25vl,E1_img_0628_mixed_N1_k1_P1,open,item,Mandolin,Tambura,
qwen25vl,E1_img_0628_mixed_N2_k2_P1,open,item,Mandolin,Tambura,
qwen25vl,E1_img_0628_mixed_N3_k1_P1,open,item,Mandolin,Tambura,
qwen25vl,E1_img_0628_mixed_N4_k4_P1,open,item,Mandolin,Tambura,
qwen25vl,E2_img_0628_mixed_N5_k1_P1,open,item,Mandolin,Tambura,
qwen25vl,E2_img_0628_mixed_N5_k2_P1,open,item,Mandolin,Tambura,
qwen25vl,E2_img_0628_mixed_N5_k3_P1,open,item,Mandolin,Tambura,
qwen25vl,E2_img_0628_mixed_N5_k4_P1,open,item,Mandolin,Tambura,
qwen25vl,E2_img_0628_mixed_N5_k5_P1,open,item,Mandolin,Tambura,
qwen25vl,E3_img_0628_near_N2_k2_P1,open,item,Mandolin,Tambura,
qwen25vl,E3_img_0628_near_N2_k2_P1,open,country,Italy,Bulgaria,
qwen25vl,E3_img_0628_near_N5_k1_P1,open,item,Mandolin,Tambura,
qwen25vl,E3_img_0628_near_N5_k1_P1,open,country,Italy,Bulgaria,
qwen25vl,E3_img_0628_far_N2_k2_P1,open,item,Mandolin,Tambura,
qwen25vl,E3_img_0628_far_N2_k2_P1,open,country,Italy,Bulgaria,
qwen25vl,E3_img_0628_far_N5_k1_P1,open,item,Mandolin,Tambura,
qwen25vl,E3_img_0628_far_N5_k1_P1,open,country,Italy,Bulgaria,
qwen25vl,E5_img_0628_mixed_N1_k1_P2,open,item,Mandolin,Tambura,
qwen25vl,E5_img_0628_mixed_N2_k2_P2,open,item,Mandolin,Tambura,
qwen25vl,E5_img_0628_mixed_N3_k1_P2,open,item,Mandolin,Tambura,
qwen25vl,E5_img_0628_mixed_N4_k4_P2,open,item,Mandolin,Tambura,
qwen25vl,E5_img_0628_mixed_N5_k1_P2,open,item,Mandolin,Tambura,
qwen25vl,E5_img_0628_mixed_N1_k1_P3,open,item,Mandolin,Tambura,
qwen25vl,E5_img_0628_mixed_N2_k2_P3,open,item,Mandolin,Tambura,
qwen25vl,E5_img_0628_mixed_N3_k1_P3,open,item,Bouzouki,Tambura,
qwen25vl,E5_img_0628_mixed_N3_k1_P3,open,country,Greece,Bulgaria,
qwen25vl,E5_img_0628_mixed_N4_k4_P3,open,item,Mandolin,Tambura,
qwen25vl,E5_img_0628_mixed_N5_k1_P3,open,item,Mandolin,Tambura,
qwen25vl,E6_img_0628_mixed_N1_k1_P4,open,item,Lute,Tambura,
qwen25vl,E6_img_0628_mixed_N2_k2_P4,open,item,Lute,Tambura,
qwen25vl,E6_img_0628_mixed_N3_k1_P4,open,item,Lute,Tambura,
qwen25vl,E6_img_0628_mixed_N4_k4_P4,open,item,Mandolin,Tambura,
qwen25vl,E6_img_0628_mixed_N5_k1_P4,open,item,Lute,Tambura,
qwen25vl,E1_img_0608_mixed_N1_k1_P1,open,item,Ukulele,Requinto jarocho,
qwen25vl,E1_img_0608_mixed_N1_k1_P1,open,country,Hawaii,Mexico,
qwen25vl,E1_img_0608_mixed_N2_k1_P1,open,item,Ukulele,Requinto jarocho,
qwen25vl,E1_img_0608_mixed_N2_k1_P1,open,country,Hawaii,Mexico,
qwen25vl,E1_img_0608_mixed_N3_k2_P1,open,item,Ukulele,Requinto jarocho,
qwen25vl,E1_img_0608_mixed_N3_k2_P1,open,country,Hawaii,Mexico,
qwen25vl,E1_img_0608_mixed_N4_k1_P1,open,item,Ukulele,Requinto jarocho,
qwen25vl,E1_img_0608_mixed_N4_k1_P1,open,country,Hawaii,Mexico,
qwen25vl,E2_img_0608_mixed_N5_k1_P1,open,item,Ukulele,Requinto jarocho,
qwen25vl,E2_img_0608_mixed_N5_k1_P1,open,country,Hawaii,Mexico,
qwen25vl,E2_img_0608_mixed_N5_k2_P1,open,item,Ukulele,Requinto jarocho,
qwen25vl,E2_img_0608_mixed_N5_k2_P1,open,country,Hawaii,Mexico,
qwen25vl,E2_img_0608_mixed_N5_k3_P1,open,item,Ukulele,Requinto jarocho,
qwen25vl,E2_img_0608_mixed_N5_k3_P1,open,country,Hawaii,Mexico,
qwen25vl,E2_img_0608_mixed_N5_k4_P1,open,item,Ukulele,Requinto jarocho,
qwen25vl,E2_img_0608_mixed_N5_k4_P1,open,country,Hawaii,Mexico,
qwen25vl,E2_img_0608_mixed_N5_k5_P1,open,item,Ukulele,Requinto jarocho,
qwen25vl,E2_img_0608_mixed_N5_k5_P1,open,country,Hawaii,Mexico,
qwen25vl,E3_img_0608_near_N2_k1_P1,open,item,Ukulele,Requinto jarocho,
qwen25vl,E3_img_0608_near_N2_k1_P1,open,country,Hawaii,Mexico,
qwen25vl,E3_img_0608_near_N5_k2_P1,open,item,Ukulele,Requinto jarocho,
qwen25vl,E3_img_0608_near_N5_k2_P1,open,country,Hawaii,Mexico,
qwen25vl,E3_img_0608_far_N2_k1_P1,open,item,Ukulele,Requinto jarocho,
qwen25vl,E3_img_0608_far_N2_k1_P1,open,country,Hawaii,Mexico,
qwen25vl,E3_img_0608_far_N5_k2_P1,open,item,Ukulele,Requinto jarocho,
qwen25vl,E3_img_0608_far_N5_k2_P1,open,country,Hawaii,Mexico,
qwen25vl,E5_img_0629_mixed_N1_k1_P3,open,item,Drum,Teponaztli,
qwen25vl,E5_img_0629_mixed_N2_k1_P3,open,item,Drum,Teponaztli,
qwen25vl,E5_img_0629_mixed_N2_k1_P3,open,country,China,Mexico,
qwen25vl,E5_img_0629_mixed_N3_k1_P3,open,item,Drum,Teponaztli,
qwen25vl,E5_img_0629_mixed_N3_k1_P3,open,country,China,Mexico,
qwen25vl,E6_img_0629_mixed_N1_k1_P4,open,item,Drum,Teponaztli,
qwen25vl,E6_img_0629_mixed_N1_k1_P4,open,country,China,Mexico,
qwen25vl,E6_img_0629_mixed_N2_k1_P4,open,item,tambour,Teponaztli,
qwen25vl,E6_img_0629_mixed_N3_k1_P4,open,item,tambour,Teponaztli,
qwen25vl,E6_img_0629_mixed_N5_k4_P4,open,item,Drum,Teponaztli,
qwen25vl,E6_img_0629_mixed_N5_k4_P4,open,country,China,Mexico,
qwen25vl,E1_img_0602_mixed_N1_k1_P1,open,item,Bagpipe,Pibgorn,
qwen25vl,E1_img_0602_mixed_N2_k2_P1,open,item,Bagpipe,Pibgorn,
qwen25vl,E1_img_0602_mixed_N3_k2_P1,open,item,Bagpipe,Pibgorn,
qwen25vl,E1_img_0602_mixed_N4_k4_P1,open,item,Bagpipe,Pibgorn,
qwen25vl,E2_img_0602_mixed_N5_k1_P1,open,item,Bagpipe,Pibgorn,
qwen25vl,E2_img_0602_mixed_N5_k2_P1,open,item,Bagpipe,Pibgorn,
qwen25vl,E2_img_0602_mixed_N5_k3_P1,open,item,Bagpipe,Pibgorn,
qwen25vl,E2_img_0602_mixed_N5_k4_P1,open,item,Bagpipe,Pibgorn,
qwen25vl,E2_img_0602_mixed_N5_k5_P1,open,item,Bagpipe,Pibgorn,
qwen25vl,E3_img_0602_near_N2_k2_P1,open,item,Bagpipe,Pibgorn,
qwen25vl,E3_img_0602_near_N5_k5_P1,open,item,Bagpipe,Pibgorn,
qwen25vl,E3_img_0602_far_N2_k2_P1,open,item,Bagpipe,Pibgorn,
qwen25vl,E3_img_0602_far_N5_k5_P1,open,item,Bagpipe,Pibgorn,
qwen25vl,E1_img_0618_mixed_N1_k1_P1,open,item,Koto,Shamisen,
qwen25vl,E1_img_0618_mixed_N2_k1_P1,open,item,Koto,Shamisen,
qwen25vl,E1_img_0618_mixed_N4_k1_P1,open,item,Koto,Shamisen,
qwen25vl,E2_img_0618_mixed_N5_k1_P1,open,item,Koto,Shamisen,
qwen25vl,E2_img_0618_mixed_N5_k2_P1,open,item,Koto,Shamisen,
qwen25vl,E2_img_0618_mixed_N5_k3_P1,open,item,Koto,Shamisen,
qwen25vl,E2_img_0618_mixed_N5_k4_P1,open,item,Koto,Shamisen,
qwen25vl,E2_img_0618_mixed_N5_k5_P1,open,item,Saz,Shamisen,
qwen25vl,E2_img_0618_mixed_N5_k5_P1,open,country,Turkey,Japan,
qwen25vl,E3_img_0618_near_N2_k1_P1,open,item,Koto,Shamisen,
qwen25vl,E3_img_0618_near_N5_k1_P1,open,item,Koto,Shamisen,
qwen25vl,E3_img_0618_far_N2_k1_P1,open,item,Koto,Shamisen,
qwen25vl,E3_img_0618_far_N5_k1_P1,open,item,Koto,Shamisen,
qwen25vl,E1_img_0575_mixed_N3_k1_P1,open,item,Duduk,Hne,
qwen25vl,E1_img_0575_mixed_N3_k1_P1,open,country,Armenia,Myanmar,
qwen25vl,E1_img_0575_mixed_N4_k2_P1,open,item,Duduk,Hne,
qwen25vl,E1_img_0575_mixed_N4_k2_P1,open,country,Armenia,Myanmar,
qwen25vl,E2_img_0575_mixed_N5_k1_P1,open,item,Duduk,Hne,
qwen25vl,E2_img_0575_mixed_N5_k1_P1,open,country,Armenia,Myanmar,
qwen25vl,E2_img_0575_mixed_N5_k2_P1,open,item,Duduk,Hne,
qwen25vl,E2_img_0575_mixed_N5_k2_P1,open,country,Armenia,Myanmar,
qwen25vl,E2_img_0575_mixed_N5_k3_P1,open,item,Duduk,Hne,
qwen25vl,E2_img_0575_mixed_N5_k3_P1,open,country,Armenia,Myanmar,
qwen25vl,E2_img_0575_mixed_N5_k4_P1,open,item,Duduk,Hne,
qwen25vl,E2_img_0575_mixed_N5_k4_P1,open,country,Armenia,Myanmar,
qwen25vl,E2_img_0575_mixed_N5_k5_P1,open,item,Duduk,Hne,
qwen25vl,E2_img_0575_mixed_N5_k5_P1,open,country,Armenia,Myanmar,
qwen25vl,E5_img_0575_mixed_N1_k1_P2,open,country,China,Myanmar,
qwen25vl,E5_img_0575_mixed_N2_k2_P2,open,item,Duduk,Hne,
qwen25vl,E5_img_0575_mixed_N2_k2_P2,open,country,Armenia,Myanmar,
qwen25vl,E5_img_0575_mixed_N3_k1_P2,open,item,Duduk,Hne,
qwen25vl,E5_img_0575_mixed_N3_k1_P2,open,country,Armenia,Myanmar,
qwen25vl,E5_img_0575_mixed_N4_k2_P2,open,item,Duduk,Hne,
qwen25vl,E5_img_0575_mixed_N4_k2_P2,open,country,Armenia,Myanmar,
qwen25vl,E5_img_0575_mixed_N5_k2_P2,open,item,Duduk,Hne,
qwen25vl,E5_img_0575_mixed_N5_k2_P2,open,country,Armenia,Myanmar,
qwen25vl,E5_img_0575_mixed_N1_k1_P3,open,country,China,Myanmar,
qwen25vl,E5_img_0575_mixed_N2_k2_P3,open,item,Dizi,Hne,
qwen25vl,E5_img_0575_mixed_N2_k2_P3,open,country,China,Myanmar,
qwen25vl,E5_img_0575_mixed_N3_k1_P3,open,item,Duduk,Hne,
qwen25vl,E5_img_0575_mixed_N3_k1_P3,open,country,Armenia,Myanmar,
qwen25vl,E5_img_0575_mixed_N4_k2_P3,open,item,Duduk,Hne,
qwen25vl,E5_img_0575_mixed_N4_k2_P3,open,country,Armenia,Myanmar,
qwen25vl,E5_img_0575_mixed_N5_k2_P3,open,item,Duduk,Hne,
qwen25vl,E5_img_0575_mixed_N5_k2_P3,open,country,Armenia,Myanmar,
qwen25vl,E6_img_0575_mixed_N1_k1_P4,open,item,Sheng,Hne,
qwen25vl,E6_img_0575_mixed_N1_k1_P4,open,country,China,Myanmar,
qwen25vl,E6_img_0575_mixed_N2_k2_P4,open,item,Shakuhachi,Hne,
qwen25vl,E6_img_0575_mixed_N2_k2_P4,open,country,Japan,Myanmar,
qwen25vl,E6_img_0575_mixed_N3_k1_P4,open,item,Sheng,Hne,
qwen25vl,E6_img_0575_mixed_N3_k1_P4,open,country,China,Myanmar,
qwen25vl,E6_img_0575_mixed_N4_k2_P4,open,item,Metal Pipe Organ,Hne,
qwen25vl,E6_img_0575_mixed_N5_k2_P4,open,country,India,Myanmar,
qwen25vl,E1_img_0594_mixed_N1_k1_P1,open,item,Khaen,Mi gyaung,
qwen25vl,E1_img_0594_mixed_N1_k1_P1,open,country,Laos,Myanmar,
qwen25vl,E1_img_0594_mixed_N2_k1_P1,open,item,Khaen,Mi gyaung,
qwen25vl,E1_img_0594_mixed_N2_k1_P1,open,country,Laos,Myanmar,
qwen25vl,E1_img_0594_mixed_N3_k2_P1,open,item,Khaen,Mi gyaung,
qwen25vl,E1_img_0594_mixed_N3_k2_P1,open,country,Laos,Myanmar,
qwen25vl,E1_img_0594_mixed_N4_k3_P1,open,item,Khaen,Mi gyaung,
qwen25vl,E1_img_0594_mixed_N4_k3_P1,open,country,Laos,Myanmar,
qwen25vl,E2_img_0594_mixed_N5_k1_P1,open,item,Khaen,Mi gyaung,
qwen25vl,E2_img_0594_mixed_N5_k1_P1,open,country,Thailand,Myanmar,
qwen25vl,E2_img_0594_mixed_N5_k2_P1,open,item,Khaen,Mi gyaung,
qwen25vl,E2_img_0594_mixed_N5_k2_P1,open,country,Laos,Myanmar,
qwen25vl,E2_img_0594_mixed_N5_k3_P1,open,item,Khaen,Mi gyaung,
qwen25vl,E2_img_0594_mixed_N5_k3_P1,open,country,Laos,Myanmar,
qwen25vl,E2_img_0594_mixed_N5_k4_P1,open,item,Khaen,Mi gyaung,
qwen25vl,E2_img_0594_mixed_N5_k4_P1,open,country,Laos,Myanmar,
qwen25vl,E2_img_0594_mixed_N5_k5_P1,open,item,Khaen,Mi gyaung,
qwen25vl,E2_img_0594_mixed_N5_k5_P1,open,country,Laos,Myanmar,
qwen25vl,E3_img_0594_near_N2_k1_P1,open,item,Khaen,Mi gyaung,
qwen25vl,E3_img_0594_near_N2_k1_P1,open,country,Laos,Myanmar,
qwen25vl,E3_img_0594_near_N5_k3_P1,open,item,Khaen,Mi gyaung,
qwen25vl,E3_img_0594_near_N5_k3_P1,open,country,Laos,Myanmar,
qwen25vl,E3_img_0594_far_N2_k1_P1,open,item,Khaen,Mi gyaung,
qwen25vl,E3_img_0594_far_N2_k1_P1,open,country,Laos,Myanmar,
qwen25vl,E3_img_0594_far_N5_k3_P1,open,item,Khaen,Mi gyaung,
qwen25vl,E3_img_0594_far_N5_k3_P1,open,country,Thailand,Myanmar,
qwen25vl,E1_img_0606_mixed_N1_k1_P1,open,item,Lute,Qanbūs,
qwen25vl,E1_img_0606_mixed_N2_k1_P1,open,item,Lute,Qanbūs,
qwen25vl,E1_img_0606_mixed_N3_k1_P1,open,item,Lute,Qanbūs,
qwen25vl,E1_img_0606_mixed_N4_k1_P1,open,item,Lute,Qanbūs,
qwen25vl,E2_img_0606_mixed_N5_k1_P1,open,item,Lute,Qanbūs,
qwen25vl,E2_img_0606_mixed_N5_k2_P1,open,item,Lute,Qanbūs,
qwen25vl,E2_img_0606_mixed_N5_k3_P1,open,item,Lute,Qanbūs,
qwen25vl,E2_img_0606_mixed_N5_k4_P1,open,item,Lute,Qanbūs,
qwen25vl,E2_img_0606_mixed_N5_k5_P1,open,item,Oud,Qanbūs,
qwen25vl,E3_img_0606_near_N2_k1_P1,open,item,Lute,Qanbūs,
qwen25vl,E3_img_0606_near_N5_k5_P1,open,item,Lute,Qanbūs,
qwen25vl,E3_img_0606_far_N2_k1_P1,open,item,Oud,Qanbūs,
qwen25vl,E3_img_0606_far_N5_k5_P1,open,item,Oud,Qanbūs,
qwen25vl,E5_img_0606_mixed_N1_k1_P2,open,item,Lute,Qanbūs,
qwen25vl,E5_img_0606_mixed_N1_k1_P2,open,country,Italy,Yemen,
qwen25vl,E5_img_0606_mixed_N2_k1_P2,open,item,Oud,Qanbūs,
qwen25vl,E5_img_0606_mixed_N2_k1_P2,open,country,Egypt,Yemen,
qwen25vl,E5_img_0606_mixed_N3_k1_P2,open,item,Oud,Qanbūs,
qwen25vl,E5_img_0606_mixed_N4_k1_P2,open,item,Oud,Qanbūs,
qwen25vl,E5_img_0606_mixed_N5_k5_P2,open,item,Oud,Qanbūs,
qwen25vl,E5_img_0606_mixed_N1_k1_P3,open,item,Oud,Qanbūs,
qwen25vl,E5_img_0606_mixed_N2_k1_P3,open,item,Oud,Qanbūs,
qwen25vl,E5_img_0606_mixed_N3_k1_P3,open,item,Oud,Qanbūs,
qwen25vl,E5_img_0606_mixed_N4_k1_P3,open,item,Oud,Qanbūs,
qwen25vl,E5_img_0606_mixed_N5_k5_P3,open,item,Oud,Qanbūs,
qwen25vl,E6_img_0606_mixed_N1_k1_P4,open,item,Lute,Qanbūs,
qwen25vl,E6_img_0606_mixed_N1_k1_P4,open,country,Italy,Yemen,
qwen25vl,E6_img_0606_mixed_N2_k1_P4,open,item,Lute,Qanbūs,
qwen25vl,E6_img_0606_mixed_N2_k1_P4,open,country,Turkey,Yemen,
qwen25vl,E6_img_0606_mixed_N3_k1_P4,open,item,Lute,Qanbūs,
qwen25vl,E6_img_0606_mixed_N3_k1_P4,open,country,Turkey,Yemen,
qwen25vl,E6_img_0606_mixed_N4_k1_P4,open,item,Lute,Qanbūs,
qwen25vl,E6_img_0606_mixed_N4_k1_P4,open,country,Turkey,Yemen,
qwen25vl,E6_img_0606_mixed_N5_k5_P4,open,item,Lute,Qanbūs,
qwen25vl,E6_img_0606_mixed_N5_k5_P4,open,country,Turkey,Yemen,
qwen25vl,E1_img_0592_mixed_N1_k1_P1,open,item,Kora,Marovany,
qwen25vl,E1_img_0592_mixed_N2_k2_P1,open,item,Kora,Marovany,
qwen25vl,E1_img_0592_mixed_N3_k2_P1,open,item,Kora,Marovany,
qwen25vl,E1_img_0592_mixed_N4_k2_P1,open,item,Kora,Marovany,
qwen25vl,E2_img_0592_mixed_N5_k1_P1,open,item,Kora,Marovany,
qwen25vl,E2_img_0592_mixed_N5_k2_P1,open,item,Kora,Marovany,
qwen25vl,E2_img_0592_mixed_N5_k3_P1,open,item,Kora,Marovany,
qwen25vl,E2_img_0592_mixed_N5_k4_P1,open,item,Kora,Marovany,
qwen25vl,E2_img_0592_mixed_N5_k5_P1,open,item,Kora,Marovany,
qwen25vl,E2_img_0592_mixed_N5_k5_P1,open,country,Gambia,Madagascar,
qwen25vl,E3_img_0592_near_N2_k2_P1,open,item,Kora,Marovany,
qwen25vl,E3_img_0592_near_N5_k1_P1,open,item,Kora,Marovany,
qwen25vl,E3_img_0592_far_N2_k2_P1,open,item,Kora,Marovany,
qwen25vl,E3_img_0592_far_N5_k1_P1,open,item,Kora,Marovany,
qwen25vl,E1_img_0562_mixed_N1_k1_P1,open,item,Bouzouki,Gadulka,
qwen25vl,E1_img_0562_mixed_N1_k1_P1,open,country,Greece,Bulgaria,
qwen25vl,E1_img_0562_mixed_N2_k1_P1,open,item,Bandura,Gadulka,
qwen25vl,E1_img_0562_mixed_N2_k1_P1,open,country,Ukraine,Bulgaria,
qwen25vl,E1_img_0562_mixed_N3_k3_P1,open,item,Bandura,Gadulka,
qwen25vl,E1_img_0562_mixed_N3_k3_P1,open,country,Ukraine,Bulgaria,
qwen25vl,E1_img_0562_mixed_N4_k3_P1,open,item,Bandura,Gadulka,
qwen25vl,E1_img_0562_mixed_N4_k3_P1,open,country,Ukraine,Bulgaria,
qwen25vl,E2_img_0562_mixed_N5_k1_P1,open,item,Bandura,Gadulka,
qwen25vl,E2_img_0562_mixed_N5_k1_P1,open,country,Ukraine,Bulgaria,
qwen25vl,E2_img_0562_mixed_N5_k2_P1,open,item,Bandura,Gadulka,
qwen25vl,E2_img_0562_mixed_N5_k2_P1,open,country,Ukraine,Bulgaria,
qwen25vl,E2_img_0562_mixed_N5_k3_P1,open,item,Bandura,Gadulka,
qwen25vl,E2_img_0562_mixed_N5_k3_P1,open,country,Ukraine,Bulgaria,
qwen25vl,E2_img_0562_mixed_N5_k4_P1,open,item,Bandura,Gadulka,
qwen25vl,E2_img_0562_mixed_N5_k4_P1,open,country,Ukraine,Bulgaria,
qwen25vl,E2_img_0562_mixed_N5_k5_P1,open,item,Bandura,Gadulka,
qwen25vl,E2_img_0562_mixed_N5_k5_P1,open,country,Ukraine,Bulgaria,
qwen25vl,E3_img_0562_near_N2_k1_P1,open,item,Baglama,Gadulka,
qwen25vl,E3_img_0562_near_N2_k1_P1,open,country,Turkey,Bulgaria,
qwen25vl,E3_img_0562_near_N5_k2_P1,open,item,Bandura,Gadulka,
qwen25vl,E3_img_0562_far_N2_k1_P1,open,item,Baglama,Gadulka,
qwen25vl,E3_img_0562_far_N2_k1_P1,open,country,Turkey,Bulgaria,
qwen25vl,E3_img_0562_far_N5_k2_P1,open,item,Baglama,Gadulka,
qwen25vl,E3_img_0562_far_N5_k2_P1,open,country,Turkey,Bulgaria,
qwen25vl,E1_img_0558_mixed_N1_k1_P1,open,item,Flute,Dvoyanka,
qwen25vl,E1_img_0558_mixed_N2_k2_P1,open,item,Flute,Dvoyanka,
qwen25vl,E1_img_0558_mixed_N4_k4_P1,open,item,Flute,Dvoyanka,
qwen25vl,E2_img_0558_mixed_N5_k1_P1,open,item,Flute,Dvoyanka,
qwen25vl,E2_img_0558_mixed_N5_k3_P1,open,item,Flute,Dvoyanka,
qwen25vl,E2_img_0558_mixed_N5_k4_P1,open,item,Flute,Dvoyanka,
qwen25vl,E2_img_0558_mixed_N5_k5_P1,open,item,Flute,Dvoyanka,
qwen25vl,E3_img_0558_near_N2_k2_P1,open,item,Flute,Dvoyanka,
qwen25vl,E3_img_0558_near_N5_k3_P1,open,item,Flute,Dvoyanka,
qwen25vl,E3_img_0558_far_N5_k3_P1,open,item,Flute,Dvoyanka,
qwen25vl,E5_img_0558_mixed_N2_k2_P2,open,item,Flute,Dvoyanka,
qwen25vl,E5_img_0558_mixed_N4_k4_P2,open,item,Flute,Dvoyanka,
qwen25vl,E5_img_0558_mixed_N5_k3_P2,open,item,Flute,Dvoyanka,
qwen25vl,E6_img_0558_mixed_N1_k1_P4,open,item,Flute,Dvoyanka,
qwen25vl,E6_img_0558_mixed_N2_k2_P4,open,item,Flute,Dvoyanka,
qwen25vl,E6_img_0558_mixed_N3_k1_P4,open,item,Flute,Dvoyanka,
qwen25vl,E6_img_0558_mixed_N4_k4_P4,open,item,Flute,Dvoyanka,
qwen25vl,E6_img_0558_mixed_N5_k3_P4,open,item,Flute,Dvoyanka,
qwen25vl,E1_img_0623_mixed_N1_k1_P1,open,item,Lute,Swedish lute,
qwen25vl,E1_img_0623_mixed_N2_k2_P1,open,item,Lute,Swedish lute,
qwen25vl,E1_img_0623_mixed_N2_k2_P1,open,country,Italy,Sweden,
qwen25vl,E1_img_0623_mixed_N3_k3_P1,open,item,Lute,Swedish lute,
qwen25vl,E1_img_0623_mixed_N3_k3_P1,open,country,Italy,Sweden,
qwen25vl,E1_img_0623_mixed_N4_k2_P1,open,item,Lute,Swedish lute,
qwen25vl,E1_img_0623_mixed_N4_k2_P1,open,country,Italy,Sweden,
qwen25vl,E2_img_0623_mixed_N5_k1_P1,open,item,Lute,Swedish lute,
qwen25vl,E2_img_0623_mixed_N5_k1_P1,open,country,Italy,Sweden,
qwen25vl,E2_img_0623_mixed_N5_k2_P1,open,item,Lute,Swedish lute,
qwen25vl,E2_img_0623_mixed_N5_k2_P1,open,country,Italy,Sweden,
qwen25vl,E2_img_0623_mixed_N5_k3_P1,open,item,Lute,Swedish lute,
qwen25vl,E2_img_0623_mixed_N5_k3_P1,open,country,Italy,Sweden,
qwen25vl,E2_img_0623_mixed_N5_k4_P1,open,item,Lute,Swedish lute,
qwen25vl,E2_img_0623_mixed_N5_k4_P1,open,country,Italy,Sweden,
qwen25vl,E2_img_0623_mixed_N5_k5_P1,open,item,Lute,Swedish lute,
qwen25vl,E2_img_0623_mixed_N5_k5_P1,open,country,Italy,Sweden,
qwen25vl,E3_img_0623_near_N2_k2_P1,open,item,Lute,Swedish lute,
qwen25vl,E3_img_0623_near_N5_k5_P1,open,item,Lute,Swedish lute,
qwen25vl,E3_img_0623_far_N2_k2_P1,open,item,Lute,Swedish lute,
qwen25vl,E3_img_0623_far_N2_k2_P1,open,country,Italy,Sweden,
qwen25vl,E3_img_0623_far_N5_k5_P1,open,item,Lute,Swedish lute,
qwen25vl,E3_img_0623_far_N5_k5_P1,open,country,Italy,Sweden,
qwen25vl,E1_img_0631_mixed_N1_k1_P1,open,item,Erhu,Tonkori,
qwen25vl,E1_img_0631_mixed_N1_k1_P1,open,country,China,Japan,
qwen25vl,E1_img_0631_mixed_N2_k2_P1,open,item,Guzheng,Tonkori,
qwen25vl,E1_img_0631_mixed_N2_k2_P1,open,country,China,Japan,
qwen25vl,E1_img_0631_mixed_N3_k2_P1,open,item,Erhu,Tonkori,
qwen25vl,E1_img_0631_mixed_N3_k2_P1,open,country,China,Japan,
qwen25vl,E1_img_0631_mixed_N4_k4_P1,open,item,Guzheng,Tonkori,
qwen25vl,E1_img_0631_mixed_N4_k4_P1,open,country,China,Japan,
qwen25vl,E2_img_0631_mixed_N5_k1_P1,open,item,Erhu,Tonkori,
qwen25vl,E2_img_0631_mixed_N5_k1_P1,open,country,China,Japan,
qwen25vl,E2_img_0631_mixed_N5_k2_P1,open,item,Erhu,Tonkori,
qwen25vl,E2_img_0631_mixed_N5_k2_P1,open,country,China,Japan,
qwen25vl,E2_img_0631_mixed_N5_k3_P1,open,item,Erhu,Tonkori,
qwen25vl,E2_img_0631_mixed_N5_k3_P1,open,country,China,Japan,
qwen25vl,E2_img_0631_mixed_N5_k4_P1,open,item,Guzheng,Tonkori,
qwen25vl,E2_img_0631_mixed_N5_k4_P1,open,country,China,Japan,
qwen25vl,E2_img_0631_mixed_N5_k5_P1,open,item,Guzheng,Tonkori,
qwen25vl,E2_img_0631_mixed_N5_k5_P1,open,country,China,Japan,
qwen25vl,E3_img_0631_near_N2_k2_P1,open,item,Guqin,Tonkori,
qwen25vl,E3_img_0631_near_N2_k2_P1,open,country,China,Japan,
qwen25vl,E3_img_0631_near_N5_k2_P1,open,item,Guzheng,Tonkori,
qwen25vl,E3_img_0631_near_N5_k2_P1,open,country,China,Japan,
qwen25vl,E3_img_0631_far_N2_k2_P1,open,item,Erhu,Tonkori,
qwen25vl,E3_img_0631_far_N2_k2_P1,open,country,China,Japan,
qwen25vl,E3_img_0631_far_N5_k2_P1,open,item,Erhu,Tonkori,
qwen25vl,E3_img_0631_far_N5_k2_P1,open,country,China,Japan,
qwen25vl,E1_img_0607_mixed_N1_k1_P1,open,item,Marimba,Ranat,
qwen25vl,E1_img_0607_mixed_N2_k1_P1,open,item,Marimba,Ranat,
qwen25vl,E1_img_0607_mixed_N3_k3_P1,open,item,Marimba,Ranat,
qwen25vl,E1_img_0607_mixed_N4_k1_P1,open,item,Marimba,Ranat,
qwen25vl,E2_img_0607_mixed_N5_k1_P1,open,item,Marimba,Ranat,
qwen25vl,E2_img_0607_mixed_N5_k2_P1,open,item,Marimba,Ranat,
qwen25vl,E2_img_0607_mixed_N5_k3_P1,open,item,Marimba,Ranat,
qwen25vl,E2_img_0607_mixed_N5_k4_P1,open,item,Marimba,Ranat,
qwen25vl,E2_img_0607_mixed_N5_k5_P1,open,item,Marimba,Ranat,
qwen25vl,E3_img_0607_near_N2_k1_P1,open,item,Marimba,Ranat,
qwen25vl,E3_img_0607_near_N5_k3_P1,open,item,Marimba,Ranat,
qwen25vl,E3_img_0607_far_N2_k1_P1,open,item,Marimba,Ranat,
qwen25vl,E3_img_0607_far_N5_k3_P1,open,item,Marimba,Ranat,
qwen25vl,E3_img_0548_near_N5_k5_P1,open,item,Céilí,Çeng,
qwen25vl,E3_img_0548_near_N5_k5_P1,open,country,Ireland,Turkey,
qwen25vl,E1_img_0591_mixed_N1_k1_P1,open,item,Tabla,Madal,
qwen25vl,E1_img_0591_mixed_N1_k1_P1,open,country,India,Nepal,
qwen25vl,E1_img_0591_mixed_N2_k2_P1,open,item,Tabla,Madal,
qwen25vl,E1_img_0591_mixed_N2_k2_P1,open,country,India,Nepal,
qwen25vl,E1_img_0591_mixed_N3_k3_P1,open,item,Tabla,Madal,
qwen25vl,E1_img_0591_mixed_N3_k3_P1,open,country,India,Nepal,
qwen25vl,E1_img_0591_mixed_N4_k4_P1,open,item,Tabla,Madal,
qwen25vl,E1_img_0591_mixed_N4_k4_P1,open,country,India,Nepal,
qwen25vl,E2_img_0591_mixed_N5_k1_P1,open,item,Tabla,Madal,
qwen25vl,E2_img_0591_mixed_N5_k1_P1,open,country,India,Nepal,
qwen25vl,E2_img_0591_mixed_N5_k2_P1,open,item,Tabla,Madal,
qwen25vl,E2_img_0591_mixed_N5_k2_P1,open,country,India,Nepal,
qwen25vl,E2_img_0591_mixed_N5_k3_P1,open,item,Tabla,Madal,
qwen25vl,E2_img_0591_mixed_N5_k3_P1,open,country,India,Nepal,
qwen25vl,E2_img_0591_mixed_N5_k4_P1,open,item,Tabla,Madal,
qwen25vl,E2_img_0591_mixed_N5_k4_P1,open,country,India,Nepal,
qwen25vl,E2_img_0591_mixed_N5_k5_P1,open,item,Tabla,Madal,
qwen25vl,E2_img_0591_mixed_N5_k5_P1,open,country,India,Nepal,
qwen25vl,E3_img_0591_far_N2_k2_P1,open,item,Tabla,Madal,
qwen25vl,E3_img_0591_far_N2_k2_P1,open,country,India,Nepal,
qwen25vl,E3_img_0591_far_N5_k1_P1,open,item,Tabla,Madal,
qwen25vl,E3_img_0591_far_N5_k1_P1,open,country,India,Nepal,
qwen25vl,E6_img_0543_mixed_N5_k2_P4,open,item,Saz,Bandura,
qwen25vl,E6_img_0543_mixed_N5_k2_P4,open,country,Turkey,Ukraine,
qwen25vl,E1_img_0568_mixed_N1_k1_P1,open,item,Banjo,Ghijak,
qwen25vl,E1_img_0568_mixed_N2_k2_P1,open,item,Banjo,Ghijak,
qwen25vl,E1_img_0568_mixed_N3_k2_P1,open,item,Banjo,Ghijak,
qwen25vl,E1_img_0568_mixed_N4_k2_P1,open,item,Banjo,Ghijak,
qwen25vl,E2_img_0568_mixed_N5_k1_P1,open,item,Banjo,Ghijak,
qwen25vl,E2_img_0568_mixed_N5_k2_P1,open,item,Banjo,Ghijak,
qwen25vl,E2_img_0568_mixed_N5_k3_P1,open,item,Banjo,Ghijak,
qwen25vl,E2_img_0568_mixed_N5_k4_P1,open,item,Banjo,Ghijak,
qwen25vl,E2_img_0568_mixed_N5_k5_P1,open,item,Banjo,Ghijak,
qwen25vl,E3_img_0568_near_N2_k2_P1,open,item,Banjo,Ghijak,
qwen25vl,E3_img_0568_near_N5_k3_P1,open,item,Banjo,Ghijak,
qwen25vl,E3_img_0568_far_N2_k2_P1,open,item,Banjo,Ghijak,
qwen25vl,E3_img_0568_far_N5_k3_P1,open,item,Banjo,Ghijak,
qwen25vl,E1_img_0565_mixed_N3_k3_P1,open,item,Drum,Garamut,
qwen25vl,E1_img_0565_mixed_N4_k3_P1,open,item,Drum,Garamut,
qwen25vl,E2_img_0565_mixed_N5_k1_P1,open,country,Tonga,Papua New Guinea,
qwen25vl,E2_img_0565_mixed_N5_k2_P1,open,item,Didgeridoo,Garamut,
qwen25vl,E2_img_0565_mixed_N5_k2_P1,open,country,Australia,Papua New Guinea,
qwen25vl,E2_img_0565_mixed_N5_k3_P1,open,item,Drum,Garamut,
qwen25vl,E2_img_0565_mixed_N5_k4_P1,open,item,Drum,Garamut,
qwen25vl,E2_img_0565_mixed_N5_k5_P1,open,country,Tonga,Papua New Guinea,
qwen25vl,E2_img_0621_mixed_N5_k3_P1,open,country,Jamaica,Trinidad and Tobago,
qwen25vl,E5_img_0621_mixed_N5_k5_P3,open,country,Jamaica,Trinidad and Tobago,
qwen25vl,LEAK_img_0724_mixed_leak,open,item,Eiffel Tower,Göbekli Tepe,
qwen25vl,LEAK_img_0724_mixed_leak,open,country,France,Turkey,
qwen25vl,LEAK_img_0666_mixed_leak,open,item,Eiffel Tower,Batalha Monastery,
qwen25vl,LEAK_img_0666_mixed_leak,open,country,France,Portugal,
qwen25vl,E1_img_0880_mixed_N1_k1_P1,open,item,Meteora Monasteries,Varlaam monastery,
qwen25vl,E1_img_0880_mixed_N2_k1_P1,open,item,Meteora Monasteries,Varlaam monastery,
qwen25vl,E1_img_0880_mixed_N3_k3_P1,open,item,Meteora Monasteries,Varlaam monastery,
qwen25vl,E1_img_0880_mixed_N4_k3_P1,open,item,Meteora Monasteries,Varlaam monastery,
qwen25vl,E2_img_0880_mixed_N5_k2_P1,open,item,Meteora Monasteries,Varlaam monastery,
qwen25vl,E2_img_0880_mixed_N5_k3_P1,open,item,Meteora Monasteries,Varlaam monastery,
qwen25vl,E2_img_0880_mixed_N5_k4_P1,open,item,Meteora Monasteries,Varlaam monastery,
qwen25vl,E2_img_0880_mixed_N5_k5_P1,open,item,Meteora Monasteries,Varlaam monastery,
qwen25vl,LEAK_img_0880_mixed_leak,open,item,Eiffel Tower,Varlaam monastery,
qwen25vl,E3_img_0880_near_N2_k1_P1,open,item,Meteora Monasteries,Varlaam monastery,
qwen25vl,E3_img_0880_near_N5_k3_P1,open,item,Meteora Monasteries,Varlaam monastery,
qwen25vl,E3_img_0880_far_N2_k1_P1,open,item,Meteora Monasteries,Varlaam monastery,
qwen25vl,E3_img_0880_far_N5_k3_P1,open,item,Meteora Monasteries,Varlaam monastery,
qwen25vl,LEAK_img_0780_mixed_leak,open,item,Eiffel Tower,Mosque-Cathedral of Cordoba,
qwen25vl,LEAK_img_0780_mixed_leak,open,country,France,Spain,
qwen25vl,LEAK_img_0818_mixed_leak,open,item,Eiffel Tower,Residence of Bukovinian and Dalmatian Metropolitans,
qwen25vl,LEAK_img_0698_mixed_leak,open,item,Eiffel Tower,Citadelle Laferrière,
qwen25vl,LEAK_img_0858_mixed_leak,open,item,Eiffel Tower,Takht-e Soleyman,
qwen25vl,LEAK_img_0858_mixed_leak,open,country,France,Iran,
qwen25vl,LEAK_img_0810_mixed_leak,open,item,Eiffel Tower,Princely Abbey of Corvey,
qwen25vl,E1_img_0801_mixed_N1_k1_P1,open,item,Bullring,Plaza de toros de Acho,
qwen25vl,E1_img_0801_mixed_N2_k1_P1,open,item,Bullring,Plaza de toros de Acho,
qwen25vl,E1_img_0801_mixed_N3_k3_P1,open,item,Bullring,Plaza de toros de Acho,
qwen25vl,E1_img_0801_mixed_N4_k1_P1,open,item,Bullring,Plaza de toros de Acho,
qwen25vl,E2_img_0801_mixed_N5_k1_P1,open,item,Bullring,Plaza de toros de Acho,
qwen25vl,E2_img_0801_mixed_N5_k4_P1,open,item,Bullring,Plaza de toros de Acho,
qwen25vl,LEAK_img_0801_mixed_leak,open,item,Eiffel Tower,Plaza de toros de Acho,
qwen25vl,LEAK_img_0801_mixed_leak,open,country,France,Peru,
qwen25vl,LEAK_img_0792_mixed_leak,open,item,Eiffel Tower,Palace of Fontainebleau,
qwen25vl,LEAK_img_0805_mixed_leak,open,item,Eiffel Tower,Pontcysyllte Aqueduct,
qwen25vl,LEAK_img_0805_mixed_leak,open,country,France,United Kingdom,
qwen25vl,E1_img_0749_mixed_N1_k1_P1,open,country,Lithuania,Belarus,
qwen25vl,E1_img_0749_mixed_N2_k2_P1,open,country,Lithuania,Belarus,
qwen25vl,E1_img_0749_mixed_N3_k3_P1,open,country,Lithuania,Belarus,
qwen25vl,E1_img_0749_mixed_N4_k4_P1,open,country,Lithuania,Belarus,
qwen25vl,E2_img_0749_mixed_N5_k1_P1,open,country,Lithuania,Belarus,
qwen25vl,E2_img_0749_mixed_N5_k2_P1,open,country,Lithuania,Belarus,
qwen25vl,E2_img_0749_mixed_N5_k3_P1,open,country,Lithuania,Belarus,
qwen25vl,E2_img_0749_mixed_N5_k4_P1,open,country,Lithuania,Belarus,
qwen25vl,E2_img_0749_mixed_N5_k5_P1,open,country,Lithuania,Belarus,
qwen25vl,LEAK_img_0749_mixed_leak,open,item,Eiffel Tower,Kaloža Church,
qwen25vl,LEAK_img_0749_mixed_leak,open,country,France,Belarus,
qwen25vl,E3_img_0749_near_N2_k2_P1,open,country,Lithuania,Belarus,
qwen25vl,E3_img_0749_near_N5_k2_P1,open,country,Lithuania,Belarus,
qwen25vl,E3_img_0749_far_N2_k2_P1,open,country,Lithuania,Belarus,
qwen25vl,E3_img_0749_far_N5_k2_P1,open,country,Lithuania,Belarus,
qwen25vl,LEAK_img_0879_mixed_leak,open,item,Eiffel Tower,Urnes Stave Church,
qwen25vl,LEAK_img_0879_mixed_leak,open,country,France,Norway,
qwen25vl,E1_img_0737_mixed_N3_k2_P1,open,item,Catacombs of Rome,Hypogeum of Ħal Saflieni,
qwen25vl,E1_img_0737_mixed_N3_k2_P1,open,country,Italy,Malta,
qwen25vl,E1_img_0737_mixed_N4_k2_P1,open,item,Catacombs of Rome,Hypogeum of Ħal Saflieni,
qwen25vl,E1_img_0737_mixed_N4_k2_P1,open,country,Italy,Malta,
qwen25vl,E2_img_0737_mixed_N5_k2_P1,open,item,Catacombs of Rome,Hypogeum of Ħal Saflieni,
qwen25vl,E2_img_0737_mixed_N5_k2_P1,open,country,Italy,Malta,
qwen25vl,E2_img_0737_mixed_N5_k3_P1,open,item,Catacombs of Rome,Hypogeum of Ħal Saflieni,
qwen25vl,E2_img_0737_mixed_N5_k3_P1,open,country,Italy,Malta,
qwen25vl,E2_img_0737_mixed_N5_k5_P1,open,item,Catacombs of Rome,Hypogeum of Ħal Saflieni,
qwen25vl,E2_img_0737_mixed_N5_k5_P1,open,country,Italy,Malta,
qwen25vl,LEAK_img_0737_mixed_leak,open,item,Eiffel Tower,Hypogeum of Ħal Saflieni,
qwen25vl,LEAK_img_0737_mixed_leak,open,country,France,Malta,
qwen25vl,E3_img_0737_far_N2_k2_P1,open,item,Catacombs of Rome,Hypogeum of Ħal Saflieni,
qwen25vl,E3_img_0737_far_N2_k2_P1,open,country,Italy,Malta,
qwen25vl,E3_img_0737_far_N5_k4_P1,open,item,Catacombs of Rome,Hypogeum of Ħal Saflieni,
qwen25vl,E3_img_0737_far_N5_k4_P1,open,country,Italy,Malta,
qwen25vl,LEAK_img_0793_mixed_leak,open,item,Eiffel Tower,Palace of Mafra,
qwen25vl,LEAK_img_0793_mixed_leak,open,country,France,Portugal,
qwen25vl,LEAK_img_0654_mixed_leak,open,item,Eiffel Tower,Agra Fort,
qwen25vl,LEAK_img_0654_mixed_leak,open,country,France,India,
qwen25vl,LEAK_img_0708_mixed_leak,open,item,Eiffel Tower,Divriği Great Mosque and Hospital,
qwen25vl,LEAK_img_0708_mixed_leak,open,country,France,Turkey,
qwen25vl,E1_img_0692_mixed_N1_k1_P1,open,item,Church of St. John the Baptist,Church of Cristo Obrero y Nuestra Señora de Lourdes,
qwen25vl,E1_img_0692_mixed_N1_k1_P1,open,country,Argentina,Uruguay,
qwen25vl,E1_img_0692_mixed_N2_k2_P1,open,item,Chapel of the Cross,Church of Cristo Obrero y Nuestra Señora de Lourdes,
qwen25vl,E1_img_0692_mixed_N2_k2_P1,open,country,Argentina,Uruguay,
qwen25vl,E1_img_0692_mixed_N3_k3_P1,open,item,Chapel of the Cross,Church of Cristo Obrero y Nuestra Señora de Lourdes,
qwen25vl,E1_img_0692_mixed_N3_k3_P1,open,country,Argentina,Uruguay,
qwen25vl,E1_img_0692_mixed_N4_k2_P1,open,item,Iglesia de Nuestra Señora de los Remedios,Church of Cristo Obrero y Nuestra Señora de Lourdes,
qwen25vl,E1_img_0692_mixed_N4_k2_P1,open,country,Argentina,Uruguay,
qwen25vl,E2_img_0692_mixed_N5_k1_P1,open,item,Chapel of Nuestra Señora de los Remedios,Church of Cristo Obrero y Nuestra Señora de Lourdes,
qwen25vl,E2_img_0692_mixed_N5_k1_P1,open,country,Argentina,Uruguay,
qwen25vl,E2_img_0692_mixed_N5_k2_P1,open,item,Chapel of the Cross,Church of Cristo Obrero y Nuestra Señora de Lourdes,
qwen25vl,E2_img_0692_mixed_N5_k2_P1,open,country,Argentina,Uruguay,
qwen25vl,E2_img_0692_mixed_N5_k3_P1,open,item,Chapel of the Cross,Church of Cristo Obrero y Nuestra Señora de Lourdes,
qwen25vl,E2_img_0692_mixed_N5_k3_P1,open,country,Argentina,Uruguay,
qwen25vl,E2_img_0692_mixed_N5_k4_P1,open,item,Chapel of the Holy Cross,Church of Cristo Obrero y Nuestra Señora de Lourdes,
qwen25vl,E2_img_0692_mixed_N5_k4_P1,open,country,Argentina,Uruguay,
qwen25vl,E2_img_0692_mixed_N5_k5_P1,open,item,Chapel of the Cross,Church of Cristo Obrero y Nuestra Señora de Lourdes,
qwen25vl,E2_img_0692_mixed_N5_k5_P1,open,country,Argentina,Uruguay,
qwen25vl,LEAK_img_0692_mixed_leak,open,item,Eiffel Tower,Church of Cristo Obrero y Nuestra Señora de Lourdes,
qwen25vl,LEAK_img_0692_mixed_leak,open,country,France,Uruguay,
qwen25vl,LEAK_img_0866_mixed_leak,open,item,Eiffel Tower,Teotihuacan,
qwen25vl,LEAK_img_0866_mixed_leak,open,country,France,Mexico,
qwen25vl,E5_img_0866_mixed_N1_k1_P3,open,item,Pyramid of the Sun,Teotihuacan,
qwen25vl,E5_img_0866_mixed_N4_k3_P3,open,item,Pyramid of the Sun,Teotihuacan,
qwen25vl,E5_img_0866_mixed_N5_k4_P3,open,item,Pyramid of the Sun,Teotihuacan,
qwen25vl,E6_img_0866_mixed_N1_k1_P4,open,item,Pyramid of the Sun,Teotihuacan,
qwen25vl,E6_img_0866_mixed_N2_k1_P4,open,item,Pyramid of the Sun,Teotihuacan,
qwen25vl,E6_img_0866_mixed_N3_k1_P4,open,item,Pyramid of the Sun,Teotihuacan,
qwen25vl,E6_img_0866_mixed_N4_k3_P4,open,item,Pyramid of the Sun,Teotihuacan,
qwen25vl,E6_img_0866_mixed_N5_k4_P4,open,item,Pyramid of the Sun,Teotihuacan,
qwen25vl,LEAK_img_0663_mixed_leak,open,item,Eiffel Tower,Bahla Fort,
qwen25vl,LEAK_img_0663_mixed_leak,open,country,France,Oman,
qwen25vl,E1_img_0824_mixed_N1_k1_P1,open,item,Lake Annecy,Royal Abbey of Hautecombe,
qwen25vl,E1_img_0824_mixed_N2_k1_P1,open,item,Lake Constance Abbey,Royal Abbey of Hautecombe,
qwen25vl,E1_img_0824_mixed_N2_k1_P1,open,country,Switzerland,France,
qwen25vl,E1_img_0824_mixed_N3_k3_P1,open,item,Lake Chiemsee Monastery,Royal Abbey of Hautecombe,
qwen25vl,E1_img_0824_mixed_N3_k3_P1,open,country,Germany,France,
qwen25vl,E1_img_0824_mixed_N4_k1_P1,open,item,Lake Constance Abbey,Royal Abbey of Hautecombe,
qwen25vl,E1_img_0824_mixed_N4_k1_P1,open,country,Switzerland,France,
qwen25vl,E2_img_0824_mixed_N5_k1_P1,open,item,Lake Constance Abbey,Royal Abbey of Hautecombe,
qwen25vl,E2_img_0824_mixed_N5_k1_P1,open,country,Switzerland,France,
qwen25vl,E2_img_0824_mixed_N5_k2_P1,open,item,Château de Chillon,Royal Abbey of Hautecombe,
qwen25vl,E2_img_0824_mixed_N5_k2_P1,open,country,Switzerland,France,
qwen25vl,E2_img_0824_mixed_N5_k3_P1,open,item,Lake Chiemsee Abbey,Royal Abbey of Hautecombe,
qwen25vl,E2_img_0824_mixed_N5_k3_P1,open,country,Germany,France,
qwen25vl,E2_img_0824_mixed_N5_k4_P1,open,item,Lake Chiemsee Monastery,Royal Abbey of Hautecombe,
qwen25vl,E2_img_0824_mixed_N5_k4_P1,open,country,Germany,France,
qwen25vl,E2_img_0824_mixed_N5_k5_P1,open,item,Lake Bled,Royal Abbey of Hautecombe,
qwen25vl,E2_img_0824_mixed_N5_k5_P1,open,country,Slovenia,France,
qwen25vl,LEAK_img_0824_mixed_leak,open,item,Eiffel Tower,Royal Abbey of Hautecombe,
qwen25vl,E3_img_0824_near_N2_k1_P1,open,item,Lake Constance Abbey,Royal Abbey of Hautecombe,
qwen25vl,E3_img_0824_near_N5_k1_P1,open,item,Lake Constance Abbey,Royal Abbey of Hautecombe,
qwen25vl,E3_img_0824_far_N2_k1_P1,open,item,Lake Constance Abbey,Royal Abbey of Hautecombe,
qwen25vl,E3_img_0824_far_N2_k1_P1,open,country,Switzerland,France,
qwen25vl,E3_img_0824_far_N5_k1_P1,open,item,Lake Chiemsee Monastery,Royal Abbey of Hautecombe,
qwen25vl,E3_img_0824_far_N5_k1_P1,open,country,Germany,France,
qwen25vl,LEAK_img_0770_mixed_leak,open,item,Eiffel Tower,Masada,
qwen25vl,LEAK_img_0842_mixed_leak,open,item,Eiffel Tower,Šibenik Cathedral,
qwen25vl,LEAK_img_0842_mixed_leak,open,country,France,Croatia,
qwen25vl,LEAK_img_0645_mixed_leak,open,item,Eiffel Tower,A-Ma Temple,
qwen25vl,LEAK_img_0645_mixed_leak,open,country,France,China,
qwen25vl,LEAK_img_0690_mixed_leak,open,item,Eiffel Tower,Chhatrapati Shivaji Maharaj Terminus,
qwen25vl,LEAK_img_0690_mixed_leak,open,country,France,India,
qwen25vl,E2_img_0878_mixed_N5_k5_P1,open,item,Qasr al-Hayr al-Gharbi,Umm ar-Rasas,
qwen25vl,E2_img_0878_mixed_N5_k5_P1,open,country,Syria,Jordan,
qwen25vl,LEAK_img_0878_mixed_leak,open,item,Eiffel Tower,Umm ar-Rasas,
qwen25vl,LEAK_img_0878_mixed_leak,open,country,France,Jordan,
qwen25vl,E3_img_0878_near_N5_k1_P1,open,item,The Ruins of Umm Qais,Umm ar-Rasas,
qwen25vl,E3_img_0878_far_N5_k1_P1,open,item,The ruins of an ancient stone structure,Umm ar-Rasas,
qwen25vl,E3_img_0878_far_N5_k1_P1,open,country,Egypt,Jordan,
qwen25vl,LEAK_img_0704_mixed_leak,open,item,Eiffel Tower,Cusco Cathedral,
qwen25vl,LEAK_img_0704_mixed_leak,open,country,France,Peru,
qwen25vl,LEAK_img_0653_mixed_leak,open,item,Eiffel Tower,Acropolis of Athens,
qwen25vl,LEAK_img_0653_mixed_leak,open,country,France,Greece,
qwen25vl,E1_img_0651_mixed_N3_k2_P1,open,item,St. Peter's Abbey,Abbey of Saint Gall,
qwen25vl,E2_img_0651_mixed_N5_k2_P1,open,item,St. Peter's Abbey,Abbey of Saint Gall,
qwen25vl,E2_img_0651_mixed_N5_k5_P1,open,item,St. Peter's Abbey,Abbey of Saint Gall,
qwen25vl,LEAK_img_0651_mixed_leak,open,item,Eiffel Tower,Abbey of Saint Gall,
qwen25vl,E3_img_0651_near_N2_k1_P1,open,item,St. Peter's Abbey,Abbey of Saint Gall,
qwen25vl,LEAK_img_0668_mixed_leak,open,item,Eiffel Tower,Bom Jesus do Monte,
qwen25vl,LEAK_img_0668_mixed_leak,open,country,France,Portugal,
qwen25vl,E1_img_0809_mixed_N1_k1_P1,open,item,Angkor Wat,Preah Vihear Temple,
qwen25vl,E1_img_0809_mixed_N2_k1_P1,open,item,Angkor Wat,Preah Vihear Temple,
qwen25vl,E1_img_0809_mixed_N3_k1_P1,open,item,Angkor Wat,Preah Vihear Temple,
qwen25vl,E1_img_0809_mixed_N4_k3_P1,open,item,Banteay Srei,Preah Vihear Temple,
qwen25vl,E2_img_0809_mixed_N5_k1_P1,open,item,Angkor Wat,Preah Vihear Temple,
qwen25vl,E2_img_0809_mixed_N5_k2_P1,open,item,Angkor Wat,Preah Vihear Temple,
qwen25vl,E2_img_0809_mixed_N5_k3_P1,open,item,Banteay Srei,Preah Vihear Temple,
qwen25vl,E2_img_0809_mixed_N5_k4_P1,open,item,Angkor Wat,Preah Vihear Temple,
qwen25vl,E2_img_0809_mixed_N5_k5_P1,open,item,Angkor Wat,Preah Vihear Temple,
qwen25vl,LEAK_img_0809_mixed_leak,open,item,Eiffel Tower,Preah Vihear Temple,
qwen25vl,LEAK_img_0809_mixed_leak,open,country,France,Cambodia,
qwen25vl,E3_img_0809_near_N2_k1_P1,open,item,Angkor Wat,Preah Vihear Temple,
qwen25vl,E3_img_0809_near_N5_k1_P1,open,item,Angkor Wat,Preah Vihear Temple,
qwen25vl,E3_img_0809_far_N2_k1_P1,open,item,Angkor Wat,Preah Vihear Temple,
qwen25vl,E3_img_0809_far_N5_k1_P1,open,item,Banteay Srei,Preah Vihear Temple,
qwen25vl,E5_img_0809_mixed_N1_k1_P2,open,item,Banteay Srei,Preah Vihear Temple,
qwen25vl,E5_img_0809_mixed_N2_k1_P2,open,item,Banteay Srei,Preah Vihear Temple,
qwen25vl,E5_img_0809_mixed_N3_k1_P2,open,item,Banteay Srei,Preah Vihear Temple,
qwen25vl,E5_img_0809_mixed_N4_k3_P2,open,item,Banteay Srei,Preah Vihear Temple,
qwen25vl,E5_img_0809_mixed_N5_k1_P2,open,item,Banteay Srei,Preah Vihear Temple,
qwen25vl,E5_img_0809_mixed_N1_k1_P3,open,item,Banteay Srei,Preah Vihear Temple,
qwen25vl,E5_img_0809_mixed_N2_k1_P3,open,item,Banteay Srei,Preah Vihear Temple,
qwen25vl,E5_img_0809_mixed_N3_k1_P3,open,item,Banteay Srei,Preah Vihear Temple,
qwen25vl,E5_img_0809_mixed_N4_k3_P3,open,item,Banteay Srei,Preah Vihear Temple,
qwen25vl,E5_img_0809_mixed_N5_k1_P3,open,item,Banteay Srei,Preah Vihear Temple,
qwen25vl,E6_img_0809_mixed_N1_k1_P4,open,item,Banteay Srei,Preah Vihear Temple,
qwen25vl,E6_img_0809_mixed_N2_k1_P4,open,item,Banteay Srei Temple,Preah Vihear Temple,
qwen25vl,E6_img_0809_mixed_N3_k1_P4,open,item,Banteay Srei,Preah Vihear Temple,
qwen25vl,E6_img_0809_mixed_N4_k3_P4,open,item,Banteay Srei Temple,Preah Vihear Temple,
qwen25vl,E6_img_0809_mixed_N5_k1_P4,open,item,Banteay Srei,Preah Vihear Temple,
qwen25vl,E1_img_0723_mixed_N1_k1_P1,open,item,Palacio de San Telmo,General Archive of the Indies,
qwen25vl,E1_img_0723_mixed_N2_k2_P1,open,item,Real Monasterio de San Jerónimo el Real,General Archive of the Indies,
qwen25vl,E1_img_0723_mixed_N3_k2_P1,open,item,Real Monasterio de San Jerónimo el Real,General Archive of the Indies,
qwen25vl,E1_img_0723_mixed_N4_k4_P1,open,item,Real Alcázar de Sevilla,General Archive of the Indies,
qwen25vl,E2_img_0723_mixed_N5_k1_P1,open,item,Real Alcázar de Sevilla,General Archive of the Indies,
qwen25vl,E2_img_0723_mixed_N5_k2_P1,open,item,Real Alcázar de Sevilla,General Archive of the Indies,
qwen25vl,E2_img_0723_mixed_N5_k3_P1,open,item,Palacio de San Telmo,General Archive of the Indies,
qwen25vl,E2_img_0723_mixed_N5_k4_P1,open,item,Palacio de San Telmo,General Archive of the Indies,
qwen25vl,E2_img_0723_mixed_N5_k5_P1,open,item,Real Alcázar de Sevilla,General Archive of the Indies,
qwen25vl,LEAK_img_0723_mixed_leak,open,item,Eiffel Tower,General Archive of the Indies,
qwen25vl,E3_img_0723_near_N2_k2_P1,open,item,Real Monasterio de San Jerónimo el Real,General Archive of the Indies,
qwen25vl,E3_img_0723_near_N5_k2_P1,open,item,Real Monasterio de San Jerónimo el Real,General Archive of the Indies,
qwen25vl,E3_img_0723_far_N2_k2_P1,open,item,Real Alcázar de Sevilla,General Archive of the Indies,
qwen25vl,E3_img_0723_far_N5_k2_P1,open,item,Real Alcázar de Sevilla,General Archive of the Indies,
qwen25vl,LEAK_img_0715_mixed_leak,open,item,Eiffel Tower,Fagus Factory,
qwen25vl,LEAK_img_0854_mixed_leak,open,item,Eiffel Tower,Sydney Opera House,
qwen25vl,LEAK_img_0854_mixed_leak,open,country,France,Australia,
qwen25vl,E1_img_0811_mixed_N2_k1_P1,open,item,Ruins of Babylon,Qal’at al Bahrain,
qwen25vl,E1_img_0811_mixed_N2_k1_P1,open,country,Iraq,Bahrain,
qwen25vl,E2_img_0811_mixed_N5_k1_P1,open,item,Ruins of Babylon,Qal’at al Bahrain,
qwen25vl,E2_img_0811_mixed_N5_k1_P1,open,country,Iraq,Bahrain,
qwen25vl,LEAK_img_0811_mixed_leak,open,item,Eiffel Tower,Qal’at al Bahrain,
qwen25vl,LEAK_img_0811_mixed_leak,open,country,France,Bahrain,
qwen25vl,E3_img_0811_near_N2_k1_P1,open,item,Ruins of Babylon,Qal’at al Bahrain,
qwen25vl,E3_img_0811_near_N2_k1_P1,open,country,Iraq,Bahrain,
qwen25vl,E3_img_0811_far_N2_k1_P1,open,item,Ruins of Babylon,Qal’at al Bahrain,
qwen25vl,E3_img_0811_far_N2_k1_P1,open,country,Iraq,Bahrain,
qwen25vl,E3_img_0811_far_N5_k5_P1,open,item,Ruins of Babylon,Qal’at al Bahrain,
qwen25vl,E3_img_0811_far_N5_k5_P1,open,country,Iraq,Bahrain,
qwen25vl,E1_img_0696_mixed_N2_k2_P1,open,item,Church of the Saviour on the Blood,Church of the Saviour at Berestove,
qwen25vl,E1_img_0696_mixed_N3_k3_P1,open,item,Church of the Saviour on the Blood,Church of the Saviour at Berestove,
qwen25vl,E1_img_0696_mixed_N4_k4_P1,open,item,Church of the Saviour on the Blood,Church of the Saviour at Berestove,
qwen25vl,E2_img_0696_mixed_N5_k1_P1,open,item,Church of the Saviour on the Blood,Church of the Saviour at Berestove,
qwen25vl,E2_img_0696_mixed_N5_k2_P1,open,item,Church of the Tithes,Church of the Saviour at Berestove,
qwen25vl,E2_img_0696_mixed_N5_k3_P1,open,item,Church of the Tithes,Church of the Saviour at Berestove,
qwen25vl,E2_img_0696_mixed_N5_k4_P1,open,item,Church of the Twelve Apostles,Church of the Saviour at Berestove,
qwen25vl,E2_img_0696_mixed_N5_k5_P1,open,item,Church of the Tithes,Church of the Saviour at Berestove,
qwen25vl,LEAK_img_0696_mixed_leak,open,item,Eiffel Tower,Church of the Saviour at Berestove,
qwen25vl,LEAK_img_0696_mixed_leak,open,country,France,Ukraine,
qwen25vl,E3_img_0696_near_N2_k2_P1,open,item,Church of the Saviour on the Blood,Church of the Saviour at Berestove,
qwen25vl,E3_img_0696_far_N2_k2_P1,open,item,Church of the Saviour on the Blood,Church of the Saviour at Berestove,
qwen25vl,E3_img_0696_far_N5_k1_P1,open,item,Church of the Saviour on the Blood,Church of the Saviour at Berestove,
qwen25vl,LEAK_img_0676_mixed_leak,open,item,Eiffel Tower,Burgos Cathedral,
qwen25vl,E1_img_0772_mixed_N1_k1_P1,open,item,Mausoleum of Genghis Khan,Mausoleum of Khoja Ahmed Yasawi,
qwen25vl,E1_img_0772_mixed_N1_k1_P1,open,country,Mongolia,Kazakhstan,
qwen25vl,E1_img_0772_mixed_N2_k2_P1,open,item,Gur-e Amir,Mausoleum of Khoja Ahmed Yasawi,
qwen25vl,E1_img_0772_mixed_N2_k2_P1,open,country,Uzbekistan,Kazakhstan,
qwen25vl,E1_img_0772_mixed_N3_k2_P1,open,item,Gur-i Ami,Mausoleum of Khoja Ahmed Yasawi,
qwen25vl,E1_img_0772_mixed_N3_k2_P1,open,country,Uzbekistan,Kazakhstan,
qwen25vl,E1_img_0772_mixed_N4_k2_P1,open,item,Mausoleum of Genghis Khan,Mausoleum of Khoja Ahmed Yasawi,
qwen25vl,E1_img_0772_mixed_N4_k2_P1,open,country,Uzbekistan,Kazakhstan,
qwen25vl,E2_img_0772_mixed_N5_k1_P1,open,item,Mausoleum of Genghis Khan,Mausoleum of Khoja Ahmed Yasawi,
qwen25vl,E2_img_0772_mixed_N5_k1_P1,open,country,Uzbekistan,Kazakhstan,
qwen25vl,E2_img_0772_mixed_N5_k2_P1,open,item,Mausoleum of Genghis Khan,Mausoleum of Khoja Ahmed Yasawi,
qwen25vl,E2_img_0772_mixed_N5_k2_P1,open,country,Uzbekistan,Kazakhstan,
qwen25vl,E2_img_0772_mixed_N5_k4_P1,open,item,Mausoleum of Genghis Khan,Mausoleum of Khoja Ahmed Yasawi,
qwen25vl,E2_img_0772_mixed_N5_k4_P1,open,country,Uzbekistan,Kazakhstan,
qwen25vl,E2_img_0772_mixed_N5_k5_P1,open,item,Gur-e Amir,Mausoleum of Khoja Ahmed Yasawi,
qwen25vl,E2_img_0772_mixed_N5_k5_P1,open,country,Uzbekistan,Kazakhstan,
qwen25vl,LEAK_img_0772_mixed_leak,open,item,Eiffel Tower,Mausoleum of Khoja Ahmed Yasawi,
qwen25vl,LEAK_img_0772_mixed_leak,open,country,France,Kazakhstan,
qwen25vl,E3_img_0772_near_N2_k2_P1,open,item,Gur-e Amir,Mausoleum of Khoja Ahmed Yasawi,
qwen25vl,E3_img_0772_near_N2_k2_P1,open,country,Uzbekistan,Kazakhstan,
qwen25vl,E3_img_0772_near_N5_k3_P1,open,item,Gur-i-Amir Mausoleum,Mausoleum of Khoja Ahmed Yasawi,
qwen25vl,E3_img_0772_near_N5_k3_P1,open,country,Uzbekistan,Kazakhstan,
qwen25vl,E3_img_0772_far_N2_k2_P1,open,item,Gur-e Amir,Mausoleum of Khoja Ahmed Yasawi,
qwen25vl,E3_img_0772_far_N2_k2_P1,open,country,Uzbekistan,Kazakhstan,
qwen25vl,E3_img_0772_far_N5_k3_P1,open,item,Gur-i Ami,Mausoleum of Khoja Ahmed Yasawi,
qwen25vl,E3_img_0772_far_N5_k3_P1,open,country,Uzbekistan,Kazakhstan,
qwen25vl,E1_img_0667_mixed_N1_k1_P1,open,item,Nimrod Fortress,Beaufort Castle,
qwen25vl,E1_img_0667_mixed_N1_k1_P1,open,country,Israel,Lebanon,
qwen25vl,E1_img_0667_mixed_N2_k1_P1,open,item,Nimrod Fortress,Beaufort Castle,
qwen25vl,E1_img_0667_mixed_N2_k1_P1,open,country,Syria,Lebanon,
qwen25vl,E1_img_0667_mixed_N3_k3_P1,open,item,Nimrod Fortress,Beaufort Castle,
qwen25vl,E1_img_0667_mixed_N4_k3_P1,open,item,Nimrod Fortress,Beaufort Castle,
qwen25vl,E2_img_0667_mixed_N5_k1_P1,open,item,Nimrod Fortress,Beaufort Castle,
qwen25vl,E2_img_0667_mixed_N5_k1_P1,open,country,Syria,Lebanon,
qwen25vl,E2_img_0667_mixed_N5_k2_P1,open,item,Nimrod Fortress,Beaufort Castle,
qwen25vl,E2_img_0667_mixed_N5_k3_P1,open,item,Nimrod Fortress,Beaufort Castle,
qwen25vl,E2_img_0667_mixed_N5_k4_P1,open,item,Nimrod Fortress,Beaufort Castle,
qwen25vl,E2_img_0667_mixed_N5_k5_P1,open,item,Nimrod Fortress,Beaufort Castle,
qwen25vl,LEAK_img_0667_mixed_leak,open,item,Eiffel Tower,Beaufort Castle,
qwen25vl,E3_img_0667_near_N2_k1_P1,open,item,Nimrod's Castle,Beaufort Castle,
qwen25vl,E3_img_0667_near_N2_k1_P1,open,country,Syria,Lebanon,
qwen25vl,E3_img_0667_near_N5_k4_P1,open,item,Nimrod Fortress,Beaufort Castle,
qwen25vl,E3_img_0667_far_N2_k1_P1,open,item,Nimrod Fortress,Beaufort Castle,
qwen25vl,E3_img_0667_far_N2_k1_P1,open,country,Israel,Lebanon,
qwen25vl,E3_img_0667_far_N5_k4_P1,open,item,Nimrod Fortress,Beaufort Castle,
qwen25vl,LEAK_img_0655_mixed_leak,open,item,Eiffel Tower,Aït Benhaddou,
qwen25vl,LEAK_img_0655_mixed_leak,open,country,France,Morocco,
qwen25vl,E1_img_0024_mixed_N1_k1_P1,open,item,Fez,Doppa,
qwen25vl,E1_img_0024_mixed_N1_k1_P1,open,country,Morocco,Uzbekistan,
qwen25vl,E1_img_0024_mixed_N2_k1_P1,open,item,Fez,Doppa,
qwen25vl,E1_img_0024_mixed_N2_k1_P1,open,country,Morocco,Uzbekistan,
qwen25vl,E1_img_0024_mixed_N3_k1_P1,open,item,Fez,Doppa,
qwen25vl,E1_img_0024_mixed_N3_k1_P1,open,country,Morocco,Uzbekistan,
qwen25vl,E1_img_0024_mixed_N4_k1_P1,open,item,Fez,Doppa,
qwen25vl,E1_img_0024_mixed_N4_k1_P1,open,country,Morocco,Uzbekistan,
qwen25vl,E2_img_0024_mixed_N5_k1_P1,open,item,Fez,Doppa,
qwen25vl,E2_img_0024_mixed_N5_k1_P1,open,country,Morocco,Uzbekistan,
qwen25vl,E2_img_0024_mixed_N5_k2_P1,open,item,Fez,Doppa,
qwen25vl,E2_img_0024_mixed_N5_k2_P1,open,country,Morocco,Uzbekistan,
qwen25vl,E2_img_0024_mixed_N5_k3_P1,open,item,Fez,Doppa,
qwen25vl,E2_img_0024_mixed_N5_k3_P1,open,country,Morocco,Uzbekistan,
qwen25vl,E2_img_0024_mixed_N5_k4_P1,open,item,Fez,Doppa,
qwen25vl,E2_img_0024_mixed_N5_k4_P1,open,country,Morocco,Uzbekistan,
qwen25vl,E2_img_0024_mixed_N5_k5_P1,open,item,Fez,Doppa,
qwen25vl,E2_img_0024_mixed_N5_k5_P1,open,country,Morocco,Uzbekistan,
qwen25vl,LEAK_img_0024_mixed_leak,open,item,Sari,Doppa,
qwen25vl,LEAK_img_0024_mixed_leak,open,country,India,Uzbekistan,
qwen25vl,E3_img_0024_near_N2_k1_P1,open,item,Fez,Doppa,
qwen25vl,E3_img_0024_near_N2_k1_P1,open,country,Morocco,Uzbekistan,
qwen25vl,E3_img_0024_near_N5_k1_P1,open,item,Fez,Doppa,
qwen25vl,E3_img_0024_near_N5_k1_P1,open,country,Morocco,Uzbekistan,
qwen25vl,E3_img_0024_far_N2_k1_P1,open,item,Fez,Doppa,
qwen25vl,E3_img_0024_far_N2_k1_P1,open,country,Morocco,Uzbekistan,
qwen25vl,E3_img_0024_far_N5_k1_P1,open,item,Fez,Doppa,
qwen25vl,E3_img_0024_far_N5_k1_P1,open,country,Morocco,Uzbekistan,
qwen25vl,E5_img_0024_mixed_N1_k1_P2,open,item,Fez,Doppa,
qwen25vl,E5_img_0024_mixed_N1_k1_P2,open,country,Morocco,Uzbekistan,
qwen25vl,E5_img_0024_mixed_N2_k1_P2,open,item,Fez,Doppa,
qwen25vl,E5_img_0024_mixed_N2_k1_P2,open,country,Morocco,Uzbekistan,
qwen25vl,E5_img_0024_mixed_N3_k1_P2,open,item,Fez,Doppa,
qwen25vl,E5_img_0024_mixed_N3_k1_P2,open,country,Morocco,Uzbekistan,
qwen25vl,E5_img_0024_mixed_N4_k1_P2,open,item,Fez,Doppa,
qwen25vl,E5_img_0024_mixed_N4_k1_P2,open,country,Morocco,Uzbekistan,
qwen25vl,E5_img_0024_mixed_N5_k1_P2,open,item,Fez,Doppa,
qwen25vl,E5_img_0024_mixed_N5_k1_P2,open,country,Morocco,Uzbekistan,
qwen25vl,E5_img_0024_mixed_N1_k1_P3,open,item,Fez,Doppa,
qwen25vl,E5_img_0024_mixed_N1_k1_P3,open,country,Morocco,Uzbekistan,
qwen25vl,E5_img_0024_mixed_N2_k1_P3,open,item,Fez,Doppa,
qwen25vl,E5_img_0024_mixed_N2_k1_P3,open,country,Morocco,Uzbekistan,
qwen25vl,E5_img_0024_mixed_N3_k1_P3,open,item,Fez,Doppa,
qwen25vl,E5_img_0024_mixed_N3_k1_P3,open,country,Morocco,Uzbekistan,
qwen25vl,E5_img_0024_mixed_N4_k1_P3,open,item,Fez,Doppa,
qwen25vl,E5_img_0024_mixed_N4_k1_P3,open,country,Morocco,Uzbekistan,
qwen25vl,E5_img_0024_mixed_N5_k1_P3,open,item,Fez,Doppa,
qwen25vl,E5_img_0024_mixed_N5_k1_P3,open,country,Morocco,Uzbekistan,
qwen25vl,E6_img_0024_mixed_N1_k1_P4,open,item,Fez,Doppa,
qwen25vl,E6_img_0024_mixed_N1_k1_P4,open,country,Turkey,Uzbekistan,
qwen25vl,E6_img_0024_mixed_N2_k1_P4,open,item,Fez,Doppa,
qwen25vl,E6_img_0024_mixed_N2_k1_P4,open,country,Turkey,Uzbekistan,
qwen25vl,E6_img_0024_mixed_N3_k1_P4,open,item,Fez,Doppa,
qwen25vl,E6_img_0024_mixed_N3_k1_P4,open,country,Turkey,Uzbekistan,
qwen25vl,E6_img_0024_mixed_N4_k1_P4,open,item,Fez,Doppa,
qwen25vl,E6_img_0024_mixed_N4_k1_P4,open,country,Turkey,Uzbekistan,
qwen25vl,E6_img_0024_mixed_N5_k1_P4,open,item,Fez,Doppa,
qwen25vl,E6_img_0024_mixed_N5_k1_P4,open,country,Turkey,Uzbekistan,
qwen25vl,LEAK_img_0004_mixed_leak,open,item,Sari,Aran jumper,
qwen25vl,LEAK_img_0004_mixed_leak,open,country,India,Ireland,
qwen25vl,E1_img_0020_mixed_N1_k1_P1,open,item,Knitted hat,Chilote cap,
qwen25vl,E1_img_0020_mixed_N2_k1_P1,open,item,Knitted hat,Chilote cap,
qwen25vl,E1_img_0020_mixed_N3_k3_P1,open,item,Knitted hat,Chilote cap,
qwen25vl,E1_img_0020_mixed_N3_k3_P1,open,country,Norway,Chile,
qwen25vl,E1_img_0020_mixed_N4_k3_P1,open,item,Knitted hat,Chilote cap,
qwen25vl,E2_img_0020_mixed_N5_k1_P1,open,item,Knitted hat,Chilote cap,
qwen25vl,E2_img_0020_mixed_N5_k2_P1,open,item,Knitted hat,Chilote cap,
qwen25vl,E2_img_0020_mixed_N5_k3_P1,open,item,Knitted hat,Chilote cap,
qwen25vl,E2_img_0020_mixed_N5_k4_P1,open,item,Knitted hat,Chilote cap,
qwen25vl,E2_img_0020_mixed_N5_k5_P1,open,item,Knitted hat,Chilote cap,
qwen25vl,LEAK_img_0020_mixed_leak,open,item,Sari,Chilote cap,
qwen25vl,E3_img_0020_near_N2_k1_P1,open,item,Knitted hat,Chilote cap,
qwen25vl,E3_img_0020_near_N5_k3_P1,open,item,Knitted hat,Chilote cap,
qwen25vl,E3_img_0020_far_N2_k1_P1,open,item,Knitted hat,Chilote cap,
qwen25vl,E3_img_0020_far_N5_k3_P1,open,item,Knitted hat,Chilote cap,
qwen25vl,E1_img_0086_mixed_N1_k1_P1,open,item,Veil,Yashmak,
qwen25vl,E1_img_0086_mixed_N2_k2_P1,open,item,Hijab,Yashmak,
qwen25vl,E1_img_0086_mixed_N3_k1_P1,open,item,Hijab,Yashmak,
qwen25vl,E1_img_0086_mixed_N3_k1_P1,open,country,Egypt,Turkey,
qwen25vl,E1_img_0086_mixed_N4_k4_P1,open,item,Hijab,Yashmak,
qwen25vl,E2_img_0086_mixed_N5_k1_P1,open,item,Hijab,Yashmak,
qwen25vl,E2_img_0086_mixed_N5_k1_P1,open,country,Egypt,Turkey,
qwen25vl,E2_img_0086_mixed_N5_k2_P1,open,item,Hijab,Yashmak,
qwen25vl,E2_img_0086_mixed_N5_k2_P1,open,country,Egypt,Turkey,
qwen25vl,E2_img_0086_mixed_N5_k3_P1,open,item,Hijab,Yashmak,
qwen25vl,E2_img_0086_mixed_N5_k4_P1,open,item,Hijab,Yashmak,
qwen25vl,E2_img_0086_mixed_N5_k5_P1,open,item,Hijab,Yashmak,
qwen25vl,E2_img_0086_mixed_N5_k5_P1,open,country,Iran,Turkey,
qwen25vl,LEAK_img_0086_mixed_leak,open,item,Sari,Yashmak,
qwen25vl,LEAK_img_0086_mixed_leak,open,country,India,Turkey,
qwen25vl,E3_img_0086_near_N2_k2_P1,open,item,Veil,Yashmak,
qwen25vl,E3_img_0086_near_N5_k4_P1,open,item,Hijab,Yashmak,
qwen25vl,E3_img_0086_near_N5_k4_P1,open,country,Iran,Turkey,
qwen25vl,E3_img_0086_far_N2_k2_P1,open,item,Hijab,Yashmak,
qwen25vl,E3_img_0086_far_N5_k4_P1,open,item,Hijab,Yashmak,
qwen25vl,E5_img_0086_mixed_N1_k1_P2,open,item,Hijab,Yashmak,
qwen25vl,E5_img_0086_mixed_N1_k1_P2,open,country,Iran,Turkey,
qwen25vl,E5_img_0086_mixed_N2_k2_P2,open,item,Hijab,Yashmak,
qwen25vl,E5_img_0086_mixed_N2_k2_P2,open,country,Iran,Turkey,
qwen25vl,E5_img_0086_mixed_N3_k1_P2,open,item,Hijab,Yashmak,
qwen25vl,E5_img_0086_mixed_N3_k1_P2,open,country,Iran,Turkey,
qwen25vl,E5_img_0086_mixed_N4_k4_P2,open,item,Hijab,Yashmak,
qwen25vl,E5_img_0086_mixed_N4_k4_P2,open,country,Iran,Turkey,
qwen25vl,E5_img_0086_mixed_N5_k4_P2,open,item,Hijab,Yashmak,
qwen25vl,E5_img_0086_mixed_N5_k4_P2,open,country,Iran,Turkey,
qwen25vl,E5_img_0086_mixed_N1_k1_P3,open,item,Veiled Woman,Yashmak,
qwen25vl,E5_img_0086_mixed_N2_k2_P3,open,item,Hijab,Yashmak,
qwen25vl,E5_img_0086_mixed_N2_k2_P3,open,country,Egypt,Turkey,
qwen25vl,E5_img_0086_mixed_N3_k1_P3,open,item,Hijab,Yashmak,
qwen25vl,E5_img_0086_mixed_N3_k1_P3,open,country,Egypt,Turkey,
qwen25vl,E5_img_0086_mixed_N4_k4_P3,open,item,Veiled portrait,Yashmak,
qwen25vl,E5_img_0086_mixed_N5_k4_P3,open,item,Veil,Yashmak,
qwen25vl,E5_img_0086_mixed_N5_k4_P3,open,country,Egypt,Turkey,
qwen25vl,E6_img_0086_mixed_N1_k1_P4,open,item,Headscarf,Yashmak,
qwen25vl,E6_img_0086_mixed_N1_k1_P4,open,country,Egypt,Turkey,
qwen25vl,E6_img_0086_mixed_N2_k2_P4,open,item,Niqab,Yashmak,
qwen25vl,E6_img_0086_mixed_N2_k2_P4,open,country,Iran,Turkey,
qwen25vl,E6_img_0086_mixed_N3_k1_P4,open,item,Headscarf,Yashmak,
qwen25vl,E6_img_0086_mixed_N4_k4_P4,open,item,Niqab,Yashmak,
qwen25vl,E6_img_0086_mixed_N4_k4_P4,open,country,Iran,Turkey,
qwen25vl,E6_img_0086_mixed_N5_k4_P4,open,item,Niqab,Yashmak,
qwen25vl,E6_img_0086_mixed_N5_k4_P4,open,country,Afghanistan,Turkey,
qwen25vl,E1_img_0029_mixed_N1_k1_P1,open,item,Traditional Textile,Geringsing,
qwen25vl,E1_img_0029_mixed_N2_k1_P1,open,item,Ikat,Geringsing,
qwen25vl,E1_img_0029_mixed_N4_k1_P1,open,item,Ikat,Geringsing,
qwen25vl,E2_img_0029_mixed_N5_k1_P1,open,item,Ikat,Geringsing,
qwen25vl,E2_img_0029_mixed_N5_k2_P1,open,item,Ikat,Geringsing,
qwen25vl,E2_img_0029_mixed_N5_k3_P1,open,item,Traditional Textile,Geringsing,
qwen25vl,E2_img_0029_mixed_N5_k4_P1,open,item,Ikat,Geringsing,
qwen25vl,LEAK_img_0029_mixed_leak,open,item,Sari,Geringsing,
qwen25vl,LEAK_img_0029_mixed_leak,open,country,India,Indonesia,
qwen25vl,E3_img_0029_far_N2_k1_P1,open,item,Ikat,Geringsing,
qwen25vl,E1_img_0025_mixed_N1_k1_P1,open,item,Traditional Turkish Garment,Frimla,
qwen25vl,E1_img_0025_mixed_N1_k1_P1,open,country,Turkey,Algeria,
qwen25vl,E2_img_0025_mixed_N5_k1_P1,open,item,Manresa,Frimla,
qwen25vl,E2_img_0025_mixed_N5_k3_P1,open,item,Traditional Turkish Clothing,Frimla,
qwen25vl,E2_img_0025_mixed_N5_k3_P1,open,country,Turkey,Algeria,
qwen25vl,E2_img_0025_mixed_N5_k4_P1,open,item,Manresa,Frimla,
qwen25vl,E2_img_0025_mixed_N5_k5_P1,open,item,Manresa,Frimla,
qwen25vl,LEAK_img_0025_mixed_leak,open,item,Sari,Frimla,
qwen25vl,E3_img_0025_near_N2_k2_P1,open,country,Spain,Algeria,
qwen25vl,E3_img_0025_near_N5_k1_P1,open,country,Spain,Algeria,
qwen25vl,E3_img_0025_far_N2_k2_P1,open,item,Traditional Turkish Clothing,Frimla,
qwen25vl,E3_img_0025_far_N2_k2_P1,open,country,Turkey,Algeria,
qwen25vl,E1_img_0026_mixed_N1_k1_P1,open,item,Red Bikini Bottoms,Fundoshi,
qwen25vl,E1_img_0026_mixed_N2_k1_P1,open,item,Red Bikini,Fundoshi,
qwen25vl,E1_img_0026_mixed_N3_k1_P1,open,item,Swimsuit,Fundoshi,
qwen25vl,E1_img_0026_mixed_N4_k3_P1,open,item,Swimsuit,Fundoshi,
qwen25vl,E2_img_0026_mixed_N5_k1_P1,open,item,Swimsuit,Fundoshi,
qwen25vl,E2_img_0026_mixed_N5_k2_P1,open,item,Swimsuit,Fundoshi,
qwen25vl,E2_img_0026_mixed_N5_k3_P1,open,item,Swimsuit,Fundoshi,
qwen25vl,E2_img_0026_mixed_N5_k4_P1,open,item,Red Bikini Bottoms,Fundoshi,
qwen25vl,E2_img_0026_mixed_N5_k5_P1,open,item,Red Bikini,Fundoshi,
qwen25vl,LEAK_img_0026_mixed_leak,open,item,Sari,Fundoshi,
qwen25vl,LEAK_img_0026_mixed_leak,open,country,India,Japan,
qwen25vl,E3_img_0026_near_N2_k1_P1,open,item,Red Bikini,Fundoshi,
qwen25vl,E3_img_0026_near_N5_k2_P1,open,item,Red Bikini Bottoms,Fundoshi,
qwen25vl,E3_img_0026_far_N2_k1_P1,open,item,Red Bikini,Fundoshi,
qwen25vl,E3_img_0026_far_N5_k2_P1,open,item,Swimsuit,Fundoshi,
qwen25vl,E5_img_0026_mixed_N1_k1_P2,open,item,Red Bikini Bottoms,Fundoshi,
qwen25vl,E5_img_0026_mixed_N1_k1_P2,open,country,Brazil,Japan,
qwen25vl,E5_img_0026_mixed_N2_k1_P2,open,item,Red Bikini,Fundoshi,
qwen25vl,E5_img_0026_mixed_N3_k1_P2,open,item,Red Bikini,Fundoshi,
qwen25vl,E5_img_0026_mixed_N4_k3_P2,open,item,Swimsuit,Fundoshi,
qwen25vl,E5_img_0026_mixed_N5_k2_P2,open,item,Red Bikini,Fundoshi,
qwen25vl,E5_img_0026_mixed_N5_k2_P2,open,country,Brazil,Japan,
qwen25vl,E5_img_0026_mixed_N1_k1_P3,open,item,Red Bikini Bottoms,Fundoshi,
qwen25vl,E5_img_0026_mixed_N2_k1_P3,open,item,Swimsuit,Fundoshi,
qwen25vl,E5_img_0026_mixed_N3_k1_P3,open,item,Swimsuit,Fundoshi,
qwen25vl,E5_img_0026_mixed_N4_k3_P3,open,item,Swimsuit,Fundoshi,
qwen25vl,E5_img_0026_mixed_N5_k2_P3,open,item,Swimsuit,Fundoshi,
qwen25vl,E6_img_0026_mixed_N1_k1_P4,open,item,Swim trunks,Fundoshi,
qwen25vl,E6_img_0026_mixed_N1_k1_P4,open,country,United States,Japan,
qwen25vl,E6_img_0026_mixed_N2_k1_P4,open,item,Swim trunks,Fundoshi,
qwen25vl,E6_img_0026_mixed_N3_k1_P4,open,item,Swim trunks,Fundoshi,
qwen25vl,E6_img_0026_mixed_N4_k3_P4,open,item,Bikini,Fundoshi,
qwen25vl,E6_img_0026_mixed_N4_k3_P4,open,country,Brazil,Japan,
qwen25vl,E6_img_0026_mixed_N5_k2_P4,open,item,Swimsuit,Fundoshi,
qwen25vl,E6_img_0026_mixed_N5_k2_P4,open,country,United States,Japan,
qwen25vl,E1_img_0030_mixed_N1_k1_P1,open,item,Traditional African Wrap Skirt,Ghanaian smock,
qwen25vl,E1_img_0030_mixed_N2_k2_P1,open,item,Dashiki,Ghanaian smock,
qwen25vl,E1_img_0030_mixed_N3_k2_P1,open,item,Dashiki,Ghanaian smock,
qwen25vl,E1_img_0030_mixed_N4_k4_P1,open,item,Dashiki,Ghanaian smock,
qwen25vl,E2_img_0030_mixed_N5_k1_P1,open,item,Dashiki,Ghanaian smock,
qwen25vl,E2_img_0030_mixed_N5_k2_P1,open,item,Dashiki,Ghanaian smock,
qwen25vl,E2_img_0030_mixed_N5_k3_P1,open,item,Dashiki,Ghanaian smock,
qwen25vl,E2_img_0030_mixed_N5_k4_P1,open,item,Traditional African Wrap,Ghanaian smock,
qwen25vl,E2_img_0030_mixed_N5_k5_P1,open,item,Dashiki,Ghanaian smock,
qwen25vl,LEAK_img_0030_mixed_leak,open,item,Sari,Ghanaian smock,
qwen25vl,LEAK_img_0030_mixed_leak,open,country,India,Ghana,
qwen25vl,E3_img_0030_near_N2_k2_P1,open,item,Traditional African Wrap Skirt,Ghanaian smock,
qwen25vl,E3_img_0030_near_N5_k3_P1,open,item,Traditional African Wrap,Ghanaian smock,
qwen25vl,E3_img_0030_far_N2_k2_P1,open,item,Traditional African Wrapper,Ghanaian smock,
qwen25vl,E3_img_0030_far_N5_k3_P1,open,item,Traditional African Wrap Skirt,Ghanaian smock,
qwen25vl,E1_img_0008_mixed_N1_k1_P1,open,item,Kilt,Belted plaid,
qwen25vl,E1_img_0008_mixed_N2_k1_P1,open,item,Kilt,Belted plaid,
qwen25vl,E1_img_0008_mixed_N3_k3_P1,open,item,Kilt,Belted plaid,
qwen25vl,E1_img_0008_mixed_N4_k1_P1,open,item,Kilt,Belted plaid,
qwen25vl,E2_img_0008_mixed_N5_k1_P1,open,item,Kilt,Belted plaid,
qwen25vl,E2_img_0008_mixed_N5_k2_P1,open,item,Kilt,Belted plaid,
qwen25vl,E2_img_0008_mixed_N5_k3_P1,open,item,Kilt,Belted plaid,
qwen25vl,E2_img_0008_mixed_N5_k4_P1,open,item,Kilt,Belted plaid,
qwen25vl,E2_img_0008_mixed_N5_k5_P1,open,item,Kilt,Belted plaid,
qwen25vl,LEAK_img_0008_mixed_leak,open,item,Sari,Belted plaid,
qwen25vl,LEAK_img_0008_mixed_leak,open,country,India,United Kingdom,
qwen25vl,E3_img_0008_near_N2_k1_P1,open,item,Kilt,Belted plaid,
qwen25vl,E3_img_0008_near_N5_k4_P1,open,item,Kilt,Belted plaid,
qwen25vl,E3_img_0008_far_N2_k1_P1,open,item,Kilt,Belted plaid,
qwen25vl,E3_img_0008_far_N5_k4_P1,open,item,Kilt,Belted plaid,
qwen25vl,LEAK_img_0085_mixed_leak,open,item,Sari,Ushanka,
qwen25vl,LEAK_img_0085_mixed_leak,open,country,India,Russia,
qwen25vl,E1_img_0063_mixed_N1_k1_P1,open,item,Toga,Perizoma,
qwen25vl,E1_img_0063_mixed_N1_k1_P1,open,country,Italy,Greece,
qwen25vl,E1_img_0063_mixed_N2_k1_P1,open,item,Toga,Perizoma,
qwen25vl,E1_img_0063_mixed_N2_k1_P1,open,country,Italy,Greece,
qwen25vl,E1_img_0063_mixed_N3_k2_P1,open,item,Tunic,Perizoma,
qwen25vl,E1_img_0063_mixed_N4_k3_P1,open,item,Skirt,Perizoma,
qwen25vl,E2_img_0063_mixed_N5_k1_P1,open,item,Toga,Perizoma,
qwen25vl,E2_img_0063_mixed_N5_k1_P1,open,country,Italy,Greece,
qwen25vl,E2_img_0063_mixed_N5_k2_P1,open,item,Tunic,Perizoma,
qwen25vl,E2_img_0063_mixed_N5_k3_P1,open,item,Tunic,Perizoma,
qwen25vl,E2_img_0063_mixed_N5_k4_P1,open,item,Tunic,Perizoma,
qwen25vl,E2_img_0063_mixed_N5_k5_P1,open,item,Chiton,Perizoma,
qwen25vl,LEAK_img_0063_mixed_leak,open,item,Sari,Perizoma,
qwen25vl,LEAK_img_0063_mixed_leak,open,country,India,Greece,
qwen25vl,E3_img_0063_near_N2_k1_P1,open,item,Toga,Perizoma,
qwen25vl,E3_img_0063_near_N2_k1_P1,open,country,Italy,Greece,
qwen25vl,E3_img_0063_near_N5_k1_P1,open,item,Toga,Perizoma,
qwen25vl,E3_img_0063_near_N5_k1_P1,open,country,Italy,Greece,
qwen25vl,E3_img_0063_far_N2_k1_P1,open,item,Toga,Perizoma,
qwen25vl,E3_img_0063_far_N2_k1_P1,open,country,Italy,Greece,
qwen25vl,E3_img_0063_far_N5_k1_P1,open,item,Toga,Perizoma,
qwen25vl,E3_img_0063_far_N5_k1_P1,open,country,Ancient Rome,Greece,
qwen25vl,E1_img_0009_mixed_N1_k1_P1,open,item,Traditional Indian Garment,Birke topi,
qwen25vl,E1_img_0009_mixed_N1_k1_P1,open,country,India,Nepal,
qwen25vl,E1_img_0009_mixed_N2_k2_P1,open,item,Dhoti,Birke topi,
qwen25vl,E1_img_0009_mixed_N2_k2_P1,open,country,India,Nepal,
qwen25vl,E1_img_0009_mixed_N3_k3_P1,open,item,Dhoti,Birke topi,
qwen25vl,E1_img_0009_mixed_N3_k3_P1,open,country,India,Nepal,
qwen25vl,E1_img_0009_mixed_N4_k4_P1,open,item,Dhoti,Birke topi,
qwen25vl,E1_img_0009_mixed_N4_k4_P1,open,country,India,Nepal,
qwen25vl,E2_img_0009_mixed_N5_k1_P1,open,item,Dhoti,Birke topi,
qwen25vl,E2_img_0009_mixed_N5_k1_P1,open,country,India,Nepal,
qwen25vl,E2_img_0009_mixed_N5_k2_P1,open,item,Dhoti,Birke topi,
qwen25vl,E2_img_0009_mixed_N5_k2_P1,open,country,India,Nepal,
qwen25vl,E2_img_0009_mixed_N5_k3_P1,open,item,Dhoti,Birke topi,
qwen25vl,E2_img_0009_mixed_N5_k3_P1,open,country,India,Nepal,
qwen25vl,E2_img_0009_mixed_N5_k4_P1,open,item,Dhoti,Birke topi,
qwen25vl,E2_img_0009_mixed_N5_k4_P1,open,country,India,Nepal,
qwen25vl,E2_img_0009_mixed_N5_k5_P1,open,item,Dhoti,Birke topi,
qwen25vl,E2_img_0009_mixed_N5_k5_P1,open,country,India,Nepal,
qwen25vl,LEAK_img_0009_mixed_leak,open,item,Sari,Birke topi,
qwen25vl,LEAK_img_0009_mixed_leak,open,country,India,Nepal,
qwen25vl,E3_img_0009_near_N2_k2_P1,open,item,Dhoti,Birke topi,
qwen25vl,E3_img_0009_near_N2_k2_P1,open,country,India,Nepal,
qwen25vl,E3_img_0009_near_N5_k2_P1,open,item,Dhoti,Birke topi,
qwen25vl,E3_img_0009_near_N5_k2_P1,open,country,India,Nepal,
qwen25vl,E3_img_0009_far_N2_k2_P1,open,item,Dhoti,Birke topi,
qwen25vl,E3_img_0009_far_N2_k2_P1,open,country,India,Nepal,
qwen25vl,E3_img_0009_far_N5_k2_P1,open,item,Dhoti,Birke topi,
qwen25vl,E3_img_0009_far_N5_k2_P1,open,country,India,Nepal,
qwen25vl,E1_img_0027_mixed_N1_k1_P1,open,item,Kanka Jacket,Gakuran,
qwen25vl,E1_img_0027_mixed_N2_k1_P1,open,item,Mandarin Collar Jacket,Gakuran,
qwen25vl,E1_img_0027_mixed_N2_k1_P1,open,country,China,Japan,
qwen25vl,E1_img_0027_mixed_N3_k1_P1,open,item,Mandarin Collar Jacket,Gakuran,
qwen25vl,E1_img_0027_mixed_N3_k1_P1,open,country,China,Japan,
qwen25vl,E1_img_0027_mixed_N4_k1_P1,open,item,Mandarin Collar Jacket,Gakuran,
qwen25vl,E1_img_0027_mixed_N4_k1_P1,open,country,China,Japan,
qwen25vl,E2_img_0027_mixed_N5_k1_P1,open,item,Mandarin Collar Jacket,Gakuran,
qwen25vl,E2_img_0027_mixed_N5_k1_P1,open,country,China,Japan,
qwen25vl,E2_img_0027_mixed_N5_k2_P1,open,item,Mandarin Collar Jacket,Gakuran,
qwen25vl,E2_img_0027_mixed_N5_k2_P1,open,country,China,Japan,
qwen25vl,E2_img_0027_mixed_N5_k3_P1,open,item,Mandarin Collar Jacket,Gakuran,
qwen25vl,E2_img_0027_mixed_N5_k3_P1,open,country,China,Japan,
qwen25vl,E2_img_0027_mixed_N5_k4_P1,open,item,Mandarin Collar Jacket,Gakuran,
qwen25vl,E2_img_0027_mixed_N5_k4_P1,open,country,China,Japan,
qwen25vl,E2_img_0027_mixed_N5_k5_P1,open,item,Mandarin Collar Jacket,Gakuran,
qwen25vl,E2_img_0027_mixed_N5_k5_P1,open,country,China,Japan,
qwen25vl,LEAK_img_0027_mixed_leak,open,item,Sari,Gakuran,
qwen25vl,LEAK_img_0027_mixed_leak,open,country,India,Japan,
qwen25vl,E3_img_0027_near_N2_k1_P1,open,item,Mandarin Collar Jacket,Gakuran,
qwen25vl,E3_img_0027_near_N2_k1_P1,open,country,China,Japan,
qwen25vl,E3_img_0027_near_N5_k3_P1,open,item,Mandarin Collar Jacket,Gakuran,
qwen25vl,E3_img_0027_near_N5_k3_P1,open,country,China,Japan,
qwen25vl,E3_img_0027_far_N2_k1_P1,open,item,Kanka Jacket,Gakuran,
qwen25vl,E3_img_0027_far_N5_k3_P1,open,item,Mandarin Collar Jacket,Gakuran,
qwen25vl,E3_img_0027_far_N5_k3_P1,open,country,China,Japan,
qwen25vl,E5_img_0027_mixed_N1_k1_P2,open,item,Mandarin Collar Jacket,Gakuran,
qwen25vl,E5_img_0027_mixed_N1_k1_P2,open,country,China,Japan,
qwen25vl,E5_img_0027_mixed_N2_k1_P2,open,item,Mandarin Collar Jacket,Gakuran,
qwen25vl,E5_img_0027_mixed_N2_k1_P2,open,country,China,Japan,
qwen25vl,E5_img_0027_mixed_N3_k1_P2,open,item,Mandarin Collar Jacket,Gakuran,
qwen25vl,E5_img_0027_mixed_N3_k1_P2,open,country,China,Japan,
qwen25vl,E5_img_0027_mixed_N4_k1_P2,open,item,Mandarin Collar Jacket,Gakuran,
qwen25vl,E5_img_0027_mixed_N4_k1_P2,open,country,China,Japan,
qwen25vl,E5_img_0027_mixed_N5_k3_P2,open,item,Mandarin Collar Jacket,Gakuran,
qwen25vl,E5_img_0027_mixed_N5_k3_P2,open,country,China,Japan,
qwen25vl,E5_img_0027_mixed_N1_k1_P3,open,item,Traditional Chinese Jacket,Gakuran,
qwen25vl,E5_img_0027_mixed_N1_k1_P3,open,country,China,Japan,
qwen25vl,E5_img_0027_mixed_N2_k1_P3,open,item,Mandarin Collar Jacket,Gakuran,
qwen25vl,E5_img_0027_mixed_N2_k1_P3,open,country,China,Japan,
qwen25vl,E5_img_0027_mixed_N3_k1_P3,open,item,Mandarin Collar Jacket,Gakuran,
qwen25vl,E5_img_0027_mixed_N3_k1_P3,open,country,China,Japan,
qwen25vl,E5_img_0027_mixed_N4_k1_P3,open,item,Mandarin Collar Jacket,Gakuran,
qwen25vl,E5_img_0027_mixed_N4_k1_P3,open,country,China,Japan,
qwen25vl,E5_img_0027_mixed_N5_k3_P3,open,item,Mandarin Collar Jacket,Gakuran,
qwen25vl,E5_img_0027_mixed_N5_k3_P3,open,country,China,Japan,
qwen25vl,E6_img_0027_mixed_N1_k1_P4,open,item,Mandarin Jacket,Gakuran,
qwen25vl,E6_img_0027_mixed_N1_k1_P4,open,country,China,Japan,
qwen25vl,E6_img_0027_mixed_N2_k1_P4,open,item,Mandarin Collar Jacket,Gakuran,
qwen25vl,E6_img_0027_mixed_N2_k1_P4,open,country,China,Japan,
qwen25vl,E6_img_0027_mixed_N3_k1_P4,open,item,Mandarin Collar Jacket,Gakuran,
qwen25vl,E6_img_0027_mixed_N3_k1_P4,open,country,China,Japan,
qwen25vl,E6_img_0027_mixed_N4_k1_P4,open,item,Mandarin Collar Jacket,Gakuran,
qwen25vl,E6_img_0027_mixed_N4_k1_P4,open,country,China,Japan,
qwen25vl,E6_img_0027_mixed_N5_k3_P4,open,item,Mandarin Collar Jacket,Gakuran,
qwen25vl,E6_img_0027_mixed_N5_k3_P4,open,country,China,Japan,
qwen25vl,E1_img_0035_mixed_N1_k1_P1,open,item,Quilted Skirt,Haramaki,
qwen25vl,E1_img_0035_mixed_N2_k2_P1,open,item,Quilted Skirt,Haramaki,
qwen25vl,E1_img_0035_mixed_N3_k2_P1,open,item,Quilted Skirt,Haramaki,
qwen25vl,E1_img_0035_mixed_N4_k2_P1,open,item,Quilted Skirt,Haramaki,
qwen25vl,E2_img_0035_mixed_N5_k1_P1,open,item,Quilted Skirt,Haramaki,
qwen25vl,E2_img_0035_mixed_N5_k2_P1,open,item,Quilted Skirt,Haramaki,
qwen25vl,E2_img_0035_mixed_N5_k3_P1,open,item,Quilted Skirt,Haramaki,
qwen25vl,E2_img_0035_mixed_N5_k4_P1,open,item,Quilted Skirt,Haramaki,
qwen25vl,E2_img_0035_mixed_N5_k5_P1,open,item,Quilted Skirt,Haramaki,
qwen25vl,LEAK_img_0035_mixed_leak,open,item,Sari,Haramaki,
qwen25vl,E3_img_0035_near_N2_k2_P1,open,item,Quilted Skirt,Haramaki,
qwen25vl,E3_img_0035_near_N5_k4_P1,open,item,Quilt,Haramaki,
qwen25vl,E3_img_0035_far_N2_k2_P1,open,item,Quilted Skirt,Haramaki,
qwen25vl,E3_img_0035_far_N5_k4_P1,open,item,Quilt,Haramaki,
qwen25vl,E1_img_0023_mixed_N1_k1_P1,open,item,Traditional African Garment,Dirac,
qwen25vl,E1_img_0023_mixed_N2_k1_P1,open,item,Traditional African Garment,Dirac,
qwen25vl,E1_img_0023_mixed_N2_k1_P1,open,country,Africa,Somalia,
qwen25vl,E1_img_0023_mixed_N3_k3_P1,open,item,Traditional African Garment,Dirac,
qwen25vl,E1_img_0023_mixed_N4_k3_P1,open,item,Traditional African Attire,Dirac,
qwen25vl,E2_img_0023_mixed_N5_k1_P1,open,item,Traditional African Garment,Dirac,
qwen25vl,E2_img_0023_mixed_N5_k1_P1,open,country,Africa,Somalia,
qwen25vl,E2_img_0023_mixed_N5_k2_P1,open,country,Ethiopia,Somalia,
qwen25vl,E2_img_0023_mixed_N5_k3_P1,open,item,Traditional African Attire,Dirac,
qwen25vl,E2_img_0023_mixed_N5_k4_P1,open,item,Traditional African Garment,Dirac,
qwen25vl,E2_img_0023_mixed_N5_k5_P1,open,item,Traditional African attire,Dirac,
qwen25vl,LEAK_img_0023_mixed_leak,open,item,Sari,Dirac,
qwen25vl,E3_img_0023_near_N2_k1_P1,open,item,Traditional African Garment,Dirac,
qwen25vl,E3_img_0023_near_N5_k5_P1,open,item,Traditional African Garment,Dirac,
qwen25vl,E3_img_0023_far_N2_k1_P1,open,item,Traditional African Garment,Dirac,
qwen25vl,E3_img_0023_far_N5_k5_P1,open,item,Traditional African Garment,Dirac,
qwen25vl,E2_img_0002_mixed_N5_k2_P1,open,item,Ao Dai,Áo bà ba,
qwen25vl,E2_img_0002_mixed_N5_k4_P1,open,item,Ao Dai,Áo bà ba,
qwen25vl,LEAK_img_0002_mixed_leak,open,item,Sari,Áo bà ba,
qwen25vl,LEAK_img_0002_mixed_leak,open,country,India,Vietnam,
qwen25vl,E3_img_0002_near_N2_k2_P1,open,item,Ao Dai,Áo bà ba,
qwen25vl,E3_img_0002_far_N2_k2_P1,open,item,Ao Dai,Áo bà ba,
qwen25vl,E5_img_0002_mixed_N1_k1_P2,open,item,Ao Dai,Áo bà ba,
qwen25vl,E5_img_0002_mixed_N2_k2_P2,open,item,Traditional Vietnamese conical hat,Áo bà ba,
qwen25vl,E5_img_0002_mixed_N3_k1_P2,open,item,Ao Dai,Áo bà ba,
qwen25vl,E5_img_0002_mixed_N4_k4_P2,open,item,Ao Dai,Áo bà ba,
qwen25vl,E5_img_0002_mixed_N5_k1_P2,open,item,Ao Dai,Áo bà ba,
qwen25vl,E5_img_0002_mixed_N1_k1_P3,open,item,Traditional Vietnamese conical hat,Áo bà ba,
qwen25vl,E5_img_0002_mixed_N3_k1_P3,open,item,Ao Dai,Áo bà ba,
qwen25vl,E5_img_0002_mixed_N5_k1_P3,open,item,Ao Dai,Áo bà ba,
qwen25vl,E6_img_0002_mixed_N1_k1_P4,open,item,White blouse,Áo bà ba,
qwen25vl,E6_img_0002_mixed_N2_k2_P4,open,item,Conical Hat,Áo bà ba,
qwen25vl,E6_img_0002_mixed_N3_k1_P4,open,item,Ao Dai,Áo bà ba,
qwen25vl,E6_img_0002_mixed_N4_k4_P4,open,item,Ao Dai,Áo bà ba,
qwen25vl,E6_img_0002_mixed_N5_k1_P4,open,item,Ao Dai,Áo bà ba,
qwen25vl,E1_img_0055_mixed_N2_k1_P1,open,country,Africa,Rwanda,
qwen25vl,E1_img_0055_mixed_N3_k2_P1,open,item,Agbada,Mushanana,
qwen25vl,E1_img_0055_mixed_N3_k2_P1,open,country,Nigeria,Rwanda,
qwen25vl,E1_img_0055_mixed_N4_k1_P1,open,country,Africa,Rwanda,
qwen25vl,E2_img_0055_mixed_N5_k1_P1,open,country,Africa,Rwanda,
qwen25vl,E2_img_0055_mixed_N5_k2_P1,open,item,Agbada,Mushanana,
qwen25vl,E2_img_0055_mixed_N5_k2_P1,open,country,Nigeria,Rwanda,
qwen25vl,E2_img_0055_mixed_N5_k3_P1,open,country,Africa,Rwanda,
qwen25vl,E2_img_0055_mixed_N5_k4_P1,open,item,Agbada,Mushanana,
qwen25vl,E2_img_0055_mixed_N5_k4_P1,open,country,Nigeria,Rwanda,
qwen25vl,E2_img_0055_mixed_N5_k5_P1,open,country,Africa,Rwanda,
qwen25vl,LEAK_img_0055_mixed_leak,open,item,Sari,Mushanana,
qwen25vl,LEAK_img_0055_mixed_leak,open,country,India,Rwanda,
qwen25vl,E3_img_0055_near_N2_k1_P1,open,country,Africa,Rwanda,
qwen25vl,E3_img_0055_near_N5_k2_P1,open,country,Africa,Rwanda,
qwen25vl,E3_img_0055_far_N2_k1_P1,open,item,Agbada,Mushanana,
qwen25vl,E3_img_0055_far_N2_k1_P1,open,country,Nigeria,Rwanda,
qwen25vl,E3_img_0055_far_N5_k2_P1,open,item,Agbada,Mushanana,
qwen25vl,E3_img_0055_far_N5_k2_P1,open,country,Nigeria,Rwanda,
qwen25vl,E1_img_0076_mixed_N1_k1_P1,open,item,Gamis,Songkok,
qwen25vl,E2_img_0076_mixed_N5_k1_P1,open,item,Gamis,Songkok,
qwen25vl,E2_img_0076_mixed_N5_k3_P1,open,item,Javanese military uniform,Songkok,
qwen25vl,LEAK_img_0076_mixed_leak,open,item,Sari,Songkok,
qwen25vl,E3_img_0076_near_N5_k3_P1,open,item,Suto,Songkok,
qwen25vl,E3_img_0076_far_N5_k3_P1,open,item,Suto,Songkok,
qwen25vl,E1_img_0001_mixed_N1_k1_P1,open,item,Moccasins,Abarka,
qwen25vl,E1_img_0001_mixed_N2_k1_P1,open,item,Moccasins,Abarka,
qwen25vl,E1_img_0001_mixed_N3_k1_P1,open,item,Moccasins,Abarka,
qwen25vl,E1_img_0001_mixed_N4_k3_P1,open,item,Moccasin,Abarka,
qwen25vl,E2_img_0001_mixed_N5_k1_P1,open,item,Moccasins,Abarka,
qwen25vl,E2_img_0001_mixed_N5_k2_P1,open,item,Moccasin,Abarka,
qwen25vl,E2_img_0001_mixed_N5_k3_P1,open,item,Moccasin,Abarka,
qwen25vl,E2_img_0001_mixed_N5_k4_P1,open,item,Moccasin,Abarka,
qwen25vl,E2_img_0001_mixed_N5_k5_P1,open,item,Moccasin,Abarka,
qwen25vl,LEAK_img_0001_mixed_leak,open,item,Sari,Abarka,
qwen25vl,LEAK_img_0001_mixed_leak,open,country,India,Spain,
qwen25vl,E3_img_0001_near_N2_k1_P1,open,item,Moccasins,Abarka,
qwen25vl,E3_img_0001_near_N5_k4_P1,open,item,Moccasins,Abarka,
qwen25vl,E3_img_0001_far_N2_k1_P1,open,item,Moccasins,Abarka,
qwen25vl,E3_img_0001_far_N5_k4_P1,open,item,Moccasins,Abarka,
qwen25vl,E5_img_0001_mixed_N1_k1_P2,open,item,Moccasins,Abarka,
qwen25vl,E5_img_0001_mixed_N1_k1_P2,open,country,United States,Spain,
qwen25vl,E5_img_0001_mixed_N2_k1_P2,open,item,Moccasins,Abarka,
qwen25vl,E5_img_0001_mixed_N2_k1_P2,open,country,Canada,Spain,
qwen25vl,E5_img_0001_mixed_N3_k1_P2,open,item,Moccasins,Abarka,
qwen25vl,E5_img_0001_mixed_N3_k1_P2,open,country,Alaska,Spain,
qwen25vl,E5_img_0001_mixed_N4_k3_P2,open,item,Moccasin,Abarka,
qwen25vl,E5_img_0001_mixed_N5_k4_P2,open,item,Moccasin,Abarka,
qwen25vl,E5_img_0001_mixed_N5_k4_P2,open,country,United States,Spain,
qwen25vl,E5_img_0001_mixed_N1_k1_P3,open,item,Moccasins,Abarka,
qwen25vl,E5_img_0001_mixed_N2_k1_P3,open,item,Moccasins,Abarka,
qwen25vl,E5_img_0001_mixed_N2_k1_P3,open,country,Alaska,Spain,
qwen25vl,E5_img_0001_mixed_N3_k1_P3,open,item,Moccasins,Abarka,
qwen25vl,E5_img_0001_mixed_N3_k1_P3,open,country,Alaska,Spain,
qwen25vl,E5_img_0001_mixed_N4_k3_P3,open,item,Moccasins,Abarka,
qwen25vl,E5_img_0001_mixed_N5_k4_P3,open,item,Moccasins,Abarka,
qwen25vl,E6_img_0001_mixed_N1_k1_P4,open,country,Alaska,Spain,
qwen25vl,E6_img_0001_mixed_N2_k1_P4,open,country,Alaska,Spain,
qwen25vl,E6_img_0001_mixed_N3_k1_P4,open,country,Alaska,Spain,
qwen25vl,E6_img_0001_mixed_N4_k3_P4,open,item,Moccasins,Abarka,
qwen25vl,E6_img_0001_mixed_N4_k3_P4,open,country,North America,Spain,
qwen25vl,E6_img_0001_mixed_N5_k4_P4,open,item,Moccasin,Abarka,
qwen25vl,E1_img_0069_mixed_N1_k1_P1,open,item,Hanbok,Saekdongot,
qwen25vl,E1_img_0069_mixed_N2_k2_P1,open,item,Hanbok,Saekdongot,
qwen25vl,E1_img_0069_mixed_N3_k2_P1,open,item,Hanbok,Saekdongot,
qwen25vl,E1_img_0069_mixed_N4_k4_P1,open,item,Hanbok,Saekdongot,
qwen25vl,E2_img_0069_mixed_N5_k1_P1,open,item,Hanbok,Saekdongot,
qwen25vl,E2_img_0069_mixed_N5_k2_P1,open,item,Hanbok,Saekdongot,
qwen25vl,E2_img_0069_mixed_N5_k3_P1,open,item,Hanbok,Saekdongot,
qwen25vl,E2_img_0069_mixed_N5_k4_P1,open,item,Hanbok,Saekdongot,
qwen25vl,E2_img_0069_mixed_N5_k5_P1,open,item,Hanbok,Saekdongot,
qwen25vl,LEAK_img_0069_mixed_leak,open,item,Sari,Saekdongot,
qwen25vl,LEAK_img_0069_mixed_leak,open,country,India,South Korea,
qwen25vl,E3_img_0069_near_N2_k2_P1,open,item,Hanbok,Saekdongot,
qwen25vl,E3_img_0069_near_N5_k5_P1,open,item,Hanbok,Saekdongot,
qwen25vl,E3_img_0069_far_N2_k2_P1,open,item,Hanbok,Saekdongot,
qwen25vl,E3_img_0069_far_N5_k5_P1,open,item,Hanbok,Saekdongot,
qwen25vl,E1_img_0011_mixed_N1_k1_P1,open,item,Traditional White Dress,Bolero,
qwen25vl,E1_img_0011_mixed_N2_k1_P1,open,item,White apron,Bolero,
qwen25vl,E1_img_0011_mixed_N3_k3_P1,open,item,Lab coat,Bolero,
qwen25vl,E1_img_0011_mixed_N4_k1_P1,open,item,Blouse,Bolero,
qwen25vl,E2_img_0011_mixed_N5_k1_P1,open,item,Blouse,Bolero,
qwen25vl,E2_img_0011_mixed_N5_k2_P1,open,item,Blouse,Bolero,
qwen25vl,E2_img_0011_mixed_N5_k3_P1,open,item,Blouse,Bolero,
qwen25vl,E2_img_0011_mixed_N5_k4_P1,open,item,Blouse,Bolero,
qwen25vl,E2_img_0011_mixed_N5_k5_P1,open,item,Lab coat,Bolero,
qwen25vl,E3_img_0011_near_N2_k1_P1,open,item,White Blouse,Bolero,
qwen25vl,E3_img_0011_near_N5_k1_P1,open,item,White blouse,Bolero,
qwen25vl,E3_img_0011_far_N2_k1_P1,open,item,White blouse,Bolero,
qwen25vl,E3_img_0011_far_N5_k1_P1,open,item,White blouse,Bolero,
qwen25vl,E1_img_0028_mixed_N1_k1_P1,open,item,Traditional wedding attire,Gandoura,
qwen25vl,E1_img_0028_mixed_N2_k2_P1,open,item,Traditional wedding attire,Gandoura,
qwen25vl,E1_img_0028_mixed_N3_k1_P1,open,item,Traditional Moroccan Wedding Dress,Gandoura,
qwen25vl,E1_img_0028_mixed_N3_k1_P1,open,country,Morocco,Algeria,
qwen25vl,E1_img_0028_mixed_N4_k2_P1,open,item,Traditional wedding attire,Gandoura,
qwen25vl,E2_img_0028_mixed_N5_k1_P1,open,item,Traditional wedding attire,Gandoura,
qwen25vl,E2_img_0028_mixed_N5_k2_P1,open,item,Traditional wedding attire,Gandoura,
qwen25vl,E2_img_0028_mixed_N5_k3_P1,open,item,Traditional wedding attire,Gandoura,
qwen25vl,E2_img_0028_mixed_N5_k3_P1,open,country,Greece,Algeria,
qwen25vl,E2_img_0028_mixed_N5_k4_P1,open,item,Traditional wedding attire,Gandoura,
qwen25vl,E2_img_0028_mixed_N5_k4_P1,open,country,Greece,Algeria,
qwen25vl,E2_img_0028_mixed_N5_k5_P1,open,item,Traditional wedding dress,Gandoura,
qwen25vl,E2_img_0028_mixed_N5_k5_P1,open,country,Greece,Algeria,
qwen25vl,LEAK_img_0028_mixed_leak,open,item,Sari,Gandoura,
qwen25vl,LEAK_img_0028_mixed_leak,open,country,India,Algeria,
qwen25vl,E3_img_0028_near_N2_k2_P1,open,item,Traditional wedding attire,Gandoura,
qwen25vl,E3_img_0028_near_N5_k2_P1,open,item,Traditional Moroccan Wedding Dress,Gandoura,
qwen25vl,E3_img_0028_far_N2_k2_P1,open,item,Traditional wedding attire,Gandoura,
qwen25vl,E3_img_0028_far_N5_k2_P1,open,item,Traditional wedding attire,Gandoura,
qwen25vl,E5_img_0028_mixed_N1_k1_P2,open,item,Traditional Greek Wedding Dress,Gandoura,
qwen25vl,E5_img_0028_mixed_N1_k1_P2,open,country,Greece,Algeria,
qwen25vl,E5_img_0028_mixed_N2_k2_P2,open,item,Traditional wedding dress,Gandoura,
qwen25vl,E5_img_0028_mixed_N2_k2_P2,open,country,Greece,Algeria,
qwen25vl,E5_img_0028_mixed_N3_k1_P2,open,item,Traditional Moroccan Wedding Dress,Gandoura,
qwen25vl,E5_img_0028_mixed_N3_k1_P2,open,country,Morocco,Algeria,
qwen25vl,E5_img_0028_mixed_N4_k2_P2,open,item,Traditional wedding dress,Gandoura,
qwen25vl,E5_img_0028_mixed_N4_k2_P2,open,country,Greece,Algeria,
qwen25vl,E5_img_0028_mixed_N5_k2_P2,open,item,Traditional wedding dress,Gandoura,
qwen25vl,E5_img_0028_mixed_N5_k2_P2,open,country,Greece,Algeria,
qwen25vl,E5_img_0028_mixed_N1_k1_P3,open,item,Traditional wedding attire,Gandoura,
qwen25vl,E5_img_0028_mixed_N1_k1_P3,open,country,Greece,Algeria,
qwen25vl,E5_img_0028_mixed_N2_k2_P3,open,item,Traditional wedding attire,Gandoura,
qwen25vl,E5_img_0028_mixed_N2_k2_P3,open,country,Greece,Algeria,
qwen25vl,E5_img_0028_mixed_N3_k1_P3,open,item,Traditional wedding attire,Gandoura,
qwen25vl,E5_img_0028_mixed_N3_k1_P3,open,country,Greece,Algeria,
qwen25vl,E5_img_0028_mixed_N4_k2_P3,open,item,Traditional wedding attire,Gandoura,
qwen25vl,E5_img_0028_mixed_N4_k2_P3,open,country,Greece,Algeria,
qwen25vl,E5_img_0028_mixed_N5_k2_P3,open,item,Traditional wedding attire,Gandoura,
qwen25vl,E5_img_0028_mixed_N5_k2_P3,open,country,Greece,Algeria,
qwen25vl,E6_img_0028_mixed_N1_k1_P4,open,item,Zapatero,Gandoura,
qwen25vl,E6_img_0028_mixed_N1_k1_P4,open,country,Spain,Algeria,
qwen25vl,E6_img_0028_mixed_N2_k2_P4,open,item,Hijab,Gandoura,
qwen25vl,E6_img_0028_mixed_N2_k2_P4,open,country,Turkey,Algeria,
qwen25vl,E6_img_0028_mixed_N3_k1_P4,open,item,Traje de boda,Gandoura,
qwen25vl,E6_img_0028_mixed_N3_k1_P4,open,country,Spain/Portugal,Algeria,
qwen25vl,E6_img_0028_mixed_N4_k2_P4,open,item,Hijab,Gandoura,
qwen25vl,E6_img_0028_mixed_N4_k2_P4,open,country,Egypt,Algeria,
qwen25vl,E6_img_0028_mixed_N5_k2_P4,open,item,Hijab,Gandoura,
qwen25vl,E6_img_0028_mixed_N5_k2_P4,open,country,Egypt,Algeria,
qwen25vl,E1_img_0052_mixed_N1_k1_P1,open,item,Burqa,M’laya,
qwen25vl,E1_img_0052_mixed_N2_k1_P1,open,item,Mauresque,M’laya,
qwen25vl,E1_img_0052_mixed_N2_k1_P1,open,country,Constantine,Algeria,
qwen25vl,E1_img_0052_mixed_N3_k2_P1,open,item,Burqa,M’laya,
qwen25vl,E1_img_0052_mixed_N4_k3_P1,open,item,Burqa,M’laya,
qwen25vl,E2_img_0052_mixed_N5_k1_P1,open,item,Mauresque,M’laya,
qwen25vl,E2_img_0052_mixed_N5_k1_P1,open,country,Constantine,Algeria,
qwen25vl,E2_img_0052_mixed_N5_k2_P1,open,item,Burqa,M’laya,
qwen25vl,E2_img_0052_mixed_N5_k3_P1,open,item,Burqa,M’laya,
qwen25vl,E2_img_0052_mixed_N5_k4_P1,open,item,Burqa,M’laya,
qwen25vl,E2_img_0052_mixed_N5_k5_P1,open,item,Burqa,M’laya,
qwen25vl,E3_img_0052_near_N2_k1_P1,open,item,Mauresque,M’laya,
qwen25vl,E3_img_0052_near_N2_k1_P1,open,country,Constantine,Algeria,
qwen25vl,E3_img_0052_near_N5_k3_P1,open,item,Burqa,M’laya,
qwen25vl,E3_img_0052_far_N2_k1_P1,open,item,Mauresque,M’laya,
qwen25vl,E3_img_0052_far_N2_k1_P1,open,country,Constantine,Algeria,
qwen25vl,E3_img_0052_far_N5_k3_P1,open,item,Burqa,M’laya,
qwen25vl,E1_img_0060_mixed_N1_k1_P1,open,item,Robe,Panling Lanshan,
qwen25vl,E1_img_0060_mixed_N2_k2_P1,open,item,Robe,Panling Lanshan,
qwen25vl,E1_img_0060_mixed_N3_k3_P1,open,item,Robe,Panling Lanshan,
qwen25vl,E1_img_0060_mixed_N4_k4_P1,open,item,Robe,Panling Lanshan,
qwen25vl,E2_img_0060_mixed_N5_k1_P1,open,item,Cheongsam,Panling Lanshan,
qwen25vl,E2_img_0060_mixed_N5_k2_P1,open,item,Robe,Panling Lanshan,
qwen25vl,E2_img_0060_mixed_N5_k3_P1,open,item,Robe,Panling Lanshan,
qwen25vl,E2_img_0060_mixed_N5_k4_P1,open,item,Robe,Panling Lanshan,
qwen25vl,E2_img_0060_mixed_N5_k5_P1,open,item,Robe,Panling Lanshan,
qwen25vl,LEAK_img_0060_mixed_leak,open,item,Sari,Panling Lanshan,
qwen25vl,LEAK_img_0060_mixed_leak,open,country,India,China,
qwen25vl,E3_img_0060_near_N2_k2_P1,open,item,Robe,Panling Lanshan,
qwen25vl,E3_img_0060_near_N5_k4_P1,open,item,Robe,Panling Lanshan,
qwen25vl,E3_img_0060_far_N2_k2_P1,open,item,Robe,Panling Lanshan,
qwen25vl,E3_img_0060_far_N5_k4_P1,open,item,Robe,Panling Lanshan,
qwen25vl,LEAK_img_0022_mixed_leak,open,item,Sari,Dhaka topi,
qwen25vl,LEAK_img_0022_mixed_leak,open,country,India,Nepal,
qwen25vl,E1_img_0010_mixed_N1_k1_P1,open,item,Turban,Blangkon,
qwen25vl,E1_img_0010_mixed_N2_k2_P1,open,item,Turban,Blangkon,
qwen25vl,E1_img_0010_mixed_N3_k2_P1,open,item,Turban,Blangkon,
qwen25vl,E1_img_0010_mixed_N4_k2_P1,open,item,Turban,Blangkon,
qwen25vl,E2_img_0010_mixed_N5_k1_P1,open,item,Turban,Blangkon,
qwen25vl,E2_img_0010_mixed_N5_k2_P1,open,item,Turban,Blangkon,
qwen25vl,E2_img_0010_mixed_N5_k3_P1,open,item,Turban,Blangkon,
qwen25vl,E2_img_0010_mixed_N5_k4_P1,open,item,Turban,Blangkon,
qwen25vl,E2_img_0010_mixed_N5_k5_P1,open,item,Turban,Blangkon,
qwen25vl,LEAK_img_0010_mixed_leak,open,item,Sari,Blangkon,
qwen25vl,LEAK_img_0010_mixed_leak,open,country,India,Indonesia,
qwen25vl,E3_img_0010_near_N2_k2_P1,open,item,Turban,Blangkon,
qwen25vl,E3_img_0010_near_N5_k1_P1,open,item,Turban,Blangkon,
qwen25vl,E3_img_0010_far_N2_k2_P1,open,item,Turban,Blangkon,
qwen25vl,E3_img_0010_far_N2_k2_P1,open,country,India,Indonesia,
qwen25vl,E3_img_0010_far_N5_k1_P1,open,item,Turban,Blangkon,
qwen25vl,E1_img_0080_mixed_N1_k1_P1,open,item,Khaki shirt,Tembel hat,
qwen25vl,E1_img_0080_mixed_N2_k1_P1,open,item,Khaki shirt,Tembel hat,
qwen25vl,E1_img_0080_mixed_N3_k3_P1,open,item,Khaki shirt,Tembel hat,
qwen25vl,E1_img_0080_mixed_N4_k3_P1,open,item,Khaki shirt,Tembel hat,
qwen25vl,E2_img_0080_mixed_N5_k1_P1,open,item,Khaki shirt,Tembel hat,
qwen25vl,E2_img_0080_mixed_N5_k2_P1,open,item,Khaki shirt,Tembel hat,
qwen25vl,E2_img_0080_mixed_N5_k3_P1,open,item,Khaki shirt,Tembel hat,
qwen25vl,E2_img_0080_mixed_N5_k4_P1,open,item,Safari shirt,Tembel hat,
qwen25vl,E2_img_0080_mixed_N5_k5_P1,open,item,Khaki shirt,Tembel hat,
qwen25vl,LEAK_img_0080_mixed_leak,open,item,Sari,Tembel hat,
qwen25vl,LEAK_img_0080_mixed_leak,open,country,India,Israel,
qwen25vl,E3_img_0080_near_N2_k1_P1,open,item,Safari shirt,Tembel hat,
qwen25vl,E3_img_0080_near_N5_k2_P1,open,item,Khaki shirt,Tembel hat,
qwen25vl,E3_img_0080_far_N2_k1_P1,open,item,Safari hat,Tembel hat,
qwen25vl,E3_img_0080_far_N5_k2_P1,open,item,Khaki shirt,Tembel hat,
qwen25vl,E1_img_0005_mixed_N2_k2_P1,open,item,Sandals,Avarca,
qwen25vl,E1_img_0005_mixed_N3_k1_P1,open,item,Sandals,Avarca,
qwen25vl,E1_img_0005_mixed_N4_k4_P1,open,item,Sandals,Avarca,
qwen25vl,E2_img_0005_mixed_N5_k1_P1,open,item,Sandals,Avarca,
qwen25vl,E2_img_0005_mixed_N5_k2_P1,open,item,Sandals,Avarca,
qwen25vl,E2_img_0005_mixed_N5_k3_P1,open,item,Sandals,Avarca,
qwen25vl,E2_img_0005_mixed_N5_k4_P1,open,item,Sandals,Avarca,
qwen25vl,E2_img_0005_mixed_N5_k5_P1,open,item,Sandals,Avarca,
qwen25vl,LEAK_img_0005_mixed_leak,open,item,Sari,Avarca,
qwen25vl,LEAK_img_0005_mixed_leak,open,country,India,Spain,
qwen25vl,E3_img_0005_near_N2_k2_P1,open,item,Sandals,Avarca,
qwen25vl,E3_img_0005_near_N5_k3_P1,open,item,Sandals,Avarca,
qwen25vl,E3_img_0005_far_N2_k2_P1,open,item,Sandals,Avarca,
qwen25vl,E3_img_0005_far_N5_k3_P1,open,item,Sandals,Avarca,
qwen25vl,E3_img_0005_far_N5_k3_P1,open,country,Greece,Spain,
qwen25vl,E5_img_0005_mixed_N2_k2_P2,open,item,Sandals,Avarca,
qwen25vl,E5_img_0005_mixed_N3_k1_P2,open,item,Sandals,Avarca,
qwen25vl,E5_img_0005_mixed_N3_k1_P2,open,country,Greece,Spain,
qwen25vl,E5_img_0005_mixed_N4_k4_P2,open,item,Sandals,Avarca,
qwen25vl,E5_img_0005_mixed_N5_k3_P2,open,item,Sandals,Avarca,
qwen25vl,E5_img_0005_mixed_N5_k3_P2,open,country,Greece,Spain,
qwen25vl,E5_img_0005_mixed_N1_k1_P3,open,item,Traditional Greek Sandals,Avarca,
qwen25vl,E5_img_0005_mixed_N1_k1_P3,open,country,Greece,Spain,
qwen25vl,E5_img_0005_mixed_N2_k2_P3,open,item,Sandals,Avarca,
qwen25vl,E5_img_0005_mixed_N3_k1_P3,open,item,Sandals,Avarca,
qwen25vl,E5_img_0005_mixed_N4_k4_P3,open,item,Sandals,Avarca,
qwen25vl,E5_img_0005_mixed_N5_k3_P3,open,item,Sandals,Avarca,
qwen25vl,E6_img_0005_mixed_N1_k1_P4,open,item,Sandals,Avarca,
qwen25vl,E6_img_0005_mixed_N1_k1_P4,open,country,Greece,Spain,
qwen25vl,E6_img_0005_mixed_N2_k2_P4,open,item,Tsarouchia,Avarca,
qwen25vl,E6_img_0005_mixed_N2_k2_P4,open,country,Greece,Spain,
qwen25vl,E6_img_0005_mixed_N3_k1_P4,open,item,Leather sandals,Avarca,
qwen25vl,E6_img_0005_mixed_N4_k4_P4,open,item,Babouches,Avarca,
qwen25vl,E6_img_0005_mixed_N5_k3_P4,open,item,Sandals,Avarca,
qwen25vl,E6_img_0005_mixed_N5_k3_P4,open,country,Greece,Spain,
qwen25vl,E1_img_0032_mixed_N1_k1_P1,open,item,Lace,Haapsalu shawl,
qwen25vl,E1_img_0032_mixed_N2_k1_P1,open,item,Lace,Haapsalu shawl,
qwen25vl,E1_img_0032_mixed_N3_k2_P1,open,item,Lace,Haapsalu shawl,
qwen25vl,E1_img_0032_mixed_N4_k1_P1,open,item,Lace,Haapsalu shawl,
qwen25vl,E2_img_0032_mixed_N5_k1_P1,open,item,Lace scarf,Haapsalu shawl,
qwen25vl,E2_img_0032_mixed_N5_k2_P1,open,item,Lace scarf,Haapsalu shawl,
qwen25vl,E2_img_0032_mixed_N5_k3_P1,open,item,Lace scarf,Haapsalu shawl,
qwen25vl,E2_img_0032_mixed_N5_k4_P1,open,item,Lace scarf,Haapsalu shawl,
qwen25vl,E2_img_0032_mixed_N5_k5_P1,open,item,Lace scarf,Haapsalu shawl,
qwen25vl,LEAK_img_0032_mixed_leak,open,item,Sari,Haapsalu shawl,
qwen25vl,LEAK_img_0032_mixed_leak,open,country,India,Estonia,
qwen25vl,E3_img_0032_near_N2_k1_P1,open,item,Lace,Haapsalu shawl,
qwen25vl,E3_img_0032_near_N5_k4_P1,open,item,Lace,Haapsalu shawl,
qwen25vl,E3_img_0032_far_N2_k1_P1,open,item,Lace Shawl,Haapsalu shawl,
qwen25vl,E3_img_0032_far_N5_k4_P1,open,item,Lace scarf,Haapsalu shawl,
qwen25vl,E1_img_0056_mixed_N1_k1_P1,open,item,Ao Dai,Nón lá,
qwen25vl,E1_img_0056_mixed_N2_k2_P1,open,item,Ao Dai,Nón lá,
qwen25vl,E1_img_0056_mixed_N3_k3_P1,open,item,Ao Dai,Nón lá,
qwen25vl,E1_img_0056_mixed_N4_k2_P1,open,item,Ao Dai,Nón lá,
qwen25vl,E2_img_0056_mixed_N5_k1_P1,open,item,Ao Dai,Nón lá,
qwen25vl,E2_img_0056_mixed_N5_k2_P1,open,item,Ao Dai,Nón lá,
qwen25vl,E2_img_0056_mixed_N5_k3_P1,open,item,Ao Dai,Nón lá,
qwen25vl,E2_img_0056_mixed_N5_k4_P1,open,item,Ao Dai,Nón lá,
qwen25vl,E2_img_0056_mixed_N5_k5_P1,open,item,Ao Dai,Nón lá,
qwen25vl,LEAK_img_0056_mixed_leak,open,item,Sari,Nón lá,
qwen25vl,E3_img_0056_near_N2_k2_P1,open,item,Ao Dai,Nón lá,
qwen25vl,E3_img_0056_near_N5_k5_P1,open,item,Ao Dai,Nón lá,
qwen25vl,E3_img_0056_far_N2_k2_P1,open,item,Ao Dai,Nón lá,
qwen25vl,E3_img_0056_far_N5_k5_P1,open,item,Ao Dai,Nón lá,
qwen25vl,E1_img_0051_mixed_N1_k1_P1,open,item,Cowboy boot,Mexican pointy boot,
qwen25vl,E1_img_0051_mixed_N1_k1_P1,open,country,United States,Mexico,
qwen25vl,E1_img_0051_mixed_N2_k1_P1,open,item,Cowboy Boot,Mexican pointy boot,
qwen25vl,E1_img_0051_mixed_N2_k1_P1,open,country,United States,Mexico,
qwen25vl,E1_img_0051_mixed_N3_k1_P1,open,item,Cowboy boot,Mexican pointy boot,
qwen25vl,E1_img_0051_mixed_N3_k1_P1,open,country,United States,Mexico,
qwen25vl,E1_img_0051_mixed_N4_k3_P1,open,item,Red boot,Mexican pointy boot,
qwen25vl,E2_img_0051_mixed_N5_k1_P1,open,item,Cowboy boot,Mexican pointy boot,
qwen25vl,E2_img_0051_mixed_N5_k1_P1,open,country,United States,Mexico,
qwen25vl,E2_img_0051_mixed_N5_k2_P1,open,item,Cowboy boot,Mexican pointy boot,
qwen25vl,E2_img_0051_mixed_N5_k2_P1,open,country,United States,Mexico,
qwen25vl,E2_img_0051_mixed_N5_k3_P1,open,item,Red boot,Mexican pointy boot,
qwen25vl,E2_img_0051_mixed_N5_k4_P1,open,item,Red Cowboy Boot,Mexican pointy boot,
qwen25vl,E2_img_0051_mixed_N5_k5_P1,open,item,Red Cowboy Boot,Mexican pointy boot,
qwen25vl,E5_img_0051_mixed_N1_k1_P2,open,item,Cowboy boot,Mexican pointy boot,
qwen25vl,E5_img_0051_mixed_N1_k1_P2,open,country,United States,Mexico,
qwen25vl,E5_img_0051_mixed_N2_k1_P2,open,item,Cowboy Boot,Mexican pointy boot,
qwen25vl,E5_img_0051_mixed_N2_k1_P2,open,country,United States,Mexico,
qwen25vl,E5_img_0051_mixed_N3_k1_P2,open,item,Red boot,Mexican pointy boot,
qwen25vl,E5_img_0051_mixed_N4_k3_P2,open,item,Cowboy boot,Mexican pointy boot,
qwen25vl,E5_img_0051_mixed_N4_k3_P2,open,country,United States,Mexico,
qwen25vl,E5_img_0051_mixed_N5_k1_P2,open,item,Red boot,Mexican pointy boot,
qwen25vl,E5_img_0051_mixed_N5_k1_P2,open,country,United States,Mexico,
qwen25vl,E5_img_0051_mixed_N1_k1_P3,open,item,Red Cowboy Boot,Mexican pointy boot,
qwen25vl,E5_img_0051_mixed_N1_k1_P3,open,country,United States,Mexico,
qwen25vl,E5_img_0051_mixed_N2_k1_P3,open,item,Red Cowboy Boot,Mexican pointy boot,
qwen25vl,E5_img_0051_mixed_N2_k1_P3,open,country,United States,Mexico,
qwen25vl,E5_img_0051_mixed_N3_k1_P3,open,item,Red boot,Mexican pointy boot,
qwen25vl,E5_img_0051_mixed_N4_k3_P3,open,item,Red glittery boot,Mexican pointy boot,
qwen25vl,E5_img_0051_mixed_N5_k1_P3,open,item,Red cowboy boot,Mexican pointy boot,
qwen25vl,E5_img_0051_mixed_N5_k1_P3,open,country,United States,Mexico,
qwen25vl,E6_img_0051_mixed_N1_k1_P4,open,item,Cowboy Boot,Mexican pointy boot,
qwen25vl,E6_img_0051_mixed_N1_k1_P4,open,country,United States,Mexico,
qwen25vl,E6_img_0051_mixed_N2_k1_P4,open,item,Cowboy Boot,Mexican pointy boot,
qwen25vl,E6_img_0051_mixed_N2_k1_P4,open,country,United States,Mexico,
qwen25vl,E6_img_0051_mixed_N3_k1_P4,open,item,Cowboy Boot,Mexican pointy boot,
qwen25vl,E6_img_0051_mixed_N3_k1_P4,open,country,United States,Mexico,
qwen25vl,E6_img_0051_mixed_N4_k3_P4,open,item,Cowboy Boot,Mexican pointy boot,
qwen25vl,E6_img_0051_mixed_N4_k3_P4,open,country,United States,Mexico,
qwen25vl,E6_img_0051_mixed_N5_k1_P4,open,item,Cowboy Boot,Mexican pointy boot,
qwen25vl,E6_img_0051_mixed_N5_k1_P4,open,country,United States,Mexico,
qwen25vl,E2_img_0058_mixed_N5_k2_P1,open,country,Israel,Palestine,
qwen25vl,E2_img_0058_mixed_N5_k3_P1,open,country,Israel,Palestine,
qwen25vl,E2_img_0058_mixed_N5_k4_P1,open,country,Israel,Palestine,
qwen25vl,LEAK_img_0058_mixed_leak,open,item,Sari,Palestinian keffiyeh,
qwen25vl,LEAK_img_0058_mixed_leak,open,country,India,Palestine,
qwen25vl,E3_img_0058_near_N5_k2_P1,open,country,Israel,Palestine,
qwen25vl,E3_img_0058_far_N5_k2_P1,open,country,Israel,Palestine,
qwen25vl,LEAK_img_0054_mixed_leak,open,item,Sari,Moroccan kaftan,
qwen25vl,LEAK_img_0054_mixed_leak,open,country,India,Morocco,
qwen25vl,E1_img_0036_mixed_N1_k1_P1,open,item,Agbada,Isiagu attire,
qwen25vl,E1_img_0036_mixed_N2_k2_P1,open,item,Agbada,Isiagu attire,
qwen25vl,E1_img_0036_mixed_N3_k1_P1,open,item,Agbada,Isiagu attire,
qwen25vl,E1_img_0036_mixed_N4_k2_P1,open,item,Agbada,Isiagu attire,
qwen25vl,E2_img_0036_mixed_N5_k1_P1,open,item,Agbada,Isiagu attire,
qwen25vl,E2_img_0036_mixed_N5_k2_P1,open,item,Agbada,Isiagu attire,
qwen25vl,E2_img_0036_mixed_N5_k3_P1,open,item,Agbada,Isiagu attire,
qwen25vl,E2_img_0036_mixed_N5_k4_P1,open,item,Agbada,Isiagu attire,
qwen25vl,E2_img_0036_mixed_N5_k5_P1,open,item,Agbada,Isiagu attire,
qwen25vl,LEAK_img_0036_mixed_leak,open,item,Sari,Isiagu attire,
qwen25vl,E3_img_0036_near_N2_k2_P1,open,item,Agbada,Isiagu attire,
qwen25vl,E3_img_0036_near_N5_k4_P1,open,item,Agbada,Isiagu attire,
qwen25vl,E3_img_0036_far_N2_k2_P1,open,item,Agbada,Isiagu attire,
qwen25vl,E3_img_0036_far_N5_k4_P1,open,item,Agbada,Isiagu attire,
qwen25vl,E5_img_0036_mixed_N1_k1_P2,open,item,Agbada,Isiagu attire,
qwen25vl,E5_img_0036_mixed_N2_k2_P2,open,item,Agbada,Isiagu attire,
qwen25vl,E5_img_0036_mixed_N3_k1_P2,open,item,Agbada,Isiagu attire,
qwen25vl,E5_img_0036_mixed_N4_k2_P2,open,item,Agbada,Isiagu attire,
qwen25vl,E5_img_0036_mixed_N5_k4_P2,open,item,Agbada,Isiagu attire,
qwen25vl,E5_img_0036_mixed_N1_k1_P3,open,item,Traditional African Print Shirt,Isiagu attire,
qwen25vl,E5_img_0036_mixed_N2_k2_P3,open,item,Traditional Nigerian attire,Isiagu attire,
qwen25vl,E5_img_0036_mixed_N3_k1_P3,open,item,Agbada,Isiagu attire,
qwen25vl,E5_img_0036_mixed_N4_k2_P3,open,item,Traditional Nigerian attire,Isiagu attire,
qwen25vl,E5_img_0036_mixed_N5_k4_P3,open,item,Traditional Nigerian attire,Isiagu attire,
qwen25vl,E6_img_0036_mixed_N1_k1_P4,open,item,Buba,Isiagu attire,
qwen25vl,E6_img_0036_mixed_N2_k2_P4,open,item,Buba,Isiagu attire,
qwen25vl,E6_img_0036_mixed_N3_k1_P4,open,item,Dashiki,Isiagu attire,
qwen25vl,E6_img_0036_mixed_N4_k2_P4,open,item,Dashiki,Isiagu attire,
qwen25vl,E6_img_0036_mixed_N5_k4_P4,open,item,Agbada,Isiagu attire,
qwen25vl,E1_img_0083_mixed_N1_k1_P1,open,item,Traditional Romanian blouse,Ukrainian wreath,
qwen25vl,E1_img_0083_mixed_N1_k1_P1,open,country,Romania,Ukraine,
qwen25vl,E1_img_0083_mixed_N2_k1_P1,open,item,Traditional Romanian blouse,Ukrainian wreath,
qwen25vl,E1_img_0083_mixed_N2_k1_P1,open,country,Romania,Ukraine,
qwen25vl,E1_img_0083_mixed_N3_k2_P1,open,item,Traditional Romanian blouse,Ukrainian wreath,
qwen25vl,E1_img_0083_mixed_N3_k2_P1,open,country,Romania,Ukraine,
qwen25vl,E1_img_0083_mixed_N4_k3_P1,open,item,Traditional Romanian blouse,Ukrainian wreath,
qwen25vl,E1_img_0083_mixed_N4_k3_P1,open,country,Romania,Ukraine,
qwen25vl,E2_img_0083_mixed_N5_k1_P1,open,item,Traditional Romanian blouse,Ukrainian wreath,
qwen25vl,E2_img_0083_mixed_N5_k1_P1,open,country,Romania,Ukraine,
qwen25vl,E2_img_0083_mixed_N5_k2_P1,open,item,Traditional Romanian blouse,Ukrainian wreath,
qwen25vl,E2_img_0083_mixed_N5_k2_P1,open,country,Romania,Ukraine,
qwen25vl,E2_img_0083_mixed_N5_k3_P1,open,item,Traditional blouse,Ukrainian wreath,
qwen25vl,E2_img_0083_mixed_N5_k4_P1,open,item,Traditional Romanian blouse,Ukrainian wreath,
qwen25vl,E2_img_0083_mixed_N5_k4_P1,open,country,Romania,Ukraine,
qwen25vl,E2_img_0083_mixed_N5_k5_P1,open,item,Traditional Romanian blouse,Ukrainian wreath,
qwen25vl,E2_img_0083_mixed_N5_k5_P1,open,country,Romania,Ukraine,
qwen25vl,LEAK_img_0083_mixed_leak,open,item,Sari,Ukrainian wreath,
qwen25vl,E3_img_0083_near_N2_k1_P1,open,item,Traditional Romanian blouse,Ukrainian wreath,
qwen25vl,E3_img_0083_near_N2_k1_P1,open,country,Romania,Ukraine,
qwen25vl,E3_img_0083_near_N5_k5_P1,open,item,Traditional Romanian blouse,Ukrainian wreath,
qwen25vl,E3_img_0083_near_N5_k5_P1,open,country,Romania,Ukraine,
qwen25vl,E3_img_0083_far_N2_k1_P1,open,item,Traditional Romanian blouse,Ukrainian wreath,
qwen25vl,E3_img_0083_far_N2_k1_P1,open,country,Romania,Ukraine,
qwen25vl,E1_img_0067_mixed_N1_k1_P1,open,item,Poncho,Quechquemitl,
qwen25vl,E1_img_0067_mixed_N1_k1_P1,open,country,Peru,Mexico,
qwen25vl,E1_img_0067_mixed_N2_k2_P1,open,item,Poncho,Quechquemitl,
qwen25vl,E1_img_0067_mixed_N2_k2_P1,open,country,Peru,Mexico,
qwen25vl,E1_img_0067_mixed_N3_k3_P1,open,item,Poncho,Quechquemitl,
qwen25vl,E1_img_0067_mixed_N3_k3_P1,open,country,Peru,Mexico,
qwen25vl,E1_img_0067_mixed_N4_k4_P1,open,item,Poncho,Quechquemitl,
qwen25vl,E1_img_0067_mixed_N4_k4_P1,open,country,Peru,Mexico,
qwen25vl,E2_img_0067_mixed_N5_k1_P1,open,item,Poncho,Quechquemitl,
qwen25vl,E2_img_0067_mixed_N5_k1_P1,open,country,Peru,Mexico,
qwen25vl,E2_img_0067_mixed_N5_k2_P1,open,item,Poncho,Quechquemitl,
qwen25vl,E2_img_0067_mixed_N5_k2_P1,open,country,Peru,Mexico,
qwen25vl,E2_img_0067_mixed_N5_k3_P1,open,item,Poncho,Quechquemitl,
qwen25vl,E2_img_0067_mixed_N5_k3_P1,open,country,Peru,Mexico,
qwen25vl,E2_img_0067_mixed_N5_k4_P1,open,item,Poncho,Quechquemitl,
qwen25vl,E2_img_0067_mixed_N5_k4_P1,open,country,Peru,Mexico,
qwen25vl,E2_img_0067_mixed_N5_k5_P1,open,item,Poncho,Quechquemitl,
qwen25vl,E2_img_0067_mixed_N5_k5_P1,open,country,Peru,Mexico,
qwen25vl,LEAK_img_0067_mixed_leak,open,item,Sari,Quechquemitl,
qwen25vl,LEAK_img_0067_mixed_leak,open,country,India,Mexico,
qwen25vl,E1_img_0070_mixed_N1_k1_P1,open,item,Sambalpur,Sambalpuri saree,
qwen25vl,E1_img_0070_mixed_N2_k1_P1,open,item,Sambalpur,Sambalpuri saree,
qwen25vl,E1_img_0070_mixed_N3_k1_P1,open,item,Sambalpur,Sambalpuri saree,
qwen25vl,E1_img_0070_mixed_N4_k1_P1,open,item,Sambalpur,Sambalpuri saree,
qwen25vl,E2_img_0070_mixed_N5_k1_P1,open,item,Sambalpur,Sambalpuri saree,
qwen25vl,E2_img_0070_mixed_N5_k2_P1,open,item,Sambalpur,Sambalpuri saree,
qwen25vl,LEAK_img_0070_mixed_leak,open,item,Sari,Sambalpuri saree,
qwen25vl,E3_img_0070_near_N2_k1_P1,open,item,Sambalpur,Sambalpuri saree,
qwen25vl,E3_img_0070_near_N5_k2_P1,open,item,Sambalpur,Sambalpuri saree,
qwen25vl,E3_img_0070_far_N2_k1_P1,open,item,Sambalpur,Sambalpuri saree,
qwen25vl,E5_img_0070_mixed_N1_k1_P2,open,item,Sambalpur,Sambalpuri saree,
qwen25vl,E5_img_0070_mixed_N2_k1_P2,open,item,Sambalpur,Sambalpuri saree,
qwen25vl,E5_img_0070_mixed_N3_k1_P2,open,item,Sambalpur,Sambalpuri saree,
qwen25vl,E5_img_0070_mixed_N4_k1_P2,open,item,Sambalpur,Sambalpuri saree,
qwen25vl,E5_img_0070_mixed_N1_k1_P3,open,item,Sambalpur Garment,Sambalpuri saree,
qwen25vl,E5_img_0070_mixed_N2_k1_P3,open,item,Sambalpur Garment,Sambalpuri saree,
qwen25vl,E5_img_0070_mixed_N3_k1_P3,open,item,Sambalpur Garment,Sambalpuri saree,
qwen25vl,E5_img_0070_mixed_N4_k1_P3,open,item,Sambalpur Garment,Sambalpuri saree,
qwen25vl,E6_img_0070_mixed_N1_k1_P4,open,item,Sambalpur,Sambalpuri saree,
qwen25vl,E6_img_0070_mixed_N2_k1_P4,open,item,Sambalpur,Sambalpuri saree,
qwen25vl,E6_img_0070_mixed_N3_k1_P4,open,item,Sambalpur outfit,Sambalpuri saree,
qwen25vl,E6_img_0070_mixed_N4_k1_P4,open,item,Sambalpur outfit,Sambalpuri saree,
qwen25vl,E6_img_0070_mixed_N5_k2_P4,open,item,Sambalpur,Sambalpuri saree,
qwen25vl,E1_img_0048_mixed_N1_k1_P1,open,item,Traditional Chinese Robe,Magoja,
qwen25vl,E1_img_0048_mixed_N1_k1_P1,open,country,China,South Korea,
qwen25vl,E1_img_0048_mixed_N2_k2_P1,open,item,Hanfu,Magoja,
qwen25vl,E1_img_0048_mixed_N2_k2_P1,open,country,China,South Korea,
qwen25vl,E1_img_0048_mixed_N3_k2_P1,open,item,Hanfu,Magoja,
qwen25vl,E1_img_0048_mixed_N3_k2_P1,open,country,China,South Korea,
qwen25vl,E1_img_0048_mixed_N4_k2_P1,open,item,Hanfu,Magoja,
qwen25vl,E1_img_0048_mixed_N4_k2_P1,open,country,China,South Korea,
qwen25vl,E2_img_0048_mixed_N5_k1_P1,open,item,Hanfu,Magoja,
qwen25vl,E2_img_0048_mixed_N5_k1_P1,open,country,China,South Korea,
qwen25vl,E2_img_0048_mixed_N5_k2_P1,open,item,Hanfu,Magoja,
qwen25vl,E2_img_0048_mixed_N5_k2_P1,open,country,China,South Korea,
qwen25vl,E2_img_0048_mixed_N5_k3_P1,open,item,Hanfu,Magoja,
qwen25vl,E2_img_0048_mixed_N5_k3_P1,open,country,China,South Korea,
qwen25vl,E2_img_0048_mixed_N5_k4_P1,open,item,Hanfu,Magoja,
qwen25vl,E2_img_0048_mixed_N5_k4_P1,open,country,China,South Korea,
qwen25vl,E2_img_0048_mixed_N5_k5_P1,open,item,Cheongsam,Magoja,
qwen25vl,E2_img_0048_mixed_N5_k5_P1,open,country,China,South Korea,
qwen25vl,LEAK_img_0048_mixed_leak,open,item,Sari,Magoja,
qwen25vl,LEAK_img_0048_mixed_leak,open,country,India,South Korea,
qwen25vl,E3_img_0048_near_N2_k2_P1,open,item,Hanfu,Magoja,
qwen25vl,E3_img_0048_near_N5_k3_P1,open,item,Hanbok,Magoja,
qwen25vl,E3_img_0048_far_N2_k2_P1,open,item,Hanfu,Magoja,
qwen25vl,E3_img_0048_far_N2_k2_P1,open,country,China,South Korea,
qwen25vl,E3_img_0048_far_N5_k3_P1,open,item,Hanfu,Magoja,
qwen25vl,E3_img_0048_far_N5_k3_P1,open,country,China,South Korea,
qwen25vl,E1_img_0015_mixed_N1_k1_P1,open,item,Straw Hat,Buntal hat,
qwen25vl,E1_img_0015_mixed_N2_k1_P1,open,item,Straw Hat,Buntal hat,
qwen25vl,E1_img_0015_mixed_N3_k3_P1,open,item,Straw Hat,Buntal hat,
qwen25vl,E1_img_0015_mixed_N4_k3_P1,open,item,Straw Hat,Buntal hat,
qwen25vl,E2_img_0015_mixed_N5_k1_P1,open,item,Straw hat,Buntal hat,
qwen25vl,E2_img_0015_mixed_N5_k2_P1,open,item,Straw Hat,Buntal hat,
qwen25vl,E2_img_0015_mixed_N5_k3_P1,open,item,Straw hat,Buntal hat,
qwen25vl,E2_img_0015_mixed_N5_k4_P1,open,item,Sombrero,Buntal hat,
qwen25vl,E2_img_0015_mixed_N5_k4_P1,open,country,Mexico,Philippines,
qwen25vl,E2_img_0015_mixed_N5_k5_P1,open,item,Straw Hat,Buntal hat,
qwen25vl,LEAK_img_0015_mixed_leak,open,item,Sari,Buntal hat,
qwen25vl,LEAK_img_0015_mixed_leak,open,country,India,Philippines,
qwen25vl,E3_img_0015_near_N2_k1_P1,open,item,Straw Hat,Buntal hat,
qwen25vl,E3_img_0015_near_N5_k4_P1,open,item,Sombrero,Buntal hat,
qwen25vl,E3_img_0015_far_N2_k1_P1,open,item,Straw Hat,Buntal hat,
qwen25vl,E3_img_0015_far_N5_k4_P1,open,item,Straw Hat,Buntal hat,
qwen25vl,LEAK_img_0014_mixed_leak,open,item,Sari,Bunad,
qwen25vl,E5_img_0014_mixed_N5_k5_P2,open,item,Dirndl,Bunad,
qwen25vl,E5_img_0014_mixed_N5_k5_P2,open,country,Austria,Norway,
qwen25vl,E6_img_0014_mixed_N4_k4_P4,open,item,Dirndl,Bunad,
qwen25vl,E6_img_0014_mixed_N4_k4_P4,open,country,Germany,Norway,
qwen25vl,E6_img_0014_mixed_N5_k5_P4,open,item,Dirndl,Bunad,
qwen25vl,E6_img_0014_mixed_N5_k5_P4,open,country,Germany,Norway,
