model,trial_id,mode,field,answer,gold,label
lfm25v,E1_img_0240_mixed_N1_k1_P1,open,item,Pie,Tarte Tatin,
lfm25v,E1_img_0240_mixed_N2_k1_P1,open,item,Pie,Tarte Tatin,
lfm25v,E1_img_0240_mixed_N3_k1_P1,open,item,Pie,Tarte Tatin,
lfm25v,E1_img_0240_mixed_N4_k1_P1,open,item,Pie,Tarte Tatin,
lfm25v,E2_img_0240_mixed_N5_k1_P1,open,item,Pie,Tarte Tatin,
lfm25v,E2_img_0240_mixed_N5_k2_P1,open,item,Pie,Tarte Tatin,
lfm25v,E2_img_0240_mixed_N5_k3_P1,open,item,Pie,Tarte Tatin,
lfm25v,E2_img_0240_mixed_N5_k4_P1,open,item,Pie,Tarte Tatin,
lfm25v,E2_img_0240_mixed_N5_k5_P1,open,item,Pie,Tarte Tatin,
lfm25v,LEAK_img_0240_mixed_leak,open,item,Pizza,Tarte Tatin,
lfm25v,LEAK_img_0240_mixed_leak,open,country,Italy,France,
lfm25v,E3_img_0240_near_N2_k1_P1,open,item,Pie,Tarte Tatin,
lfm25v,E3_img_0240_near_N5_k1_P1,open,item,Pie,Tarte Tatin,
lfm25v,E3_img_0240_far_N2_k1_P1,open,item,Pie,Tarte Tatin,
lfm25v,E3_img_0240_far_N5_k1_P1,open,item,Pie,Tarte Tatin,
lfm25v,E5_img_0240_mixed_N1_k1_P2,open,item,Pie,Tarte Tatin,
lfm25v,E5_img_0240_mixed_N2_k1_P2,open,item,Pie,Tarte Tatin,
lfm25v,E5_img_0240_mixed_N3_k1_P2,open,item,Pie,Tarte Tatin,
lfm25v,E5_img_0240_mixed_N4_k1_P2,open,item,Pie,Tarte Tatin,
lfm25v,E5_img_0240_mixed_N5_k1_P2,open,item,Pie,Tarte Tatin,
lfm25v,E5_img_0240_mixed_N1_k1_P3,open,item,Pie,Tarte Tatin,
lfm25v,E5_img_0240_mixed_N2_k1_P3,open,item,Crumble Bar,Tarte Tatin,
lfm25v,E5_img_0240_mixed_N3_k1_P3,open,item,Crumble Topped Pie,Tarte Tatin,
lfm25v,E5_img_0240_mixed_N4_k1_P3,open,item,Crumble Topped Pie,Tarte Tatin,
lfm25v,E5_img_0240_mixed_N5_k1_P3,open,item,Crumble Topped Pie,Tarte Tatin,
lfm25v,E6_img_0240_mixed_N1_k1_P4,open,item,Pie,Tarte Tatin,
lfm25v,E6_img_0240_mixed_N2_k1_P4,open,item,Pie,Tarte Tatin,
lfm25v,E6_img_0240_mixed_N3_k1_P4,open,item,Pie,Tarte Tatin,
lfm25v,E6_img_0240_mixed_N4_k1_P4,open,item,Pie,Tarte Tatin,
lfm25v,E6_img_0240_mixed_N5_k1_P4,open,item,Pie,Tarte Tatin,
lfm25v,E1_img_0108_mixed_N1_k1_P1,open,item,Cake,Bika Ambon,
lfm25v,E1_img_0108_mixed_N2_k2_P1,open,item,Cake,Bika Ambon,
lfm25v,E1_img_0108_mixed_N3_k2_P1,open,item,Cake,Bika Ambon,
lfm25v,E1_img_0108_mixed_N4_k2_P1,open,item,Cake,Bika Ambon,
lfm25v,E2_img_0108_mixed_N5_k1_P1,open,item,Cake,Bika Ambon,
lfm25v,E2_img_0108_mixed_N5_k2_P1,open,item,Cake,Bika Ambon,
lfm25v,E2_img_0108_mixed_N5_k3_P1,open,item,Cake,Bika Ambon,
lfm25v,E2_img_0108_mixed_N5_k4_P1,open,item,Cake,Bika Ambon,
lfm25v,E2_img_0108_mixed_N5_k5_P1,open,item,Cake,Bika Ambon,
lfm25v,LEAK_img_0108_mixed_leak,open,item,Pizza,Bika Ambon,
lfm25v,LEAK_img_0108_mixed_leak,open,country,Italy,Indonesia,
lfm25v,E3_img_0108_near_N2_k2_P1,open,item,Cake,Bika Ambon,
lfm25v,E3_img_0108_near_N5_k2_P1,open,item,Cake,Bika Ambon,
lfm25v,E3_img_0108_far_N2_k2_P1,open,item,Coconut cake,Bika Ambon,
lfm25v,E3_img_0108_far_N5_k2_P1,open,item,Cake,Bika Ambon,
lfm25v,E1_img_0483_mixed_N3_k3_P1,open,item,Rice and beans,Pabellón criollo,
lfm25v,E2_img_0483_mixed_N5_k1_P1,open,country,Cuba,Venezuela,
lfm25v,E2_img_0483_mixed_N5_k2_P1,open,country,Puerto Rico,Venezuela,
lfm25v,E2_img_0483_mixed_N5_k3_P1,open,item,Rice and beans,Pabellón criollo,
lfm25v,E2_img_0483_mixed_N5_k3_P1,open,country,Puerto Rico,Venezuela,
lfm25v,E2_img_0483_mixed_N5_k4_P1,open,item,Rice and beans,Pabellón criollo,
lfm25v,LEAK_img_0483_mixed_leak,open,item,Pizza,Pabellón criollo,
lfm25v,LEAK_img_0483_mixed_leak,open,country,Italy,Venezuela,
lfm25v,E3_img_0483_near_N2_k1_P1,open,country,Cuba,Venezuela,
lfm25v,E3_img_0483_near_N5_k3_P1,open,country,Puerto Rico,Venezuela,
lfm25v,E3_img_0483_far_N5_k3_P1,open,item,Rice and beans,Pabellón criollo,
lfm25v,E3_img_0483_far_N5_k3_P1,open,country,Puerto Rico,Venezuela,
lfm25v,E1_img_0164_mixed_N1_k1_P1,open,item,Sesame balls,Jin deui,
lfm25v,E1_img_0164_mixed_N2_k2_P1,open,item,Sesame balls,Jin deui,
lfm25v,E1_img_0164_mixed_N3_k1_P1,open,item,Sesame balls,Jin deui,
lfm25v,E1_img_0164_mixed_N4_k4_P1,open,item,Sesame balls,Jin deui,
lfm25v,E2_img_0164_mixed_N5_k1_P1,open,item,Sesame balls,Jin deui,
lfm25v,E2_img_0164_mixed_N5_k2_P1,open,item,Sesame balls,Jin deui,
lfm25v,E2_img_0164_mixed_N5_k3_P1,open,item,Sesame balls,Jin deui,
lfm25v,E2_img_0164_mixed_N5_k4_P1,open,item,Sesame balls,Jin deui,
lfm25v,E2_img_0164_mixed_N5_k5_P1,open,item,Sesame balls,Jin deui,
lfm25v,LEAK_img_0164_mixed_leak,open,item,Pizza,Jin deui,
lfm25v,LEAK_img_0164_mixed_leak,open,country,Italy,Indonesia,
lfm25v,E3_img_0164_near_N2_k2_P1,open,item,Sesame balls,Jin deui,
lfm25v,E3_img_0164_near_N5_k4_P1,open,item,Sesame balls,Jin deui,
lfm25v,E3_img_0164_far_N2_k2_P1,open,item,Sesame balls,Jin deui,
lfm25v,E3_img_0164_far_N5_k4_P1,open,item,Sesame balls,Jin deui,
lfm25v,E5_img_0164_mixed_N1_k1_P2,open,item,Sesame balls,Jin deui,
lfm25v,E5_img_0164_mixed_N2_k2_P2,open,item,Sesame balls,Jin deui,
lfm25v,E5_img_0164_mixed_N3_k1_P2,open,item,Sesame balls,Jin deui,
lfm25v,E5_img_0164_mixed_N4_k4_P2,open,item,Sesame balls,Jin deui,
lfm25v,E5_img_0164_mixed_N5_k4_P2,open,item,Sesame balls,Jin deui,
lfm25v,E5_img_0164_mixed_N1_k1_P3,open,item,Sesame balls,Jin deui,
lfm25v,E5_img_0164_mixed_N2_k2_P3,open,item,Sesame balls,Jin deui,
lfm25v,E5_img_0164_mixed_N3_k1_P3,open,item,Sesame balls,Jin deui,
lfm25v,E5_img_0164_mixed_N4_k4_P3,open,item,Sesame balls,Jin deui,
lfm25v,E5_img_0164_mixed_N5_k4_P3,open,item,Sesame balls,Jin deui,
lfm25v,E6_img_0164_mixed_N1_k1_P4,open,item,Sesame balls,Jin deui,
lfm25v,E6_img_0164_mixed_N2_k2_P4,open,item,Sesame balls,Jin deui,
lfm25v,E6_img_0164_mixed_N3_k1_P4,open,item,Sesame balls,Jin deui,
lfm25v,E6_img_0164_mixed_N4_k4_P4,open,item,Sesame balls,Jin deui,
lfm25v,E6_img_0164_mixed_N5_k4_P4,open,item,Sesame balls,Jin deui,
lfm25v,E1_img_0297_mixed_N1_k1_P1,open,item,Milkshake,Egg cream,
lfm25v,E1_img_0297_mixed_N2_k1_P1,open,item,Milkshake,Egg cream,
lfm25v,E1_img_0297_mixed_N3_k2_P1,open,item,Milkshake,Egg cream,
lfm25v,E1_img_0297_mixed_N4_k1_P1,open,item,Milkshake,Egg cream,
lfm25v,E2_img_0297_mixed_N5_k1_P1,open,item,Milkshake,Egg cream,
lfm25v,E2_img_0297_mixed_N5_k2_P1,open,item,Milkshake,Egg cream,
lfm25v,E2_img_0297_mixed_N5_k3_P1,open,item,Milkshake,Egg cream,
lfm25v,E2_img_0297_mixed_N5_k4_P1,open,item,Milkshake,Egg cream,
lfm25v,E2_img_0297_mixed_N5_k5_P1,open,item,Milkshake,Egg cream,
lfm25v,LEAK_img_0297_mixed_leak,open,item,Pizza,Egg cream,
lfm25v,LEAK_img_0297_mixed_leak,open,country,Italy,United States,
lfm25v,E3_img_0297_near_N2_k1_P1,open,item,Milkshake,Egg cream,
lfm25v,E3_img_0297_near_N5_k5_P1,open,item,Milkshake,Egg cream,
lfm25v,E3_img_0297_far_N2_k1_P1,open,item,Milkshake,Egg cream,
lfm25v,E3_img_0297_far_N5_k5_P1,open,item,Milkshake,Egg cream,
lfm25v,E1_img_0408_mixed_N1_k1_P1,open,item,Soup,Changua,
lfm25v,E1_img_0408_mixed_N2_k2_P1,open,item,Soup,Changua,
lfm25v,E1_img_0408_mixed_N3_k3_P1,open,item,Soup,Changua,
lfm25v,E1_img_0408_mixed_N4_k2_P1,open,item,Soup,Changua,
lfm25v,E2_img_0408_mixed_N5_k1_P1,open,item,Soup,Changua,
lfm25v,E2_img_0408_mixed_N5_k2_P1,open,item,Soup,Changua,
lfm25v,E2_img_0408_mixed_N5_k3_P1,open,item,Soup,Changua,
lfm25v,E2_img_0408_mixed_N5_k4_P1,open,item,Soup,Changua,
lfm25v,E2_img_0408_mixed_N5_k5_P1,open,item,Soup,Changua,
lfm25v,LEAK_img_0408_mixed_leak,open,item,Pizza,Changua,
lfm25v,LEAK_img_0408_mixed_leak,open,country,Italy,Colombia,
lfm25v,E3_img_0408_near_N2_k2_P1,open,item,Soup,Changua,
lfm25v,E3_img_0408_near_N5_k1_P1,open,item,Soup,Changua,
lfm25v,E3_img_0408_far_N2_k2_P1,open,item,Soup,Changua,
lfm25v,E3_img_0408_far_N5_k1_P1,open,item,Soup,Changua,
lfm25v,LEAK_img_0254_mixed_leak,open,item,Pizza,Vanillekipferl,
lfm25v,LEAK_img_0254_mixed_leak,open,country,Italy,Austria,
lfm25v,E6_img_0254_mixed_N4_k3_P4,open,item,Snowflake cookies,Vanillekipferl,
lfm25v,E1_img_0359_mixed_N1_k1_P1,open,item,Latte,Teh Tarik,
lfm25v,E1_img_0359_mixed_N2_k2_P1,open,item,Latte,Teh Tarik,
lfm25v,E1_img_0359_mixed_N3_k2_P1,open,item,Iced coffee,Teh Tarik,
lfm25v,E1_img_0359_mixed_N4_k4_P1,open,item,Iced Coffee,Teh Tarik,
lfm25v,E2_img_0359_mixed_N5_k1_P1,open,item,Latte,Teh Tarik,
lfm25v,E2_img_0359_mixed_N5_k2_P1,open,item,Iced Coffee,Teh Tarik,
lfm25v,E2_img_0359_mixed_N5_k3_P1,open,item,Latte,Teh Tarik,
lfm25v,E2_img_0359_mixed_N5_k4_P1,open,item,Iced coffee,Teh Tarik,
lfm25v,E2_img_0359_mixed_N5_k5_P1,open,item,Iced Coffee,Teh Tarik,
lfm25v,LEAK_img_0359_mixed_leak,open,item,Pizza,Teh Tarik,
lfm25v,LEAK_img_0359_mixed_leak,open,country,Italy,Malaysia,
lfm25v,E3_img_0359_near_N2_k2_P1,open,item,Iced coffee,Teh Tarik,
lfm25v,E3_img_0359_near_N5_k3_P1,open,item,Latte,Teh Tarik,
lfm25v,E3_img_0359_far_N2_k2_P1,open,item,Latte,Teh Tarik,
lfm25v,E3_img_0359_far_N5_k3_P1,open,item,Latte,Teh Tarik,
lfm25v,E2_img_0530_mixed_N5_k2_P1,open,item,Chicken goulash,Vori vori,
lfm25v,E2_img_0530_mixed_N5_k2_P1,open,country,Hungary,Paraguay,
lfm25v,E2_img_0530_mixed_N5_k4_P1,open,item,Chicken Goulash,Vori vori,
lfm25v,E2_img_0530_mixed_N5_k4_P1,open,country,Hungary,Paraguay,
lfm25v,LEAK_img_0530_mixed_leak,open,item,Pizza,Vori vori,
lfm25v,LEAK_img_0530_mixed_leak,open,country,Italy,Paraguay,
lfm25v,E3_img_0530_near_N2_k1_P1,open,item,Goulash,Vori vori,
lfm25v,E3_img_0530_near_N2_k1_P1,open,country,Hungary,Paraguay,
lfm25v,LEAK_img_0515_mixed_leak,open,item,Pizza,Spaghetti,
lfm25v,E1_img_0260_mixed_N1_k1_P1,open,item,Pudding,Zerde,
lfm25v,E1_img_0260_mixed_N2_k1_P1,open,item,Jellied dessert,Zerde,
lfm25v,E1_img_0260_mixed_N3_k2_P1,open,item,Jellied dessert,Zerde,
lfm25v,E1_img_0260_mixed_N4_k3_P1,open,item,Jellied dessert,Zerde,
lfm25v,E2_img_0260_mixed_N5_k1_P1,open,item,Pudding,Zerde,
lfm25v,E2_img_0260_mixed_N5_k2_P1,open,item,Jellied dessert,Zerde,
lfm25v,E2_img_0260_mixed_N5_k3_P1,open,item,Pudding,Zerde,
lfm25v,E2_img_0260_mixed_N5_k4_P1,open,item,Jellied dessert,Zerde,
lfm25v,E2_img_0260_mixed_N5_k5_P1,open,item,Pudding,Zerde,
lfm25v,LEAK_img_0260_mixed_leak,open,item,Pizza,Zerde,
lfm25v,LEAK_img_0260_mixed_leak,open,country,Italy,Turkey,
lfm25v,E3_img_0260_near_N2_k1_P1,open,item,Pudding,Zerde,
lfm25v,E3_img_0260_near_N5_k1_P1,open,item,Pudding,Zerde,
lfm25v,E3_img_0260_far_N2_k1_P1,open,item,Jell-O,Zerde,
lfm25v,E3_img_0260_far_N5_k1_P1,open,item,Pudding,Zerde,
lfm25v,E1_img_0173_mixed_N1_k1_P1,open,item,Jello,Khanom chan,
lfm25v,E1_img_0173_mixed_N2_k2_P1,open,item,Jello,Khanom chan,
lfm25v,E1_img_0173_mixed_N3_k3_P1,open,item,Jello,Khanom chan,
lfm25v,E1_img_0173_mixed_N4_k4_P1,open,item,Jello,Khanom chan,
lfm25v,E2_img_0173_mixed_N5_k1_P1,open,item,Jello,Khanom chan,
lfm25v,E2_img_0173_mixed_N5_k2_P1,open,item,Cake,Khanom chan,
lfm25v,E2_img_0173_mixed_N5_k3_P1,open,item,Jello,Khanom chan,
lfm25v,E2_img_0173_mixed_N5_k4_P1,open,item,Jello,Khanom chan,
lfm25v,E2_img_0173_mixed_N5_k5_P1,open,item,Jello,Khanom chan,
lfm25v,LEAK_img_0173_mixed_leak,open,item,Pizza,Khanom chan,
lfm25v,LEAK_img_0173_mixed_leak,open,country,Italy,Thailand,
lfm25v,E3_img_0173_near_N2_k2_P1,open,item,Jello,Khanom chan,
lfm25v,E3_img_0173_near_N5_k2_P1,open,item,Cake,Khanom chan,
lfm25v,E3_img_0173_far_N2_k2_P1,open,item,Jello,Khanom chan,
lfm25v,E3_img_0173_far_N5_k2_P1,open,item,Jello,Khanom chan,
lfm25v,E1_img_0131_mixed_N1_k1_P1,open,item,Crème brûlée,Crema catalana,
lfm25v,E1_img_0131_mixed_N1_k1_P1,open,country,France,Spain,
lfm25v,E1_img_0131_mixed_N2_k1_P1,open,item,Crème brûlée,Crema catalana,
lfm25v,E1_img_0131_mixed_N2_k1_P1,open,country,France,Spain,
lfm25v,E1_img_0131_mixed_N3_k1_P1,open,item,Crème brûlée,Crema catalana,
lfm25v,E1_img_0131_mixed_N3_k1_P1,open,country,France,Spain,
lfm25v,E1_img_0131_mixed_N4_k1_P1,open,item,Crème brûlée,Crema catalana,
lfm25v,E1_img_0131_mixed_N4_k1_P1,open,country,France,Spain,
lfm25v,E2_img_0131_mixed_N5_k1_P1,open,item,Crème brûlée,Crema catalana,
lfm25v,E2_img_0131_mixed_N5_k1_P1,open,country,France,Spain,
lfm25v,E2_img_0131_mixed_N5_k2_P1,open,item,Crème brûlée,Crema catalana,
lfm25v,E2_img_0131_mixed_N5_k2_P1,open,country,France,Spain,
lfm25v,E2_img_0131_mixed_N5_k3_P1,open,item,Crème brûlée,Crema catalana,
lfm25v,E2_img_0131_mixed_N5_k3_P1,open,country,France,Spain,
lfm25v,E2_img_0131_mixed_N5_k4_P1,open,item,Crème brûlée,Crema catalana,
lfm25v,E2_img_0131_mixed_N5_k4_P1,open,country,France,Spain,
lfm25v,E2_img_0131_mixed_N5_k5_P1,open,item,Crème brûlée,Crema catalana,
lfm25v,E2_img_0131_mixed_N5_k5_P1,open,country,France,Spain,
lfm25v,LEAK_img_0131_mixed_leak,open,item,Pizza,Crema catalana,
lfm25v,LEAK_img_0131_mixed_leak,open,country,Italy,Spain,
lfm25v,E3_img_0131_near_N2_k1_P1,open,item,Crème brûlée,Crema catalana,
lfm25v,E3_img_0131_near_N5_k3_P1,open,item,Crème brûlée,Crema catalana,
lfm25v,E3_img_0131_far_N2_k1_P1,open,item,Crème brûlée,Crema catalana,
lfm25v,E3_img_0131_far_N2_k1_P1,open,country,France,Spain,
lfm25v,E3_img_0131_far_N5_k3_P1,open,item,Crème brûlée,Crema catalana,
lfm25v,E3_img_0131_far_N5_k3_P1,open,country,France,Spain,
lfm25v,E5_img_0131_mixed_N1_k1_P2,open,item,Crème brûlée,Crema catalana,
lfm25v,E5_img_0131_mixed_N1_k1_P2,open,country,France,Spain,
lfm25v,E5_img_0131_mixed_N2_k1_P2,open,item,Crème brûlée,Crema catalana,
lfm25v,E5_img_0131_mixed_N2_k1_P2,open,country,France,Spain,
lfm25v,E5_img_0131_mixed_N3_k1_P2,open,item,Crème brûlée,Crema catalana,
lfm25v,E5_img_0131_mixed_N3_k1_P2,open,country,France,Spain,
lfm25v,E5_img_0131_mixed_N4_k1_P2,open,item,Crème brûlée,Crema catalana,
lfm25v,E5_img_0131_mixed_N4_k1_P2,open,country,France,Spain,
lfm25v,E5_img_0131_mixed_N5_k3_P2,open,item,Crème brûlée,Crema catalana,
lfm25v,E5_img_0131_mixed_N5_k3_P2,open,country,France,Spain,
lfm25v,E5_img_0131_mixed_N1_k1_P3,open,item,Crème brûlée,Crema catalana,
lfm25v,E5_img_0131_mixed_N1_k1_P3,open,country,France,Spain,
lfm25v,E5_img_0131_mixed_N2_k1_P3,open,item,Crème brûlée,Crema catalana,
lfm25v,E5_img_0131_mixed_N2_k1_P3,open,country,France,Spain,
lfm25v,E5_img_0131_mixed_N3_k1_P3,open,item,Crème brûlée,Crema catalana,
lfm25v,E5_img_0131_mixed_N3_k1_P3,open,country,France,Spain,
lfm25v,E5_img_0131_mixed_N4_k1_P3,open,item,Crème brûlée,Crema catalana,
lfm25v,E5_img_0131_mixed_N4_k1_P3,open,country,France,Spain,
lfm25v,E5_img_0131_mixed_N5_k3_P3,open,item,Crème brûlée,Crema catalana,
lfm25v,E5_img_0131_mixed_N5_k3_P3,open,country,France,Spain,
lfm25v,E6_img_0131_mixed_N1_k1_P4,open,item,Crème brûlée,Crema catalana,
lfm25v,E6_img_0131_mixed_N1_k1_P4,open,country,France,Spain,
lfm25v,E6_img_0131_mixed_N2_k1_P4,open,item,Crème brûlée,Crema catalana,
lfm25v,E6_img_0131_mixed_N2_k1_P4,open,country,France,Spain,
lfm25v,E6_img_0131_mixed_N3_k1_P4,open,item,Crème brûlée,Crema catalana,
lfm25v,E6_img_0131_mixed_N3_k1_P4,open,country,France,Spain,
lfm25v,E6_img_0131_mixed_N4_k1_P4,open,item,Crème brûlée,Crema catalana,
lfm25v,E6_img_0131_mixed_N4_k1_P4,open,country,France,Spain,
lfm25v,E6_img_0131_mixed_N5_k3_P4,open,item,Crème brûlée,Crema catalana,
lfm25v,E6_img_0131_mixed_N5_k3_P4,open,country,France,Spain,
lfm25v,E1_img_0139_mixed_N1_k1_P1,open,item,Pudding,Douhua,
lfm25v,E1_img_0139_mixed_N2_k2_P1,open,item,Pudding,Douhua,
lfm25v,E1_img_0139_mixed_N2_k2_P1,open,country,Japan,China,
lfm25v,E1_img_0139_mixed_N3_k2_P1,open,item,Pudding,Douhua,
lfm25v,E1_img_0139_mixed_N4_k2_P1,open,item,Pudding,Douhua,
lfm25v,E1_img_0139_mixed_N4_k2_P1,open,country,Japan,China,
lfm25v,E2_img_0139_mixed_N5_k1_P1,open,item,Mochi,Douhua,
lfm25v,E2_img_0139_mixed_N5_k1_P1,open,country,Japan,China,
lfm25v,E2_img_0139_mixed_N5_k2_P1,open,item,Pudding,Douhua,
lfm25v,E2_img_0139_mixed_N5_k2_P1,open,country,Japan,China,
lfm25v,E2_img_0139_mixed_N5_k3_P1,open,item,Mochi,Douhua,
lfm25v,E2_img_0139_mixed_N5_k3_P1,open,country,Japan,China,
lfm25v,E2_img_0139_mixed_N5_k4_P1,open,item,Pudding,Douhua,
lfm25v,E2_img_0139_mixed_N5_k4_P1,open,country,Japan,China,
lfm25v,E2_img_0139_mixed_N5_k5_P1,open,item,Mochi,Douhua,
lfm25v,E2_img_0139_mixed_N5_k5_P1,open,country,Japan,China,
lfm25v,LEAK_img_0139_mixed_leak,open,item,Pizza,Douhua,
lfm25v,LEAK_img_0139_mixed_leak,open,country,Italy,China,
lfm25v,E3_img_0139_near_N2_k2_P1,open,item,Pudding,Douhua,
lfm25v,E3_img_0139_near_N2_k2_P1,open,country,Japan,China,
lfm25v,E3_img_0139_near_N5_k4_P1,open,item,Pudding,Douhua,
lfm25v,E3_img_0139_near_N5_k4_P1,open,country,Japan,China,
lfm25v,E3_img_0139_far_N2_k2_P1,open,item,Pudding,Douhua,
lfm25v,E3_img_0139_far_N2_k2_P1,open,country,Japan,China,
lfm25v,E3_img_0139_far_N5_k4_P1,open,item,Pudding,Douhua,
lfm25v,E3_img_0139_far_N5_k4_P1,open,country,Japan,China,
lfm25v,E1_img_0193_mixed_N1_k1_P1,open,item,Cake,Merveilleux,
lfm25v,E1_img_0193_mixed_N2_k1_P1,open,item,Cake,Merveilleux,
lfm25v,E1_img_0193_mixed_N3_k3_P1,open,item,Cake,Merveilleux,
lfm25v,E1_img_0193_mixed_N4_k3_P1,open,item,Cake,Merveilleux,
lfm25v,E2_img_0193_mixed_N5_k1_P1,open,item,Cake,Merveilleux,
lfm25v,E2_img_0193_mixed_N5_k2_P1,open,item,Cupcake,Merveilleux,
lfm25v,E2_img_0193_mixed_N5_k3_P1,open,item,Cake,Merveilleux,
lfm25v,E2_img_0193_mixed_N5_k4_P1,open,item,Cake,Merveilleux,
lfm25v,E2_img_0193_mixed_N5_k5_P1,open,item,Cake,Merveilleux,
lfm25v,LEAK_img_0193_mixed_leak,open,item,Pizza,Merveilleux,
lfm25v,LEAK_img_0193_mixed_leak,open,country,Italy,Belgium,
lfm25v,E3_img_0193_near_N2_k1_P1,open,item,Cake,Merveilleux,
lfm25v,E3_img_0193_near_N5_k5_P1,open,item,Cake,Merveilleux,
lfm25v,E3_img_0193_far_N2_k1_P1,open,item,Cake,Merveilleux,
lfm25v,E3_img_0193_far_N5_k5_P1,open,item,Cake,Merveilleux,
lfm25v,LEAK_img_0430_mixed_leak,open,item,Pizza,Éclair,
lfm25v,LEAK_img_0430_mixed_leak,open,country,Italy,France,
lfm25v,E1_img_0404_mixed_N1_k1_P1,open,item,Quail eggs,Century egg,
lfm25v,E1_img_0404_mixed_N2_k1_P1,open,item,Quail eggs,Century egg,
lfm25v,E1_img_0404_mixed_N3_k2_P1,open,item,Quail eggs,Century egg,
lfm25v,E1_img_0404_mixed_N4_k1_P1,open,item,Quail eggs,Century egg,
lfm25v,E2_img_0404_mixed_N5_k1_P1,open,item,Quail eggs,Century egg,
lfm25v,E2_img_0404_mixed_N5_k2_P1,open,item,Quail eggs,Century egg,
lfm25v,E2_img_0404_mixed_N5_k3_P1,open,item,Quail eggs,Century egg,
lfm25v,E2_img_0404_mixed_N5_k4_P1,open,item,Quail eggs,Century egg,
lfm25v,E2_img_0404_mixed_N5_k5_P1,open,item,Quail eggs,Century egg,
lfm25v,LEAK_img_0404_mixed_leak,open,item,Pizza,Century egg,
lfm25v,LEAK_img_0404_mixed_leak,open,country,Italy,China,
lfm25v,E3_img_0404_near_N2_k1_P1,open,item,Quail eggs,Century egg,
lfm25v,E3_img_0404_near_N5_k2_P1,open,item,Quail eggs,Century egg,
lfm25v,E3_img_0404_far_N2_k1_P1,open,item,Quail eggs,Century egg,
lfm25v,E3_img_0404_far_N5_k2_P1,open,item,Quail eggs,Century egg,
lfm25v,E1_img_0119_mixed_N1_k1_P1,open,item,Ebi khanji,Chandrakala,
lfm25v,E1_img_0119_mixed_N2_k2_P1,open,item,Pastries,Chandrakala,
lfm25v,E1_img_0119_mixed_N3_k3_P1,open,item,Pastries,Chandrakala,
lfm25v,E1_img_0119_mixed_N4_k2_P1,open,item,Buns,Chandrakala,
lfm25v,E2_img_0119_mixed_N5_k1_P1,open,item,Pastries,Chandrakala,
lfm25v,E2_img_0119_mixed_N5_k2_P1,open,item,Pastries,Chandrakala,
lfm25v,E2_img_0119_mixed_N5_k3_P1,open,item,Ebi Dumplings,Chandrakala,
lfm25v,E2_img_0119_mixed_N5_k4_P1,open,item,Pastries,Chandrakala,
lfm25v,E2_img_0119_mixed_N5_k5_P1,open,item,Pastries,Chandrakala,
lfm25v,LEAK_img_0119_mixed_leak,open,item,Pizza,Chandrakala,
lfm25v,E3_img_0119_near_N2_k2_P1,open,item,Pastries,Chandrakala,
lfm25v,E3_img_0119_near_N5_k3_P1,open,item,Pastries,Chandrakala,
lfm25v,E3_img_0119_far_N2_k2_P1,open,item,Ebi kue,Chandrakala,
lfm25v,E3_img_0119_far_N2_k2_P1,open,country,Indonesia,India,
lfm25v,E3_img_0119_far_N5_k3_P1,open,item,Pastries,Chandrakala,
lfm25v,E1_img_0409_mixed_N1_k1_P1,open,item,Dal,Chapati,
lfm25v,E1_img_0409_mixed_N2_k1_P1,open,item,Curry and Roti,Chapati,
lfm25v,E1_img_0409_mixed_N3_k1_P1,open,item,Curry and Roti,Chapati,
lfm25v,E1_img_0409_mixed_N4_k3_P1,open,item,Dal,Chapati,
lfm25v,E2_img_0409_mixed_N5_k1_P1,open,item,Curry and Roti,Chapati,
lfm25v,E2_img_0409_mixed_N5_k2_P1,open,item,Dal,Chapati,
lfm25v,E2_img_0409_mixed_N5_k3_P1,open,item,Dal,Chapati,
lfm25v,E2_img_0409_mixed_N5_k4_P1,open,item,Dal,Chapati,
lfm25v,E2_img_0409_mixed_N5_k5_P1,open,item,Dal,Chapati,
lfm25v,LEAK_img_0409_mixed_leak,open,item,Pizza,Chapati,
lfm25v,LEAK_img_0409_mixed_leak,open,country,Italy,India,
lfm25v,E3_img_0409_near_N2_k1_P1,open,item,Dal (lentil soup) with roti,Chapati,
lfm25v,E3_img_0409_near_N5_k4_P1,open,item,Dal,Chapati,
lfm25v,E3_img_0409_far_N2_k1_P1,open,item,Curry and Roti,Chapati,
lfm25v,E3_img_0409_far_N5_k4_P1,open,item,Dal,Chapati,
lfm25v,E5_img_0409_mixed_N1_k1_P2,open,item,Dal,Chapati,
lfm25v,E5_img_0409_mixed_N2_k1_P2,open,item,Curry,Chapati,
lfm25v,E5_img_0409_mixed_N3_k1_P2,open,item,Dal and Roti,Chapati,
lfm25v,E5_img_0409_mixed_N4_k3_P2,open,item,Dal,Chapati,
lfm25v,E5_img_0409_mixed_N5_k4_P2,open,item,Dal,Chapati,
lfm25v,E5_img_0409_mixed_N1_k1_P3,open,item,Dal,Chapati,
lfm25v,E5_img_0409_mixed_N2_k1_P3,open,item,Dosa,Chapati,
lfm25v,E5_img_0409_mixed_N3_k1_P3,open,item,Dosa,Chapati,
lfm25v,E5_img_0409_mixed_N4_k3_P3,open,item,Dal,Chapati,
lfm25v,E6_img_0409_mixed_N1_k1_P4,open,item,Indian curry with potatoes and peas,Chapati,
lfm25v,E6_img_0409_mixed_N2_k1_P4,open,item,Curry and roti,Chapati,
lfm25v,E6_img_0409_mixed_N3_k1_P4,open,item,Curry and Roti,Chapati,
lfm25v,E6_img_0409_mixed_N4_k3_P4,open,item,Dal makhani,Chapati,
lfm25v,E6_img_0409_mixed_N5_k4_P4,open,item,Dal makhani,Chapati,
lfm25v,E1_img_0238_mixed_N1_k1_P1,open,item,Ice cream,Syllabub,
lfm25v,E1_img_0238_mixed_N2_k2_P1,open,item,Ice cream,Syllabub,
lfm25v,E1_img_0238_mixed_N3_k2_P1,open,item,Ice cream,Syllabub,
lfm25v,E1_img_0238_mixed_N4_k4_P1,open,item,Ice cream,Syllabub,
lfm25v,E2_img_0238_mixed_N5_k1_P1,open,item,Ice cream,Syllabub,
lfm25v,E2_img_0238_mixed_N5_k2_P1,open,item,Ice cream,Syllabub,
lfm25v,E2_img_0238_mixed_N5_k3_P1,open,item,Ice cream,Syllabub,
lfm25v,E2_img_0238_mixed_N5_k4_P1,open,item,Ice cream,Syllabub,
lfm25v,E2_img_0238_mixed_N5_k5_P1,open,item,Ice cream,Syllabub,
lfm25v,LEAK_img_0238_mixed_leak,open,item,Pizza,Syllabub,
lfm25v,E3_img_0238_near_N2_k2_P1,open,item,Ice cream,Syllabub,
lfm25v,E3_img_0238_near_N5_k5_P1,open,item,Ice cream,Syllabub,
lfm25v,E3_img_0238_far_N2_k2_P1,open,item,Ice cream,Syllabub,
lfm25v,E3_img_0238_far_N5_k5_P1,open,item,Ice cream,Syllabub,
lfm25v,E1_img_0524_mixed_N1_k1_P1,open,item,Taco,Tostada,
lfm25v,E1_img_0524_mixed_N2_k1_P1,open,item,Taco,Tostada,
lfm25v,E1_img_0524_mixed_N3_k3_P1,open,item,Taco,Tostada,
lfm25v,E1_img_0524_mixed_N4_k1_P1,open,item,Taco,Tostada,
lfm25v,E2_img_0524_mixed_N5_k1_P1,open,item,Taco,Tostada,
lfm25v,E2_img_0524_mixed_N5_k2_P1,open,item,Taco,Tostada,
lfm25v,E2_img_0524_mixed_N5_k3_P1,open,item,Taco,Tostada,
lfm25v,E2_img_0524_mixed_N5_k4_P1,open,item,Taco,Tostada,
lfm25v,E2_img_0524_mixed_N5_k5_P1,open,item,Shrimp taco,Tostada,
lfm25v,LEAK_img_0524_mixed_leak,open,item,Pizza,Tostada,
lfm25v,E3_img_0524_near_N2_k1_P1,open,item,Taco,Tostada,
lfm25v,E3_img_0524_near_N5_k1_P1,open,item,Taco,Tostada,
lfm25v,E3_img_0524_far_N2_k1_P1,open,item,Taco,Tostada,
lfm25v,E3_img_0524_far_N5_k1_P1,open,item,Taco,Tostada,
lfm25v,E1_img_0235_mixed_N1_k1_P1,open,item,Ice cream,Stracciatella,
lfm25v,E1_img_0235_mixed_N2_k2_P1,open,item,Ice cream,Stracciatella,
lfm25v,E1_img_0235_mixed_N3_k1_P1,open,item,Ice cream cone,Stracciatella,
lfm25v,E1_img_0235_mixed_N4_k2_P1,open,item,Ice cream cone,Stracciatella,
lfm25v,E2_img_0235_mixed_N5_k1_P1,open,item,Ice cream cone,Stracciatella,
lfm25v,E2_img_0235_mixed_N5_k2_P1,open,item,Ice cream cone,Stracciatella,
lfm25v,E2_img_0235_mixed_N5_k3_P1,open,item,Ice cream cone,Stracciatella,
lfm25v,E2_img_0235_mixed_N5_k4_P1,open,item,Ice cream cone,Stracciatella,
lfm25v,E2_img_0235_mixed_N5_k5_P1,open,item,Ice cream cone,Stracciatella,
lfm25v,LEAK_img_0235_mixed_leak,open,item,Pizza,Stracciatella,
lfm25v,E3_img_0235_near_N2_k2_P1,open,item,Ice cream,Stracciatella,
lfm25v,E3_img_0235_near_N5_k2_P1,open,item,Ice cream,Stracciatella,
lfm25v,E3_img_0235_far_N2_k2_P1,open,item,Ice cream cone,Stracciatella,
lfm25v,E3_img_0235_far_N5_k2_P1,open,item,Ice cream cone,Stracciatella,
lfm25v,E5_img_0235_mixed_N1_k1_P2,open,item,Ice cream,Stracciatella,
lfm25v,E5_img_0235_mixed_N2_k2_P2,open,item,Ice cream,Stracciatella,
lfm25v,E5_img_0235_mixed_N3_k1_P2,open,item,Ice cream cone,Stracciatella,
lfm25v,E5_img_0235_mixed_N4_k2_P2,open,item,Ice cream cone,Stracciatella,
lfm25v,E5_img_0235_mixed_N5_k2_P2,open,item,Ice cream cone,Stracciatella,
lfm25v,E5_img_0235_mixed_N1_k1_P3,open,item,Ice cream cone,Stracciatella,
lfm25v,E5_img_0235_mixed_N2_k2_P3,open,item,Ice cream cone,Stracciatella,
lfm25v,E5_img_0235_mixed_N3_k1_P3,open,item,Ice cream cone,Stracciatella,
lfm25v,E5_img_0235_mixed_N4_k2_P3,open,item,Ice cream cone,Stracciatella,
lfm25v,E5_img_0235_mixed_N5_k2_P3,open,item,Ice cream cone,Stracciatella,
lfm25v,E6_img_0235_mixed_N1_k1_P4,open,item,Ice cream cone,Stracciatella,
lfm25v,E6_img_0235_mixed_N2_k2_P4,open,item,Ice cream cone,Stracciatella,
lfm25v,E6_img_0235_mixed_N3_k1_P4,open,item,Ice cream cone,Stracciatella,
lfm25v,E6_img_0235_mixed_N4_k2_P4,open,item,Ice cream cone,Stracciatella,
lfm25v,E6_img_0235_mixed_N5_k2_P4,open,item,Ice cream cone,Stracciatella,
lfm25v,E1_img_0170_mixed_N1_k1_P1,open,item,Baklava,Kalburabastı,
lfm25v,E1_img_0170_mixed_N2_k1_P1,open,item,Baklava,Kalburabastı,
lfm25v,E1_img_0170_mixed_N3_k2_P1,open,item,Baklava,Kalburabastı,
lfm25v,E1_img_0170_mixed_N4_k3_P1,open,item,Baklava,Kalburabastı,
lfm25v,E2_img_0170_mixed_N5_k1_P1,open,item,Baklava,Kalburabastı,
lfm25v,E2_img_0170_mixed_N5_k2_P1,open,item,Baklava,Kalburabastı,
lfm25v,E2_img_0170_mixed_N5_k3_P1,open,item,Baklava,Kalburabastı,
lfm25v,E2_img_0170_mixed_N5_k4_P1,open,item,Baklava,Kalburabastı,
lfm25v,E2_img_0170_mixed_N5_k5_P1,open,item,Baklava,Kalburabastı,
lfm25v,LEAK_img_0170_mixed_leak,open,item,Pizza,Kalburabastı,
lfm25v,LEAK_img_0170_mixed_leak,open,country,Italy,Turkey,
lfm25v,E3_img_0170_near_N2_k1_P1,open,item,Baklava,Kalburabastı,
lfm25v,E3_img_0170_near_N5_k3_P1,open,item,Baklava,Kalburabastı,
lfm25v,E3_img_0170_far_N2_k1_P1,open,item,Baklava,Kalburabastı,
lfm25v,E3_img_0170_far_N5_k3_P1,open,item,Baklava,Kalburabastı,
lfm25v,E1_img_0099_mixed_N1_k1_P1,open,item,Pancake,Bánh chuối,
lfm25v,E1_img_0099_mixed_N2_k2_P1,open,item,Pancake,Bánh chuối,
lfm25v,E1_img_0099_mixed_N3_k3_P1,open,item,Pancake,Bánh chuối,
lfm25v,E1_img_0099_mixed_N4_k4_P1,open,item,Pancake,Bánh chuối,
lfm25v,E2_img_0099_mixed_N5_k1_P1,open,item,Pancakes,Bánh chuối,
lfm25v,E2_img_0099_mixed_N5_k2_P1,open,item,Pancake,Bánh chuối,
lfm25v,E2_img_0099_mixed_N5_k3_P1,open,item,Pancakes,Bánh chuối,
lfm25v,E2_img_0099_mixed_N5_k4_P1,open,item,Pancake,Bánh chuối,
lfm25v,E2_img_0099_mixed_N5_k5_P1,open,item,Pancake,Bánh chuối,
lfm25v,LEAK_img_0099_mixed_leak,open,item,Pizza,Bánh chuối,
lfm25v,LEAK_img_0099_mixed_leak,open,country,Italy,Vietnam,
lfm25v,E3_img_0099_near_N2_k2_P1,open,item,Pancake,Bánh chuối,
lfm25v,E3_img_0099_near_N5_k4_P1,open,item,Pancake,Bánh chuối,
lfm25v,E3_img_0099_far_N2_k2_P1,open,item,Pancake,Bánh chuối,
lfm25v,E3_img_0099_far_N5_k4_P1,open,item,Pancake,Bánh chuối,
lfm25v,E1_img_0349_mixed_N1_k1_P1,open,item,Lemonade,Screwdriver,
lfm25v,E1_img_0349_mixed_N2_k1_P1,open,item,Lemonade,Screwdriver,
lfm25v,E1_img_0349_mixed_N3_k1_P1,open,item,Lemonade,Screwdriver,
lfm25v,E1_img_0349_mixed_N4_k1_P1,open,item,Lemonade,Screwdriver,
lfm25v,E2_img_0349_mixed_N5_k1_P1,open,item,Lemonade,Screwdriver,
lfm25v,E2_img_0349_mixed_N5_k2_P1,open,item,Lemonade,Screwdriver,
lfm25v,E2_img_0349_mixed_N5_k3_P1,open,item,Lemonade,Screwdriver,
lfm25v,E2_img_0349_mixed_N5_k4_P1,open,item,Lemonade,Screwdriver,
lfm25v,E2_img_0349_mixed_N5_k5_P1,open,item,Lemonade,Screwdriver,
lfm25v,LEAK_img_0349_mixed_leak,open,item,Pizza,Screwdriver,
lfm25v,LEAK_img_0349_mixed_leak,open,country,Italy,United States,
lfm25v,E3_img_0349_near_N2_k1_P1,open,item,Lemonade,Screwdriver,
lfm25v,E3_img_0349_far_N2_k1_P1,open,item,Lemonade,Screwdriver,
lfm25v,E3_img_0349_far_N5_k5_P1,open,item,Lemonade,Screwdriver,
lfm25v,E5_img_0349_mixed_N1_k1_P2,open,item,Lemonade,Screwdriver,
lfm25v,E5_img_0349_mixed_N2_k1_P2,open,item,cocktail,Screwdriver,
lfm25v,E5_img_0349_mixed_N3_k1_P2,open,item,cocktail,Screwdriver,
lfm25v,E5_img_0349_mixed_N4_k1_P2,open,item,Lemonade,Screwdriver,
lfm25v,E5_img_0349_mixed_N5_k5_P2,open,item,Margarita,Screwdriver,
lfm25v,E5_img_0349_mixed_N5_k5_P2,open,country,Mexico,United States,
lfm25v,E5_img_0349_mixed_N1_k1_P3,open,item,cocktail,Screwdriver,
lfm25v,E5_img_0349_mixed_N2_k1_P3,open,item,cocktail,Screwdriver,
lfm25v,E5_img_0349_mixed_N3_k1_P3,open,item,Lemonade,Screwdriver,
lfm25v,E5_img_0349_mixed_N4_k1_P3,open,item,Lemonade,Screwdriver,
lfm25v,E5_img_0349_mixed_N5_k5_P3,open,item,Margarita,Screwdriver,
lfm25v,E5_img_0349_mixed_N5_k5_P3,open,country,Mexico,United States,
lfm25v,E6_img_0349_mixed_N1_k1_P4,open,item,Lemonade,Screwdriver,
lfm25v,E6_img_0349_mixed_N2_k1_P4,open,item,Lemonade,Screwdriver,
lfm25v,E6_img_0349_mixed_N3_k1_P4,open,item,Lemonade,Screwdriver,
lfm25v,E6_img_0349_mixed_N4_k1_P4,open,item,Lemonade,Screwdriver,
lfm25v,E6_img_0349_mixed_N5_k5_P4,open,item,Lemonade,Screwdriver,
lfm25v,E1_img_0269_mixed_N1_k1_P1,open,item,Soup,Bandrek,
lfm25v,E1_img_0269_mixed_N2_k2_P1,open,item,Hot chocolate,Bandrek,
lfm25v,E1_img_0269_mixed_N3_k2_P1,open,item,Hot chocolate,Bandrek,
lfm25v,E1_img_0269_mixed_N4_k2_P1,open,item,Hot chocolate,Bandrek,
lfm25v,E2_img_0269_mixed_N5_k1_P1,open,item,Hot chocolate,Bandrek,
lfm25v,E2_img_0269_mixed_N5_k2_P1,open,item,Hot chocolate,Bandrek,
lfm25v,E2_img_0269_mixed_N5_k3_P1,open,item,Hot chocolate,Bandrek,
lfm25v,E2_img_0269_mixed_N5_k4_P1,open,item,Coffee,Bandrek,
lfm25v,E2_img_0269_mixed_N5_k5_P1,open,item,Hot chocolate,Bandrek,
lfm25v,LEAK_img_0269_mixed_leak,open,item,Pizza,Bandrek,
lfm25v,LEAK_img_0269_mixed_leak,open,country,Italy,Indonesia,
lfm25v,E3_img_0269_near_N2_k2_P1,open,item,Soup,Bandrek,
lfm25v,E3_img_0269_near_N5_k1_P1,open,item,Hot chocolate,Bandrek,
lfm25v,E3_img_0269_far_N2_k2_P1,open,item,Soup,Bandrek,
lfm25v,E3_img_0269_far_N5_k1_P1,open,item,Hot chocolate,Bandrek,
lfm25v,E1_img_0256_mixed_N1_k1_P1,open,item,Croissant,Xuixo,
lfm25v,E1_img_0256_mixed_N1_k1_P1,open,country,France,Spain,
lfm25v,E1_img_0256_mixed_N2_k1_P1,open,item,Croissant,Xuixo,
lfm25v,E1_img_0256_mixed_N2_k1_P1,open,country,France,Spain,
lfm25v,E1_img_0256_mixed_N3_k3_P1,open,item,Croissant,Xuixo,
lfm25v,E1_img_0256_mixed_N3_k3_P1,open,country,France,Spain,
lfm25v,E1_img_0256_mixed_N4_k3_P1,open,item,Croissant,Xuixo,
lfm25v,E1_img_0256_mixed_N4_k3_P1,open,country,France,Spain,
lfm25v,E2_img_0256_mixed_N5_k1_P1,open,item,Croissant,Xuixo,
lfm25v,E2_img_0256_mixed_N5_k1_P1,open,country,France,Spain,
lfm25v,E2_img_0256_mixed_N5_k2_P1,open,item,Croissant,Xuixo,
lfm25v,E2_img_0256_mixed_N5_k2_P1,open,country,France,Spain,
lfm25v,E2_img_0256_mixed_N5_k3_P1,open,item,Croissant,Xuixo,
lfm25v,E2_img_0256_mixed_N5_k3_P1,open,country,France,Spain,
lfm25v,E2_img_0256_mixed_N5_k4_P1,open,item,Croissant,Xuixo,
lfm25v,E2_img_0256_mixed_N5_k4_P1,open,country,France,Spain,
lfm25v,E2_img_0256_mixed_N5_k5_P1,open,item,Croissant,Xuixo,
lfm25v,E2_img_0256_mixed_N5_k5_P1,open,country,France,Spain,
lfm25v,LEAK_img_0256_mixed_leak,open,item,Pizza,Xuixo,
lfm25v,E3_img_0256_near_N2_k1_P1,open,item,Croissant,Xuixo,
lfm25v,E3_img_0256_near_N2_k1_P1,open,country,France,Spain,
lfm25v,E3_img_0256_near_N5_k2_P1,open,item,Croissant,Xuixo,
lfm25v,E3_img_0256_near_N5_k2_P1,open,country,France,Spain,
lfm25v,E3_img_0256_far_N2_k1_P1,open,item,Croissant,Xuixo,
lfm25v,E3_img_0256_far_N2_k1_P1,open,country,France,Spain,
lfm25v,E3_img_0256_far_N5_k2_P1,open,item,Croissant,Xuixo,
lfm25v,E3_img_0256_far_N5_k2_P1,open,country,France,Spain,
lfm25v,E1_img_0263_mixed_N1_k1_P1,open,item,Tea,Amazake,
lfm25v,E1_img_0263_mixed_N2_k2_P1,open,item,Tea,Amazake,
lfm25v,E1_img_0263_mixed_N3_k1_P1,open,item,Matcha Latte,Amazake,
lfm25v,E1_img_0263_mixed_N4_k4_P1,open,item,Matcha Latte,Amazake,
lfm25v,E2_img_0263_mixed_N5_k1_P1,open,item,Matcha Latte,Amazake,
lfm25v,E2_img_0263_mixed_N5_k2_P1,open,item,Matcha latte,Amazake,
lfm25v,E2_img_0263_mixed_N5_k3_P1,open,item,Matcha Latte,Amazake,
lfm25v,E2_img_0263_mixed_N5_k4_P1,open,item,Tea,Amazake,
lfm25v,E2_img_0263_mixed_N5_k5_P1,open,item,Tea,Amazake,
lfm25v,LEAK_img_0263_mixed_leak,open,item,Pizza,Amazake,
lfm25v,LEAK_img_0263_mixed_leak,open,country,Italy,Japan,
lfm25v,E3_img_0263_near_N2_k2_P1,open,item,Matcha,Amazake,
lfm25v,E3_img_0263_near_N5_k3_P1,open,item,Matcha Latte,Amazake,
lfm25v,E3_img_0263_far_N2_k2_P1,open,item,Tea,Amazake,
lfm25v,E3_img_0263_far_N5_k3_P1,open,item,Matcha Latte,Amazake,
lfm25v,E5_img_0263_mixed_N1_k1_P2,open,item,Matcha,Amazake,
lfm25v,E5_img_0263_mixed_N2_k2_P2,open,item,Matcha,Amazake,
lfm25v,E5_img_0263_mixed_N3_k1_P2,open,item,Matcha Latte,Amazake,
lfm25v,E5_img_0263_mixed_N4_k4_P2,open,item,Matcha,Amazake,
lfm25v,E5_img_0263_mixed_N5_k3_P2,open,item,Matcha Latte,Amazake,
lfm25v,E5_img_0263_mixed_N1_k1_P3,open,item,Matcha,Amazake,
lfm25v,E5_img_0263_mixed_N2_k2_P3,open,item,Matcha,Amazake,
lfm25v,E5_img_0263_mixed_N3_k1_P3,open,item,Matcha Latte,Amazake,
lfm25v,E5_img_0263_mixed_N4_k4_P3,open,item,Matcha Latte,Amazake,
lfm25v,E5_img_0263_mixed_N5_k3_P3,open,item,Matcha Latte,Amazake,
lfm25v,E6_img_0263_mixed_N1_k1_P4,open,item,Matcha latte,Amazake,
lfm25v,E6_img_0263_mixed_N2_k2_P4,open,item,Matcha latte,Amazake,
lfm25v,E6_img_0263_mixed_N3_k1_P4,open,item,Matcha latte,Amazake,
lfm25v,E6_img_0263_mixed_N4_k4_P4,open,item,Matcha latte,Amazake,
lfm25v,E6_img_0263_mixed_N5_k3_P4,open,item,Matcha latte,Amazake,
lfm25v,E1_img_0421_mixed_N1_k1_P1,open,item,Praia,Coxinha,
lfm25v,E1_img_0421_mixed_N2_k1_P1,open,item,Praia,Coxinha,
lfm25v,E1_img_0421_mixed_N3_k2_P1,open,item,Praia,Coxinha,
lfm25v,E1_img_0421_mixed_N4_k1_P1,open,item,Praia de Arroz,Coxinha,
lfm25v,E2_img_0421_mixed_N5_k1_P1,open,item,Praia de Areia,Coxinha,
lfm25v,E2_img_0421_mixed_N5_k2_P1,open,item,Praia,Coxinha,
lfm25v,E2_img_0421_mixed_N5_k3_P1,open,item,Empanada,Coxinha,
lfm25v,E2_img_0421_mixed_N5_k4_P1,open,item,Praia de Areia,Coxinha,
lfm25v,E2_img_0421_mixed_N5_k5_P1,open,item,Praia,Coxinha,
lfm25v,LEAK_img_0421_mixed_leak,open,item,Pizza,Coxinha,
lfm25v,LEAK_img_0421_mixed_leak,open,country,Italy,Brazil,
lfm25v,E3_img_0421_near_N2_k1_P1,open,item,Praia,Coxinha,
lfm25v,E3_img_0421_near_N5_k4_P1,open,item,Praia de Areia,Coxinha,
lfm25v,E3_img_0421_far_N2_k1_P1,open,item,Praia,Coxinha,
lfm25v,E3_img_0421_far_N5_k4_P1,open,item,Praia,Coxinha,
lfm25v,E1_img_0270_mixed_N1_k1_P1,open,item,Bananas,Batida,
lfm25v,E1_img_0270_mixed_N2_k2_P1,open,item,Coconut,Batida,
lfm25v,E1_img_0270_mixed_N3_k3_P1,open,item,Coconut,Batida,
lfm25v,E1_img_0270_mixed_N4_k2_P1,open,item,Coconut,Batida,
lfm25v,E2_img_0270_mixed_N5_k1_P1,open,item,Tropical fruit and soda stand,Batida,
lfm25v,E2_img_0270_mixed_N5_k2_P1,open,item,Bananas,Batida,
lfm25v,E2_img_0270_mixed_N5_k3_P1,open,item,Coconut drinks,Batida,
lfm25v,E2_img_0270_mixed_N5_k4_P1,open,item,Coconut drinks,Batida,
lfm25v,E2_img_0270_mixed_N5_k5_P1,open,item,Bananas,Batida,
lfm25v,LEAK_img_0270_mixed_leak,open,item,Pizza,Batida,
lfm25v,LEAK_img_0270_mixed_leak,open,country,Italy,Brazil,
lfm25v,E3_img_0270_near_N2_k2_P1,open,item,Coconut,Batida,
lfm25v,E3_img_0270_near_N5_k5_P1,open,item,Coconut,Batida,
lfm25v,E3_img_0270_far_N2_k2_P1,open,item,Coconut,Batida,
lfm25v,E3_img_0270_far_N5_k5_P1,open,item,Coconut,Batida,
lfm25v,E1_img_0513_mixed_N1_k1_P1,open,item,Meringue pie,Soufflé,
lfm25v,E1_img_0513_mixed_N2_k1_P1,open,item,Meringue pie,Soufflé,
lfm25v,E1_img_0513_mixed_N3_k1_P1,open,item,Meringue pie,Soufflé,
lfm25v,E1_img_0513_mixed_N4_k3_P1,open,item,Meringue pie,Soufflé,
lfm25v,E2_img_0513_mixed_N5_k1_P1,open,item,Meringue pie,Soufflé,
lfm25v,E2_img_0513_mixed_N5_k2_P1,open,item,Mochaccino,Soufflé,
lfm25v,E2_img_0513_mixed_N5_k2_P1,open,country,Italy,France,
lfm25v,E2_img_0513_mixed_N5_k3_P1,open,item,Meringue pie,Soufflé,
lfm25v,E2_img_0513_mixed_N5_k4_P1,open,item,Mochaccino,Soufflé,
lfm25v,E2_img_0513_mixed_N5_k4_P1,open,country,Italy,France,
lfm25v,E2_img_0513_mixed_N5_k5_P1,open,item,Meringue pie,Soufflé,
lfm25v,LEAK_img_0513_mixed_leak,open,item,Pizza,Soufflé,
lfm25v,LEAK_img_0513_mixed_leak,open,country,Italy,France,
lfm25v,E3_img_0513_near_N2_k1_P1,open,item,Meringue pie,Soufflé,
lfm25v,E3_img_0513_near_N5_k1_P1,open,item,Meringue pie,Soufflé,
lfm25v,E3_img_0513_far_N2_k1_P1,open,item,Meringue pie,Soufflé,
lfm25v,E3_img_0513_far_N5_k1_P1,open,item,Mochaccino,Soufflé,
lfm25v,E3_img_0513_far_N5_k1_P1,open,country,Italy,France,
lfm25v,E5_img_0513_mixed_N1_k1_P2,open,item,Meringue pie,Soufflé,
lfm25v,E5_img_0513_mixed_N1_k1_P2,open,country,United States,France,
lfm25v,E5_img_0513_mixed_N2_k1_P2,open,item,Meringue pie,Soufflé,
lfm25v,E5_img_0513_mixed_N3_k1_P2,open,item,Hot chocolate,Soufflé,
lfm25v,E5_img_0513_mixed_N4_k3_P2,open,item,Mochi,Soufflé,
lfm25v,E5_img_0513_mixed_N4_k3_P2,open,country,Japan,France,
lfm25v,E5_img_0513_mixed_N5_k1_P2,open,item,Meringue pie,Soufflé,
lfm25v,E5_img_0513_mixed_N1_k1_P3,open,item,Meringue pie,Soufflé,
lfm25v,E5_img_0513_mixed_N2_k1_P3,open,item,Meringue pie,Soufflé,
lfm25v,E5_img_0513_mixed_N3_k1_P3,open,item,Meringue Pie,Soufflé,
lfm25v,E5_img_0513_mixed_N4_k3_P3,open,item,Mochi,Soufflé,
lfm25v,E5_img_0513_mixed_N4_k3_P3,open,country,Japan,France,
lfm25v,E5_img_0513_mixed_N5_k1_P3,open,item,Meringue pie,Soufflé,
lfm25v,E6_img_0513_mixed_N1_k1_P4,open,item,Meringue pie,Soufflé,
lfm25v,E6_img_0513_mixed_N2_k1_P4,open,item,Meringue pie,Soufflé,
lfm25v,E6_img_0513_mixed_N3_k1_P4,open,item,Meringue pie,Soufflé,
lfm25v,E6_img_0513_mixed_N4_k3_P4,open,item,Meringue pie,Soufflé,
lfm25v,E6_img_0513_mixed_N5_k1_P4,open,item,Meringue pie,Soufflé,
lfm25v,E1_img_0335_mixed_N1_k1_P1,open,item,Martini,Paradise,
lfm25v,E1_img_0335_mixed_N2_k2_P1,open,item,Martini,Paradise,
lfm25v,E1_img_0335_mixed_N3_k2_P1,open,item,Martini,Paradise,
lfm25v,E1_img_0335_mixed_N4_k4_P1,open,item,Martini,Paradise,
lfm25v,E2_img_0335_mixed_N5_k1_P1,open,item,Martini,Paradise,
lfm25v,E2_img_0335_mixed_N5_k2_P1,open,item,Martini,Paradise,
lfm25v,E2_img_0335_mixed_N5_k3_P1,open,item,Martini,Paradise,
lfm25v,E2_img_0335_mixed_N5_k4_P1,open,item,Martini,Paradise,
lfm25v,E2_img_0335_mixed_N5_k5_P1,open,item,Martini,Paradise,
lfm25v,LEAK_img_0335_mixed_leak,open,item,Pizza,Paradise,
lfm25v,LEAK_img_0335_mixed_leak,open,country,Italy,United States,
lfm25v,E3_img_0335_near_N2_k2_P1,open,item,Martini,Paradise,
lfm25v,E3_img_0335_near_N5_k2_P1,open,item,Martini,Paradise,
lfm25v,E3_img_0335_far_N2_k2_P1,open,item,Martini,Paradise,
lfm25v,E3_img_0335_far_N5_k2_P1,open,item,Martini,Paradise,
lfm25v,E1_img_0174_mixed_N1_k1_P1,open,item,Fried dough,Khapse,
lfm25v,E1_img_0174_mixed_N3_k3_P1,open,item,Fried dough,Khapse,
lfm25v,E2_img_0174_mixed_N5_k1_P1,open,item,Fried dough,Khapse,
lfm25v,E2_img_0174_mixed_N5_k2_P1,open,item,Fried dough,Khapse,
lfm25v,E2_img_0174_mixed_N5_k3_P1,open,item,Fried dough,Khapse,
lfm25v,E2_img_0174_mixed_N5_k4_P1,open,item,Fried dough,Khapse,
lfm25v,E2_img_0174_mixed_N5_k5_P1,open,item,Fried dough,Khapse,
lfm25v,LEAK_img_0174_mixed_leak,open,item,Pizza,Khapse,
lfm25v,LEAK_img_0174_mixed_leak,open,country,Italy,China,
lfm25v,E3_img_0174_near_N2_k1_P1,open,item,Fried dough,Khapse,
lfm25v,E3_img_0174_near_N5_k3_P1,open,item,Fried dough,Khapse,
lfm25v,E3_img_0174_far_N5_k3_P1,open,item,Fried dough,Khapse,
lfm25v,LEAK_img_0470_mixed_leak,open,item,Pizza,Miso soup,
lfm25v,E1_img_0304_mixed_N1_k1_P1,open,item,Iced coffee,Fernet and Coke,
lfm25v,E1_img_0304_mixed_N2_k1_P1,open,item,Iced coffee,Fernet and Coke,
lfm25v,E1_img_0304_mixed_N3_k2_P1,open,item,Iced coffee,Fernet and Coke,
lfm25v,E1_img_0304_mixed_N4_k3_P1,open,item,Iced coffee,Fernet and Coke,
lfm25v,E2_img_0304_mixed_N5_k1_P1,open,item,Iced Coffee,Fernet and Coke,
lfm25v,E2_img_0304_mixed_N5_k2_P1,open,item,Iced coffee,Fernet and Coke,
lfm25v,E2_img_0304_mixed_N5_k3_P1,open,item,Iced coffee,Fernet and Coke,
lfm25v,E2_img_0304_mixed_N5_k4_P1,open,item,Iced coffee,Fernet and Coke,
lfm25v,E2_img_0304_mixed_N5_k5_P1,open,item,Iced coffee,Fernet and Coke,
lfm25v,LEAK_img_0304_mixed_leak,open,item,Pizza,Fernet and Coke,
lfm25v,LEAK_img_0304_mixed_leak,open,country,Italy,Argentina,
lfm25v,E3_img_0304_near_N2_k1_P1,open,item,Iced coffee,Fernet and Coke,
lfm25v,E3_img_0304_near_N5_k5_P1,open,item,Iced coffee,Fernet and Coke,
lfm25v,E3_img_0304_far_N2_k1_P1,open,item,Iced coffee,Fernet and Coke,
lfm25v,E3_img_0304_far_N5_k5_P1,open,item,Iced coffee,Fernet and Coke,
lfm25v,E1_img_0288_mixed_N1_k1_P1,open,item,Soup,Champurrado,
lfm25v,E1_img_0288_mixed_N2_k2_P1,open,item,Soup,Champurrado,
lfm25v,E1_img_0288_mixed_N3_k3_P1,open,item,Soup,Champurrado,
lfm25v,E1_img_0288_mixed_N4_k4_P1,open,item,Soup,Champurrado,
lfm25v,E2_img_0288_mixed_N5_k1_P1,open,item,Soup,Champurrado,
lfm25v,E2_img_0288_mixed_N5_k2_P1,open,item,Soup,Champurrado,
lfm25v,E2_img_0288_mixed_N5_k3_P1,open,item,Soup,Champurrado,
lfm25v,E2_img_0288_mixed_N5_k4_P1,open,item,Soup,Champurrado,
lfm25v,E2_img_0288_mixed_N5_k5_P1,open,item,Soup,Champurrado,
lfm25v,LEAK_img_0288_mixed_leak,open,item,Pizza,Champurrado,
lfm25v,LEAK_img_0288_mixed_leak,open,country,Italy,Mexico,
lfm25v,E3_img_0288_near_N2_k2_P1,open,item,Soup,Champurrado,
lfm25v,E3_img_0288_near_N5_k1_P1,open,item,Soup,Champurrado,
lfm25v,E3_img_0288_far_N2_k2_P1,open,item,Soup,Champurrado,
lfm25v,E3_img_0288_far_N5_k1_P1,open,item,Soup,Champurrado,
lfm25v,E1_img_0116_mixed_N1_k1_P1,open,item,tart,Carac,
lfm25v,E1_img_0116_mixed_N2_k1_P1,open,item,Tart,Carac,
lfm25v,E1_img_0116_mixed_N3_k1_P1,open,item,Tart,Carac,
lfm25v,E1_img_0116_mixed_N4_k1_P1,open,item,Tart,Carac,
lfm25v,E2_img_0116_mixed_N5_k1_P1,open,item,Tart,Carac,
lfm25v,E2_img_0116_mixed_N5_k2_P1,open,item,Tart,Carac,
lfm25v,E2_img_0116_mixed_N5_k3_P1,open,item,Tart,Carac,
lfm25v,E2_img_0116_mixed_N5_k4_P1,open,item,Tart,Carac,
lfm25v,E2_img_0116_mixed_N5_k5_P1,open,item,Tart,Carac,
lfm25v,LEAK_img_0116_mixed_leak,open,item,Pizza,Carac,
lfm25v,LEAK_img_0116_mixed_leak,open,country,Italy,Switzerland,
lfm25v,E3_img_0116_near_N2_k1_P1,open,item,Tart,Carac,
lfm25v,E3_img_0116_near_N5_k2_P1,open,item,Tart,Carac,
lfm25v,E3_img_0116_far_N2_k1_P1,open,item,Tart,Carac,
lfm25v,E3_img_0116_far_N5_k2_P1,open,item,Tart,Carac,
lfm25v,E5_img_0116_mixed_N1_k1_P2,open,item,tart,Carac,
lfm25v,E5_img_0116_mixed_N1_k1_P2,open,country,France,Switzerland,
lfm25v,E5_img_0116_mixed_N2_k1_P2,open,item,Tart,Carac,
lfm25v,E5_img_0116_mixed_N3_k1_P2,open,item,Tart,Carac,
lfm25v,E5_img_0116_mixed_N4_k1_P2,open,item,Tart,Carac,
lfm25v,E5_img_0116_mixed_N5_k2_P2,open,item,Tart,Carac,
lfm25v,E5_img_0116_mixed_N1_k1_P3,open,item,tart,Carac,
lfm25v,E5_img_0116_mixed_N2_k1_P3,open,item,tart,Carac,
lfm25v,E5_img_0116_mixed_N3_k1_P3,open,item,tart,Carac,
lfm25v,E5_img_0116_mixed_N4_k1_P3,open,item,tart,Carac,
lfm25v,E5_img_0116_mixed_N5_k2_P3,open,item,tart,Carac,
lfm25v,E6_img_0116_mixed_N1_k1_P4,open,item,tart,Carac,
lfm25v,E6_img_0116_mixed_N2_k1_P4,open,item,Tart,Carac,
lfm25v,E6_img_0116_mixed_N3_k1_P4,open,item,Tarts,Carac,
lfm25v,E6_img_0116_mixed_N4_k1_P4,open,item,Tartlets,Carac,
lfm25v,E6_img_0116_mixed_N5_k2_P4,open,item,Tartlets,Carac,
lfm25v,LEAK_img_0478_mixed_leak,open,item,Pizza,Nachos,
lfm25v,LEAK_img_0478_mixed_leak,open,country,Italy,Mexico,
lfm25v,E1_img_0209_mixed_N1_k1_P1,open,item,Cotton candy,Pişmaniye,
lfm25v,E1_img_0209_mixed_N2_k1_P1,open,item,Cotton candy,Pişmaniye,
lfm25v,E1_img_0209_mixed_N3_k3_P1,open,item,Cotton candy,Pişmaniye,
lfm25v,E1_img_0209_mixed_N4_k3_P1,open,item,Cotton candy,Pişmaniye,
lfm25v,E2_img_0209_mixed_N5_k1_P1,open,item,Cotton candy,Pişmaniye,
lfm25v,E2_img_0209_mixed_N5_k2_P1,open,item,Cotton candy,Pişmaniye,
lfm25v,E2_img_0209_mixed_N5_k3_P1,open,item,Cotton candy,Pişmaniye,
lfm25v,E2_img_0209_mixed_N5_k4_P1,open,item,Cotton candy,Pişmaniye,
lfm25v,E2_img_0209_mixed_N5_k5_P1,open,item,Cotton candy,Pişmaniye,
lfm25v,LEAK_img_0209_mixed_leak,open,item,Pizza,Pişmaniye,
lfm25v,LEAK_img_0209_mixed_leak,open,country,Italy,Turkey,
lfm25v,E3_img_0209_near_N2_k1_P1,open,item,Cotton candy,Pişmaniye,
lfm25v,E3_img_0209_near_N5_k4_P1,open,item,Cotton candy,Pişmaniye,
lfm25v,E3_img_0209_far_N2_k1_P1,open,item,Cotton candy,Pişmaniye,
lfm25v,E3_img_0209_far_N5_k4_P1,open,item,Cotton candy,Pişmaniye,
lfm25v,E1_img_0161_mixed_N1_k1_P1,open,item,Ice cream,Hokey pokey,
lfm25v,E1_img_0161_mixed_N2_k2_P1,open,item,Ice cream,Hokey pokey,
lfm25v,E1_img_0161_mixed_N3_k1_P1,open,item,Ice cream,Hokey pokey,
lfm25v,E1_img_0161_mixed_N4_k4_P1,open,item,Ice cream,Hokey pokey,
lfm25v,E2_img_0161_mixed_N5_k1_P1,open,item,Ice cream,Hokey pokey,
lfm25v,E2_img_0161_mixed_N5_k2_P1,open,item,Ice cream,Hokey pokey,
lfm25v,E2_img_0161_mixed_N5_k3_P1,open,item,Ice cream,Hokey pokey,
lfm25v,E2_img_0161_mixed_N5_k4_P1,open,item,Ice cream,Hokey pokey,
lfm25v,E2_img_0161_mixed_N5_k5_P1,open,item,Ice cream,Hokey pokey,
lfm25v,LEAK_img_0161_mixed_leak,open,item,Pizza,Hokey pokey,
lfm25v,LEAK_img_0161_mixed_leak,open,country,Italy,New Zealand,
lfm25v,E5_img_0161_mixed_N1_k1_P2,open,item,Ice cream,Hokey pokey,
lfm25v,E5_img_0161_mixed_N2_k2_P2,open,item,Ice cream,Hokey pokey,
lfm25v,E5_img_0161_mixed_N3_k1_P2,open,item,Ice cream,Hokey pokey,
lfm25v,E5_img_0161_mixed_N4_k4_P2,open,item,Ice cream,Hokey pokey,
lfm25v,E5_img_0161_mixed_N5_k5_P2,open,item,Ice cream,Hokey pokey,
lfm25v,E5_img_0161_mixed_N1_k1_P3,open,item,Ice cream,Hokey pokey,
lfm25v,E5_img_0161_mixed_N2_k2_P3,open,item,Ice cream,Hokey pokey,
lfm25v,E5_img_0161_mixed_N3_k1_P3,open,item,Ice cream,Hokey pokey,
lfm25v,E5_img_0161_mixed_N4_k4_P3,open,item,Ice cream,Hokey pokey,
lfm25v,E5_img_0161_mixed_N5_k5_P3,open,item,Ice cream,Hokey pokey,
lfm25v,E1_img_0577_mixed_N1_k1_P1,open,item,Lute,Hurdy-gurdy,
lfm25v,E1_img_0577_mixed_N2_k1_P1,open,item,Lute,Hurdy-gurdy,
lfm25v,E1_img_0577_mixed_N3_k1_P1,open,item,Lute,Hurdy-gurdy,
lfm25v,E1_img_0577_mixed_N4_k1_P1,open,item,Lute,Hurdy-gurdy,
lfm25v,E2_img_0577_mixed_N5_k1_P1,open,item,Lute,Hurdy-gurdy,
lfm25v,E2_img_0577_mixed_N5_k2_P1,open,item,Lute,Hurdy-gurdy,
lfm25v,E2_img_0577_mixed_N5_k3_P1,open,item,Lute,Hurdy-gurdy,
lfm25v,E2_img_0577_mixed_N5_k4_P1,open,item,Lute,Hurdy-gurdy,
lfm25v,E2_img_0577_mixed_N5_k5_P1,open,item,Lute,Hurdy-gurdy,
lfm25v,LEAK_img_0577_mixed_leak,open,item,Violin,Hurdy-gurdy,
lfm25v,E3_img_0577_near_N2_k1_P1,open,item,Lute,Hurdy-gurdy,
lfm25v,E3_img_0577_near_N5_k1_P1,open,item,Lute,Hurdy-gurdy,
lfm25v,E3_img_0577_far_N2_k1_P1,open,item,Lute,Hurdy-gurdy,
lfm25v,E3_img_0577_far_N5_k1_P1,open,item,Lute,Hurdy-gurdy,
lfm25v,E5_img_0577_mixed_N1_k1_P2,open,item,Lute,Hurdy-gurdy,
lfm25v,E5_img_0577_mixed_N2_k1_P2,open,item,Lute,Hurdy-gurdy,
lfm25v,E5_img_0577_mixed_N3_k1_P2,open,item,Lute,Hurdy-gurdy,
lfm25v,E5_img_0577_mixed_N4_k1_P2,open,item,Lute,Hurdy-gurdy,
lfm25v,E5_img_0577_mixed_N5_k1_P2,open,item,Lute,Hurdy-gurdy,
lfm25v,E5_img_0577_mixed_N1_k1_P3,open,item,Lute,Hurdy-gurdy,
lfm25v,E5_img_0577_mixed_N2_k1_P3,open,item,Lute,Hurdy-gurdy,
lfm25v,E5_img_0577_mixed_N3_k1_P3,open,item,Lute,Hurdy-gurdy,
lfm25v,E5_img_0577_mixed_N4_k1_P3,open,item,Lute,Hurdy-gurdy,
lfm25v,E5_img_0577_mixed_N5_k1_P3,open,item,Lute,Hurdy-gurdy,
lfm25v,E6_img_0577_mixed_N1_k1_P4,open,item,Lute,Hurdy-gurdy,
lfm25v,E6_img_0577_mixed_N2_k1_P4,open,item,Lute,Hurdy-gurdy,
lfm25v,E6_img_0577_mixed_N3_k1_P4,open,item,Lute,Hurdy-gurdy,
lfm25v,E6_img_0577_mixed_N4_k1_P4,open,item,Lute,Hurdy-gurdy,
lfm25v,E6_img_0577_mixed_N5_k1_P4,open,item,Lute,Hurdy-gurdy,
lfm25v,E1_img_0549_mixed_N1_k1_P1,open,item,Lute,Chuniri,
lfm25v,E1_img_0549_mixed_N2_k2_P1,open,item,Lute,Chuniri,
lfm25v,E1_img_0549_mixed_N3_k2_P1,open,item,Lute,Chuniri,
lfm25v,E1_img_0549_mixed_N4_k2_P1,open,item,Lute,Chuniri,
lfm25v,E2_img_0549_mixed_N5_k1_P1,open,item,Lute,Chuniri,
lfm25v,E2_img_0549_mixed_N5_k2_P1,open,item,Lute,Chuniri,
lfm25v,E2_img_0549_mixed_N5_k3_P1,open,item,Lute,Chuniri,
lfm25v,E2_img_0549_mixed_N5_k4_P1,open,item,Lute,Chuniri,
lfm25v,E2_img_0549_mixed_N5_k5_P1,open,item,Lute,Chuniri,
lfm25v,LEAK_img_0549_mixed_leak,open,item,Violin,Chuniri,
lfm25v,E3_img_0549_near_N2_k2_P1,open,item,Lute,Chuniri,
lfm25v,E3_img_0549_near_N5_k2_P1,open,item,Lute,Chuniri,
lfm25v,E3_img_0549_far_N2_k2_P1,open,item,Banjo,Chuniri,
lfm25v,E3_img_0549_far_N5_k2_P1,open,item,Lute,Chuniri,
lfm25v,E1_img_0535_mixed_N1_k1_P1,open,item,Maraca,Afoxé,
lfm25v,E1_img_0535_mixed_N2_k1_P1,open,item,Gourd,Afoxé,
lfm25v,LEAK_img_0535_mixed_leak,open,item,Violin,Afoxé,
lfm25v,E3_img_0535_near_N2_k1_P1,open,item,Gourd,Afoxé,
lfm25v,E3_img_0535_near_N5_k3_P1,open,item,Maraca,Afoxé,
lfm25v,E1_img_0584_mixed_N1_k1_P1,open,item,Lute,Komuz,
lfm25v,E1_img_0584_mixed_N2_k2_P1,open,item,Lute,Komuz,
lfm25v,E1_img_0584_mixed_N3_k1_P1,open,item,Lute,Komuz,
lfm25v,E1_img_0584_mixed_N4_k4_P1,open,item,Lute,Komuz,
lfm25v,E2_img_0584_mixed_N5_k1_P1,open,item,Tanbur,Komuz,
lfm25v,E2_img_0584_mixed_N5_k2_P1,open,item,Lute,Komuz,
lfm25v,E2_img_0584_mixed_N5_k3_P1,open,item,Lute,Komuz,
lfm25v,E2_img_0584_mixed_N5_k4_P1,open,item,Lute,Komuz,
lfm25v,E2_img_0584_mixed_N5_k5_P1,open,item,Setar,Komuz,
lfm25v,LEAK_img_0584_mixed_leak,open,item,Violin,Komuz,
lfm25v,E3_img_0584_near_N2_k2_P1,open,item,Lute,Komuz,
lfm25v,E3_img_0584_near_N5_k4_P1,open,item,Setar,Komuz,
lfm25v,E3_img_0584_far_N2_k2_P1,open,item,Lute,Komuz,
lfm25v,E3_img_0584_far_N5_k4_P1,open,item,Lute,Komuz,
lfm25v,E5_img_0584_mixed_N1_k1_P2,open,item,Lute,Komuz,
lfm25v,E5_img_0584_mixed_N2_k2_P2,open,item,Lute,Komuz,
lfm25v,E5_img_0584_mixed_N3_k1_P2,open,item,Tanbur,Komuz,
lfm25v,E5_img_0584_mixed_N4_k4_P2,open,item,Lute,Komuz,
lfm25v,E5_img_0584_mixed_N5_k4_P2,open,item,Lute,Komuz,
lfm25v,E5_img_0584_mixed_N1_k1_P3,open,item,Lute,Komuz,
lfm25v,E5_img_0584_mixed_N2_k2_P3,open,item,Setar,Komuz,
lfm25v,E5_img_0584_mixed_N3_k1_P3,open,item,Tanbur,Komuz,
lfm25v,E5_img_0584_mixed_N4_k4_P3,open,item,Lute,Komuz,
lfm25v,E5_img_0584_mixed_N5_k4_P3,open,item,Lute,Komuz,
lfm25v,E6_img_0584_mixed_N1_k1_P4,open,item,Lute,Komuz,
lfm25v,E6_img_0584_mixed_N2_k2_P4,open,item,Tar,Komuz,
lfm25v,E6_img_0584_mixed_N3_k1_P4,open,item,Lute,Komuz,
lfm25v,E6_img_0584_mixed_N4_k4_P4,open,item,Tar,Komuz,
lfm25v,E6_img_0584_mixed_N5_k4_P4,open,item,Lute,Komuz,
lfm25v,LEAK_img_0632_mixed_leak,open,item,Violin,Trikiti,
lfm25v,E1_img_0547_mixed_N1_k1_P1,open,item,Flute,Caña de millo,
lfm25v,E1_img_0547_mixed_N2_k2_P1,open,item,Flute,Caña de millo,
lfm25v,E1_img_0547_mixed_N3_k3_P1,open,item,Flute,Caña de millo,
lfm25v,E1_img_0547_mixed_N4_k2_P1,open,item,Flute,Caña de millo,
lfm25v,E2_img_0547_mixed_N5_k1_P1,open,item,Flute,Caña de millo,
lfm25v,E2_img_0547_mixed_N5_k2_P1,open,item,Flute,Caña de millo,
lfm25v,E2_img_0547_mixed_N5_k3_P1,open,item,Flute,Caña de millo,
lfm25v,E2_img_0547_mixed_N5_k4_P1,open,item,Flute,Caña de millo,
lfm25v,E2_img_0547_mixed_N5_k5_P1,open,item,Flute,Caña de millo,
lfm25v,LEAK_img_0547_mixed_leak,open,item,Violin,Caña de millo,
lfm25v,E3_img_0547_near_N2_k2_P1,open,item,Flute,Caña de millo,
lfm25v,E3_img_0547_near_N2_k2_P1,open,country,Mexico,Colombia,
lfm25v,E3_img_0547_near_N5_k1_P1,open,item,Flute,Caña de millo,
lfm25v,E3_img_0547_near_N5_k1_P1,open,country,Mexico,Colombia,
lfm25v,E3_img_0547_far_N2_k2_P1,open,item,Flute,Caña de millo,
lfm25v,E3_img_0547_far_N2_k2_P1,open,country,Mexico,Colombia,
lfm25v,E3_img_0547_far_N5_k1_P1,open,item,Flute,Caña de millo,
lfm25v,E3_img_0547_far_N5_k1_P1,open,country,Mexico,Colombia,
lfm25v,E1_img_0610_mixed_N1_k1_P1,open,item,Erhu,Sanshin,
lfm25v,E1_img_0610_mixed_N1_k1_P1,open,country,China,Japan,
lfm25v,E1_img_0610_mixed_N2_k1_P1,open,item,Erhu,Sanshin,
lfm25v,E1_img_0610_mixed_N2_k1_P1,open,country,China,Japan,
lfm25v,E1_img_0610_mixed_N3_k1_P1,open,item,Erhu,Sanshin,
lfm25v,E1_img_0610_mixed_N3_k1_P1,open,country,China,Japan,
lfm25v,E1_img_0610_mixed_N4_k3_P1,open,item,Erhu,Sanshin,
lfm25v,E1_img_0610_mixed_N4_k3_P1,open,country,China,Japan,
lfm25v,E2_img_0610_mixed_N5_k1_P1,open,item,Erhu,Sanshin,
lfm25v,E2_img_0610_mixed_N5_k1_P1,open,country,China,Japan,
lfm25v,E2_img_0610_mixed_N5_k2_P1,open,item,Erhu,Sanshin,
lfm25v,E2_img_0610_mixed_N5_k2_P1,open,country,China,Japan,
lfm25v,E2_img_0610_mixed_N5_k3_P1,open,item,Erhu,Sanshin,
lfm25v,E2_img_0610_mixed_N5_k3_P1,open,country,China,Japan,
lfm25v,E2_img_0610_mixed_N5_k4_P1,open,item,Erhu,Sanshin,
lfm25v,E2_img_0610_mixed_N5_k4_P1,open,country,China,Japan,
lfm25v,E2_img_0610_mixed_N5_k5_P1,open,item,Erhu,Sanshin,
lfm25v,E2_img_0610_mixed_N5_k5_P1,open,country,China,Japan,
lfm25v,LEAK_img_0610_mixed_leak,open,item,Violin,Sanshin,
lfm25v,E3_img_0610_near_N2_k1_P1,open,item,Erhu,Sanshin,
lfm25v,E3_img_0610_near_N2_k1_P1,open,country,China,Japan,
lfm25v,E3_img_0610_near_N5_k2_P1,open,item,Erhu,Sanshin,
lfm25v,E3_img_0610_near_N5_k2_P1,open,country,China,Japan,
lfm25v,E3_img_0610_far_N2_k1_P1,open,item,Erhu,Sanshin,
lfm25v,E3_img_0610_far_N2_k1_P1,open,country,China,Japan,
lfm25v,E3_img_0610_far_N5_k2_P1,open,item,Erhu,Sanshin,
lfm25v,E3_img_0610_far_N5_k2_P1,open,country,China,Japan,
lfm25v,E5_img_0610_mixed_N1_k1_P2,open,item,Erhu,Sanshin,
lfm25v,E5_img_0610_mixed_N1_k1_P2,open,country,China,Japan,
lfm25v,E5_img_0610_mixed_N2_k1_P2,open,item,Erhu,Sanshin,
lfm25v,E5_img_0610_mixed_N2_k1_P2,open,country,China,Japan,
lfm25v,E5_img_0610_mixed_N3_k1_P2,open,item,Erhu,Sanshin,
lfm25v,E5_img_0610_mixed_N3_k1_P2,open,country,China,Japan,
lfm25v,E5_img_0610_mixed_N4_k3_P2,open,item,Erhu,Sanshin,
lfm25v,E5_img_0610_mixed_N4_k3_P2,open,country,China,Japan,
lfm25v,E5_img_0610_mixed_N5_k2_P2,open,item,Erhu,Sanshin,
lfm25v,E5_img_0610_mixed_N5_k2_P2,open,country,China,Japan,
lfm25v,E5_img_0610_mixed_N1_k1_P3,open,item,Erhu,Sanshin,
lfm25v,E5_img_0610_mixed_N1_k1_P3,open,country,China,Japan,
lfm25v,E5_img_0610_mixed_N2_k1_P3,open,item,Erhu,Sanshin,
lfm25v,E5_img_0610_mixed_N2_k1_P3,open,country,China,Japan,
lfm25v,E5_img_0610_mixed_N3_k1_P3,open,item,Erhu,Sanshin,
lfm25v,E5_img_0610_mixed_N3_k1_P3,open,country,China,Japan,
lfm25v,E5_img_0610_mixed_N4_k3_P3,open,item,Erhu,Sanshin,
lfm25v,E5_img_0610_mixed_N4_k3_P3,open,country,China,Japan,
lfm25v,E5_img_0610_mixed_N5_k2_P3,open,item,Erhu,Sanshin,
lfm25v,E5_img_0610_mixed_N5_k2_P3,open,country,China,Japan,
lfm25v,E6_img_0610_mixed_N1_k1_P4,open,item,Erhu,Sanshin,
lfm25v,E6_img_0610_mixed_N1_k1_P4,open,country,China,Japan,
lfm25v,E6_img_0610_mixed_N2_k1_P4,open,item,Erhu,Sanshin,
lfm25v,E6_img_0610_mixed_N2_k1_P4,open,country,China,Japan,
lfm25v,E6_img_0610_mixed_N3_k1_P4,open,item,Erhu,Sanshin,
lfm25v,E6_img_0610_mixed_N3_k1_P4,open,country,China,Japan,
lfm25v,E6_img_0610_mixed_N4_k3_P4,open,item,Erhu,Sanshin,
lfm25v,E6_img_0610_mixed_N4_k3_P4,open,country,China,Japan,
lfm25v,E6_img_0610_mixed_N5_k2_P4,open,item,Erhu,Sanshin,
lfm25v,E6_img_0610_mixed_N5_k2_P4,open,country,China,Japan,
lfm25v,E1_img_0571_mixed_N1_k1_P1,open,item,Cajón,Güira,
lfm25v,E1_img_0571_mixed_N2_k2_P1,open,item,Cajón,Güira,
lfm25v,E1_img_0571_mixed_N3_k2_P1,open,item,Cajón,Güira,
lfm25v,E1_img_0571_mixed_N4_k4_P1,open,item,Cajón,Güira,
lfm25v,E2_img_0571_mixed_N5_k1_P1,open,item,Cajón,Güira,
lfm25v,E2_img_0571_mixed_N5_k2_P1,open,item,Cymbal,Güira,
lfm25v,E2_img_0571_mixed_N5_k3_P1,open,item,Tambourine,Güira,
lfm25v,E2_img_0571_mixed_N5_k4_P1,open,item,Cajón,Güira,
lfm25v,E2_img_0571_mixed_N5_k5_P1,open,item,Cajón,Güira,
lfm25v,LEAK_img_0571_mixed_leak,open,item,Violin,Güira,
lfm25v,E3_img_0571_near_N2_k2_P1,open,item,Cajón,Güira,
lfm25v,E3_img_0571_near_N5_k3_P1,open,item,Cajón,Güira,
lfm25v,E3_img_0571_far_N2_k2_P1,open,item,Cajón,Güira,
lfm25v,E3_img_0571_far_N5_k3_P1,open,item,Cajón,Güira,
lfm25v,E1_img_0566_mixed_N1_k1_P1,open,item,Drum,Gendang beleq,
lfm25v,E1_img_0566_mixed_N2_k1_P1,open,item,Drum,Gendang beleq,
lfm25v,E1_img_0566_mixed_N3_k3_P1,open,item,Drum,Gendang beleq,
lfm25v,E1_img_0566_mixed_N4_k1_P1,open,item,Drum,Gendang beleq,
lfm25v,E2_img_0566_mixed_N5_k1_P1,open,item,Drum,Gendang beleq,
lfm25v,E2_img_0566_mixed_N5_k2_P1,open,item,Gamelan,Gendang beleq,
lfm25v,E2_img_0566_mixed_N5_k3_P1,open,item,Gamelan,Gendang beleq,
lfm25v,E2_img_0566_mixed_N5_k4_P1,open,item,Drum,Gendang beleq,
lfm25v,E2_img_0566_mixed_N5_k5_P1,open,item,Drum,Gendang beleq,
lfm25v,LEAK_img_0566_mixed_leak,open,item,Violin,Gendang beleq,
lfm25v,E3_img_0566_near_N2_k1_P1,open,item,Drum,Gendang beleq,
lfm25v,E3_img_0566_near_N5_k4_P1,open,item,Drum,Gendang beleq,
lfm25v,E3_img_0566_far_N2_k1_P1,open,item,Drum,Gendang beleq,
lfm25v,E3_img_0566_far_N5_k4_P1,open,item,Gamelan,Gendang beleq,
lfm25v,E1_img_0582_mixed_N1_k1_P1,open,item,Zither,Kokle,
lfm25v,E1_img_0582_mixed_N2_k2_P1,open,item,Zither,Kokle,
lfm25v,E1_img_0582_mixed_N3_k1_P1,open,item,Zither,Kokle,
lfm25v,E1_img_0582_mixed_N4_k2_P1,open,item,Zither,Kokle,
lfm25v,E2_img_0582_mixed_N5_k1_P1,open,item,Zither,Kokle,
lfm25v,E2_img_0582_mixed_N5_k2_P1,open,item,Zither,Kokle,
lfm25v,E2_img_0582_mixed_N5_k3_P1,open,item,Tanbur,Kokle,
lfm25v,E2_img_0582_mixed_N5_k4_P1,open,item,Tanpura,Kokle,
lfm25v,E2_img_0582_mixed_N5_k5_P1,open,item,Zither,Kokle,
lfm25v,LEAK_img_0582_mixed_leak,open,item,Violin,Kokle,
lfm25v,E3_img_0582_near_N2_k2_P1,open,item,Zither,Kokle,
lfm25v,E3_img_0582_near_N5_k5_P1,open,item,Zither,Kokle,
lfm25v,E3_img_0582_far_N2_k2_P1,open,item,Zither,Kokle,
lfm25v,E3_img_0582_far_N5_k5_P1,open,item,Zither,Kokle,
lfm25v,E5_img_0582_mixed_N1_k1_P2,open,item,Zither,Kokle,
lfm25v,E5_img_0582_mixed_N2_k2_P2,open,item,Erhu,Kokle,
lfm25v,E5_img_0582_mixed_N2_k2_P2,open,country,China,Latvia,
lfm25v,E5_img_0582_mixed_N3_k1_P2,open,item,Guzheng,Kokle,
lfm25v,E5_img_0582_mixed_N3_k1_P2,open,country,China,Latvia,
lfm25v,E5_img_0582_mixed_N4_k2_P2,open,item,Erhu,Kokle,
lfm25v,E5_img_0582_mixed_N4_k2_P2,open,country,China,Latvia,
lfm25v,E5_img_0582_mixed_N5_k5_P2,open,item,Erhu,Kokle,
lfm25v,E5_img_0582_mixed_N5_k5_P2,open,country,China,Latvia,
lfm25v,E5_img_0582_mixed_N1_k1_P3,open,item,Zither,Kokle,
lfm25v,E5_img_0582_mixed_N2_k2_P3,open,item,Erhu,Kokle,
lfm25v,E5_img_0582_mixed_N2_k2_P3,open,country,China,Latvia,
lfm25v,E5_img_0582_mixed_N3_k1_P3,open,item,Guzheng,Kokle,
lfm25v,E5_img_0582_mixed_N3_k1_P3,open,country,China,Latvia,
lfm25v,E5_img_0582_mixed_N4_k2_P3,open,item,Erhu,Kokle,
lfm25v,E5_img_0582_mixed_N4_k2_P3,open,country,China,Latvia,
lfm25v,E5_img_0582_mixed_N5_k5_P3,open,item,Erhu,Kokle,
lfm25v,E5_img_0582_mixed_N5_k5_P3,open,country,China,Latvia,
lfm25v,E6_img_0582_mixed_N1_k1_P4,open,item,Zither,Kokle,
lfm25v,E6_img_0582_mixed_N2_k2_P4,open,item,Erhu,Kokle,
lfm25v,E6_img_0582_mixed_N2_k2_P4,open,country,China,Latvia,
lfm25v,E6_img_0582_mixed_N3_k1_P4,open,item,Erhu,Kokle,
lfm25v,E6_img_0582_mixed_N3_k1_P4,open,country,China,Latvia,
lfm25v,E6_img_0582_mixed_N4_k2_P4,open,item,Erhu,Kokle,
lfm25v,E6_img_0582_mixed_N4_k2_P4,open,country,China,Latvia,
lfm25v,E6_img_0582_mixed_N5_k5_P4,open,item,Erhu,Kokle,
lfm25v,E6_img_0582_mixed_N5_k5_P4,open,country,China,Latvia,
lfm25v,E1_img_0581_mixed_N1_k1_P1,open,item,Drum,Kendang,
lfm25v,E1_img_0581_mixed_N2_k1_P1,open,item,Drum,Kendang,
lfm25v,E1_img_0581_mixed_N3_k2_P1,open,item,Drum,Kendang,
lfm25v,E1_img_0581_mixed_N4_k3_P1,open,item,Drum,Kendang,
lfm25v,E2_img_0581_mixed_N5_k1_P1,open,item,Drum,Kendang,
lfm25v,E2_img_0581_mixed_N5_k2_P1,open,item,Drum,Kendang,
lfm25v,E2_img_0581_mixed_N5_k3_P1,open,item,Drum,Kendang,
lfm25v,E2_img_0581_mixed_N5_k4_P1,open,item,Drum,Kendang,
lfm25v,E2_img_0581_mixed_N5_k5_P1,open,item,Drum,Kendang,
lfm25v,LEAK_img_0581_mixed_leak,open,item,Violin,Kendang,
lfm25v,E3_img_0581_near_N2_k1_P1,open,item,Drum,Kendang,
lfm25v,E3_img_0581_near_N5_k1_P1,open,item,Dhol,Kendang,
lfm25v,E3_img_0581_far_N2_k1_P1,open,item,Drum,Kendang,
lfm25v,E3_img_0581_far_N5_k1_P1,open,item,Djembe,Kendang,
lfm25v,E1_img_0624_mixed_N1_k1_P1,open,item,Djembe,Taarija,
lfm25v,E1_img_0624_mixed_N2_k2_P1,open,item,Djembe,Taarija,
lfm25v,E1_img_0624_mixed_N3_k3_P1,open,item,Djembe,Taarija,
lfm25v,E1_img_0624_mixed_N4_k4_P1,open,item,Djembe,Taarija,
lfm25v,E2_img_0624_mixed_N5_k1_P1,open,item,Djembe,Taarija,
lfm25v,E2_img_0624_mixed_N5_k2_P1,open,item,Djembe,Taarija,
lfm25v,E2_img_0624_mixed_N5_k3_P1,open,item,Djembe,Taarija,
lfm25v,E2_img_0624_mixed_N5_k4_P1,open,item,Djembe,Taarija,
lfm25v,E2_img_0624_mixed_N5_k5_P1,open,item,Djembe,Taarija,
lfm25v,LEAK_img_0624_mixed_leak,open,item,Violin,Taarija,
lfm25v,E3_img_0624_near_N2_k2_P1,open,item,Djembe,Taarija,
lfm25v,E3_img_0624_near_N5_k2_P1,open,item,Djembe,Taarija,
lfm25v,E3_img_0624_far_N2_k2_P1,open,item,Djembe,Taarija,
lfm25v,E3_img_0624_far_N5_k2_P1,open,item,Djembe,Taarija,
lfm25v,E1_img_0561_mixed_N1_k1_P1,open,item,Duduk,Fujara,
lfm25v,E1_img_0561_mixed_N2_k1_P1,open,item,Duduk,Fujara,
lfm25v,E1_img_0561_mixed_N3_k1_P1,open,item,Duduk,Fujara,
lfm25v,E1_img_0561_mixed_N3_k1_P1,open,country,Armenia,Slovakia,
lfm25v,E1_img_0561_mixed_N4_k1_P1,open,item,Duduk,Fujara,
lfm25v,E1_img_0561_mixed_N4_k1_P1,open,country,Armenia,Slovakia,
lfm25v,E2_img_0561_mixed_N5_k1_P1,open,item,Dizi,Fujara,
lfm25v,E2_img_0561_mixed_N5_k1_P1,open,country,China,Slovakia,
lfm25v,E2_img_0561_mixed_N5_k2_P1,open,item,Dizi,Fujara,
lfm25v,E2_img_0561_mixed_N5_k2_P1,open,country,China,Slovakia,
lfm25v,E2_img_0561_mixed_N5_k3_P1,open,item,Dizi,Fujara,
lfm25v,E2_img_0561_mixed_N5_k3_P1,open,country,China,Slovakia,
lfm25v,E2_img_0561_mixed_N5_k4_P1,open,item,Dizi,Fujara,
lfm25v,E2_img_0561_mixed_N5_k4_P1,open,country,China,Slovakia,
lfm25v,E2_img_0561_mixed_N5_k5_P1,open,item,Duduk,Fujara,
lfm25v,LEAK_img_0561_mixed_leak,open,item,Violin,Fujara,
lfm25v,E3_img_0561_near_N2_k1_P1,open,item,Duduk,Fujara,
lfm25v,E3_img_0561_near_N2_k1_P1,open,country,Armenia,Slovakia,
lfm25v,E3_img_0561_near_N5_k3_P1,open,item,Duduk,Fujara,
lfm25v,E3_img_0561_near_N5_k3_P1,open,country,Armenia,Slovakia,
lfm25v,E3_img_0561_far_N2_k1_P1,open,item,Duduk,Fujara,
lfm25v,E3_img_0561_far_N2_k1_P1,open,country,Armenia,Slovakia,
lfm25v,E3_img_0561_far_N5_k3_P1,open,item,Duduk,Fujara,
lfm25v,E3_img_0561_far_N5_k3_P1,open,country,Armenia,Slovakia,
lfm25v,E5_img_0561_mixed_N1_k1_P2,open,item,Duduk,Fujara,
lfm25v,E5_img_0561_mixed_N1_k1_P2,open,country,Armenia,Slovakia,
lfm25v,E5_img_0561_mixed_N2_k1_P2,open,item,Duduk,Fujara,
lfm25v,E5_img_0561_mixed_N2_k1_P2,open,country,Armenia,Slovakia,
lfm25v,E5_img_0561_mixed_N3_k1_P2,open,item,Duduk,Fujara,
lfm25v,E5_img_0561_mixed_N3_k1_P2,open,country,Armenia,Slovakia,
lfm25v,E5_img_0561_mixed_N4_k1_P2,open,item,Duduk,Fujara,
lfm25v,E5_img_0561_mixed_N4_k1_P2,open,country,Armenia,Slovakia,
lfm25v,E5_img_0561_mixed_N5_k3_P2,open,item,Dizi,Fujara,
lfm25v,E5_img_0561_mixed_N5_k3_P2,open,country,China,Slovakia,
lfm25v,E5_img_0561_mixed_N1_k1_P3,open,item,Duduk,Fujara,
lfm25v,E5_img_0561_mixed_N2_k1_P3,open,item,Duduk,Fujara,
lfm25v,E5_img_0561_mixed_N3_k1_P3,open,item,Duduk,Fujara,
lfm25v,E5_img_0561_mixed_N3_k1_P3,open,country,Armenia,Slovakia,
lfm25v,E5_img_0561_mixed_N4_k1_P3,open,item,Duduk,Fujara,
lfm25v,E5_img_0561_mixed_N5_k3_P3,open,item,Dizi,Fujara,
lfm25v,E5_img_0561_mixed_N5_k3_P3,open,country,China,Slovakia,
lfm25v,E6_img_0561_mixed_N1_k1_P4,open,item,Duduk,Fujara,
lfm25v,E6_img_0561_mixed_N2_k1_P4,open,item,Duduk,Fujara,
lfm25v,E6_img_0561_mixed_N3_k1_P4,open,item,Duduk,Fujara,
lfm25v,E6_img_0561_mixed_N4_k1_P4,open,item,Duduk,Fujara,
lfm25v,E6_img_0561_mixed_N5_k3_P4,open,item,Dizi,Fujara,
lfm25v,E6_img_0561_mixed_N5_k3_P4,open,country,China,Slovakia,
lfm25v,E1_img_0564_mixed_N1_k1_P1,open,item,Gamelan,Gangsa,
lfm25v,E1_img_0564_mixed_N2_k2_P1,open,item,Gamelan,Gangsa,
lfm25v,E1_img_0564_mixed_N3_k2_P1,open,item,Gamelan,Gangsa,
lfm25v,E1_img_0564_mixed_N4_k2_P1,open,item,Gamelan,Gangsa,
lfm25v,E2_img_0564_mixed_N5_k1_P1,open,item,Gamelan,Gangsa,
lfm25v,E2_img_0564_mixed_N5_k2_P1,open,item,Gamelan,Gangsa,
lfm25v,E2_img_0564_mixed_N5_k3_P1,open,item,Gamelan,Gangsa,
lfm25v,E2_img_0564_mixed_N5_k4_P1,open,item,Gamelan,Gangsa,
lfm25v,E2_img_0564_mixed_N5_k5_P1,open,item,Gamelan,Gangsa,
lfm25v,LEAK_img_0564_mixed_leak,open,item,Violin,Gangsa,
lfm25v,E3_img_0564_near_N2_k2_P1,open,item,Gamelan,Gangsa,
lfm25v,E3_img_0564_near_N5_k4_P1,open,item,Gamelan,Gangsa,
lfm25v,E3_img_0564_far_N2_k2_P1,open,item,Gamelan,Gangsa,
lfm25v,E3_img_0564_far_N5_k4_P1,open,item,Gamelan,Gangsa,
lfm25v,E1_img_0604_mixed_N1_k1_P1,open,item,Gamelan,Poeng mang,
lfm25v,E1_img_0604_mixed_N2_k1_P1,open,country,Cambodia,Thailand,
lfm25v,E1_img_0604_mixed_N3_k3_P1,open,item,Gamelan,Poeng mang,
lfm25v,E1_img_0604_mixed_N4_k3_P1,open,item,Gamelan,Poeng mang,
lfm25v,E2_img_0604_mixed_N5_k2_P1,open,item,Gamelan,Poeng mang,
lfm25v,E2_img_0604_mixed_N5_k3_P1,open,item,Gamelan,Poeng mang,
lfm25v,E2_img_0604_mixed_N5_k4_P1,open,item,Gamelan,Poeng mang,
lfm25v,E2_img_0604_mixed_N5_k5_P1,open,item,Gamelan,Poeng mang,
lfm25v,LEAK_img_0604_mixed_leak,open,item,Violin,Poeng mang,
lfm25v,E3_img_0604_near_N2_k1_P1,open,item,Gambus,Poeng mang,
lfm25v,E3_img_0604_near_N5_k5_P1,open,item,Gamelan,Poeng mang,
lfm25v,E3_img_0604_near_N5_k5_P1,open,country,Indonesia,Thailand,
lfm25v,E3_img_0604_far_N2_k1_P1,open,item,Gambus,Poeng mang,
lfm25v,E3_img_0604_far_N5_k5_P1,open,item,Gamelan,Poeng mang,
lfm25v,E3_img_0604_far_N5_k5_P1,open,country,Indonesia,Thailand,
lfm25v,E1_img_0628_mixed_N1_k1_P1,open,item,Mandolin,Tambura,
lfm25v,E1_img_0628_mixed_N2_k2_P1,open,item,Mandolin,Tambura,
lfm25v,E1_img_0628_mixed_N3_k1_P1,open,item,Mandolin,Tambura,
lfm25v,E1_img_0628_mixed_N4_k4_P1,open,item,Mandolin,Tambura,
lfm25v,E2_img_0628_mixed_N5_k1_P1,open,item,Mandolin,Tambura,
lfm25v,E2_img_0628_mixed_N5_k2_P1,open,item,Mandolin,Tambura,
lfm25v,E2_img_0628_mixed_N5_k3_P1,open,item,Mandolin,Tambura,
lfm25v,E2_img_0628_mixed_N5_k4_P1,open,item,Mandolin,Tambura,
lfm25v,E2_img_0628_mixed_N5_k5_P1,open,item,Mandolin,Tambura,
lfm25v,LEAK_img_0628_mixed_leak,open,item,Violin,Tambura,
lfm25v,E3_img_0628_near_N2_k2_P1,open,item,Mandolin,Tambura,
lfm25v,E3_img_0628_near_N5_k1_P1,open,item,Mandolin,Tambura,
lfm25v,E3_img_0628_far_N2_k2_P1,open,item,Mandolin,Tambura,
lfm25v,E3_img_0628_far_N5_k1_P1,open,item,Mandolin,Tambura,
lfm25v,E5_img_0628_mixed_N1_k1_P2,open,item,Mandolin,Tambura,
lfm25v,E5_img_0628_mixed_N2_k2_P2,open,item,Mandolin,Tambura,
lfm25v,E5_img_0628_mixed_N3_k1_P2,open,item,Mandolin,Tambura,
lfm25v,E5_img_0628_mixed_N4_k4_P2,open,item,Mandolin,Tambura,
lfm25v,E5_img_0628_mixed_N5_k1_P2,open,item,Mandolin,Tambura,
lfm25v,E5_img_0628_mixed_N1_k1_P3,open,item,Mandolin,Tambura,
lfm25v,E5_img_0628_mixed_N2_k2_P3,open,item,Mandolin,Tambura,
lfm25v,E5_img_0628_mixed_N3_k1_P3,open,item,Mandolin,Tambura,
lfm25v,E5_img_0628_mixed_N4_k4_P3,open,item,Mandolin,Tambura,
lfm25v,E5_img_0628_mixed_N5_k1_P3,open,item,Mandolin,Tambura,
lfm25v,E6_img_0628_mixed_N1_k1_P4,open,item,Mandolin,Tambura,
lfm25v,E6_img_0628_mixed_N2_k2_P4,open,item,Mandolin,Tambura,
lfm25v,E6_img_0628_mixed_N3_k1_P4,open,item,Mandolin,Tambura,
lfm25v,E6_img_0628_mixed_N4_k4_P4,open,item,Mandolin,Tambura,
lfm25v,E6_img_0628_mixed_N5_k1_P4,open,item,Mandolin,Tambura,
lfm25v,E1_img_0608_mixed_N1_k1_P1,open,item,Ukulele,Requinto jarocho,
lfm25v,E1_img_0608_mixed_N2_k1_P1,open,item,Ukulele,Requinto jarocho,
lfm25v,E1_img_0608_mixed_N2_k1_P1,open,country,Hawaii,Mexico,
lfm25v,E1_img_0608_mixed_N3_k2_P1,open,item,Ukulele,Requinto jarocho,
lfm25v,E1_img_0608_mixed_N4_k1_P1,open,item,Ukulele,Requinto jarocho,
lfm25v,E1_img_0608_mixed_N4_k1_P1,open,country,Hawaii,Mexico,
lfm25v,E2_img_0608_mixed_N5_k1_P1,open,item,Ukulele,Requinto jarocho,
lfm25v,E2_img_0608_mixed_N5_k1_P1,open,country,Hawaii,Mexico,
lfm25v,E2_img_0608_mixed_N5_k2_P1,open,item,Ukulele,Requinto jarocho,
lfm25v,E2_img_0608_mixed_N5_k3_P1,open,item,Ukulele,Requinto jarocho,
lfm25v,E2_img_0608_mixed_N5_k4_P1,open,item,Ukulele,Requinto jarocho,
lfm25v,E2_img_0608_mixed_N5_k5_P1,open,item,Ukulele,Requinto jarocho,
lfm25v,LEAK_img_0608_mixed_leak,open,item,Violin,Requinto jarocho,
lfm25v,E3_img_0608_near_N2_k1_P1,open,item,Ukulele,Requinto jarocho,
lfm25v,E3_img_0608_near_N5_k2_P1,open,item,Ukulele,Requinto jarocho,
lfm25v,E3_img_0608_far_N2_k1_P1,open,item,Ukulele,Requinto jarocho,
lfm25v,E3_img_0608_far_N2_k1_P1,open,country,Hawaii,Mexico,
lfm25v,E3_img_0608_far_N5_k2_P1,open,item,Ukulele,Requinto jarocho,
lfm25v,E1_img_0641_mixed_N1_k1_P1,open,item,Horn,Vuvuzela,
lfm25v,E1_img_0641_mixed_N1_k1_P1,open,country,Belgium,South Africa,
lfm25v,E1_img_0641_mixed_N2_k2_P1,open,item,Horn,Vuvuzela,
lfm25v,E1_img_0641_mixed_N2_k2_P1,open,country,Belgium,South Africa,
lfm25v,E1_img_0641_mixed_N3_k3_P1,open,item,Horn,Vuvuzela,
lfm25v,E1_img_0641_mixed_N3_k3_P1,open,country,Belgium,South Africa,
lfm25v,E1_img_0641_mixed_N4_k2_P1,open,item,Horn,Vuvuzela,
lfm25v,E1_img_0641_mixed_N4_k2_P1,open,country,Belgium,South Africa,
lfm25v,E2_img_0641_mixed_N5_k1_P1,open,item,Horn,Vuvuzela,
lfm25v,E2_img_0641_mixed_N5_k1_P1,open,country,Belgium,South Africa,
lfm25v,E2_img_0641_mixed_N5_k2_P1,open,item,Horn,Vuvuzela,
lfm25v,E2_img_0641_mixed_N5_k2_P1,open,country,Belgium,South Africa,
lfm25v,E2_img_0641_mixed_N5_k3_P1,open,item,Horn,Vuvuzela,
lfm25v,E2_img_0641_mixed_N5_k3_P1,open,country,Belgium,South Africa,
lfm25v,E2_img_0641_mixed_N5_k4_P1,open,item,Horn,Vuvuzela,
lfm25v,E2_img_0641_mixed_N5_k4_P1,open,country,Belgium,South Africa,
lfm25v,E2_img_0641_mixed_N5_k5_P1,open,item,Horn,Vuvuzela,
lfm25v,E2_img_0641_mixed_N5_k5_P1,open,country,Belgium,South Africa,
lfm25v,LEAK_img_0641_mixed_leak,open,item,Violin,Vuvuzela,
lfm25v,E3_img_0641_near_N2_k2_P1,open,item,Horn,Vuvuzela,
lfm25v,E3_img_0641_near_N2_k2_P1,open,country,Belgium,South Africa,
lfm25v,E3_img_0641_near_N5_k3_P1,open,item,Horn,Vuvuzela,
lfm25v,E3_img_0641_near_N5_k3_P1,open,country,Belgium,South Africa,
lfm25v,E3_img_0641_far_N2_k2_P1,open,item,Horn,Vuvuzela,
lfm25v,E3_img_0641_far_N2_k2_P1,open,country,Belgium,South Africa,
lfm25v,E3_img_0641_far_N5_k3_P1,open,item,Horn,Vuvuzela,
lfm25v,E3_img_0641_far_N5_k3_P1,open,country,Belgium,South Africa,
lfm25v,E1_img_0629_mixed_N1_k1_P1,open,item,Lyre,Teponaztli,
lfm25v,E1_img_0629_mixed_N2_k1_P1,open,item,Lyre,Teponaztli,
lfm25v,E1_img_0629_mixed_N3_k1_P1,open,item,Lyre,Teponaztli,
lfm25v,E1_img_0629_mixed_N4_k3_P1,open,item,Lyre,Teponaztli,
lfm25v,E2_img_0629_mixed_N5_k1_P1,open,item,Lyre,Teponaztli,
lfm25v,E2_img_0629_mixed_N5_k2_P1,open,item,Sitar,Teponaztli,
lfm25v,E2_img_0629_mixed_N5_k3_P1,open,item,Sarcophagus,Teponaztli,
lfm25v,E2_img_0629_mixed_N5_k4_P1,open,item,Drum,Teponaztli,
lfm25v,E2_img_0629_mixed_N5_k5_P1,open,item,Drum,Teponaztli,
lfm25v,LEAK_img_0629_mixed_leak,open,item,Violin,Teponaztli,
lfm25v,E3_img_0629_near_N2_k1_P1,open,item,Drum,Teponaztli,
lfm25v,E3_img_0629_near_N5_k4_P1,open,item,Didgeridoo,Teponaztli,
lfm25v,E3_img_0629_near_N5_k4_P1,open,country,Australia,Mexico,
lfm25v,E3_img_0629_far_N2_k1_P1,open,item,Drum,Teponaztli,
lfm25v,E3_img_0629_far_N5_k4_P1,open,item,Sitar,Teponaztli,
lfm25v,E5_img_0629_mixed_N1_k1_P2,open,item,Lyre,Teponaztli,
lfm25v,E5_img_0629_mixed_N2_k1_P2,open,item,Zapotec drum,Teponaztli,
lfm25v,E5_img_0629_mixed_N3_k1_P2,open,item,Lyre,Teponaztli,
lfm25v,E5_img_0629_mixed_N4_k3_P2,open,item,Drum,Teponaztli,
lfm25v,E5_img_0629_mixed_N5_k4_P2,open,item,Drum,Teponaztli,
lfm25v,E5_img_0629_mixed_N1_k1_P3,open,item,Wooden drum,Teponaztli,
lfm25v,E5_img_0629_mixed_N2_k1_P3,open,item,Zapotec drum,Teponaztli,
lfm25v,E5_img_0629_mixed_N3_k1_P3,open,item,Wooden artifact,Teponaztli,
lfm25v,E5_img_0629_mixed_N4_k3_P3,open,item,Wooden cylinder with carvings,Teponaztli,
lfm25v,E5_img_0629_mixed_N5_k4_P3,open,item,Wooden artifact,Teponaztli,
lfm25v,E6_img_0629_mixed_N1_k1_P4,open,item,Lyre,Teponaztli,
lfm25v,E6_img_0629_mixed_N2_k1_P4,open,item,Wooden flute or panpipe,Teponaztli,
lfm25v,E6_img_0629_mixed_N3_k1_P4,open,item,Lyre,Teponaztli,
lfm25v,E6_img_0629_mixed_N4_k3_P4,open,item,Drum,Teponaztli,
lfm25v,E6_img_0629_mixed_N5_k4_P4,open,item,Wooden cylinder with carvings,Teponaztli,
lfm25v,E1_img_0602_mixed_N1_k1_P1,open,item,Bagpipe,Pibgorn,
lfm25v,E1_img_0602_mixed_N2_k2_P1,open,item,Bagpipe,Pibgorn,
lfm25v,E1_img_0602_mixed_N3_k2_P1,open,item,Bagpipe,Pibgorn,
lfm25v,E1_img_0602_mixed_N4_k4_P1,open,item,Bagpipe,Pibgorn,
lfm25v,E2_img_0602_mixed_N5_k1_P1,open,item,Bagpipe,Pibgorn,
lfm25v,E2_img_0602_mixed_N5_k2_P1,open,item,Bagpipe,Pibgorn,
lfm25v,E2_img_0602_mixed_N5_k3_P1,open,item,Bagpipe,Pibgorn,
lfm25v,E2_img_0602_mixed_N5_k4_P1,open,item,Bagpipe,Pibgorn,
lfm25v,E2_img_0602_mixed_N5_k5_P1,open,item,Bagpipe,Pibgorn,
lfm25v,LEAK_img_0602_mixed_leak,open,item,Violin,Pibgorn,
lfm25v,E3_img_0602_near_N2_k2_P1,open,item,Bagpipe,Pibgorn,
lfm25v,E3_img_0602_near_N5_k5_P1,open,item,Bagpipe,Pibgorn,
lfm25v,E3_img_0602_far_N2_k2_P1,open,item,Bagpipe,Pibgorn,
lfm25v,E3_img_0602_far_N5_k5_P1,open,item,Bagpipe,Pibgorn,
lfm25v,E1_img_0618_mixed_N1_k1_P1,open,item,Banjo,Shamisen,
lfm25v,E1_img_0618_mixed_N2_k1_P1,open,item,Banjo,Shamisen,
lfm25v,E1_img_0618_mixed_N3_k3_P1,open,item,Banjo,Shamisen,
lfm25v,E1_img_0618_mixed_N4_k1_P1,open,item,Banjo,Shamisen,
lfm25v,E2_img_0618_mixed_N5_k1_P1,open,item,Banjo,Shamisen,
lfm25v,E2_img_0618_mixed_N5_k2_P1,open,item,Banjo,Shamisen,
lfm25v,E2_img_0618_mixed_N5_k3_P1,open,item,Banjo,Shamisen,
lfm25v,E2_img_0618_mixed_N5_k4_P1,open,item,Banjo,Shamisen,
lfm25v,E2_img_0618_mixed_N5_k5_P1,open,item,Banjo,Shamisen,
lfm25v,LEAK_img_0618_mixed_leak,open,item,Violin,Shamisen,
lfm25v,E3_img_0618_near_N2_k1_P1,open,item,Banjo,Shamisen,
lfm25v,E3_img_0618_near_N5_k1_P1,open,item,Banjo,Shamisen,
lfm25v,E3_img_0618_far_N2_k1_P1,open,item,Banjo,Shamisen,
lfm25v,E3_img_0618_far_N5_k1_P1,open,item,Banjo,Shamisen,
lfm25v,E1_img_0575_mixed_N1_k1_P1,open,country,India,Myanmar,
lfm25v,E1_img_0575_mixed_N2_k2_P1,open,country,India,Myanmar,
lfm25v,E1_img_0575_mixed_N3_k1_P1,open,item,Hornpipe,Hne,
lfm25v,E1_img_0575_mixed_N4_k2_P1,open,country,India,Myanmar,
lfm25v,E2_img_0575_mixed_N5_k1_P1,open,item,Duduk,Hne,
lfm25v,E2_img_0575_mixed_N5_k3_P1,open,item,Duduk,Hne,
lfm25v,E2_img_0575_mixed_N5_k5_P1,open,item,Duduk,Hne,
lfm25v,LEAK_img_0575_mixed_leak,open,item,Violin,Hne,
lfm25v,E3_img_0575_near_N2_k2_P1,open,item,Nadai,Hne,
lfm25v,E3_img_0575_near_N5_k2_P1,open,item,Nadai,Hne,
lfm25v,E3_img_0575_far_N2_k2_P1,open,country,India,Myanmar,
lfm25v,E3_img_0575_far_N5_k2_P1,open,item,Duduk,Hne,
lfm25v,E5_img_0575_mixed_N1_k1_P2,open,item,Duduk,Hne,
lfm25v,E5_img_0575_mixed_N1_k1_P2,open,country,Armenia,Myanmar,
lfm25v,E5_img_0575_mixed_N2_k2_P2,open,item,Duduk,Hne,
lfm25v,E5_img_0575_mixed_N2_k2_P2,open,country,Armenia,Myanmar,
lfm25v,E5_img_0575_mixed_N3_k1_P2,open,item,Nadai,Hne,
lfm25v,E5_img_0575_mixed_N3_k1_P2,open,country,India,Myanmar,
lfm25v,E5_img_0575_mixed_N4_k2_P2,open,item,Nadai,Hne,
lfm25v,E5_img_0575_mixed_N4_k2_P2,open,country,India,Myanmar,
lfm25v,E5_img_0575_mixed_N5_k2_P2,open,item,Nadai,Hne,
lfm25v,E5_img_0575_mixed_N5_k2_P2,open,country,Lithuania,Myanmar,
lfm25v,E5_img_0575_mixed_N1_k1_P3,open,item,Nadai,Hne,
lfm25v,E5_img_0575_mixed_N2_k2_P3,open,item,Nadai,Hne,
lfm25v,E5_img_0575_mixed_N3_k1_P3,open,item,Horn,Hne,
lfm25v,E5_img_0575_mixed_N4_k2_P3,open,item,Nadai,Hne,
lfm25v,E5_img_0575_mixed_N4_k2_P3,open,country,India,Myanmar,
lfm25v,E5_img_0575_mixed_N5_k2_P3,open,item,Nadai,Hne,
lfm25v,E5_img_0575_mixed_N5_k2_P3,open,country,Lithuania,Myanmar,
lfm25v,E6_img_0575_mixed_N1_k1_P4,open,item,Nadai,Hne,
lfm25v,E6_img_0575_mixed_N2_k2_P4,open,item,Nadai,Hne,
lfm25v,E6_img_0575_mixed_N3_k1_P4,open,item,Nadai,Hne,
lfm25v,E6_img_0575_mixed_N4_k2_P4,open,item,Nadai,Hne,
lfm25v,E6_img_0575_mixed_N5_k2_P4,open,item,Nadai,Hne,
lfm25v,E1_img_0594_mixed_N2_k1_P1,open,item,Alligator keyboard,Mi gyaung,
lfm25v,E2_img_0594_mixed_N5_k1_P1,open,item,Alligator piano,Mi gyaung,
lfm25v,E2_img_0594_mixed_N5_k4_P1,open,item,Alligator keyboard,Mi gyaung,
lfm25v,E2_img_0594_mixed_N5_k5_P1,open,item,Galam,Mi gyaung,
lfm25v,LEAK_img_0594_mixed_leak,open,item,Violin,Mi gyaung,
lfm25v,E3_img_0594_near_N5_k3_P1,open,item,Galunggung,Mi gyaung,
lfm25v,E3_img_0594_far_N5_k3_P1,open,item,Choeung,Mi gyaung,
lfm25v,E3_img_0594_far_N5_k3_P1,open,country,Cambodia,Myanmar,
lfm25v,LEAK_img_0550_mixed_leak,open,item,Violin,Conga,
lfm25v,E1_img_0606_mixed_N1_k1_P1,open,item,Lute,Qanbūs,
lfm25v,E1_img_0606_mixed_N2_k1_P1,open,item,Lute,Qanbūs,
lfm25v,E1_img_0606_mixed_N3_k1_P1,open,item,Lute,Qanbūs,
lfm25v,E1_img_0606_mixed_N4_k1_P1,open,item,Lute,Qanbūs,
lfm25v,E2_img_0606_mixed_N5_k1_P1,open,item,Lute,Qanbūs,
lfm25v,E2_img_0606_mixed_N5_k2_P1,open,item,Lute,Qanbūs,
lfm25v,E2_img_0606_mixed_N5_k3_P1,open,item,Lute,Qanbūs,
lfm25v,E2_img_0606_mixed_N5_k4_P1,open,item,Lute,Qanbūs,
lfm25v,E2_img_0606_mixed_N5_k5_P1,open,item,Lute,Qanbūs,
lfm25v,LEAK_img_0606_mixed_leak,open,item,Violin,Qanbūs,
lfm25v,E3_img_0606_near_N2_k1_P1,open,item,Lute,Qanbūs,
lfm25v,E3_img_0606_near_N5_k5_P1,open,item,Lute,Qanbūs,
lfm25v,E3_img_0606_far_N2_k1_P1,open,item,Lute,Qanbūs,
lfm25v,E3_img_0606_far_N5_k5_P1,open,item,Lute,Qanbūs,
lfm25v,E5_img_0606_mixed_N1_k1_P2,open,item,Lute,Qanbūs,
lfm25v,E5_img_0606_mixed_N2_k1_P2,open,item,Lute,Qanbūs,
lfm25v,E5_img_0606_mixed_N3_k1_P2,open,item,Lute,Qanbūs,
lfm25v,E5_img_0606_mixed_N4_k1_P2,open,item,Lute,Qanbūs,
lfm25v,E5_img_0606_mixed_N5_k5_P2,open,item,Lute,Qanbūs,
lfm25v,E5_img_0606_mixed_N1_k1_P3,open,item,Lute,Qanbūs,
lfm25v,E5_img_0606_mixed_N2_k1_P3,open,item,Lute,Qanbūs,
lfm25v,E5_img_0606_mixed_N3_k1_P3,open,item,Lute,Qanbūs,
lfm25v,E5_img_0606_mixed_N4_k1_P3,open,item,Lute,Qanbūs,
lfm25v,E5_img_0606_mixed_N5_k5_P3,open,item,Lute,Qanbūs,
lfm25v,E6_img_0606_mixed_N1_k1_P4,open,item,Lute,Qanbūs,
lfm25v,E6_img_0606_mixed_N2_k1_P4,open,item,Lute,Qanbūs,
lfm25v,E6_img_0606_mixed_N3_k1_P4,open,item,Lute,Qanbūs,
lfm25v,E6_img_0606_mixed_N4_k1_P4,open,item,Lute,Qanbūs,
lfm25v,E6_img_0606_mixed_N5_k5_P4,open,item,Lute,Qanbūs,
lfm25v,E1_img_0592_mixed_N1_k1_P1,open,item,Tanpura,Marovany,
lfm25v,E1_img_0592_mixed_N1_k1_P1,open,country,India,Madagascar,
lfm25v,E1_img_0592_mixed_N2_k2_P1,open,item,Shehnai,Marovany,
lfm25v,E1_img_0592_mixed_N2_k2_P1,open,country,India,Madagascar,
lfm25v,E2_img_0592_mixed_N5_k1_P1,open,item,Tanpura,Marovany,
lfm25v,E2_img_0592_mixed_N5_k1_P1,open,country,India,Madagascar,
lfm25v,E2_img_0592_mixed_N5_k4_P1,open,item,Shehnai,Marovany,
lfm25v,E2_img_0592_mixed_N5_k4_P1,open,country,India,Madagascar,
lfm25v,E2_img_0592_mixed_N5_k5_P1,open,item,Shehnai,Marovany,
lfm25v,E2_img_0592_mixed_N5_k5_P1,open,country,India,Madagascar,
lfm25v,LEAK_img_0592_mixed_leak,open,item,Violin,Marovany,
lfm25v,E3_img_0592_near_N2_k2_P1,open,item,Shehnai,Marovany,
lfm25v,E3_img_0592_near_N2_k2_P1,open,country,India,Madagascar,
lfm25v,E3_img_0592_near_N5_k1_P1,open,item,Tanpura,Marovany,
lfm25v,E3_img_0592_near_N5_k1_P1,open,country,India,Madagascar,
lfm25v,E3_img_0592_far_N2_k2_P1,open,item,Shehnai,Marovany,
lfm25v,E3_img_0592_far_N2_k2_P1,open,country,India,Madagascar,
lfm25v,E3_img_0592_far_N5_k1_P1,open,item,Tanpura,Marovany,
lfm25v,E3_img_0592_far_N5_k1_P1,open,country,India,Madagascar,
lfm25v,E1_img_0562_mixed_N1_k1_P1,open,item,Mandolin,Gadulka,
lfm25v,E1_img_0562_mixed_N2_k1_P1,open,item,Mandolin,Gadulka,
lfm25v,E1_img_0562_mixed_N3_k3_P1,open,item,Mandolin,Gadulka,
lfm25v,E1_img_0562_mixed_N4_k3_P1,open,item,Mandolin,Gadulka,
lfm25v,E2_img_0562_mixed_N5_k1_P1,open,item,Mandolin,Gadulka,
lfm25v,E2_img_0562_mixed_N5_k2_P1,open,item,Mandolin,Gadulka,
lfm25v,E2_img_0562_mixed_N5_k3_P1,open,item,Mandolin,Gadulka,
lfm25v,E2_img_0562_mixed_N5_k4_P1,open,item,Mandolin,Gadulka,
lfm25v,E2_img_0562_mixed_N5_k5_P1,open,item,Mandolin,Gadulka,
lfm25v,LEAK_img_0562_mixed_leak,open,item,Violin,Gadulka,
lfm25v,E3_img_0562_near_N2_k1_P1,open,item,Mandolin,Gadulka,
lfm25v,E3_img_0562_near_N5_k2_P1,open,item,Mandolin,Gadulka,
lfm25v,E3_img_0562_far_N2_k1_P1,open,item,Mandolin,Gadulka,
lfm25v,E3_img_0562_far_N5_k2_P1,open,item,Mandolin,Gadulka,
lfm25v,E1_img_0558_mixed_N1_k1_P1,open,item,Flute,Dvoyanka,
lfm25v,E1_img_0558_mixed_N2_k2_P1,open,item,Flute,Dvoyanka,
lfm25v,E1_img_0558_mixed_N3_k1_P1,open,item,Flute,Dvoyanka,
lfm25v,E1_img_0558_mixed_N4_k4_P1,open,item,Flute,Dvoyanka,
lfm25v,E2_img_0558_mixed_N5_k1_P1,open,item,Flute,Dvoyanka,
lfm25v,E2_img_0558_mixed_N5_k2_P1,open,item,Flute,Dvoyanka,
lfm25v,E2_img_0558_mixed_N5_k3_P1,open,item,Flute,Dvoyanka,
lfm25v,E2_img_0558_mixed_N5_k4_P1,open,item,Flute,Dvoyanka,
lfm25v,E2_img_0558_mixed_N5_k5_P1,open,item,Flute,Dvoyanka,
lfm25v,LEAK_img_0558_mixed_leak,open,item,Violin,Dvoyanka,
lfm25v,E3_img_0558_near_N2_k2_P1,open,item,Flute,Dvoyanka,
lfm25v,E3_img_0558_near_N5_k3_P1,open,item,Flute,Dvoyanka,
lfm25v,E3_img_0558_far_N2_k2_P1,open,item,Flute,Dvoyanka,
lfm25v,E3_img_0558_far_N5_k3_P1,open,item,Flute,Dvoyanka,
lfm25v,E5_img_0558_mixed_N1_k1_P2,open,item,Flute,Dvoyanka,
lfm25v,E5_img_0558_mixed_N2_k2_P2,open,item,Flute,Dvoyanka,
lfm25v,E5_img_0558_mixed_N3_k1_P2,open,item,Flute,Dvoyanka,
lfm25v,E5_img_0558_mixed_N4_k4_P2,open,item,Flute,Dvoyanka,
lfm25v,E5_img_0558_mixed_N5_k3_P2,open,item,Flute,Dvoyanka,
lfm25v,E5_img_0558_mixed_N1_k1_P3,open,item,flute,Dvoyanka,
lfm25v,E5_img_0558_mixed_N2_k2_P3,open,item,Flute,Dvoyanka,
lfm25v,E5_img_0558_mixed_N3_k1_P3,open,item,Flute,Dvoyanka,
lfm25v,E5_img_0558_mixed_N4_k4_P3,open,item,Flute,Dvoyanka,
lfm25v,E5_img_0558_mixed_N5_k3_P3,open,item,Flute,Dvoyanka,
lfm25v,E6_img_0558_mixed_N1_k1_P4,open,item,Flute,Dvoyanka,
lfm25v,E6_img_0558_mixed_N2_k2_P4,open,item,Flute,Dvoyanka,
lfm25v,E6_img_0558_mixed_N3_k1_P4,open,item,Flute,Dvoyanka,
lfm25v,E6_img_0558_mixed_N4_k4_P4,open,item,Flute,Dvoyanka,
lfm25v,E6_img_0558_mixed_N5_k3_P4,open,item,Flute,Dvoyanka,
lfm25v,E1_img_0605_mixed_N1_k1_P1,open,item,Bagpipe,Pungi,
lfm25v,E1_img_0605_mixed_N2_k1_P1,open,item,Bagpipe,Pungi,
lfm25v,E1_img_0605_mixed_N3_k2_P1,open,item,Bagpipe,Pungi,
lfm25v,E1_img_0605_mixed_N4_k1_P1,open,item,Bagpipe,Pungi,
lfm25v,E2_img_0605_mixed_N5_k1_P1,open,item,Bagpipe,Pungi,
lfm25v,E2_img_0605_mixed_N5_k2_P1,open,item,Bagpipe,Pungi,
lfm25v,E2_img_0605_mixed_N5_k3_P1,open,item,Bagpipe,Pungi,
lfm25v,E2_img_0605_mixed_N5_k4_P1,open,item,Bagpipe,Pungi,
lfm25v,E2_img_0605_mixed_N5_k5_P1,open,item,Bagpipe,Pungi,
lfm25v,LEAK_img_0605_mixed_leak,open,item,Violin,Pungi,
lfm25v,E3_img_0605_near_N2_k1_P1,open,item,Bagpipe,Pungi,
lfm25v,E3_img_0605_far_N2_k1_P1,open,item,Bagpipe,Pungi,
lfm25v,E3_img_0605_far_N5_k4_P1,open,item,Bagpipe,Pungi,
lfm25v,E1_img_0623_mixed_N1_k1_P1,open,item,Mandolin,Swedish lute,
lfm25v,E1_img_0623_mixed_N2_k2_P1,open,item,Mandolin,Swedish lute,
lfm25v,E1_img_0623_mixed_N3_k3_P1,open,item,Mandolin,Swedish lute,
lfm25v,E1_img_0623_mixed_N4_k2_P1,open,item,Mandolin,Swedish lute,
lfm25v,E2_img_0623_mixed_N5_k1_P1,open,item,Mandolin,Swedish lute,
lfm25v,E2_img_0623_mixed_N5_k2_P1,open,item,Lute,Swedish lute,
lfm25v,E2_img_0623_mixed_N5_k3_P1,open,item,Mandolin,Swedish lute,
lfm25v,E2_img_0623_mixed_N5_k4_P1,open,item,Lute,Swedish lute,
lfm25v,E2_img_0623_mixed_N5_k5_P1,open,item,Mandolin,Swedish lute,
lfm25v,LEAK_img_0623_mixed_leak,open,item,Violin,Swedish lute,
lfm25v,E3_img_0623_near_N2_k2_P1,open,item,Mandolin,Swedish lute,
lfm25v,E3_img_0623_near_N5_k5_P1,open,item,Lute,Swedish lute,
lfm25v,E3_img_0623_far_N2_k2_P1,open,item,Mandolin,Swedish lute,
lfm25v,E3_img_0623_far_N5_k5_P1,open,item,Mandolin,Swedish lute,
lfm25v,LEAK_img_0625_mixed_leak,open,item,Violin,Tabla,
lfm25v,E1_img_0631_mixed_N1_k1_P1,open,item,Erhu,Tonkori,
lfm25v,E1_img_0631_mixed_N1_k1_P1,open,country,China,Japan,
lfm25v,E1_img_0631_mixed_N2_k2_P1,open,item,Erhu,Tonkori,
lfm25v,E1_img_0631_mixed_N2_k2_P1,open,country,China,Japan,
lfm25v,E1_img_0631_mixed_N3_k2_P1,open,item,Erhu,Tonkori,
lfm25v,E1_img_0631_mixed_N3_k2_P1,open,country,China,Japan,
lfm25v,E1_img_0631_mixed_N4_k4_P1,open,item,Erhu,Tonkori,
lfm25v,E1_img_0631_mixed_N4_k4_P1,open,country,China,Japan,
lfm25v,E2_img_0631_mixed_N5_k1_P1,open,item,Erhu,Tonkori,
lfm25v,E2_img_0631_mixed_N5_k1_P1,open,country,China,Japan,
lfm25v,E2_img_0631_mixed_N5_k2_P1,open,item,Erhu,Tonkori,
lfm25v,E2_img_0631_mixed_N5_k2_P1,open,country,China,Japan,
lfm25v,E2_img_0631_mixed_N5_k3_P1,open,item,Erhu,Tonkori,
lfm25v,E2_img_0631_mixed_N5_k3_P1,open,country,China,Japan,
lfm25v,E2_img_0631_mixed_N5_k4_P1,open,item,Erhu,Tonkori,
lfm25v,E2_img_0631_mixed_N5_k4_P1,open,country,China,Japan,
lfm25v,E2_img_0631_mixed_N5_k5_P1,open,item,Erhu,Tonkori,
lfm25v,E2_img_0631_mixed_N5_k5_P1,open,country,China,Japan,
lfm25v,LEAK_img_0631_mixed_leak,open,item,Violin,Tonkori,
lfm25v,E3_img_0631_near_N2_k2_P1,open,item,Erhu,Tonkori,
lfm25v,E3_img_0631_near_N2_k2_P1,open,country,China,Japan,
lfm25v,E3_img_0631_near_N5_k2_P1,open,item,Erhu,Tonkori,
lfm25v,E3_img_0631_near_N5_k2_P1,open,country,China,Japan,
lfm25v,E3_img_0631_far_N2_k2_P1,open,item,Erhu,Tonkori,
lfm25v,E3_img_0631_far_N2_k2_P1,open,country,China,Japan,
lfm25v,E3_img_0631_far_N5_k2_P1,open,item,Erhu,Tonkori,
lfm25v,E3_img_0631_far_N5_k2_P1,open,country,China,Japan,
lfm25v,E1_img_0607_mixed_N1_k1_P1,open,item,Xylophone,Ranat,
lfm25v,E1_img_0607_mixed_N2_k1_P1,open,item,Xylophone,Ranat,
lfm25v,E1_img_0607_mixed_N3_k3_P1,open,item,Xylophone,Ranat,
lfm25v,E1_img_0607_mixed_N4_k1_P1,open,item,Xylophone,Ranat,
lfm25v,E2_img_0607_mixed_N5_k1_P1,open,item,Xylophone,Ranat,
lfm25v,E2_img_0607_mixed_N5_k2_P1,open,item,Xylophone,Ranat,
lfm25v,E2_img_0607_mixed_N5_k3_P1,open,item,Xylophone,Ranat,
lfm25v,E2_img_0607_mixed_N5_k4_P1,open,item,Xylophone,Ranat,
lfm25v,E2_img_0607_mixed_N5_k5_P1,open,item,Xylophone,Ranat,
lfm25v,LEAK_img_0607_mixed_leak,open,item,Violin,Ranat,
lfm25v,E3_img_0607_near_N2_k1_P1,open,item,Xylophone,Ranat,
lfm25v,E3_img_0607_near_N5_k3_P1,open,item,Xylophone,Ranat,
lfm25v,E3_img_0607_far_N2_k1_P1,open,item,Xylophone,Ranat,
lfm25v,E3_img_0607_far_N5_k3_P1,open,item,Xylophone,Ranat,
lfm25v,E1_img_0572_mixed_N3_k1_P1,open,item,Erhu,Guzheng,
lfm25v,E1_img_0572_mixed_N4_k2_P1,open,item,Erhu,Guzheng,
lfm25v,E2_img_0572_mixed_N5_k1_P1,open,item,Erhu,Guzheng,
lfm25v,E2_img_0572_mixed_N5_k2_P1,open,item,Erhu,Guzheng,
lfm25v,E2_img_0572_mixed_N5_k3_P1,open,item,Erhu,Guzheng,
lfm25v,LEAK_img_0572_mixed_leak,open,item,Violin,Guzheng,
lfm25v,E5_img_0572_mixed_N3_k1_P2,open,item,Erhu,Guzheng,
lfm25v,E5_img_0572_mixed_N4_k2_P2,open,item,Erhu,Guzheng,
lfm25v,E5_img_0572_mixed_N5_k4_P2,open,item,Erhu,Guzheng,
lfm25v,E5_img_0572_mixed_N3_k1_P3,open,item,Erhu,Guzheng,
lfm25v,E6_img_0572_mixed_N3_k1_P4,open,item,Erhu,Guzheng,
lfm25v,E6_img_0572_mixed_N4_k2_P4,open,item,Erhu,Guzheng,
lfm25v,E1_img_0548_mixed_N1_k1_P1,open,item,Lyre,Çeng,
lfm25v,E1_img_0548_mixed_N2_k1_P1,open,item,Lyre,Çeng,
lfm25v,E1_img_0548_mixed_N3_k2_P1,open,item,Lyre,Çeng,
lfm25v,E1_img_0548_mixed_N4_k3_P1,open,item,Lyre,Çeng,
lfm25v,E2_img_0548_mixed_N5_k1_P1,open,item,Lyre,Çeng,
lfm25v,E2_img_0548_mixed_N5_k2_P1,open,item,Lyre,Çeng,
lfm25v,E2_img_0548_mixed_N5_k3_P1,open,item,Lyre,Çeng,
lfm25v,E2_img_0548_mixed_N5_k4_P1,open,item,Lyre,Çeng,
lfm25v,E2_img_0548_mixed_N5_k5_P1,open,item,Lyre,Çeng,
lfm25v,LEAK_img_0548_mixed_leak,open,item,Violin,Çeng,
lfm25v,E3_img_0548_near_N2_k1_P1,open,item,Lyre,Çeng,
lfm25v,E3_img_0548_near_N5_k5_P1,open,item,Lyre,Çeng,
lfm25v,E3_img_0548_far_N2_k1_P1,open,item,Lyre,Çeng,
lfm25v,E3_img_0548_far_N5_k5_P1,open,item,Lyre,Çeng,
lfm25v,E1_img_0591_mixed_N1_k1_P1,open,item,Tabla,Madal,
lfm25v,E1_img_0591_mixed_N1_k1_P1,open,country,India,Nepal,
lfm25v,E1_img_0591_mixed_N2_k2_P1,open,item,Tabla,Madal,
lfm25v,E1_img_0591_mixed_N2_k2_P1,open,country,India,Nepal,
lfm25v,E1_img_0591_mixed_N3_k3_P1,open,item,Tabla,Madal,
lfm25v,E1_img_0591_mixed_N3_k3_P1,open,country,India,Nepal,
lfm25v,E1_img_0591_mixed_N4_k4_P1,open,item,Tabla,Madal,
lfm25v,E2_img_0591_mixed_N5_k1_P1,open,item,Tabla,Madal,
lfm25v,E2_img_0591_mixed_N5_k2_P1,open,item,Tabla,Madal,
lfm25v,E2_img_0591_mixed_N5_k3_P1,open,item,Tabla,Madal,
lfm25v,E2_img_0591_mixed_N5_k4_P1,open,item,Tabla,Madal,
lfm25v,E2_img_0591_mixed_N5_k5_P1,open,item,Tabla,Madal,
lfm25v,LEAK_img_0591_mixed_leak,open,item,Violin,Madal,
lfm25v,E3_img_0591_far_N2_k2_P1,open,item,Tabla,Madal,
lfm25v,E3_img_0591_far_N2_k2_P1,open,country,India,Nepal,
lfm25v,E3_img_0591_far_N5_k1_P1,open,item,Tabla,Madal,
lfm25v,E1_img_0543_mixed_N1_k1_P1,open,item,Lute,Bandura,
lfm25v,E1_img_0543_mixed_N2_k1_P1,open,item,Lute,Bandura,
lfm25v,E1_img_0543_mixed_N3_k1_P1,open,item,Lute,Bandura,
lfm25v,E1_img_0543_mixed_N4_k1_P1,open,item,Lute,Bandura,
lfm25v,E2_img_0543_mixed_N5_k1_P1,open,item,Lute,Bandura,
lfm25v,E2_img_0543_mixed_N5_k2_P1,open,item,Lute,Bandura,
lfm25v,E2_img_0543_mixed_N5_k3_P1,open,item,Lute,Bandura,
lfm25v,E2_img_0543_mixed_N5_k4_P1,open,item,Lute,Bandura,
lfm25v,E2_img_0543_mixed_N5_k5_P1,open,item,Lute,Bandura,
lfm25v,LEAK_img_0543_mixed_leak,open,item,Violin,Bandura,
lfm25v,E3_img_0543_near_N2_k1_P1,open,item,Lute,Bandura,
lfm25v,E3_img_0543_near_N5_k2_P1,open,item,Lute,Bandura,
lfm25v,E3_img_0543_far_N2_k1_P1,open,item,Lute,Bandura,
lfm25v,E3_img_0543_far_N5_k2_P1,open,item,Lute,Bandura,
lfm25v,E5_img_0543_mixed_N1_k1_P2,open,item,Lute,Bandura,
lfm25v,E5_img_0543_mixed_N2_k1_P2,open,item,Lute,Bandura,
lfm25v,E5_img_0543_mixed_N3_k1_P2,open,item,Lute,Bandura,
lfm25v,E5_img_0543_mixed_N4_k1_P2,open,item,Lute,Bandura,
lfm25v,E5_img_0543_mixed_N5_k2_P2,open,item,Lute,Bandura,
lfm25v,E5_img_0543_mixed_N1_k1_P3,open,item,Lute,Bandura,
lfm25v,E5_img_0543_mixed_N2_k1_P3,open,item,Lute,Bandura,
lfm25v,E5_img_0543_mixed_N3_k1_P3,open,item,Lute,Bandura,
lfm25v,E5_img_0543_mixed_N4_k1_P3,open,item,Lute,Bandura,
lfm25v,E6_img_0543_mixed_N1_k1_P4,open,item,Lute,Bandura,
lfm25v,E6_img_0543_mixed_N2_k1_P4,open,item,Lute,Bandura,
lfm25v,E6_img_0543_mixed_N3_k1_P4,open,item,Lute,Bandura,
lfm25v,E6_img_0543_mixed_N4_k1_P4,open,item,Lute,Bandura,
lfm25v,E1_img_0568_mixed_N1_k1_P1,open,item,Tanbur,Ghijak,
lfm25v,E1_img_0568_mixed_N2_k2_P1,open,item,Tanbur,Ghijak,
lfm25v,E1_img_0568_mixed_N3_k2_P1,open,item,Banjo,Ghijak,
lfm25v,E1_img_0568_mixed_N4_k2_P1,open,item,Banjo,Ghijak,
lfm25v,E2_img_0568_mixed_N5_k1_P1,open,item,Tanbur,Ghijak,
lfm25v,E2_img_0568_mixed_N5_k2_P1,open,item,Banjo,Ghijak,
lfm25v,E2_img_0568_mixed_N5_k3_P1,open,item,Tanbur,Ghijak,
lfm25v,E2_img_0568_mixed_N5_k4_P1,open,item,Tanbur,Ghijak,
lfm25v,E2_img_0568_mixed_N5_k5_P1,open,item,Tanbur,Ghijak,
lfm25v,LEAK_img_0568_mixed_leak,open,item,Violin,Ghijak,
lfm25v,E3_img_0568_near_N2_k2_P1,open,item,Tanbur,Ghijak,
lfm25v,E3_img_0568_near_N5_k3_P1,open,item,Tanbur,Ghijak,
lfm25v,E3_img_0568_far_N2_k2_P1,open,item,Tanbur,Ghijak,
lfm25v,E3_img_0568_far_N5_k3_P1,open,item,Tanbur,Ghijak,
lfm25v,E1_img_0565_mixed_N1_k1_P1,open,item,Didgeridoo,Garamut,
lfm25v,E1_img_0565_mixed_N1_k1_P1,open,country,Australia,Papua New Guinea,
lfm25v,E1_img_0565_mixed_N2_k1_P1,open,item,Didgeridoo,Garamut,
lfm25v,E1_img_0565_mixed_N2_k1_P1,open,country,Australia,Papua New Guinea,
lfm25v,E1_img_0565_mixed_N3_k3_P1,open,item,Didgeridoo,Garamut,
lfm25v,E1_img_0565_mixed_N3_k3_P1,open,country,Australia,Papua New Guinea,
lfm25v,E1_img_0565_mixed_N4_k3_P1,open,item,Didgeridoo,Garamut,
lfm25v,E1_img_0565_mixed_N4_k3_P1,open,country,Australia,Papua New Guinea,
lfm25v,E2_img_0565_mixed_N5_k1_P1,open,item,Didgeridoo,Garamut,
lfm25v,E2_img_0565_mixed_N5_k1_P1,open,country,Australia,Papua New Guinea,
lfm25v,E2_img_0565_mixed_N5_k2_P1,open,item,Didgeridoo,Garamut,
lfm25v,E2_img_0565_mixed_N5_k2_P1,open,country,Australia,Papua New Guinea,
lfm25v,E2_img_0565_mixed_N5_k3_P1,open,item,Didgeridoo,Garamut,
lfm25v,E2_img_0565_mixed_N5_k3_P1,open,country,Australia,Papua New Guinea,
lfm25v,E2_img_0565_mixed_N5_k4_P1,open,item,Didgeridoo,Garamut,
lfm25v,E2_img_0565_mixed_N5_k4_P1,open,country,Australia,Papua New Guinea,
lfm25v,E2_img_0565_mixed_N5_k5_P1,open,item,Didgeridoo,Garamut,
lfm25v,E2_img_0565_mixed_N5_k5_P1,open,country,Australia,Papua New Guinea,
lfm25v,LEAK_img_0565_mixed_leak,open,item,Violin,Garamut,
lfm25v,LEAK_img_0621_mixed_leak,open,item,Violin,Steelpan,
lfm25v,LEAK_img_0724_mixed_leak,open,item,Eiffel Tower,Göbekli Tepe,
lfm25v,LEAK_img_0724_mixed_leak,open,country,France,Turkey,
lfm25v,E5_img_0724_mixed_N2_k1_P3,open,item,archaeological site,Göbekli Tepe,
lfm25v,E5_img_0724_mixed_N3_k1_P3,open,item,archaeological site,Göbekli Tepe,
lfm25v,E5_img_0724_mixed_N4_k1_P3,open,item,archaeological site,Göbekli Tepe,
lfm25v,E5_img_0724_mixed_N5_k1_P3,open,item,archaeological site,Göbekli Tepe,
lfm25v,E6_img_0724_mixed_N2_k1_P4,open,item,archaeological site,Göbekli Tepe,
lfm25v,E6_img_0724_mixed_N3_k1_P4,open,item,archaeological site,Göbekli Tepe,
lfm25v,LEAK_img_0666_mixed_leak,open,item,Eiffel Tower,Batalha Monastery,
lfm25v,LEAK_img_0666_mixed_leak,open,country,France,Portugal,
lfm25v,E1_img_0880_mixed_N1_k1_P1,open,item,Meteora,Varlaam monastery,
lfm25v,E1_img_0880_mixed_N2_k1_P1,open,item,Meteora,Varlaam monastery,
lfm25v,E1_img_0880_mixed_N3_k3_P1,open,item,Meteora,Varlaam monastery,
lfm25v,E1_img_0880_mixed_N4_k3_P1,open,item,Meteora,Varlaam monastery,
lfm25v,E2_img_0880_mixed_N5_k1_P1,open,item,Meteora,Varlaam monastery,
lfm25v,E2_img_0880_mixed_N5_k2_P1,open,item,Meteora,Varlaam monastery,
lfm25v,E2_img_0880_mixed_N5_k3_P1,open,item,Meteora,Varlaam monastery,
lfm25v,E2_img_0880_mixed_N5_k4_P1,open,item,Meteora,Varlaam monastery,
lfm25v,E2_img_0880_mixed_N5_k5_P1,open,item,Meteora,Varlaam monastery,
lfm25v,LEAK_img_0880_mixed_leak,open,item,Eiffel Tower,Varlaam monastery,
lfm25v,E3_img_0880_near_N2_k1_P1,open,item,Meteora,Varlaam monastery,
lfm25v,E3_img_0880_near_N5_k3_P1,open,item,Meteora,Varlaam monastery,
lfm25v,E3_img_0880_far_N2_k1_P1,open,item,Meteora,Varlaam monastery,
lfm25v,E3_img_0880_far_N5_k3_P1,open,item,Meteora,Varlaam monastery,
lfm25v,LEAK_img_0780_mixed_leak,open,item,Eiffel Tower,Mosque-Cathedral of Cordoba,
lfm25v,LEAK_img_0780_mixed_leak,open,country,France,Spain,
lfm25v,E1_img_0818_mixed_N1_k1_P1,open,item,Schwerin Castle,Residence of Bukovinian and Dalmatian Metropolitans,
lfm25v,E1_img_0818_mixed_N1_k1_P1,open,country,Germany,Ukraine,
lfm25v,E1_img_0818_mixed_N2_k1_P1,open,item,Schwerin Castle,Residence of Bukovinian and Dalmatian Metropolitans,
lfm25v,E1_img_0818_mixed_N2_k1_P1,open,country,Germany,Ukraine,
lfm25v,E1_img_0818_mixed_N3_k2_P1,open,item,Schloss & Park Pillnitz,Residence of Bukovinian and Dalmatian Metropolitans,
lfm25v,E1_img_0818_mixed_N3_k2_P1,open,country,Germany,Ukraine,
lfm25v,E1_img_0818_mixed_N4_k1_P1,open,item,Schwerin Castle,Residence of Bukovinian and Dalmatian Metropolitans,
lfm25v,E1_img_0818_mixed_N4_k1_P1,open,country,Germany,Ukraine,
lfm25v,E2_img_0818_mixed_N5_k1_P1,open,item,Schwerin Castle,Residence of Bukovinian and Dalmatian Metropolitans,
lfm25v,E2_img_0818_mixed_N5_k1_P1,open,country,Germany,Ukraine,
lfm25v,E2_img_0818_mixed_N5_k2_P1,open,item,Schloss Drachenburg,Residence of Bukovinian and Dalmatian Metropolitans,
lfm25v,E2_img_0818_mixed_N5_k2_P1,open,country,Germany,Ukraine,
lfm25v,E2_img_0818_mixed_N5_k3_P1,open,item,Schloss Drachenburg,Residence of Bukovinian and Dalmatian Metropolitans,
lfm25v,E2_img_0818_mixed_N5_k3_P1,open,country,Germany,Ukraine,
lfm25v,E2_img_0818_mixed_N5_k4_P1,open,item,Schloss Drachenburg,Residence of Bukovinian and Dalmatian Metropolitans,
lfm25v,E2_img_0818_mixed_N5_k4_P1,open,country,Germany,Ukraine,
lfm25v,E2_img_0818_mixed_N5_k5_P1,open,item,Schloss Drachenburg,Residence of Bukovinian and Dalmatian Metropolitans,
lfm25v,E2_img_0818_mixed_N5_k5_P1,open,country,Germany,Ukraine,
lfm25v,LEAK_img_0818_mixed_leak,open,item,Eiffel Tower,Residence of Bukovinian and Dalmatian Metropolitans,
lfm25v,E3_img_0818_near_N2_k1_P1,open,item,Schwerin Castle,Residence of Bukovinian and Dalmatian Metropolitans,
lfm25v,E3_img_0818_near_N5_k5_P1,open,item,Schloss Drachenburg,Residence of Bukovinian and Dalmatian Metropolitans,
lfm25v,E3_img_0818_far_N2_k1_P1,open,item,Schwerin Castle,Residence of Bukovinian and Dalmatian Metropolitans,
lfm25v,E3_img_0818_far_N2_k1_P1,open,country,Germany,Ukraine,
lfm25v,E3_img_0818_far_N5_k5_P1,open,item,Schloss Babelsberg,Residence of Bukovinian and Dalmatian Metropolitans,
lfm25v,E3_img_0818_far_N5_k5_P1,open,country,Germany,Ukraine,
lfm25v,E1_img_0698_mixed_N1_k1_P1,open,item,Castel del Monte,Citadelle Laferrière,
lfm25v,E1_img_0698_mixed_N1_k1_P1,open,country,Italy,Haiti,
lfm25v,E1_img_0698_mixed_N2_k2_P1,open,item,Castello di Avigliana,Citadelle Laferrière,
lfm25v,E1_img_0698_mixed_N2_k2_P1,open,country,Italy,Haiti,
lfm25v,E1_img_0698_mixed_N3_k3_P1,open,item,Castello di Avigliana,Citadelle Laferrière,
lfm25v,E1_img_0698_mixed_N3_k3_P1,open,country,Italy,Haiti,
lfm25v,E1_img_0698_mixed_N4_k2_P1,open,item,Castel Beseno,Citadelle Laferrière,
lfm25v,E1_img_0698_mixed_N4_k2_P1,open,country,Italy,Haiti,
lfm25v,E2_img_0698_mixed_N5_k1_P1,open,item,Castel Beseno,Citadelle Laferrière,
lfm25v,E2_img_0698_mixed_N5_k1_P1,open,country,Italy,Haiti,
lfm25v,E2_img_0698_mixed_N5_k2_P1,open,item,Castel Beseno,Citadelle Laferrière,
lfm25v,E2_img_0698_mixed_N5_k2_P1,open,country,Italy,Haiti,
lfm25v,E2_img_0698_mixed_N5_k3_P1,open,item,Castel del Monte,Citadelle Laferrière,
lfm25v,E2_img_0698_mixed_N5_k3_P1,open,country,Italy,Haiti,
lfm25v,E2_img_0698_mixed_N5_k4_P1,open,item,Castello di Avigliana,Citadelle Laferrière,
lfm25v,E2_img_0698_mixed_N5_k4_P1,open,country,Italy,Haiti,
lfm25v,E2_img_0698_mixed_N5_k5_P1,open,item,Castello di Fénis,Citadelle Laferrière,
lfm25v,E2_img_0698_mixed_N5_k5_P1,open,country,Italy,Haiti,
lfm25v,LEAK_img_0698_mixed_leak,open,item,Eiffel Tower,Citadelle Laferrière,
lfm25v,E3_img_0698_near_N2_k2_P1,open,item,Castello di Avigliana,Citadelle Laferrière,
lfm25v,E3_img_0698_near_N2_k2_P1,open,country,Italy,Haiti,
lfm25v,E3_img_0698_near_N5_k1_P1,open,item,Castello Orsini-Odescalchi,Citadelle Laferrière,
lfm25v,E3_img_0698_near_N5_k1_P1,open,country,Italy,Haiti,
lfm25v,E3_img_0698_far_N2_k2_P1,open,item,Castel del Monte,Citadelle Laferrière,
lfm25v,E3_img_0698_far_N2_k2_P1,open,country,Italy,Haiti,
lfm25v,E3_img_0698_far_N5_k1_P1,open,item,Rocca di San Leo,Citadelle Laferrière,
lfm25v,E3_img_0698_far_N5_k1_P1,open,country,Italy,Haiti,
lfm25v,E1_img_0858_mixed_N1_k1_P1,open,item,Haghartsin Monastery,Takht-e Soleyman,
lfm25v,E1_img_0858_mixed_N1_k1_P1,open,country,Armenia,Iran,
lfm25v,E1_img_0858_mixed_N2_k1_P1,open,item,Great Wall of China,Takht-e Soleyman,
lfm25v,E1_img_0858_mixed_N2_k1_P1,open,country,China,Iran,
lfm25v,E1_img_0858_mixed_N3_k1_P1,open,item,Great Wall of China,Takht-e Soleyman,
lfm25v,E1_img_0858_mixed_N3_k1_P1,open,country,China,Iran,
lfm25v,E1_img_0858_mixed_N4_k3_P1,open,item,Amber Fortress,Takht-e Soleyman,
lfm25v,E1_img_0858_mixed_N4_k3_P1,open,country,Turkey,Iran,
lfm25v,E2_img_0858_mixed_N5_k1_P1,open,item,Great Wall of China,Takht-e Soleyman,
lfm25v,E2_img_0858_mixed_N5_k1_P1,open,country,China,Iran,
lfm25v,E2_img_0858_mixed_N5_k2_P1,open,item,Amber Fortress,Takht-e Soleyman,
lfm25v,E2_img_0858_mixed_N5_k2_P1,open,country,Turkey,Iran,
lfm25v,E2_img_0858_mixed_N5_k3_P1,open,item,Amber Fortress,Takht-e Soleyman,
lfm25v,E2_img_0858_mixed_N5_k3_P1,open,country,Turkey,Iran,
lfm25v,E2_img_0858_mixed_N5_k4_P1,open,item,Hattusa,Takht-e Soleyman,
lfm25v,E2_img_0858_mixed_N5_k4_P1,open,country,Turkey,Iran,
lfm25v,E2_img_0858_mixed_N5_k5_P1,open,item,Haghpat Monastery,Takht-e Soleyman,
lfm25v,E2_img_0858_mixed_N5_k5_P1,open,country,Armenia,Iran,
lfm25v,LEAK_img_0858_mixed_leak,open,item,Eiffel Tower,Takht-e Soleyman,
lfm25v,LEAK_img_0858_mixed_leak,open,country,France,Iran,
lfm25v,E3_img_0858_near_N2_k1_P1,open,item,Great Wall of China,Takht-e Soleyman,
lfm25v,E3_img_0858_near_N5_k2_P1,open,item,Great Wall of China,Takht-e Soleyman,
lfm25v,E3_img_0858_far_N2_k1_P1,open,item,Haghpat Monastery,Takht-e Soleyman,
lfm25v,E3_img_0858_far_N2_k1_P1,open,country,Armenia,Iran,
lfm25v,E3_img_0858_far_N5_k2_P1,open,item,Hattusa,Takht-e Soleyman,
lfm25v,E3_img_0858_far_N5_k2_P1,open,country,Turkey,Iran,
lfm25v,E5_img_0858_mixed_N1_k1_P2,open,item,Haghartsin Monastery,Takht-e Soleyman,
lfm25v,E5_img_0858_mixed_N1_k1_P2,open,country,Armenia,Iran,
lfm25v,E5_img_0858_mixed_N2_k1_P2,open,item,Argamum Castle,Takht-e Soleyman,
lfm25v,E5_img_0858_mixed_N2_k1_P2,open,country,Turkey,Iran,
lfm25v,E5_img_0858_mixed_N3_k1_P2,open,country,Armenia,Iran,
lfm25v,E5_img_0858_mixed_N4_k3_P2,open,item,Amber Fortress,Takht-e Soleyman,
lfm25v,E5_img_0858_mixed_N4_k3_P2,open,country,Turkey,Iran,
lfm25v,E5_img_0858_mixed_N5_k2_P2,open,item,Amber Fortress,Takht-e Soleyman,
lfm25v,E5_img_0858_mixed_N5_k2_P2,open,country,Turkey,Iran,
lfm25v,E5_img_0858_mixed_N1_k1_P3,open,item,Haghartsin Monastery,Takht-e Soleyman,
lfm25v,E5_img_0858_mixed_N1_k1_P3,open,country,Armenia,Iran,
lfm25v,E5_img_0858_mixed_N2_k1_P3,open,item,Great Wall of China,Takht-e Soleyman,
lfm25v,E5_img_0858_mixed_N2_k1_P3,open,country,China,Iran,
lfm25v,E5_img_0858_mixed_N3_k1_P3,open,item,Great Wall of China,Takht-e Soleyman,
lfm25v,E5_img_0858_mixed_N3_k1_P3,open,country,China,Iran,
lfm25v,E5_img_0858_mixed_N4_k3_P3,open,item,Haghpat Monastery,Takht-e Soleyman,
lfm25v,E5_img_0858_mixed_N4_k3_P3,open,country,Armenia,Iran,
lfm25v,E5_img_0858_mixed_N5_k2_P3,open,item,Haghpat Monastery,Takht-e Soleyman,
lfm25v,E5_img_0858_mixed_N5_k2_P3,open,country,Armenia,Iran,
lfm25v,E6_img_0858_mixed_N1_k1_P4,open,country,Armenia,Iran,
lfm25v,E6_img_0858_mixed_N2_k1_P4,open,item,Khor Virap,Takht-e Soleyman,
lfm25v,E6_img_0858_mixed_N2_k1_P4,open,country,Armenia,Iran,
lfm25v,E6_img_0858_mixed_N3_k1_P4,open,country,Armenia,Iran,
lfm25v,E6_img_0858_mixed_N4_k3_P4,open,item,Amber Fortress,Takht-e Soleyman,
lfm25v,E6_img_0858_mixed_N4_k3_P4,open,country,Turkey,Iran,
lfm25v,E6_img_0858_mixed_N5_k2_P4,open,item,Hattusa,Takht-e Soleyman,
lfm25v,E6_img_0858_mixed_N5_k2_P4,open,country,Turkey,Iran,
lfm25v,E1_img_0810_mixed_N1_k1_P1,open,item,Schloss Fulda,Princely Abbey of Corvey,
lfm25v,E1_img_0810_mixed_N2_k2_P1,open,item,Schloss Fulda,Princely Abbey of Corvey,
lfm25v,E1_img_0810_mixed_N3_k2_P1,open,item,Schloss Marienburg,Princely Abbey of Corvey,
lfm25v,E1_img_0810_mixed_N4_k4_P1,open,item,Schloss Weilburg,Princely Abbey of Corvey,
lfm25v,E2_img_0810_mixed_N5_k1_P1,open,item,Schloss Marienburg,Princely Abbey of Corvey,
lfm25v,E2_img_0810_mixed_N5_k2_P1,open,item,Schloss Marienburg,Princely Abbey of Corvey,
lfm25v,E2_img_0810_mixed_N5_k3_P1,open,item,Schloss Weilburg,Princely Abbey of Corvey,
lfm25v,E2_img_0810_mixed_N5_k4_P1,open,item,Schloss Weilburg,Princely Abbey of Corvey,
lfm25v,E2_img_0810_mixed_N5_k5_P1,open,item,Schloss Weilburg,Princely Abbey of Corvey,
lfm25v,LEAK_img_0810_mixed_leak,open,item,Eiffel Tower,Princely Abbey of Corvey,
lfm25v,E3_img_0810_near_N2_k2_P1,open,item,Schloss Fulda,Princely Abbey of Corvey,
lfm25v,E3_img_0810_near_N5_k3_P1,open,item,Schloss Weilburg,Princely Abbey of Corvey,
lfm25v,E3_img_0810_far_N2_k2_P1,open,item,Abtei St. Gallen,Princely Abbey of Corvey,
lfm25v,E3_img_0810_far_N5_k3_P1,open,item,Schloss Marienburg,Princely Abbey of Corvey,
lfm25v,E1_img_0801_mixed_N1_k1_P1,open,item,Plaza de Toros de La Ribera,Plaza de toros de Acho,
lfm25v,E1_img_0801_mixed_N1_k1_P1,open,country,Spain,Peru,
lfm25v,E1_img_0801_mixed_N2_k1_P1,open,item,Plaza de Toros de La Ribera,Plaza de toros de Acho,
lfm25v,E1_img_0801_mixed_N2_k1_P1,open,country,Spain,Peru,
lfm25v,E1_img_0801_mixed_N3_k3_P1,open,item,Plaza de Toros de La Ribera,Plaza de toros de Acho,
lfm25v,E1_img_0801_mixed_N3_k3_P1,open,country,Spain,Peru,
lfm25v,E1_img_0801_mixed_N4_k1_P1,open,item,Plaza de Toros de La Ribera,Plaza de toros de Acho,
lfm25v,E1_img_0801_mixed_N4_k1_P1,open,country,Spain,Peru,
lfm25v,E2_img_0801_mixed_N5_k1_P1,open,item,Plaza de Toros de La Ribera,Plaza de toros de Acho,
lfm25v,E2_img_0801_mixed_N5_k1_P1,open,country,Spain,Peru,
lfm25v,E2_img_0801_mixed_N5_k2_P1,open,item,Plaza de Toros de la Maestranza,Plaza de toros de Acho,
lfm25v,E2_img_0801_mixed_N5_k2_P1,open,country,Spain,Peru,
lfm25v,E2_img_0801_mixed_N5_k3_P1,open,item,Plaza de Toros de Las Ventas,Plaza de toros de Acho,
lfm25v,E2_img_0801_mixed_N5_k3_P1,open,country,Spain,Peru,
lfm25v,E2_img_0801_mixed_N5_k4_P1,open,item,bullring,Plaza de toros de Acho,
lfm25v,E2_img_0801_mixed_N5_k4_P1,open,country,Mexico,Peru,
lfm25v,E2_img_0801_mixed_N5_k5_P1,open,item,Plaza de Toros de La Ribera,Plaza de toros de Acho,
lfm25v,E2_img_0801_mixed_N5_k5_P1,open,country,Spain,Peru,
lfm25v,LEAK_img_0801_mixed_leak,open,item,Eiffel Tower,Plaza de toros de Acho,
lfm25v,LEAK_img_0801_mixed_leak,open,country,France,Peru,
lfm25v,E1_img_0792_mixed_N1_k1_P1,open,item,Château de Vaux-le-Vicomte,Palace of Fontainebleau,
lfm25v,E1_img_0792_mixed_N2_k2_P1,open,item,Château de Vaux-le-Vicomte,Palace of Fontainebleau,
lfm25v,E1_img_0792_mixed_N3_k1_P1,open,item,Château de Chenonceau,Palace of Fontainebleau,
lfm25v,E1_img_0792_mixed_N4_k2_P1,open,item,Château de Chenonceau,Palace of Fontainebleau,
lfm25v,E2_img_0792_mixed_N5_k1_P1,open,item,Château de Chenonceau,Palace of Fontainebleau,
lfm25v,E2_img_0792_mixed_N5_k2_P1,open,item,Château de Chenonceau,Palace of Fontainebleau,
lfm25v,E2_img_0792_mixed_N5_k3_P1,open,item,Château de Chenonceau,Palace of Fontainebleau,
lfm25v,E2_img_0792_mixed_N5_k4_P1,open,item,Château de Chenonceau,Palace of Fontainebleau,
lfm25v,E2_img_0792_mixed_N5_k5_P1,open,item,Château de Vaux-le-Vicomte,Palace of Fontainebleau,
lfm25v,LEAK_img_0792_mixed_leak,open,item,Eiffel Tower,Palace of Fontainebleau,
lfm25v,E3_img_0792_near_N2_k2_P1,open,item,Château de Vaux-le-Vicomte,Palace of Fontainebleau,
lfm25v,E3_img_0792_near_N5_k5_P1,open,item,Château de Vaux-le-Vicomte,Palace of Fontainebleau,
lfm25v,E3_img_0792_far_N2_k2_P1,open,item,Château de Vaux-le-Vicomte,Palace of Fontainebleau,
lfm25v,E3_img_0792_far_N5_k5_P1,open,item,Château de Vaux-le-Vicomte,Palace of Fontainebleau,
lfm25v,E5_img_0792_mixed_N1_k1_P2,open,item,Château de Vaux-le-Vicomte,Palace of Fontainebleau,
lfm25v,E5_img_0792_mixed_N2_k2_P2,open,item,Château de Vaux-le-Vicomte,Palace of Fontainebleau,
lfm25v,E5_img_0792_mixed_N3_k1_P2,open,item,Château de Chenonceau,Palace of Fontainebleau,
lfm25v,E5_img_0792_mixed_N4_k2_P2,open,item,Château de Chenonceau,Palace of Fontainebleau,
lfm25v,E5_img_0792_mixed_N5_k5_P2,open,item,Château de Vaux-le-Vicomte,Palace of Fontainebleau,
lfm25v,E5_img_0792_mixed_N1_k1_P3,open,item,Château de Vaux-le-Vicomte,Palace of Fontainebleau,
lfm25v,E5_img_0792_mixed_N2_k2_P3,open,item,Château de Vaux-le-Vicomte,Palace of Fontainebleau,
lfm25v,E5_img_0792_mixed_N3_k1_P3,open,item,Château de Chenonceau,Palace of Fontainebleau,
lfm25v,E5_img_0792_mixed_N4_k2_P3,open,item,Château de Chenonceau,Palace of Fontainebleau,
lfm25v,E5_img_0792_mixed_N5_k5_P3,open,item,Château de Vaux-le-Vicomte,Palace of Fontainebleau,
lfm25v,E6_img_0792_mixed_N1_k1_P4,open,item,Château de Vaux-le-Vicomte,Palace of Fontainebleau,
lfm25v,E6_img_0792_mixed_N2_k2_P4,open,item,Château de Vaux-le-Vicomte,Palace of Fontainebleau,
lfm25v,E6_img_0792_mixed_N3_k1_P4,open,item,Château de Chenonceau,Palace of Fontainebleau,
lfm25v,E6_img_0792_mixed_N4_k2_P4,open,item,Château de Chenonceau,Palace of Fontainebleau,
lfm25v,E6_img_0792_mixed_N5_k5_P4,open,item,Château de Vaux-le-Vicomte,Palace of Fontainebleau,
lfm25v,E1_img_0805_mixed_N2_k1_P1,open,item,Canal Bridge,Pontcysyllte Aqueduct,
lfm25v,E1_img_0805_mixed_N3_k2_P1,open,item,Canal Bridge,Pontcysyllte Aqueduct,
lfm25v,E1_img_0805_mixed_N4_k3_P1,open,item,Canal Bridge,Pontcysyllte Aqueduct,
lfm25v,E2_img_0805_mixed_N5_k1_P1,open,item,Canal Bridge,Pontcysyllte Aqueduct,
lfm25v,E2_img_0805_mixed_N5_k2_P1,open,item,Canal Bridge,Pontcysyllte Aqueduct,
lfm25v,E2_img_0805_mixed_N5_k4_P1,open,item,Canal Bridge,Pontcysyllte Aqueduct,
lfm25v,E2_img_0805_mixed_N5_k5_P1,open,item,Canal Bridge,Pontcysyllte Aqueduct,
lfm25v,LEAK_img_0805_mixed_leak,open,item,Eiffel Tower,Pontcysyllte Aqueduct,
lfm25v,LEAK_img_0805_mixed_leak,open,country,France,United Kingdom,
lfm25v,E3_img_0805_near_N2_k1_P1,open,item,Canal Bridge,Pontcysyllte Aqueduct,
lfm25v,E3_img_0805_near_N5_k1_P1,open,item,Canal Bridge,Pontcysyllte Aqueduct,
lfm25v,E3_img_0805_far_N2_k1_P1,open,item,Canal Bridge,Pontcysyllte Aqueduct,
lfm25v,E3_img_0805_far_N5_k1_P1,open,item,Canal Bridge,Pontcysyllte Aqueduct,
lfm25v,E1_img_0749_mixed_N1_k1_P1,open,country,Poland,Belarus,
lfm25v,E1_img_0749_mixed_N2_k2_P1,open,country,Poland,Belarus,
lfm25v,E1_img_0749_mixed_N3_k3_P1,open,country,Poland,Belarus,
lfm25v,E1_img_0749_mixed_N4_k4_P1,open,country,Poland,Belarus,
lfm25v,E2_img_0749_mixed_N5_k1_P1,open,country,Poland,Belarus,
lfm25v,E2_img_0749_mixed_N5_k2_P1,open,country,Poland,Belarus,
lfm25v,E2_img_0749_mixed_N5_k3_P1,open,country,Poland,Belarus,
lfm25v,E2_img_0749_mixed_N5_k5_P1,open,country,Poland,Belarus,
lfm25v,LEAK_img_0749_mixed_leak,open,item,Eiffel Tower,Kaloža Church,
lfm25v,LEAK_img_0749_mixed_leak,open,country,France,Belarus,
lfm25v,E3_img_0749_near_N2_k2_P1,open,country,Poland,Belarus,
lfm25v,E3_img_0749_near_N5_k2_P1,open,country,Poland,Belarus,
lfm25v,E3_img_0749_far_N2_k2_P1,open,country,Poland,Belarus,
lfm25v,E3_img_0749_far_N5_k2_P1,open,country,Poland,Belarus,
lfm25v,E1_img_0879_mixed_N1_k1_P1,open,item,Borgund Stave Church,Urnes Stave Church,
lfm25v,E1_img_0879_mixed_N2_k1_P1,open,item,Borgund Stave Church,Urnes Stave Church,
lfm25v,E1_img_0879_mixed_N3_k1_P1,open,item,Borgund Stave Church,Urnes Stave Church,
lfm25v,E1_img_0879_mixed_N4_k1_P1,open,item,Borgund Stave Church,Urnes Stave Church,
lfm25v,E2_img_0879_mixed_N5_k1_P1,open,item,Borgund Stave Church,Urnes Stave Church,
lfm25v,E2_img_0879_mixed_N5_k2_P1,open,item,Borgund Stave Church,Urnes Stave Church,
lfm25v,E2_img_0879_mixed_N5_k3_P1,open,item,Borgund Stave Church,Urnes Stave Church,
lfm25v,E2_img_0879_mixed_N5_k4_P1,open,item,Borgund Stave Church,Urnes Stave Church,
lfm25v,E2_img_0879_mixed_N5_k5_P1,open,item,Borgund Stave Church,Urnes Stave Church,
lfm25v,LEAK_img_0879_mixed_leak,open,item,Eiffel Tower,Urnes Stave Church,
lfm25v,LEAK_img_0879_mixed_leak,open,country,France,Norway,
lfm25v,E3_img_0879_near_N2_k1_P1,open,item,Borgund Stave Church,Urnes Stave Church,
lfm25v,E3_img_0879_near_N5_k3_P1,open,item,Borgund Stave Church,Urnes Stave Church,
lfm25v,E3_img_0879_far_N2_k1_P1,open,item,Borgund Stave Church,Urnes Stave Church,
lfm25v,E3_img_0879_far_N5_k3_P1,open,item,Stave Church,Urnes Stave Church,
lfm25v,E5_img_0879_mixed_N1_k1_P2,open,item,Borgund Stave Church,Urnes Stave Church,
lfm25v,E5_img_0879_mixed_N2_k1_P2,open,item,Borgund Stave Church,Urnes Stave Church,
lfm25v,E5_img_0879_mixed_N3_k1_P2,open,item,Borgund Stave Church,Urnes Stave Church,
lfm25v,E5_img_0879_mixed_N4_k1_P2,open,item,Borgund Stave Church,Urnes Stave Church,
lfm25v,E5_img_0879_mixed_N5_k3_P2,open,item,Borgund Stave Church,Urnes Stave Church,
lfm25v,E5_img_0879_mixed_N1_k1_P3,open,item,Borgund Stave Church,Urnes Stave Church,
lfm25v,E5_img_0879_mixed_N2_k1_P3,open,item,Stave Church,Urnes Stave Church,
lfm25v,E5_img_0879_mixed_N3_k1_P3,open,item,Borgund Stave Church,Urnes Stave Church,
lfm25v,E5_img_0879_mixed_N4_k1_P3,open,item,Borgund Stave Church,Urnes Stave Church,
lfm25v,E5_img_0879_mixed_N5_k3_P3,open,item,Stave Church,Urnes Stave Church,
lfm25v,E6_img_0879_mixed_N1_k1_P4,open,item,Borgund Stave Church,Urnes Stave Church,
lfm25v,E6_img_0879_mixed_N2_k1_P4,open,item,Stave church,Urnes Stave Church,
lfm25v,E6_img_0879_mixed_N3_k1_P4,open,item,Borgund Stave Church,Urnes Stave Church,
lfm25v,E6_img_0879_mixed_N4_k1_P4,open,item,Borgund Stave Church,Urnes Stave Church,
lfm25v,E6_img_0879_mixed_N5_k3_P4,open,item,Borgund Stave Church,Urnes Stave Church,
lfm25v,E1_img_0737_mixed_N1_k1_P1,open,item,Catacombs of Saint Calixt,Hypogeum of Ħal Saflieni,
lfm25v,E1_img_0737_mixed_N1_k1_P1,open,country,France,Malta,
lfm25v,E1_img_0737_mixed_N2_k2_P1,open,item,Cave of the Patriarchs,Hypogeum of Ħal Saflieni,
lfm25v,E1_img_0737_mixed_N2_k2_P1,open,country,Israel,Malta,
lfm25v,E1_img_0737_mixed_N3_k2_P1,open,item,Catacombs of Saint Calixt,Hypogeum of Ħal Saflieni,
lfm25v,E1_img_0737_mixed_N3_k2_P1,open,country,France,Malta,
lfm25v,E1_img_0737_mixed_N4_k2_P1,open,item,Catacombes de Paris,Hypogeum of Ħal Saflieni,
lfm25v,E1_img_0737_mixed_N4_k2_P1,open,country,France,Malta,
lfm25v,E2_img_0737_mixed_N5_k1_P1,open,item,Catacombs of Saint Calixt,Hypogeum of Ħal Saflieni,
lfm25v,E2_img_0737_mixed_N5_k1_P1,open,country,France,Malta,
lfm25v,E2_img_0737_mixed_N5_k2_P1,open,item,Catacombes de Paris,Hypogeum of Ħal Saflieni,
lfm25v,E2_img_0737_mixed_N5_k2_P1,open,country,France,Malta,
lfm25v,E2_img_0737_mixed_N5_k3_P1,open,item,Catacombes de Paris,Hypogeum of Ħal Saflieni,
lfm25v,E2_img_0737_mixed_N5_k3_P1,open,country,France,Malta,
lfm25v,E2_img_0737_mixed_N5_k4_P1,open,item,Catacombs of Saint Calixt,Hypogeum of Ħal Saflieni,
lfm25v,E2_img_0737_mixed_N5_k4_P1,open,country,Spain,Malta,
lfm25v,E2_img_0737_mixed_N5_k5_P1,open,item,Catacombes de Paris,Hypogeum of Ħal Saflieni,
lfm25v,E2_img_0737_mixed_N5_k5_P1,open,country,France,Malta,
lfm25v,LEAK_img_0737_mixed_leak,open,item,Eiffel Tower,Hypogeum of Ħal Saflieni,
lfm25v,LEAK_img_0737_mixed_leak,open,country,France,Malta,
lfm25v,E3_img_0737_near_N2_k2_P1,open,item,Catacombs of Paris,Hypogeum of Ħal Saflieni,
lfm25v,E3_img_0737_near_N5_k4_P1,open,item,Cave of Nicanor,Hypogeum of Ħal Saflieni,
lfm25v,E3_img_0737_near_N5_k4_P1,open,country,Israel,Malta,
lfm25v,E3_img_0737_far_N2_k2_P1,open,item,Cave of the Thousand Buddhas,Hypogeum of Ħal Saflieni,
lfm25v,E3_img_0737_far_N5_k4_P1,open,item,Catacombs of Saint Calixt,Hypogeum of Ħal Saflieni,
lfm25v,E3_img_0737_far_N5_k4_P1,open,country,France,Malta,
lfm25v,E1_img_0793_mixed_N1_k1_P1,open,item,Palácio Nacional da Ajuda,Palace of Mafra,
lfm25v,E1_img_0793_mixed_N2_k1_P1,open,item,Palácio Nacional da Ajuda,Palace of Mafra,
lfm25v,E1_img_0793_mixed_N3_k3_P1,open,item,Palácio Nacional da Ajuda,Palace of Mafra,
lfm25v,E1_img_0793_mixed_N4_k3_P1,open,item,Pena National Palace,Palace of Mafra,
lfm25v,E2_img_0793_mixed_N5_k1_P1,open,item,Palácio Nacional da Ajuda,Palace of Mafra,
lfm25v,E2_img_0793_mixed_N5_k2_P1,open,item,Pena National Palace,Palace of Mafra,
lfm25v,E2_img_0793_mixed_N5_k3_P1,open,item,Pena National Palace,Palace of Mafra,
lfm25v,E2_img_0793_mixed_N5_k4_P1,open,item,Palácio Nacional da Ajuda,Palace of Mafra,
lfm25v,E2_img_0793_mixed_N5_k5_P1,open,item,Palácio Nacional da Ajuda,Palace of Mafra,
lfm25v,LEAK_img_0793_mixed_leak,open,item,Eiffel Tower,Palace of Mafra,
lfm25v,LEAK_img_0793_mixed_leak,open,country,France,Portugal,
lfm25v,E3_img_0793_near_N2_k1_P1,open,item,Palácio Nacional da Ajuda,Palace of Mafra,
lfm25v,E3_img_0793_near_N5_k5_P1,open,item,Palácio Nacional da Ajuda,Palace of Mafra,
lfm25v,E3_img_0793_far_N2_k1_P1,open,item,Palácio Nacional da Ajuda,Palace of Mafra,
lfm25v,E3_img_0793_far_N5_k5_P1,open,item,Palácio Nacional da Ajuda,Palace of Mafra,
lfm25v,LEAK_img_0654_mixed_leak,open,item,Eiffel Tower,Agra Fort,
lfm25v,LEAK_img_0654_mixed_leak,open,country,France,India,
lfm25v,E1_img_0708_mixed_N1_k1_P1,open,item,Ishak Pasha Palace,Divriği Great Mosque and Hospital,
lfm25v,E1_img_0708_mixed_N2_k1_P1,open,item,Hagia Sophia,Divriği Great Mosque and Hospital,
lfm25v,E1_img_0708_mixed_N3_k2_P1,open,item,Hacı Bayram Mosque,Divriği Great Mosque and Hospital,
lfm25v,E1_img_0708_mixed_N4_k1_P1,open,item,Hagia Sophia,Divriği Great Mosque and Hospital,
lfm25v,E2_img_0708_mixed_N5_k1_P1,open,item,Hagia Sophia,Divriği Great Mosque and Hospital,
lfm25v,E2_img_0708_mixed_N5_k2_P1,open,item,Hacı Bayram Mosque,Divriği Great Mosque and Hospital,
lfm25v,E2_img_0708_mixed_N5_k3_P1,open,item,Hacı Bayram Mosque,Divriği Great Mosque and Hospital,
lfm25v,E2_img_0708_mixed_N5_k4_P1,open,item,Hacı Bayram Mosque,Divriği Great Mosque and Hospital,
lfm25v,E2_img_0708_mixed_N5_k5_P1,open,item,Hacı Bayram Mosque,Divriği Great Mosque and Hospital,
lfm25v,LEAK_img_0708_mixed_leak,open,item,Eiffel Tower,Divriği Great Mosque and Hospital,
lfm25v,LEAK_img_0708_mixed_leak,open,country,France,Turkey,
lfm25v,E3_img_0708_near_N2_k1_P1,open,item,Ishak Pasha Mosque,Divriği Great Mosque and Hospital,
lfm25v,E3_img_0708_near_N5_k2_P1,open,item,Ishak Pasha Mosque,Divriği Great Mosque and Hospital,
lfm25v,E3_img_0708_far_N2_k1_P1,open,item,Hagia Sophia,Divriği Great Mosque and Hospital,
lfm25v,E3_img_0708_far_N5_k2_P1,open,item,Hacı Bayram Mosque,Divriği Great Mosque and Hospital,
lfm25v,E1_img_0692_mixed_N1_k1_P1,open,item,Church of the Resurrection,Church of Cristo Obrero y Nuestra Señora de Lourdes,
lfm25v,E1_img_0692_mixed_N1_k1_P1,open,country,Poland,Uruguay,
lfm25v,E1_img_0692_mixed_N2_k2_P1,open,item,Church of the Holy Cross,Church of Cristo Obrero y Nuestra Señora de Lourdes,
lfm25v,E1_img_0692_mixed_N2_k2_P1,open,country,Italy,Uruguay,
lfm25v,E1_img_0692_mixed_N3_k3_P1,open,item,Church of the Holy Cross,Church of Cristo Obrero y Nuestra Señora de Lourdes,
lfm25v,E1_img_0692_mixed_N3_k3_P1,open,country,Italy,Uruguay,
lfm25v,E1_img_0692_mixed_N4_k2_P1,open,item,Church of the Holy Cross,Church of Cristo Obrero y Nuestra Señora de Lourdes,
lfm25v,E1_img_0692_mixed_N4_k2_P1,open,country,Brazil,Uruguay,
lfm25v,E2_img_0692_mixed_N5_k1_P1,open,item,Church of the Holy Cross,Church of Cristo Obrero y Nuestra Señora de Lourdes,
lfm25v,E2_img_0692_mixed_N5_k1_P1,open,country,Portugal,Uruguay,
lfm25v,E2_img_0692_mixed_N5_k2_P1,open,item,Church of the Holy Cross,Church of Cristo Obrero y Nuestra Señora de Lourdes,
lfm25v,E2_img_0692_mixed_N5_k2_P1,open,country,Italy,Uruguay,
lfm25v,E2_img_0692_mixed_N5_k3_P1,open,item,Church of the Holy Cross,Church of Cristo Obrero y Nuestra Señora de Lourdes,
lfm25v,E2_img_0692_mixed_N5_k3_P1,open,country,Portugal,Uruguay,
lfm25v,E2_img_0692_mixed_N5_k4_P1,open,item,Church of the Holy Cross,Church of Cristo Obrero y Nuestra Señora de Lourdes,
lfm25v,E2_img_0692_mixed_N5_k4_P1,open,country,Portugal,Uruguay,
lfm25v,E2_img_0692_mixed_N5_k5_P1,open,item,Church of the Holy Cross,Church of Cristo Obrero y Nuestra Señora de Lourdes,
lfm25v,E2_img_0692_mixed_N5_k5_P1,open,country,Italy,Uruguay,
lfm25v,LEAK_img_0692_mixed_leak,open,item,Eiffel Tower,Church of Cristo Obrero y Nuestra Señora de Lourdes,
lfm25v,LEAK_img_0692_mixed_leak,open,country,France,Uruguay,
lfm25v,E1_img_0866_mixed_N1_k1_P1,open,item,Pyramid of the Sun,Teotihuacan,
lfm25v,E1_img_0866_mixed_N2_k1_P1,open,item,Pyramid of the Sun,Teotihuacan,
lfm25v,E1_img_0866_mixed_N3_k1_P1,open,item,Pyramid of the Sun,Teotihuacan,
lfm25v,E1_img_0866_mixed_N4_k3_P1,open,item,Pyramid of the Sun,Teotihuacan,
lfm25v,E2_img_0866_mixed_N5_k1_P1,open,item,Pyramid of the Sun,Teotihuacan,
lfm25v,E2_img_0866_mixed_N5_k2_P1,open,item,Pyramid of the Sun,Teotihuacan,
lfm25v,E2_img_0866_mixed_N5_k3_P1,open,item,Pyramid of the Sun,Teotihuacan,
lfm25v,LEAK_img_0866_mixed_leak,open,item,Eiffel Tower,Teotihuacan,
lfm25v,LEAK_img_0866_mixed_leak,open,country,France,Mexico,
lfm25v,E3_img_0866_near_N2_k1_P1,open,item,Pyramid of the Sun,Teotihuacan,
lfm25v,E3_img_0866_near_N5_k4_P1,open,item,Pyramid of the Sun,Teotihuacan,
lfm25v,E3_img_0866_far_N2_k1_P1,open,item,Pyramid of the Sun,Teotihuacan,
lfm25v,E3_img_0866_far_N5_k4_P1,open,item,Pyramid of the Sun,Teotihuacan,
lfm25v,E5_img_0866_mixed_N1_k1_P2,open,item,Pyramid of the Sun,Teotihuacan,
lfm25v,E5_img_0866_mixed_N2_k1_P2,open,item,Pyramid of the Sun,Teotihuacan,
lfm25v,E5_img_0866_mixed_N3_k1_P2,open,item,Pyramid of the Sun,Teotihuacan,
lfm25v,E5_img_0866_mixed_N4_k3_P2,open,item,Pyramid of the Sun,Teotihuacan,
lfm25v,E5_img_0866_mixed_N5_k4_P2,open,item,Pyramid of the Sun,Teotihuacan,
lfm25v,E5_img_0866_mixed_N1_k1_P3,open,item,Pyramid of the Sun,Teotihuacan,
lfm25v,E5_img_0866_mixed_N2_k1_P3,open,item,Pyramid of the Sun,Teotihuacan,
lfm25v,E5_img_0866_mixed_N3_k1_P3,open,item,Pyramid of the Sun,Teotihuacan,
lfm25v,E5_img_0866_mixed_N4_k3_P3,open,item,Pyramid,Teotihuacan,
lfm25v,E5_img_0866_mixed_N5_k4_P3,open,item,Pyramid of the Sun,Teotihuacan,
lfm25v,E6_img_0866_mixed_N1_k1_P4,open,item,Pyramid of the Sun,Teotihuacan,
lfm25v,E6_img_0866_mixed_N2_k1_P4,open,item,Pyramid of the Sun,Teotihuacan,
lfm25v,E6_img_0866_mixed_N3_k1_P4,open,item,Pyramid of the Sun,Teotihuacan,
lfm25v,E6_img_0866_mixed_N4_k3_P4,open,item,Pyramid of the Sun,Teotihuacan,
lfm25v,E1_img_0663_mixed_N1_k1_P1,open,item,Al Zubara Fort,Bahla Fort,
lfm25v,E1_img_0663_mixed_N1_k1_P1,open,country,Qatar,Oman,
lfm25v,E1_img_0663_mixed_N2_k2_P1,open,item,Al Zubara Fort,Bahla Fort,
lfm25v,E1_img_0663_mixed_N2_k2_P1,open,country,Qatar,Oman,
lfm25v,E1_img_0663_mixed_N3_k2_P1,open,item,Al Zubara Fort,Bahla Fort,
lfm25v,E1_img_0663_mixed_N3_k2_P1,open,country,Qatar,Oman,
lfm25v,E1_img_0663_mixed_N4_k4_P1,open,item,Al Zubara Fort,Bahla Fort,
lfm25v,E1_img_0663_mixed_N4_k4_P1,open,country,Qatar,Oman,
lfm25v,E2_img_0663_mixed_N5_k1_P1,open,item,Al Zubara Fort,Bahla Fort,
lfm25v,E2_img_0663_mixed_N5_k1_P1,open,country,Qatar,Oman,
lfm25v,E2_img_0663_mixed_N5_k2_P1,open,item,Al Zubara Fort,Bahla Fort,
lfm25v,E2_img_0663_mixed_N5_k2_P1,open,country,Qatar,Oman,
lfm25v,E2_img_0663_mixed_N5_k3_P1,open,item,Al Zubara Fort,Bahla Fort,
lfm25v,E2_img_0663_mixed_N5_k3_P1,open,country,Qatar,Oman,
lfm25v,E2_img_0663_mixed_N5_k4_P1,open,item,Al Zubara Fort,Bahla Fort,
lfm25v,E2_img_0663_mixed_N5_k4_P1,open,country,Qatar,Oman,
lfm25v,E2_img_0663_mixed_N5_k5_P1,open,item,Al Zubara Fort,Bahla Fort,
lfm25v,E2_img_0663_mixed_N5_k5_P1,open,country,Qatar,Oman,
lfm25v,LEAK_img_0663_mixed_leak,open,item,Eiffel Tower,Bahla Fort,
lfm25v,LEAK_img_0663_mixed_leak,open,country,France,Oman,
lfm25v,E3_img_0663_near_N2_k2_P1,open,item,Al Zubara Fort,Bahla Fort,
lfm25v,E3_img_0663_near_N2_k2_P1,open,country,Qatar,Oman,
lfm25v,E3_img_0663_near_N5_k5_P1,open,item,Al Zubara Fort,Bahla Fort,
lfm25v,E3_img_0663_near_N5_k5_P1,open,country,Qatar,Oman,
lfm25v,E3_img_0663_far_N2_k2_P1,open,item,Al Zubara Fort,Bahla Fort,
lfm25v,E3_img_0663_far_N2_k2_P1,open,country,Qatar,Oman,
lfm25v,E3_img_0663_far_N5_k5_P1,open,item,Al Zubara Fort,Bahla Fort,
lfm25v,E3_img_0663_far_N5_k5_P1,open,country,Qatar,Oman,
lfm25v,E1_img_0824_mixed_N1_k1_P1,open,item,Abbaye de Saint Maurice,Royal Abbey of Hautecombe,
lfm25v,E1_img_0824_mixed_N1_k1_P1,open,country,Switzerland,France,
lfm25v,E1_img_0824_mixed_N2_k1_P1,open,item,Abbaye de Saint-Pierre de Brantôme,Royal Abbey of Hautecombe,
lfm25v,E1_img_0824_mixed_N4_k1_P1,open,item,Abbaye de Saint-Pierre de Brantôme,Royal Abbey of Hautecombe,
lfm25v,E2_img_0824_mixed_N5_k1_P1,open,item,Abbaye de Saint-Pierre de Brantôme,Royal Abbey of Hautecombe,
lfm25v,E2_img_0824_mixed_N5_k2_P1,open,item,Abbaye de Saint-Pierre de Brantôme,Royal Abbey of Hautecombe,
lfm25v,E2_img_0824_mixed_N5_k3_P1,open,item,Abbaye de Saint-Pierre du Mont,Royal Abbey of Hautecombe,
lfm25v,E2_img_0824_mixed_N5_k4_P1,open,item,Abbaye de Saint-Pierre d'Entremont,Royal Abbey of Hautecombe,
lfm25v,E2_img_0824_mixed_N5_k5_P1,open,item,Abbaye de Saint-Pierre de Brantôme,Royal Abbey of Hautecombe,
lfm25v,LEAK_img_0824_mixed_leak,open,item,Eiffel Tower,Royal Abbey of Hautecombe,
lfm25v,E3_img_0824_near_N5_k1_P1,open,item,Abbaye de Saint-Pierre de Brantôme,Royal Abbey of Hautecombe,
lfm25v,E3_img_0824_far_N2_k1_P1,open,item,Abbaye de Saint-Pierre de Brantôme,Royal Abbey of Hautecombe,
lfm25v,E3_img_0824_far_N5_k1_P1,open,item,Abbaye de Saint-Pierre de Brantôme,Royal Abbey of Hautecombe,
lfm25v,LEAK_img_0770_mixed_leak,open,item,Eiffel Tower,Masada,
lfm25v,E1_img_0842_mixed_N1_k1_P1,open,item,Church of St. Donatus,Šibenik Cathedral,
lfm25v,E1_img_0842_mixed_N2_k1_P1,open,item,Church of St. Donatus,Šibenik Cathedral,
lfm25v,E1_img_0842_mixed_N3_k2_P1,open,item,Church of St. Donatus,Šibenik Cathedral,
lfm25v,E1_img_0842_mixed_N4_k3_P1,open,item,Church of St. Donatus,Šibenik Cathedral,
lfm25v,E2_img_0842_mixed_N5_k1_P1,open,item,Church of St. Donatus,Šibenik Cathedral,
lfm25v,E2_img_0842_mixed_N5_k2_P1,open,item,Church of St. Donatus,Šibenik Cathedral,
lfm25v,E2_img_0842_mixed_N5_k3_P1,open,item,Church of St. Donatus,Šibenik Cathedral,
lfm25v,E2_img_0842_mixed_N5_k4_P1,open,item,Church of St. Donatus,Šibenik Cathedral,
lfm25v,E2_img_0842_mixed_N5_k5_P1,open,item,Church of St. Donatus,Šibenik Cathedral,
lfm25v,LEAK_img_0842_mixed_leak,open,item,Eiffel Tower,Šibenik Cathedral,
lfm25v,LEAK_img_0842_mixed_leak,open,country,France,Croatia,
lfm25v,E3_img_0842_near_N2_k1_P1,open,item,Church of St. Donatus,Šibenik Cathedral,
lfm25v,E3_img_0842_near_N5_k3_P1,open,item,Church of St. Donatus,Šibenik Cathedral,
lfm25v,E3_img_0842_far_N2_k1_P1,open,item,Cathedral of Saint Domnius,Šibenik Cathedral,
lfm25v,E3_img_0842_far_N5_k3_P1,open,item,Church of St. Donatus,Šibenik Cathedral,
lfm25v,LEAK_img_0645_mixed_leak,open,item,Eiffel Tower,A-Ma Temple,
lfm25v,LEAK_img_0645_mixed_leak,open,country,France,China,
lfm25v,LEAK_img_0690_mixed_leak,open,item,Eiffel Tower,Chhatrapati Shivaji Maharaj Terminus,
lfm25v,LEAK_img_0690_mixed_leak,open,country,France,India,
lfm25v,E1_img_0878_mixed_N1_k1_P1,open,item,Temple of Baal,Umm ar-Rasas,
lfm25v,E1_img_0878_mixed_N1_k1_P1,open,country,Syria,Jordan,
lfm25v,E1_img_0878_mixed_N2_k2_P1,open,item,Ruins of a stone structure,Umm ar-Rasas,
lfm25v,E1_img_0878_mixed_N3_k2_P1,open,item,Castle of Lindos,Umm ar-Rasas,
lfm25v,E1_img_0878_mixed_N3_k2_P1,open,country,Greece,Jordan,
lfm25v,E1_img_0878_mixed_N4_k2_P1,open,item,Great Temple of Hercules,Umm ar-Rasas,
lfm25v,E2_img_0878_mixed_N5_k1_P1,open,item,Great Wall of China,Umm ar-Rasas,
lfm25v,E2_img_0878_mixed_N5_k2_P1,open,item,Great Mosque of Aleppo,Umm ar-Rasas,
lfm25v,E2_img_0878_mixed_N5_k2_P1,open,country,Syria,Jordan,
lfm25v,E2_img_0878_mixed_N5_k3_P1,open,item,Great Temple of Bel,Umm ar-Rasas,
lfm25v,E2_img_0878_mixed_N5_k3_P1,open,country,Mexico,Jordan,
lfm25v,E2_img_0878_mixed_N5_k4_P1,open,item,Ancient ruins,Umm ar-Rasas,
lfm25v,E2_img_0878_mixed_N5_k5_P1,open,item,Great Temple of Amun,Umm ar-Rasas,
lfm25v,E2_img_0878_mixed_N5_k5_P1,open,country,Egypt,Jordan,
lfm25v,LEAK_img_0878_mixed_leak,open,item,Eiffel Tower,Umm ar-Rasas,
lfm25v,LEAK_img_0878_mixed_leak,open,country,France,Jordan,
lfm25v,E3_img_0878_near_N2_k2_P1,open,item,Ancient Roman ruins,Umm ar-Rasas,
lfm25v,E3_img_0878_near_N5_k1_P1,open,item,Great Mosque of Aleppo,Umm ar-Rasas,
lfm25v,E3_img_0878_near_N5_k1_P1,open,country,Syria,Jordan,
lfm25v,E3_img_0878_far_N2_k2_P1,open,item,Ruins of a stone structure,Umm ar-Rasas,
lfm25v,E3_img_0878_far_N5_k1_P1,open,item,Great Temple of Bel,Umm ar-Rasas,
lfm25v,E3_img_0878_far_N5_k1_P1,open,country,Syria,Jordan,
lfm25v,E1_img_0704_mixed_N1_k1_P1,open,item,Cathedral of Lima,Cusco Cathedral,
lfm25v,E1_img_0704_mixed_N2_k1_P1,open,item,Cathedral of Lima,Cusco Cathedral,
lfm25v,E1_img_0704_mixed_N3_k3_P1,open,item,Church of the Society of Jesus,Cusco Cathedral,
lfm25v,E1_img_0704_mixed_N4_k3_P1,open,item,Cathedral of Lima,Cusco Cathedral,
lfm25v,LEAK_img_0704_mixed_leak,open,item,Eiffel Tower,Cusco Cathedral,
lfm25v,LEAK_img_0704_mixed_leak,open,country,France,Peru,
lfm25v,LEAK_img_0653_mixed_leak,open,item,Eiffel Tower,Acropolis of Athens,
lfm25v,LEAK_img_0653_mixed_leak,open,country,France,Greece,
lfm25v,E1_img_0651_mixed_N1_k1_P1,open,item,Fraumünster Abbey,Abbey of Saint Gall,
lfm25v,E1_img_0651_mixed_N2_k1_P1,open,item,Fraumünster Abbey,Abbey of Saint Gall,
lfm25v,E1_img_0651_mixed_N4_k1_P1,open,item,Fraumünster Abbey,Abbey of Saint Gall,
lfm25v,E2_img_0651_mixed_N5_k1_P1,open,item,Fraumünster Abbey,Abbey of Saint Gall,
lfm25v,E2_img_0651_mixed_N5_k2_P1,open,item,University of St Andrews,Abbey of Saint Gall,
lfm25v,E2_img_0651_mixed_N5_k2_P1,open,country,Scotland,Switzerland,
lfm25v,E2_img_0651_mixed_N5_k3_P1,open,item,Nymphenburg Palace,Abbey of Saint Gall,
lfm25v,E2_img_0651_mixed_N5_k3_P1,open,country,Germany,Switzerland,
lfm25v,E2_img_0651_mixed_N5_k4_P1,open,item,University of St. Gallen,Abbey of Saint Gall,
lfm25v,LEAK_img_0651_mixed_leak,open,item,Eiffel Tower,Abbey of Saint Gall,
lfm25v,E3_img_0651_near_N2_k1_P1,open,item,Bernese Palace,Abbey of Saint Gall,
lfm25v,E3_img_0651_near_N5_k4_P1,open,item,University of Bern,Abbey of Saint Gall,
lfm25v,E3_img_0651_far_N2_k1_P1,open,item,St. Peter's Abbey,Abbey of Saint Gall,
lfm25v,E1_img_0668_mixed_N2_k2_P1,open,item,Stairs in the Hills,Bom Jesus do Monte,
lfm25v,E1_img_0668_mixed_N3_k3_P1,open,item,Escadaria de São Pedro,Bom Jesus do Monte,
lfm25v,E1_img_0668_mixed_N4_k2_P1,open,item,Stairs in the Hills,Bom Jesus do Monte,
lfm25v,E2_img_0668_mixed_N5_k1_P1,open,item,Stairs in the Hillside,Bom Jesus do Monte,
lfm25v,E2_img_0668_mixed_N5_k2_P1,open,item,Stairs in the Hills,Bom Jesus do Monte,
lfm25v,E2_img_0668_mixed_N5_k3_P1,open,country,Brazil,Portugal,
lfm25v,E2_img_0668_mixed_N5_k4_P1,open,item,Stairs in the Pena National Palace,Bom Jesus do Monte,
lfm25v,E2_img_0668_mixed_N5_k5_P1,open,item,Stairs in the Hillside,Bom Jesus do Monte,
lfm25v,LEAK_img_0668_mixed_leak,open,item,Eiffel Tower,Bom Jesus do Monte,
lfm25v,LEAK_img_0668_mixed_leak,open,country,France,Portugal,
lfm25v,E3_img_0668_near_N5_k5_P1,open,item,Stairs in the Hills,Bom Jesus do Monte,
lfm25v,E3_img_0668_far_N2_k2_P1,open,item,Escadaria de São Pedro,Bom Jesus do Monte,
lfm25v,E3_img_0668_far_N5_k5_P1,open,item,Stairs in the Hills,Bom Jesus do Monte,
lfm25v,E1_img_0809_mixed_N1_k1_P1,open,item,Angkor Wat,Preah Vihear Temple,
lfm25v,E1_img_0809_mixed_N2_k1_P1,open,item,Angkor Wat,Preah Vihear Temple,
lfm25v,E1_img_0809_mixed_N3_k1_P1,open,item,Angkor Wat,Preah Vihear Temple,
lfm25v,E1_img_0809_mixed_N4_k3_P1,open,item,Angkor Wat,Preah Vihear Temple,
lfm25v,E2_img_0809_mixed_N5_k1_P1,open,item,Angkor Wat,Preah Vihear Temple,
lfm25v,E2_img_0809_mixed_N5_k2_P1,open,item,Angkor Wat,Preah Vihear Temple,
lfm25v,E2_img_0809_mixed_N5_k3_P1,open,item,Angkor Wat,Preah Vihear Temple,
lfm25v,E2_img_0809_mixed_N5_k4_P1,open,item,Angkor Wat,Preah Vihear Temple,
lfm25v,E2_img_0809_mixed_N5_k5_P1,open,item,Angkor Wat,Preah Vihear Temple,
lfm25v,LEAK_img_0809_mixed_leak,open,item,Eiffel Tower,Preah Vihear Temple,
lfm25v,LEAK_img_0809_mixed_leak,open,country,France,Cambodia,
lfm25v,E3_img_0809_near_N2_k1_P1,open,item,Angkor Wat,Preah Vihear Temple,
lfm25v,E3_img_0809_near_N5_k1_P1,open,item,Angkor Wat,Preah Vihear Temple,
lfm25v,E3_img_0809_far_N2_k1_P1,open,item,Angkor Wat,Preah Vihear Temple,
lfm25v,E3_img_0809_far_N5_k1_P1,open,item,Angkor Wat,Preah Vihear Temple,
lfm25v,E5_img_0809_mixed_N1_k1_P2,open,item,Angkor Wat,Preah Vihear Temple,
lfm25v,E5_img_0809_mixed_N2_k1_P2,open,item,Angkor Wat,Preah Vihear Temple,
lfm25v,E5_img_0809_mixed_N3_k1_P2,open,item,Angkor Wat,Preah Vihear Temple,
lfm25v,E5_img_0809_mixed_N4_k3_P2,open,item,Angkor Wat,Preah Vihear Temple,
lfm25v,E5_img_0809_mixed_N5_k1_P2,open,item,Angkor Wat,Preah Vihear Temple,
lfm25v,E5_img_0809_mixed_N1_k1_P3,open,item,Angkor Wat,Preah Vihear Temple,
lfm25v,E5_img_0809_mixed_N2_k1_P3,open,item,Angkor Wat,Preah Vihear Temple,
lfm25v,E5_img_0809_mixed_N3_k1_P3,open,item,Angkor Wat,Preah Vihear Temple,
lfm25v,E5_img_0809_mixed_N4_k3_P3,open,item,Angkor Wat,Preah Vihear Temple,
lfm25v,E5_img_0809_mixed_N5_k1_P3,open,item,Angkor Wat,Preah Vihear Temple,
lfm25v,E6_img_0809_mixed_N1_k1_P4,open,item,Angkor Wat,Preah Vihear Temple,
lfm25v,E6_img_0809_mixed_N2_k1_P4,open,item,Angkor Wat,Preah Vihear Temple,
lfm25v,E6_img_0809_mixed_N3_k1_P4,open,item,Angkor Wat,Preah Vihear Temple,
lfm25v,E6_img_0809_mixed_N4_k3_P4,open,item,Angkor Wat,Preah Vihear Temple,
lfm25v,E6_img_0809_mixed_N5_k1_P4,open,item,Angkor Wat,Preah Vihear Temple,
lfm25v,E1_img_0723_mixed_N1_k1_P1,open,item,Palacio de la Almudena,General Archive of the Indies,
lfm25v,E1_img_0723_mixed_N2_k2_P1,open,item,Palacio de la Almudena,General Archive of the Indies,
lfm25v,E1_img_0723_mixed_N3_k2_P1,open,item,Plaza de España,General Archive of the Indies,
lfm25v,E1_img_0723_mixed_N4_k4_P1,open,item,Palacio de la Almudena,General Archive of the Indies,
lfm25v,E2_img_0723_mixed_N5_k1_P1,open,item,Palacio de la Almudena,General Archive of the Indies,
lfm25v,E2_img_0723_mixed_N5_k2_P1,open,item,Palacio de la Almudena,General Archive of the Indies,
lfm25v,E2_img_0723_mixed_N5_k3_P1,open,item,Palacio de la Almudena,General Archive of the Indies,
lfm25v,E2_img_0723_mixed_N5_k4_P1,open,item,Palacio de la Almudena,General Archive of the Indies,
lfm25v,E2_img_0723_mixed_N5_k5_P1,open,item,Palacio de la Almudena,General Archive of the Indies,
lfm25v,LEAK_img_0723_mixed_leak,open,item,Eiffel Tower,General Archive of the Indies,
lfm25v,E3_img_0723_near_N2_k2_P1,open,item,Palacio de la Almudena,General Archive of the Indies,
lfm25v,E3_img_0723_near_N5_k2_P1,open,item,Palacio de la Almudena,General Archive of the Indies,
lfm25v,E3_img_0723_far_N2_k2_P1,open,item,Palacio de la Almudena,General Archive of the Indies,
lfm25v,E3_img_0723_far_N5_k2_P1,open,item,Plaza de España,General Archive of the Indies,
lfm25v,E1_img_0715_mixed_N1_k1_P1,open,item,Pöckel,Fagus Factory,
lfm25v,E1_img_0715_mixed_N2_k1_P1,open,item,Pöckelberg Factory,Fagus Factory,
lfm25v,E1_img_0715_mixed_N3_k3_P1,open,item,Pöckel,Fagus Factory,
lfm25v,E1_img_0715_mixed_N4_k1_P1,open,item,Pöckelberg,Fagus Factory,
lfm25v,E2_img_0715_mixed_N5_k1_P1,open,item,Pöckelberg,Fagus Factory,
lfm25v,E2_img_0715_mixed_N5_k2_P1,open,item,Pabst Brewing Company Building,Fagus Factory,
lfm25v,E2_img_0715_mixed_N5_k3_P1,open,item,Pöckel,Fagus Factory,
lfm25v,E2_img_0715_mixed_N5_k4_P1,open,item,Pöckelberg,Fagus Factory,
lfm25v,E2_img_0715_mixed_N5_k5_P1,open,item,Pöckelberg,Fagus Factory,
lfm25v,LEAK_img_0715_mixed_leak,open,item,Eiffel Tower,Fagus Factory,
lfm25v,E3_img_0715_near_N2_k1_P1,open,item,Pöckelberg,Fagus Factory,
lfm25v,E3_img_0715_near_N5_k3_P1,open,item,Pöckl,Fagus Factory,
lfm25v,E3_img_0715_near_N5_k3_P1,open,country,Austria,Germany,
lfm25v,E3_img_0715_far_N2_k1_P1,open,item,Pöckel,Fagus Factory,
lfm25v,E3_img_0715_far_N5_k3_P1,open,item,Pöckl,Fagus Factory,
lfm25v,E3_img_0715_far_N5_k3_P1,open,country,Austria,Germany,
lfm25v,LEAK_img_0854_mixed_leak,open,item,Eiffel Tower,Sydney Opera House,
lfm25v,LEAK_img_0854_mixed_leak,open,country,France,Australia,
lfm25v,E1_img_0811_mixed_N1_k1_P1,open,item,Quseir Amra,Qal’at al Bahrain,
lfm25v,E1_img_0811_mixed_N1_k1_P1,open,country,Jordan,Bahrain,
lfm25v,E1_img_0811_mixed_N2_k1_P1,open,item,Great Ziggurat of Ur,Qal’at al Bahrain,
lfm25v,E1_img_0811_mixed_N2_k1_P1,open,country,Iraq,Bahrain,
lfm25v,E1_img_0811_mixed_N3_k2_P1,open,item,City of David,Qal’at al Bahrain,
lfm25v,E1_img_0811_mixed_N3_k2_P1,open,country,Israel,Bahrain,
lfm25v,E1_img_0811_mixed_N4_k3_P1,open,item,Temple of the Sacred Tooth Relic,Qal’at al Bahrain,
lfm25v,E1_img_0811_mixed_N4_k3_P1,open,country,Sri Lanka,Bahrain,
lfm25v,E2_img_0811_mixed_N5_k1_P1,open,item,Great Ziggurat of Ur,Qal’at al Bahrain,
lfm25v,E2_img_0811_mixed_N5_k1_P1,open,country,Iraq,Bahrain,
lfm25v,E2_img_0811_mixed_N5_k2_P1,open,item,Archaeological site,Qal’at al Bahrain,
lfm25v,E2_img_0811_mixed_N5_k3_P1,open,item,Temple of the Sacred Heart of Jesus,Qal’at al Bahrain,
lfm25v,E2_img_0811_mixed_N5_k3_P1,open,country,Egypt,Bahrain,
lfm25v,E2_img_0811_mixed_N5_k4_P1,open,item,archaeological site,Qal’at al Bahrain,
lfm25v,E2_img_0811_mixed_N5_k5_P1,open,item,Great Ziggurat of Ur,Qal’at al Bahrain,
lfm25v,E2_img_0811_mixed_N5_k5_P1,open,country,Iraq,Bahrain,
lfm25v,LEAK_img_0811_mixed_leak,open,item,Eiffel Tower,Qal’at al Bahrain,
lfm25v,LEAK_img_0811_mixed_leak,open,country,France,Bahrain,
lfm25v,E3_img_0811_near_N2_k1_P1,open,item,Doha Museum of Islamic Art,Qal’at al Bahrain,
lfm25v,E3_img_0811_near_N2_k1_P1,open,country,Qatar,Bahrain,
lfm25v,E3_img_0811_near_N5_k5_P1,open,item,Dura-Europos,Qal’at al Bahrain,
lfm25v,E3_img_0811_near_N5_k5_P1,open,country,Syria,Bahrain,
lfm25v,E3_img_0811_far_N2_k1_P1,open,item,Qasr Hisham,Qal’at al Bahrain,
lfm25v,E3_img_0811_far_N2_k1_P1,open,country,Jordan,Bahrain,
lfm25v,E3_img_0811_far_N5_k5_P1,open,item,Dura-Europos,Qal’at al Bahrain,
lfm25v,E3_img_0811_far_N5_k5_P1,open,country,Syria,Bahrain,
lfm25v,E1_img_0696_mixed_N1_k1_P1,open,item,St. Nicholas Monastery,Church of the Saviour at Berestove,
lfm25v,E1_img_0696_mixed_N2_k2_P1,open,item,St. Nicholas Monastery,Church of the Saviour at Berestove,
lfm25v,E1_img_0696_mixed_N3_k3_P1,open,item,St. Nicholas Monastery,Church of the Saviour at Berestove,
lfm25v,E1_img_0696_mixed_N4_k4_P1,open,item,St. Nicholas Monastery,Church of the Saviour at Berestove,
lfm25v,E2_img_0696_mixed_N5_k1_P1,open,item,St. Nicholas Monastery,Church of the Saviour at Berestove,
lfm25v,E2_img_0696_mixed_N5_k2_P1,open,item,St. Nicholas Monastery,Church of the Saviour at Berestove,
lfm25v,E2_img_0696_mixed_N5_k3_P1,open,item,St. Nicholas Monastery,Church of the Saviour at Berestove,
lfm25v,E2_img_0696_mixed_N5_k4_P1,open,item,St. Nicholas Monastery,Church of the Saviour at Berestove,
lfm25v,E2_img_0696_mixed_N5_k5_P1,open,item,St. Nicholas Monastery,Church of the Saviour at Berestove,
lfm25v,LEAK_img_0696_mixed_leak,open,item,Eiffel Tower,Church of the Saviour at Berestove,
lfm25v,LEAK_img_0696_mixed_leak,open,country,France,Ukraine,
lfm25v,E3_img_0696_near_N2_k2_P1,open,item,St. Nicholas Monastery,Church of the Saviour at Berestove,
lfm25v,E3_img_0696_near_N5_k1_P1,open,item,St. Nicholas Church,Church of the Saviour at Berestove,
lfm25v,E3_img_0696_far_N2_k2_P1,open,item,St. Nicholas Monastery,Church of the Saviour at Berestove,
lfm25v,E3_img_0696_far_N5_k1_P1,open,item,St. Nicholas Monastery,Church of the Saviour at Berestove,
lfm25v,E1_img_0676_mixed_N1_k1_P1,open,item,Segovia Cathedral,Burgos Cathedral,
lfm25v,E1_img_0676_mixed_N2_k1_P1,open,item,Cathedral of Salamanca,Burgos Cathedral,
lfm25v,E1_img_0676_mixed_N3_k1_P1,open,item,Cathedral of Salamanca,Burgos Cathedral,
lfm25v,E2_img_0676_mixed_N5_k1_P1,open,item,Cathedral of Salamanca,Burgos Cathedral,
lfm25v,E2_img_0676_mixed_N5_k2_P1,open,item,Cathedral of Salamanca,Burgos Cathedral,
lfm25v,E2_img_0676_mixed_N5_k3_P1,open,item,Segovia Cathedral,Burgos Cathedral,
lfm25v,LEAK_img_0676_mixed_leak,open,item,Eiffel Tower,Burgos Cathedral,
lfm25v,E3_img_0676_near_N2_k1_P1,open,item,Cathedral of Salamanca,Burgos Cathedral,
lfm25v,E3_img_0676_far_N2_k1_P1,open,item,Cathedral of Salamanca,Burgos Cathedral,
lfm25v,E3_img_0676_far_N5_k2_P1,open,item,Cathedral of Salamanca,Burgos Cathedral,
lfm25v,E5_img_0676_mixed_N2_k1_P2,open,item,Cathedral of Salamanca,Burgos Cathedral,
lfm25v,E5_img_0676_mixed_N3_k1_P2,open,item,Cathedral of Salamanca,Burgos Cathedral,
lfm25v,E5_img_0676_mixed_N5_k2_P2,open,item,Cathedral of Salamanca,Burgos Cathedral,
lfm25v,E5_img_0676_mixed_N1_k1_P3,open,item,Cathedral of Salamanca,Burgos Cathedral,
lfm25v,E5_img_0676_mixed_N2_k1_P3,open,item,Cathedral of Salamanca,Burgos Cathedral,
lfm25v,E5_img_0676_mixed_N3_k1_P3,open,item,Cathedral of Salamanca,Burgos Cathedral,
lfm25v,E5_img_0676_mixed_N5_k2_P3,open,item,Cathedral of Salamanca,Burgos Cathedral,
lfm25v,E6_img_0676_mixed_N1_k1_P4,open,item,Segovia Cathedral,Burgos Cathedral,
lfm25v,E6_img_0676_mixed_N2_k1_P4,open,item,Segovia Cathedral,Burgos Cathedral,
lfm25v,E6_img_0676_mixed_N3_k1_P4,open,item,Segovia Cathedral,Burgos Cathedral,
lfm25v,E1_img_0772_mixed_N1_k1_P1,open,item,Kul Sharif Mosque,Mausoleum of Khoja Ahmed Yasawi,
lfm25v,E1_img_0772_mixed_N1_k1_P1,open,country,Uzbekistan,Kazakhstan,
lfm25v,E1_img_0772_mixed_N2_k2_P1,open,item,Registan,Mausoleum of Khoja Ahmed Yasawi,
lfm25v,E1_img_0772_mixed_N2_k2_P1,open,country,Uzbekistan,Kazakhstan,
lfm25v,E1_img_0772_mixed_N3_k2_P1,open,item,Registan,Mausoleum of Khoja Ahmed Yasawi,
lfm25v,E1_img_0772_mixed_N3_k2_P1,open,country,Uzbekistan,Kazakhstan,
lfm25v,E1_img_0772_mixed_N4_k2_P1,open,item,Kul Sharif Mosque,Mausoleum of Khoja Ahmed Yasawi,
lfm25v,E2_img_0772_mixed_N5_k1_P1,open,item,Kul Sharif Mosque,Mausoleum of Khoja Ahmed Yasawi,
lfm25v,E2_img_0772_mixed_N5_k1_P1,open,country,Uzbekistan,Kazakhstan,
lfm25v,E2_img_0772_mixed_N5_k2_P1,open,item,Registan,Mausoleum of Khoja Ahmed Yasawi,
lfm25v,E2_img_0772_mixed_N5_k2_P1,open,country,Uzbekistan,Kazakhstan,
lfm25v,E2_img_0772_mixed_N5_k3_P1,open,item,Kul Sharif Mosque,Mausoleum of Khoja Ahmed Yasawi,
lfm25v,E2_img_0772_mixed_N5_k4_P1,open,item,Kul Sharif Mosque,Mausoleum of Khoja Ahmed Yasawi,
lfm25v,E2_img_0772_mixed_N5_k4_P1,open,country,Uzbekistan,Kazakhstan,
lfm25v,E2_img_0772_mixed_N5_k5_P1,open,item,Registan,Mausoleum of Khoja Ahmed Yasawi,
lfm25v,E2_img_0772_mixed_N5_k5_P1,open,country,Uzbekistan,Kazakhstan,
lfm25v,LEAK_img_0772_mixed_leak,open,item,Eiffel Tower,Mausoleum of Khoja Ahmed Yasawi,
lfm25v,LEAK_img_0772_mixed_leak,open,country,France,Kazakhstan,
lfm25v,E3_img_0772_near_N2_k2_P1,open,item,Kul Sharif Mosque,Mausoleum of Khoja Ahmed Yasawi,
lfm25v,E3_img_0772_near_N2_k2_P1,open,country,Uzbekistan,Kazakhstan,
lfm25v,E3_img_0772_near_N5_k3_P1,open,item,Kul Sharif Mosque,Mausoleum of Khoja Ahmed Yasawi,
lfm25v,E3_img_0772_near_N5_k3_P1,open,country,Turkey,Kazakhstan,
lfm25v,E3_img_0772_far_N2_k2_P1,open,item,Kul Sharif Mosque,Mausoleum of Khoja Ahmed Yasawi,
lfm25v,E3_img_0772_far_N2_k2_P1,open,country,Uzbekistan,Kazakhstan,
lfm25v,E3_img_0772_far_N5_k3_P1,open,item,Kul Sharif Mosque,Mausoleum of Khoja Ahmed Yasawi,
lfm25v,E3_img_0772_far_N5_k3_P1,open,country,Azerbaijan,Kazakhstan,
lfm25v,E1_img_0667_mixed_N1_k1_P1,open,item,Krak des Chevaliers,Beaufort Castle,
lfm25v,E1_img_0667_mixed_N1_k1_P1,open,country,Syria,Lebanon,
lfm25v,E1_img_0667_mixed_N2_k1_P1,open,item,Castle of Lindos,Beaufort Castle,
lfm25v,E1_img_0667_mixed_N2_k1_P1,open,country,Greece,Lebanon,
lfm25v,E1_img_0667_mixed_N3_k3_P1,open,item,Castle of Lindos,Beaufort Castle,
lfm25v,E1_img_0667_mixed_N3_k3_P1,open,country,Greece,Lebanon,
lfm25v,E1_img_0667_mixed_N4_k3_P1,open,item,Castle of Lindos,Beaufort Castle,
lfm25v,E1_img_0667_mixed_N4_k3_P1,open,country,Greece,Lebanon,
lfm25v,E2_img_0667_mixed_N5_k1_P1,open,item,Krak des Chevaliers,Beaufort Castle,
lfm25v,E2_img_0667_mixed_N5_k1_P1,open,country,Syria,Lebanon,
lfm25v,E2_img_0667_mixed_N5_k2_P1,open,item,Krak des Chevaliers,Beaufort Castle,
lfm25v,E2_img_0667_mixed_N5_k2_P1,open,country,Syria,Lebanon,
lfm25v,E2_img_0667_mixed_N5_k3_P1,open,item,Krak des Chevaliers,Beaufort Castle,
lfm25v,E2_img_0667_mixed_N5_k3_P1,open,country,Syria,Lebanon,
lfm25v,E2_img_0667_mixed_N5_k4_P1,open,item,Castle of Lindos,Beaufort Castle,
lfm25v,E2_img_0667_mixed_N5_k4_P1,open,country,Greece,Lebanon,
lfm25v,E2_img_0667_mixed_N5_k5_P1,open,item,Krak des Chevaliers,Beaufort Castle,
lfm25v,E2_img_0667_mixed_N5_k5_P1,open,country,Syria,Lebanon,
lfm25v,LEAK_img_0667_mixed_leak,open,item,Eiffel Tower,Beaufort Castle,
lfm25v,E3_img_0667_near_N2_k1_P1,open,item,Castle of the Kings,Beaufort Castle,
lfm25v,E3_img_0667_near_N2_k1_P1,open,country,Jordan,Lebanon,
lfm25v,E3_img_0667_near_N5_k4_P1,open,item,Castle of the Kings,Beaufort Castle,
lfm25v,E3_img_0667_near_N5_k4_P1,open,country,Jordan,Lebanon,
lfm25v,E3_img_0667_far_N2_k1_P1,open,item,Castle of the Kings,Beaufort Castle,
lfm25v,E3_img_0667_far_N2_k1_P1,open,country,Jordan,Lebanon,
lfm25v,E3_img_0667_far_N5_k4_P1,open,item,Castle of the Kings,Beaufort Castle,
lfm25v,E3_img_0667_far_N5_k4_P1,open,country,Morocco,Lebanon,
lfm25v,E1_img_0655_mixed_N1_k1_P1,open,item,Ksar Ouled Soltane,Aït Benhaddou,
lfm25v,E1_img_0655_mixed_N2_k2_P1,open,item,Ksar Ouled Soltane,Aït Benhaddou,
lfm25v,E1_img_0655_mixed_N3_k1_P1,open,item,Ksar Ouled Soltane,Aït Benhaddou,
lfm25v,E1_img_0655_mixed_N4_k4_P1,open,item,Ksar Ouled Soltane,Aït Benhaddou,
lfm25v,E2_img_0655_mixed_N5_k1_P1,open,item,Ksar Ouled Soltane,Aït Benhaddou,
lfm25v,E2_img_0655_mixed_N5_k2_P1,open,item,Ksar Ouled Soltane,Aït Benhaddou,
lfm25v,E2_img_0655_mixed_N5_k3_P1,open,item,Ksar Ouled Soltane,Aït Benhaddou,
lfm25v,E2_img_0655_mixed_N5_k4_P1,open,item,Ksar Ouled Soltane,Aït Benhaddou,
lfm25v,E2_img_0655_mixed_N5_k5_P1,open,item,Ksar Ouled Soltane,Aït Benhaddou,
lfm25v,LEAK_img_0655_mixed_leak,open,item,Eiffel Tower,Aït Benhaddou,
lfm25v,LEAK_img_0655_mixed_leak,open,country,France,Morocco,
lfm25v,E3_img_0655_near_N2_k2_P1,open,item,Ksar Ouled Soltane,Aït Benhaddou,
lfm25v,E3_img_0655_near_N5_k5_P1,open,item,Ksar Ouled Soltane,Aït Benhaddou,
lfm25v,E3_img_0655_far_N2_k2_P1,open,item,Ksar Ouled Soltane,Aït Benhaddou,
lfm25v,E3_img_0655_far_N5_k5_P1,open,item,Ksar Ouled Soltane,Aït Benhaddou,
lfm25v,E5_img_0655_mixed_N1_k1_P2,open,item,Ksar Ouled Soltane,Aït Benhaddou,
lfm25v,E5_img_0655_mixed_N2_k2_P2,open,item,Ksar Ouled Soltane,Aït Benhaddou,
lfm25v,E5_img_0655_mixed_N3_k1_P2,open,item,Ksar Ouled Soltane,Aït Benhaddou,
lfm25v,E5_img_0655_mixed_N4_k4_P2,open,item,Ksar Ouled Soltane,Aït Benhaddou,
lfm25v,E5_img_0655_mixed_N5_k5_P2,open,item,Ksar Ouled Soltane,Aït Benhaddou,
lfm25v,E5_img_0655_mixed_N1_k1_P3,open,item,Ksar Ouled Soltane,Aït Benhaddou,
lfm25v,E5_img_0655_mixed_N2_k2_P3,open,item,Ksar Ouled Soltane,Aït Benhaddou,
lfm25v,E5_img_0655_mixed_N3_k1_P3,open,item,Ksar Ouled Soltane,Aït Benhaddou,
lfm25v,E5_img_0655_mixed_N4_k4_P3,open,item,Ksar Ouled Soltane,Aït Benhaddou,
lfm25v,E5_img_0655_mixed_N5_k5_P3,open,item,Ksar Ouled Soltane,Aït Benhaddou,
lfm25v,E6_img_0655_mixed_N1_k1_P4,open,item,Ksar Ouled Soltane,Aït Benhaddou,
lfm25v,E6_img_0655_mixed_N3_k1_P4,open,item,Ksar Ouled Soltane,Aït Benhaddou,
lfm25v,E6_img_0655_mixed_N4_k4_P4,open,item,Ksar Ouled Soltane,Aït Benhaddou,
lfm25v,E6_img_0655_mixed_N5_k5_P4,open,item,Ksar Ouled Soltane,Aït Benhaddou,
lfm25v,E1_img_0024_mixed_N1_k1_P1,open,item,Fez,Doppa,
lfm25v,E1_img_0024_mixed_N2_k1_P1,open,item,Fez,Doppa,
lfm25v,E1_img_0024_mixed_N3_k1_P1,open,item,Fez,Doppa,
lfm25v,E1_img_0024_mixed_N3_k1_P1,open,country,Morocco,Uzbekistan,
lfm25v,E1_img_0024_mixed_N4_k1_P1,open,item,Fez,Doppa,
lfm25v,E1_img_0024_mixed_N4_k1_P1,open,country,Morocco,Uzbekistan,
lfm25v,E2_img_0024_mixed_N5_k1_P1,open,item,Fez,Doppa,
lfm25v,E2_img_0024_mixed_N5_k1_P1,open,country,Morocco,Uzbekistan,
lfm25v,E2_img_0024_mixed_N5_k2_P1,open,item,Fez,Doppa,
lfm25v,E2_img_0024_mixed_N5_k2_P1,open,country,Morocco,Uzbekistan,
lfm25v,E2_img_0024_mixed_N5_k3_P1,open,item,Fez,Doppa,
lfm25v,E2_img_0024_mixed_N5_k3_P1,open,country,Morocco,Uzbekistan,
lfm25v,E2_img_0024_mixed_N5_k4_P1,open,item,Fez,Doppa,
lfm25v,E2_img_0024_mixed_N5_k5_P1,open,item,Fez,Doppa,
lfm25v,LEAK_img_0024_mixed_leak,open,item,Kimono,Doppa,
lfm25v,E3_img_0024_near_N2_k1_P1,open,item,Fez,Doppa,
lfm25v,E3_img_0024_near_N5_k1_P1,open,item,Fez,Doppa,
lfm25v,E3_img_0024_near_N5_k1_P1,open,country,Morocco,Uzbekistan,
lfm25v,E3_img_0024_far_N2_k1_P1,open,item,Fez,Doppa,
lfm25v,E3_img_0024_far_N2_k1_P1,open,country,Morocco,Uzbekistan,
lfm25v,E3_img_0024_far_N5_k1_P1,open,item,Fez,Doppa,
lfm25v,E3_img_0024_far_N5_k1_P1,open,country,Morocco,Uzbekistan,
lfm25v,E5_img_0024_mixed_N1_k1_P2,open,item,Fez,Doppa,
lfm25v,E5_img_0024_mixed_N1_k1_P2,open,country,Morocco,Uzbekistan,
lfm25v,E5_img_0024_mixed_N2_k1_P2,open,item,Fez,Doppa,
lfm25v,E5_img_0024_mixed_N2_k1_P2,open,country,Morocco,Uzbekistan,
lfm25v,E5_img_0024_mixed_N3_k1_P2,open,item,Fez,Doppa,
lfm25v,E5_img_0024_mixed_N3_k1_P2,open,country,Morocco,Uzbekistan,
lfm25v,E5_img_0024_mixed_N4_k1_P2,open,item,Fez,Doppa,
lfm25v,E5_img_0024_mixed_N4_k1_P2,open,country,Morocco,Uzbekistan,
lfm25v,E5_img_0024_mixed_N5_k1_P2,open,item,Fez,Doppa,
lfm25v,E5_img_0024_mixed_N5_k1_P2,open,country,Morocco,Uzbekistan,
lfm25v,E5_img_0024_mixed_N1_k1_P3,open,item,Fez,Doppa,
lfm25v,E5_img_0024_mixed_N2_k1_P3,open,item,Fez,Doppa,
lfm25v,E5_img_0024_mixed_N2_k1_P3,open,country,Morocco,Uzbekistan,
lfm25v,E5_img_0024_mixed_N3_k1_P3,open,item,Fez,Doppa,
lfm25v,E5_img_0024_mixed_N3_k1_P3,open,country,Morocco,Uzbekistan,
lfm25v,E5_img_0024_mixed_N4_k1_P3,open,item,Fez,Doppa,
lfm25v,E5_img_0024_mixed_N4_k1_P3,open,country,Morocco,Uzbekistan,
lfm25v,E5_img_0024_mixed_N5_k1_P3,open,item,Fez,Doppa,
lfm25v,E5_img_0024_mixed_N5_k1_P3,open,country,Morocco,Uzbekistan,
lfm25v,E6_img_0024_mixed_N1_k1_P4,open,item,Fez,Doppa,
lfm25v,E6_img_0024_mixed_N2_k1_P4,open,item,Fez,Doppa,
lfm25v,E6_img_0024_mixed_N3_k1_P4,open,item,Fez,Doppa,
lfm25v,E6_img_0024_mixed_N4_k1_P4,open,item,Fez,Doppa,
lfm25v,E6_img_0024_mixed_N5_k1_P4,open,item,Fez,Doppa,
lfm25v,E1_img_0004_mixed_N1_k1_P1,open,item,Cardigan,Aran jumper,
lfm25v,E1_img_0004_mixed_N2_k2_P1,open,item,Cardigan,Aran jumper,
lfm25v,E1_img_0004_mixed_N3_k2_P1,open,item,Cardigan,Aran jumper,
lfm25v,E1_img_0004_mixed_N4_k2_P1,open,item,Cardigan,Aran jumper,
lfm25v,E2_img_0004_mixed_N5_k1_P1,open,item,Cardigan,Aran jumper,
lfm25v,E2_img_0004_mixed_N5_k2_P1,open,item,Cardigan,Aran jumper,
lfm25v,E2_img_0004_mixed_N5_k3_P1,open,item,Cardigan,Aran jumper,
lfm25v,E2_img_0004_mixed_N5_k4_P1,open,item,Cardigan,Aran jumper,
lfm25v,E2_img_0004_mixed_N5_k5_P1,open,item,Cardigan,Aran jumper,
lfm25v,LEAK_img_0004_mixed_leak,open,item,Kimono,Aran jumper,
lfm25v,E3_img_0004_near_N2_k2_P1,open,item,Cardigan,Aran jumper,
lfm25v,E3_img_0004_near_N5_k2_P1,open,item,Cardigan,Aran jumper,
lfm25v,E3_img_0004_far_N2_k2_P1,open,item,Cardigan,Aran jumper,
lfm25v,E3_img_0004_far_N5_k2_P1,open,item,Cardigan,Aran jumper,
lfm25v,E1_img_0020_mixed_N1_k1_P1,open,item,Knitted hat,Chilote cap,
lfm25v,E1_img_0020_mixed_N2_k1_P1,open,item,Knitted hat,Chilote cap,
lfm25v,E1_img_0020_mixed_N3_k3_P1,open,item,Knitted hat,Chilote cap,
lfm25v,E1_img_0020_mixed_N4_k3_P1,open,item,Knitted hat,Chilote cap,
lfm25v,E2_img_0020_mixed_N5_k1_P1,open,item,Knitted hat,Chilote cap,
lfm25v,E2_img_0020_mixed_N5_k2_P1,open,item,Knitted hat,Chilote cap,
lfm25v,E2_img_0020_mixed_N5_k3_P1,open,item,Knitted hat,Chilote cap,
lfm25v,E2_img_0020_mixed_N5_k4_P1,open,item,Knitted hat,Chilote cap,
lfm25v,E2_img_0020_mixed_N5_k5_P1,open,item,Knitted hat,Chilote cap,
lfm25v,LEAK_img_0020_mixed_leak,open,item,Kimono,Chilote cap,
lfm25v,E3_img_0020_near_N2_k1_P1,open,item,Knitted hat,Chilote cap,
lfm25v,E3_img_0020_near_N5_k3_P1,open,item,Knitted hat,Chilote cap,
lfm25v,E3_img_0020_far_N2_k1_P1,open,item,Knitted hat,Chilote cap,
lfm25v,E3_img_0020_far_N5_k3_P1,open,item,Knitted hat,Chilote cap,
lfm25v,E1_img_0086_mixed_N1_k1_P1,open,item,Hijab,Yashmak,
lfm25v,E1_img_0086_mixed_N2_k2_P1,open,item,Headscarf,Yashmak,
lfm25v,E1_img_0086_mixed_N3_k1_P1,open,item,Veil,Yashmak,
lfm25v,E1_img_0086_mixed_N4_k4_P1,open,item,Fez,Yashmak,
lfm25v,E2_img_0086_mixed_N5_k1_P1,open,item,Veil,Yashmak,
lfm25v,E2_img_0086_mixed_N5_k2_P1,open,item,Headscarf,Yashmak,
lfm25v,E2_img_0086_mixed_N5_k3_P1,open,item,Hijab,Yashmak,
lfm25v,E2_img_0086_mixed_N5_k4_P1,open,item,Veil,Yashmak,
lfm25v,E2_img_0086_mixed_N5_k5_P1,open,item,Fez,Yashmak,
lfm25v,LEAK_img_0086_mixed_leak,open,item,Kimono,Yashmak,
lfm25v,LEAK_img_0086_mixed_leak,open,country,Japan,Turkey,
lfm25v,E3_img_0086_near_N2_k2_P1,open,item,Hijab,Yashmak,
lfm25v,E3_img_0086_near_N5_k4_P1,open,item,Hijab,Yashmak,
lfm25v,E3_img_0086_far_N2_k2_P1,open,item,Veil,Yashmak,
lfm25v,E3_img_0086_far_N5_k4_P1,open,item,Veil,Yashmak,
lfm25v,E5_img_0086_mixed_N1_k1_P2,open,item,Hijab,Yashmak,
lfm25v,E5_img_0086_mixed_N2_k2_P2,open,item,Fez,Yashmak,
lfm25v,E5_img_0086_mixed_N2_k2_P2,open,country,Morocco,Turkey,
lfm25v,E5_img_0086_mixed_N3_k1_P2,open,item,Veil,Yashmak,
lfm25v,E5_img_0086_mixed_N4_k4_P2,open,item,Feathered hat,Yashmak,
lfm25v,E5_img_0086_mixed_N5_k4_P2,open,item,Fez,Yashmak,
lfm25v,E5_img_0086_mixed_N5_k4_P2,open,country,Morocco,Turkey,
lfm25v,E5_img_0086_mixed_N1_k1_P3,open,item,Hijab,Yashmak,
lfm25v,E5_img_0086_mixed_N2_k2_P3,open,item,headscarf,Yashmak,
lfm25v,E5_img_0086_mixed_N3_k1_P3,open,item,Veiled Woman,Yashmak,
lfm25v,E5_img_0086_mixed_N4_k4_P3,open,item,Feathered hat,Yashmak,
lfm25v,E5_img_0086_mixed_N5_k4_P3,open,item,Veil,Yashmak,
lfm25v,E6_img_0086_mixed_N1_k1_P4,open,item,Hijab,Yashmak,
lfm25v,E6_img_0086_mixed_N2_k2_P4,open,item,Headscarf,Yashmak,
lfm25v,E6_img_0086_mixed_N3_k1_P4,open,item,Headscarf,Yashmak,
lfm25v,E6_img_0086_mixed_N4_k4_P4,open,item,Headscarf,Yashmak,
lfm25v,E6_img_0086_mixed_N5_k4_P4,open,item,Headscarf,Yashmak,
lfm25v,E1_img_0029_mixed_N1_k1_P1,open,item,Kilim,Geringsing,
lfm25v,E1_img_0029_mixed_N1_k1_P1,open,country,Turkey,Indonesia,
lfm25v,E1_img_0029_mixed_N2_k1_P1,open,item,Kilim,Geringsing,
lfm25v,E1_img_0029_mixed_N2_k1_P1,open,country,Turkey,Indonesia,
lfm25v,E1_img_0029_mixed_N3_k2_P1,open,item,Kilim,Geringsing,
lfm25v,E1_img_0029_mixed_N3_k2_P1,open,country,Turkey,Indonesia,
lfm25v,E1_img_0029_mixed_N4_k1_P1,open,item,Kilim,Geringsing,
lfm25v,E1_img_0029_mixed_N4_k1_P1,open,country,Turkey,Indonesia,
lfm25v,E2_img_0029_mixed_N5_k1_P1,open,item,Kilim,Geringsing,
lfm25v,E2_img_0029_mixed_N5_k1_P1,open,country,Turkey,Indonesia,
lfm25v,E2_img_0029_mixed_N5_k2_P1,open,item,Kilim,Geringsing,
lfm25v,E2_img_0029_mixed_N5_k2_P1,open,country,Turkey,Indonesia,
lfm25v,E2_img_0029_mixed_N5_k3_P1,open,item,Kilim,Geringsing,
lfm25v,E2_img_0029_mixed_N5_k3_P1,open,country,Turkey,Indonesia,
lfm25v,E2_img_0029_mixed_N5_k4_P1,open,item,Kilim,Geringsing,
lfm25v,E2_img_0029_mixed_N5_k5_P1,open,item,Kilim,Geringsing,
lfm25v,E2_img_0029_mixed_N5_k5_P1,open,country,Turkey,Indonesia,
lfm25v,LEAK_img_0029_mixed_leak,open,item,Kimono,Geringsing,
lfm25v,LEAK_img_0029_mixed_leak,open,country,Japan,Indonesia,
lfm25v,E3_img_0029_near_N2_k1_P1,open,item,Kilim,Geringsing,
lfm25v,E3_img_0029_near_N5_k5_P1,open,item,Kilim,Geringsing,
lfm25v,E3_img_0029_far_N2_k1_P1,open,item,Kilim,Geringsing,
lfm25v,E3_img_0029_far_N2_k1_P1,open,country,Turkey,Indonesia,
lfm25v,E3_img_0029_far_N5_k5_P1,open,item,Kilim,Geringsing,
lfm25v,E1_img_0025_mixed_N1_k1_P1,open,item,Traditional garment,Frimla,
lfm25v,E1_img_0025_mixed_N2_k2_P1,open,item,Traditional dress,Frimla,
lfm25v,E1_img_0025_mixed_N2_k2_P1,open,country,Morocco,Algeria,
lfm25v,E1_img_0025_mixed_N3_k3_P1,open,item,Traditional dress,Frimla,
lfm25v,E1_img_0025_mixed_N3_k3_P1,open,country,Morocco,Algeria,
lfm25v,E1_img_0025_mixed_N4_k2_P1,open,item,Headdress,Frimla,
lfm25v,E1_img_0025_mixed_N4_k2_P1,open,country,Morocco,Algeria,
lfm25v,E2_img_0025_mixed_N5_k1_P1,open,item,Traditional dress,Frimla,
lfm25v,E2_img_0025_mixed_N5_k1_P1,open,country,Morocco,Algeria,
lfm25v,E2_img_0025_mixed_N5_k2_P1,open,item,Headdress,Frimla,
lfm25v,E2_img_0025_mixed_N5_k2_P1,open,country,Morocco,Algeria,
lfm25v,E2_img_0025_mixed_N5_k3_P1,open,item,Traditional dress,Frimla,
lfm25v,E2_img_0025_mixed_N5_k3_P1,open,country,Morocco,Algeria,
lfm25v,E2_img_0025_mixed_N5_k4_P1,open,item,Headdress,Frimla,
lfm25v,E2_img_0025_mixed_N5_k4_P1,open,country,Morocco,Algeria,
lfm25v,E2_img_0025_mixed_N5_k5_P1,open,item,Traditional dress,Frimla,
lfm25v,E2_img_0025_mixed_N5_k5_P1,open,country,Morocco,Algeria,
lfm25v,LEAK_img_0025_mixed_leak,open,item,Kimono,Frimla,
lfm25v,LEAK_img_0025_mixed_leak,open,country,Japan,Algeria,
lfm25v,E3_img_0025_near_N2_k2_P1,open,item,Traditional dress,Frimla,
lfm25v,E3_img_0025_near_N5_k1_P1,open,item,Traditional dress,Frimla,
lfm25v,E3_img_0025_far_N2_k2_P1,open,item,Traditional dress,Frimla,
lfm25v,E3_img_0025_far_N5_k1_P1,open,item,Traditional dress,Frimla,
lfm25v,E3_img_0025_far_N5_k1_P1,open,country,Morocco,Algeria,
lfm25v,E1_img_0026_mixed_N1_k1_P1,open,item,Bikini,Fundoshi,
lfm25v,E1_img_0026_mixed_N2_k1_P1,open,item,Swimsuit,Fundoshi,
lfm25v,E1_img_0026_mixed_N3_k1_P1,open,item,Bikini,Fundoshi,
lfm25v,E1_img_0026_mixed_N4_k3_P1,open,item,Swimsuit,Fundoshi,
lfm25v,E2_img_0026_mixed_N5_k1_P1,open,item,Bikini,Fundoshi,
lfm25v,E2_img_0026_mixed_N5_k2_P1,open,item,Swimsuit,Fundoshi,
lfm25v,E2_img_0026_mixed_N5_k3_P1,open,item,Swimsuit,Fundoshi,
lfm25v,E2_img_0026_mixed_N5_k4_P1,open,item,Swimsuit,Fundoshi,
lfm25v,E2_img_0026_mixed_N5_k5_P1,open,item,Bikini,Fundoshi,
lfm25v,LEAK_img_0026_mixed_leak,open,item,Kimono,Fundoshi,
lfm25v,E3_img_0026_near_N2_k1_P1,open,item,Bikini,Fundoshi,
lfm25v,E3_img_0026_near_N5_k2_P1,open,item,Swimsuit,Fundoshi,
lfm25v,E3_img_0026_far_N2_k1_P1,open,item,Bikini,Fundoshi,
lfm25v,E3_img_0026_far_N5_k2_P1,open,item,Swimsuit,Fundoshi,
lfm25v,E5_img_0026_mixed_N1_k1_P2,open,item,Bikini,Fundoshi,
lfm25v,E5_img_0026_mixed_N2_k1_P2,open,item,Bikini,Fundoshi,
lfm25v,E5_img_0026_mixed_N3_k1_P2,open,item,Bikini,Fundoshi,
lfm25v,E5_img_0026_mixed_N4_k3_P2,open,item,Bikini,Fundoshi,
lfm25v,E5_img_0026_mixed_N5_k2_P2,open,item,Swimsuit,Fundoshi,
lfm25v,E5_img_0026_mixed_N1_k1_P3,open,item,Bikini,Fundoshi,
lfm25v,E5_img_0026_mixed_N2_k1_P3,open,item,Swimsuit,Fundoshi,
lfm25v,E5_img_0026_mixed_N3_k1_P3,open,item,Swimsuit,Fundoshi,
lfm25v,E5_img_0026_mixed_N4_k3_P3,open,item,Swimsuit,Fundoshi,
lfm25v,E5_img_0026_mixed_N5_k2_P3,open,item,Swimsuit,Fundoshi,
lfm25v,E6_img_0026_mixed_N1_k1_P4,open,item,Bikini,Fundoshi,
lfm25v,E6_img_0026_mixed_N2_k1_P4,open,item,Bikini,Fundoshi,
lfm25v,E6_img_0026_mixed_N3_k1_P4,open,item,Bikini,Fundoshi,
lfm25v,E6_img_0026_mixed_N4_k3_P4,open,item,Bikini,Fundoshi,
lfm25v,E6_img_0026_mixed_N5_k2_P4,open,item,Swimsuit,Fundoshi,
lfm25v,E1_img_0030_mixed_N1_k1_P1,open,item,Kente cloth,Ghanaian smock,
lfm25v,E1_img_0030_mixed_N2_k2_P1,open,item,Kente cloth,Ghanaian smock,
lfm25v,E1_img_0030_mixed_N3_k2_P1,open,item,Traditional garment,Ghanaian smock,
lfm25v,E1_img_0030_mixed_N4_k4_P1,open,item,Striped garment,Ghanaian smock,
lfm25v,E2_img_0030_mixed_N5_k1_P1,open,item,Striped garment,Ghanaian smock,
lfm25v,E2_img_0030_mixed_N5_k2_P1,open,item,Traditional garment,Ghanaian smock,
lfm25v,E2_img_0030_mixed_N5_k3_P1,open,item,Kente cloth,Ghanaian smock,
lfm25v,E2_img_0030_mixed_N5_k4_P1,open,item,Traditional garment,Ghanaian smock,
lfm25v,E2_img_0030_mixed_N5_k5_P1,open,item,Striped garment,Ghanaian smock,
lfm25v,LEAK_img_0030_mixed_leak,open,item,Kimono,Ghanaian smock,
lfm25v,E3_img_0030_near_N2_k2_P1,open,item,Kente cloth,Ghanaian smock,
lfm25v,E3_img_0030_near_N5_k3_P1,open,item,Kente cloth,Ghanaian smock,
lfm25v,E3_img_0030_far_N2_k2_P1,open,item,Kente cloth,Ghanaian smock,
lfm25v,E3_img_0030_far_N5_k3_P1,open,item,Kente cloth,Ghanaian smock,
lfm25v,E1_img_0008_mixed_N1_k1_P1,open,item,Kilt,Belted plaid,
lfm25v,E1_img_0008_mixed_N2_k1_P1,open,item,Kilt,Belted plaid,
lfm25v,E1_img_0008_mixed_N3_k3_P1,open,item,Kilt,Belted plaid,
lfm25v,E1_img_0008_mixed_N4_k1_P1,open,item,Kilt,Belted plaid,
lfm25v,E2_img_0008_mixed_N5_k1_P1,open,item,Kilt,Belted plaid,
lfm25v,E2_img_0008_mixed_N5_k2_P1,open,item,Kilt,Belted plaid,
lfm25v,E2_img_0008_mixed_N5_k3_P1,open,item,Kilt,Belted plaid,
lfm25v,E2_img_0008_mixed_N5_k4_P1,open,item,Kilt,Belted plaid,
lfm25v,E2_img_0008_mixed_N5_k5_P1,open,item,Kilt,Belted plaid,
lfm25v,LEAK_img_0008_mixed_leak,open,item,Kimono,Belted plaid,
lfm25v,E3_img_0008_near_N2_k1_P1,open,item,Kilt,Belted plaid,
lfm25v,E3_img_0008_near_N5_k4_P1,open,item,Kilt,Belted plaid,
lfm25v,E3_img_0008_far_N2_k1_P1,open,item,Kilt,Belted plaid,
lfm25v,E3_img_0008_far_N5_k4_P1,open,item,Kilt,Belted plaid,
lfm25v,LEAK_img_0085_mixed_leak,open,item,Kimono,Ushanka,
lfm25v,E1_img_0063_mixed_N1_k1_P1,open,item,Tunic,Perizoma,
lfm25v,E1_img_0063_mixed_N2_k1_P1,open,item,Tunic,Perizoma,
lfm25v,E1_img_0063_mixed_N3_k2_P1,open,item,Tunic,Perizoma,
lfm25v,E1_img_0063_mixed_N4_k3_P1,open,item,Tunic,Perizoma,
lfm25v,E2_img_0063_mixed_N5_k1_P1,open,item,Tunic,Perizoma,
lfm25v,E2_img_0063_mixed_N5_k2_P1,open,item,Tunic,Perizoma,
lfm25v,E2_img_0063_mixed_N5_k3_P1,open,item,Tunic,Perizoma,
lfm25v,E2_img_0063_mixed_N5_k4_P1,open,item,Tunic,Perizoma,
lfm25v,E2_img_0063_mixed_N5_k5_P1,open,item,Tunic,Perizoma,
lfm25v,LEAK_img_0063_mixed_leak,open,item,Kimono,Perizoma,
lfm25v,LEAK_img_0063_mixed_leak,open,country,Japan,Greece,
lfm25v,E3_img_0063_near_N2_k1_P1,open,item,Tunic,Perizoma,
lfm25v,E3_img_0063_near_N5_k1_P1,open,item,Tunic,Perizoma,
lfm25v,E3_img_0063_far_N2_k1_P1,open,item,Tunic,Perizoma,
lfm25v,E3_img_0063_far_N5_k1_P1,open,item,Tunic,Perizoma,
lfm25v,E1_img_0009_mixed_N1_k1_P1,open,item,Kurta,Birke topi,
lfm25v,E1_img_0009_mixed_N2_k2_P1,open,item,Dhoti,Birke topi,
lfm25v,E1_img_0009_mixed_N3_k3_P1,open,item,Dhoti,Birke topi,
lfm25v,E1_img_0009_mixed_N4_k4_P1,open,item,Turban,Birke topi,
lfm25v,E2_img_0009_mixed_N5_k1_P1,open,item,Dhaka Nawabchay,Birke topi,
lfm25v,E2_img_0009_mixed_N5_k1_P1,open,country,Bangladesh,Nepal,
lfm25v,E2_img_0009_mixed_N5_k2_P1,open,item,Dhoti,Birke topi,
lfm25v,E2_img_0009_mixed_N5_k3_P1,open,item,Dhoti,Birke topi,
lfm25v,E2_img_0009_mixed_N5_k4_P1,open,item,Khaki uniform,Birke topi,
lfm25v,E2_img_0009_mixed_N5_k5_P1,open,item,Durbar Suit,Birke topi,
lfm25v,LEAK_img_0009_mixed_leak,open,item,Kimono,Birke topi,
lfm25v,LEAK_img_0009_mixed_leak,open,country,Japan,Nepal,
lfm25v,E3_img_0009_near_N2_k2_P1,open,item,Dhoti,Birke topi,
lfm25v,E3_img_0009_near_N5_k2_P1,open,item,Khukuri,Birke topi,
lfm25v,E3_img_0009_far_N2_k2_P1,open,item,Dhoti,Birke topi,
lfm25v,E3_img_0009_far_N5_k2_P1,open,item,Khukuri,Birke topi,
lfm25v,E1_img_0027_mixed_N1_k1_P1,open,item,Kimono,Gakuran,
lfm25v,E1_img_0027_mixed_N2_k1_P1,open,item,Jacket,Gakuran,
lfm25v,E1_img_0027_mixed_N3_k1_P1,open,item,Kimono,Gakuran,
lfm25v,E1_img_0027_mixed_N4_k1_P1,open,item,Jacket,Gakuran,
lfm25v,E2_img_0027_mixed_N5_k1_P1,open,item,Kimono,Gakuran,
lfm25v,E2_img_0027_mixed_N5_k2_P1,open,item,Kimono,Gakuran,
lfm25v,E2_img_0027_mixed_N5_k3_P1,open,item,Suit jacket,Gakuran,
lfm25v,E2_img_0027_mixed_N5_k4_P1,open,item,Jacket,Gakuran,
lfm25v,E2_img_0027_mixed_N5_k5_P1,open,item,Jacket,Gakuran,
lfm25v,LEAK_img_0027_mixed_leak,open,item,Kimono,Gakuran,
lfm25v,E3_img_0027_near_N2_k1_P1,open,item,Jacket,Gakuran,
lfm25v,E3_img_0027_near_N5_k3_P1,open,item,Kanzai,Gakuran,
lfm25v,E3_img_0027_far_N2_k1_P1,open,item,Kimono,Gakuran,
lfm25v,E3_img_0027_far_N5_k3_P1,open,item,Shima,Gakuran,
lfm25v,E5_img_0027_mixed_N1_k1_P2,open,item,Kimono,Gakuran,
lfm25v,E5_img_0027_mixed_N2_k1_P2,open,item,Kimono,Gakuran,
lfm25v,E5_img_0027_mixed_N3_k1_P2,open,item,Kimono,Gakuran,
lfm25v,E5_img_0027_mixed_N4_k1_P2,open,item,Kimono,Gakuran,
lfm25v,E5_img_0027_mixed_N5_k3_P2,open,item,Suit jacket,Gakuran,
lfm25v,E5_img_0027_mixed_N1_k1_P3,open,item,Kimono,Gakuran,
lfm25v,E5_img_0027_mixed_N2_k1_P3,open,item,Jacket,Gakuran,
lfm25v,E5_img_0027_mixed_N3_k1_P3,open,item,Jacket,Gakuran,
lfm25v,E5_img_0027_mixed_N4_k1_P3,open,item,Kimono,Gakuran,
lfm25v,E5_img_0027_mixed_N5_k3_P3,open,item,Suit jacket,Gakuran,
lfm25v,E6_img_0027_mixed_N1_k1_P4,open,item,Black jacket with mandarin collar,Gakuran,
lfm25v,E6_img_0027_mixed_N2_k1_P4,open,item,Kimono,Gakuran,
lfm25v,E6_img_0027_mixed_N3_k1_P4,open,item,Kimono,Gakuran,
lfm25v,E6_img_0027_mixed_N4_k1_P4,open,item,Kimono,Gakuran,
lfm25v,E6_img_0027_mixed_N5_k3_P4,open,item,Kimono,Gakuran,
lfm25v,E1_img_0035_mixed_N1_k1_P1,open,item,Skirt,Haramaki,
lfm25v,E1_img_0035_mixed_N2_k2_P1,open,item,Skirt,Haramaki,
lfm25v,E1_img_0035_mixed_N3_k2_P1,open,item,Skirt,Haramaki,
lfm25v,E1_img_0035_mixed_N4_k2_P1,open,item,Skirt,Haramaki,
lfm25v,E2_img_0035_mixed_N5_k1_P1,open,item,Skirt,Haramaki,
lfm25v,E2_img_0035_mixed_N5_k2_P1,open,item,Skirt,Haramaki,
lfm25v,E2_img_0035_mixed_N5_k3_P1,open,item,Skirt,Haramaki,
lfm25v,E2_img_0035_mixed_N5_k4_P1,open,item,Skirt,Haramaki,
lfm25v,E2_img_0035_mixed_N5_k5_P1,open,item,Skirt,Haramaki,
lfm25v,LEAK_img_0035_mixed_leak,open,item,Kimono,Haramaki,
lfm25v,E3_img_0035_near_N2_k2_P1,open,item,Skirt,Haramaki,
lfm25v,E3_img_0035_near_N5_k4_P1,open,item,Skirt,Haramaki,
lfm25v,E3_img_0035_far_N2_k2_P1,open,item,Skirt,Haramaki,
lfm25v,E3_img_0035_far_N5_k4_P1,open,item,Skirt,Haramaki,
lfm25v,E1_img_0023_mixed_N1_k1_P1,open,item,Kente cloth,Dirac,
lfm25v,E1_img_0023_mixed_N1_k1_P1,open,country,Ghana,Somalia,
lfm25v,E1_img_0023_mixed_N2_k1_P1,open,item,Thobe,Dirac,
lfm25v,E1_img_0023_mixed_N3_k3_P1,open,item,Kente cloth,Dirac,
lfm25v,E1_img_0023_mixed_N3_k3_P1,open,country,Ghana,Somalia,
lfm25v,E1_img_0023_mixed_N4_k3_P1,open,item,Kente cloth,Dirac,
lfm25v,E1_img_0023_mixed_N4_k3_P1,open,country,Ghana,Somalia,
lfm25v,E2_img_0023_mixed_N5_k1_P1,open,item,Thobe,Dirac,
lfm25v,E2_img_0023_mixed_N5_k2_P1,open,item,Thobe,Dirac,
lfm25v,E2_img_0023_mixed_N5_k3_P1,open,item,Sari,Dirac,
lfm25v,E2_img_0023_mixed_N5_k4_P1,open,item,Thobe,Dirac,
lfm25v,E2_img_0023_mixed_N5_k5_P1,open,item,Kente cloth,Dirac,
lfm25v,E2_img_0023_mixed_N5_k5_P1,open,country,Ghana,Somalia,
lfm25v,LEAK_img_0023_mixed_leak,open,item,Kimono,Dirac,
lfm25v,E3_img_0023_near_N2_k1_P1,open,item,Thobe,Dirac,
lfm25v,E3_img_0023_near_N5_k5_P1,open,item,Thobe,Dirac,
lfm25v,E3_img_0023_far_N2_k1_P1,open,item,Thobe,Dirac,
lfm25v,E3_img_0023_far_N5_k5_P1,open,item,Kente cloth,Dirac,
lfm25v,E3_img_0023_far_N5_k5_P1,open,country,Ghana,Somalia,
lfm25v,E1_img_0002_mixed_N1_k1_P1,open,item,Áo dài,Áo bà ba,
lfm25v,E1_img_0002_mixed_N2_k2_P1,open,item,Áo dài,Áo bà ba,
lfm25v,E1_img_0002_mixed_N3_k1_P1,open,item,Traditional Vietnamese garment,Áo bà ba,
lfm25v,E1_img_0002_mixed_N4_k4_P1,open,item,Áo dài,Áo bà ba,
lfm25v,E2_img_0002_mixed_N5_k1_P1,open,item,Traditional Vietnamese garment,Áo bà ba,
lfm25v,E2_img_0002_mixed_N5_k2_P1,open,item,Traditional Vietnamese clothing,Áo bà ba,
lfm25v,E2_img_0002_mixed_N5_k3_P1,open,item,Traditional Vietnamese clothing,Áo bà ba,
lfm25v,E2_img_0002_mixed_N5_k4_P1,open,item,Traditional Vietnamese clothing,Áo bà ba,
lfm25v,E2_img_0002_mixed_N5_k5_P1,open,item,Áo dài,Áo bà ba,
lfm25v,LEAK_img_0002_mixed_leak,open,item,Kimono,Áo bà ba,
lfm25v,LEAK_img_0002_mixed_leak,open,country,Japan,Vietnam,
lfm25v,E3_img_0002_near_N2_k2_P1,open,item,Áo dài,Áo bà ba,
lfm25v,E3_img_0002_near_N5_k1_P1,open,item,Traditional Vietnamese garment,Áo bà ba,
lfm25v,E3_img_0002_far_N2_k2_P1,open,item,Áo dài,Áo bà ba,
lfm25v,E3_img_0002_far_N5_k1_P1,open,item,Traditional Vietnamese garment,Áo bà ba,
lfm25v,E5_img_0002_mixed_N1_k1_P2,open,item,Áo dài,Áo bà ba,
lfm25v,E5_img_0002_mixed_N2_k2_P2,open,item,Áo dài,Áo bà ba,
lfm25v,E5_img_0002_mixed_N3_k1_P2,open,item,Traditional Vietnamese garment,Áo bà ba,
lfm25v,E5_img_0002_mixed_N4_k4_P2,open,item,Áo dài,Áo bà ba,
lfm25v,E5_img_0002_mixed_N5_k1_P2,open,item,Traditional Vietnamese garment,Áo bà ba,
lfm25v,E5_img_0002_mixed_N1_k1_P3,open,item,Traditional garment,Áo bà ba,
lfm25v,E5_img_0002_mixed_N2_k2_P3,open,item,Straw hat,Áo bà ba,
lfm25v,E5_img_0002_mixed_N3_k1_P3,open,item,Traditional Vietnamese garment,Áo bà ba,
lfm25v,E5_img_0002_mixed_N4_k4_P3,open,item,Traditional Vietnamese clothing,Áo bà ba,
lfm25v,E5_img_0002_mixed_N5_k1_P3,open,item,Traditional Vietnamese garment,Áo bà ba,
lfm25v,E6_img_0002_mixed_N1_k1_P4,open,item,Áo dài,Áo bà ba,
lfm25v,E6_img_0002_mixed_N2_k2_P4,open,item,Áo dài,Áo bà ba,
lfm25v,E6_img_0002_mixed_N3_k1_P4,open,item,Traditional Vietnamese garment,Áo bà ba,
lfm25v,E6_img_0002_mixed_N4_k4_P4,open,item,Traditional Vietnamese clothing,Áo bà ba,
lfm25v,E6_img_0002_mixed_N5_k1_P4,open,item,Traditional Vietnamese clothing,Áo bà ba,
lfm25v,E1_img_0055_mixed_N1_k1_P1,open,item,Kente cloth,Mushanana,
lfm25v,E1_img_0055_mixed_N1_k1_P1,open,country,Ghana,Rwanda,
lfm25v,E1_img_0055_mixed_N2_k1_P1,open,item,Dahoba,Mushanana,
lfm25v,E1_img_0055_mixed_N2_k1_P1,open,country,Ghana,Rwanda,
lfm25v,E1_img_0055_mixed_N3_k2_P1,open,item,Kente cloth,Mushanana,
lfm25v,E1_img_0055_mixed_N3_k2_P1,open,country,Ghana,Rwanda,
lfm25v,E1_img_0055_mixed_N4_k1_P1,open,item,Kente cloth,Mushanana,
lfm25v,E1_img_0055_mixed_N4_k1_P1,open,country,Ghana,Rwanda,
lfm25v,E2_img_0055_mixed_N5_k1_P1,open,item,Kente cloth,Mushanana,
lfm25v,E2_img_0055_mixed_N5_k1_P1,open,country,Ghana,Rwanda,
lfm25v,E2_img_0055_mixed_N5_k2_P1,open,item,Kente cloth,Mushanana,
lfm25v,E2_img_0055_mixed_N5_k2_P1,open,country,Ghana,Rwanda,
lfm25v,E2_img_0055_mixed_N5_k3_P1,open,item,Kente cloth,Mushanana,
lfm25v,E2_img_0055_mixed_N5_k3_P1,open,country,Ghana,Rwanda,
lfm25v,E2_img_0055_mixed_N5_k4_P1,open,item,Dhoti,Mushanana,
lfm25v,E2_img_0055_mixed_N5_k5_P1,open,item,Dhoti,Mushanana,
lfm25v,LEAK_img_0055_mixed_leak,open,item,Kimono,Mushanana,
lfm25v,LEAK_img_0055_mixed_leak,open,country,Japan,Rwanda,
lfm25v,E3_img_0055_near_N2_k1_P1,open,item,Saree,Mushanana,
lfm25v,E3_img_0055_near_N2_k1_P1,open,country,India,Rwanda,
lfm25v,E3_img_0055_near_N5_k2_P1,open,item,Dhoti,Mushanana,
lfm25v,E3_img_0055_far_N2_k1_P1,open,item,Dahaka,Mushanana,
lfm25v,E3_img_0055_far_N2_k1_P1,open,country,Mali,Rwanda,
lfm25v,E3_img_0055_far_N5_k2_P1,open,item,Saree,Mushanana,
lfm25v,E3_img_0055_far_N5_k2_P1,open,country,India,Rwanda,
lfm25v,LEAK_img_0076_mixed_leak,open,item,Kimono,Songkok,
lfm25v,LEAK_img_0076_mixed_leak,open,country,Japan,Indonesia,
lfm25v,E1_img_0001_mixed_N1_k1_P1,open,item,Clogs,Abarka,
lfm25v,E1_img_0001_mixed_N2_k1_P1,open,item,Clog,Abarka,
lfm25v,E1_img_0001_mixed_N3_k1_P1,open,item,Clogs,Abarka,
lfm25v,E2_img_0001_mixed_N5_k1_P1,open,item,Clogs,Abarka,
lfm25v,E2_img_0001_mixed_N5_k2_P1,open,item,Clogs,Abarka,
lfm25v,E2_img_0001_mixed_N5_k3_P1,open,item,Moccasins,Abarka,
lfm25v,E3_img_0001_near_N2_k1_P1,open,item,Clogs,Abarka,
lfm25v,E3_img_0001_near_N5_k4_P1,open,item,Traditional shoes,Abarka,
lfm25v,E3_img_0001_far_N2_k1_P1,open,item,Clogs,Abarka,
lfm25v,E3_img_0001_far_N5_k4_P1,open,item,Clog,Abarka,
lfm25v,E5_img_0001_mixed_N1_k1_P2,open,item,Clogs,Abarka,
lfm25v,E5_img_0001_mixed_N2_k1_P2,open,item,Clogs,Abarka,
lfm25v,E5_img_0001_mixed_N3_k1_P2,open,item,Clogs,Abarka,
lfm25v,E5_img_0001_mixed_N4_k3_P2,open,item,traditional shoes,Abarka,
lfm25v,E5_img_0001_mixed_N5_k4_P2,open,item,Traditional shoes,Abarka,
lfm25v,E5_img_0001_mixed_N1_k1_P3,open,item,moccasin,Abarka,
lfm25v,E5_img_0001_mixed_N2_k1_P3,open,item,Traditional Shoes,Abarka,
lfm25v,E5_img_0001_mixed_N3_k1_P3,open,item,Traditional Shoes,Abarka,
lfm25v,E5_img_0001_mixed_N4_k3_P3,open,item,Shoes,Abarka,
lfm25v,E5_img_0001_mixed_N5_k4_P3,open,item,Shoes,Abarka,
lfm25v,E6_img_0001_mixed_N1_k1_P4,open,item,moccasin,Abarka,
lfm25v,E6_img_0001_mixed_N2_k1_P4,open,item,Moccasins,Abarka,
lfm25v,E6_img_0001_mixed_N3_k1_P4,open,item,Moccasins,Abarka,
lfm25v,E6_img_0001_mixed_N4_k3_P4,open,item,Traditional shoes,Abarka,
lfm25v,E6_img_0001_mixed_N5_k4_P4,open,item,Traditional shoes,Abarka,
lfm25v,E1_img_0069_mixed_N1_k1_P1,open,item,Hanbok,Saekdongot,
lfm25v,E1_img_0069_mixed_N2_k2_P1,open,item,Hanbok,Saekdongot,
lfm25v,E1_img_0069_mixed_N3_k2_P1,open,item,Hanbok,Saekdongot,
lfm25v,E1_img_0069_mixed_N4_k4_P1,open,item,Hanbok,Saekdongot,
lfm25v,E2_img_0069_mixed_N5_k1_P1,open,item,Hanbok,Saekdongot,
lfm25v,E2_img_0069_mixed_N5_k2_P1,open,item,Hanbok,Saekdongot,
lfm25v,E2_img_0069_mixed_N5_k3_P1,open,item,Hanbok,Saekdongot,
lfm25v,E2_img_0069_mixed_N5_k4_P1,open,item,Hanbok,Saekdongot,
lfm25v,E2_img_0069_mixed_N5_k5_P1,open,item,Hanbok,Saekdongot,
lfm25v,E3_img_0069_near_N2_k2_P1,open,item,Hanbok,Saekdongot,
lfm25v,E3_img_0069_near_N5_k5_P1,open,item,Hanbok,Saekdongot,
lfm25v,E3_img_0069_far_N2_k2_P1,open,item,Hanbok,Saekdongot,
lfm25v,E3_img_0069_far_N5_k5_P1,open,item,Hanbok,Saekdongot,
lfm25v,E1_img_0011_mixed_N1_k1_P1,open,item,White dress,Bolero,
lfm25v,E1_img_0011_mixed_N2_k1_P1,open,item,Dress,Bolero,
lfm25v,E1_img_0011_mixed_N3_k3_P1,open,item,Dress,Bolero,
lfm25v,E1_img_0011_mixed_N4_k1_P1,open,item,White dress,Bolero,
lfm25v,E2_img_0011_mixed_N5_k1_P1,open,item,White dress,Bolero,
lfm25v,E2_img_0011_mixed_N5_k2_P1,open,item,Dress,Bolero,
lfm25v,E2_img_0011_mixed_N5_k3_P1,open,item,Dress,Bolero,
lfm25v,E2_img_0011_mixed_N5_k4_P1,open,item,Dress,Bolero,
lfm25v,E2_img_0011_mixed_N5_k5_P1,open,item,Dress,Bolero,
lfm25v,LEAK_img_0011_mixed_leak,open,item,Kimono,Bolero,
lfm25v,E3_img_0011_near_N2_k1_P1,open,item,White dress with jacket,Bolero,
lfm25v,E3_img_0011_near_N5_k1_P1,open,item,White dress with jacket,Bolero,
lfm25v,E3_img_0011_far_N2_k1_P1,open,item,White dress,Bolero,
lfm25v,E3_img_0011_far_N5_k1_P1,open,item,White dress,Bolero,
lfm25v,E1_img_0028_mixed_N1_k1_P1,open,item,Traditional garment,Gandoura,
lfm25v,E1_img_0028_mixed_N2_k2_P1,open,item,Thobe,Gandoura,
lfm25v,E1_img_0028_mixed_N3_k1_P1,open,item,Traditional attire,Gandoura,
lfm25v,E1_img_0028_mixed_N4_k2_P1,open,item,Thobe,Gandoura,
lfm25v,E2_img_0028_mixed_N5_k1_P1,open,item,Bride's traditional dress,Gandoura,
lfm25v,E2_img_0028_mixed_N5_k2_P1,open,item,Thobe,Gandoura,
lfm25v,E2_img_0028_mixed_N5_k3_P1,open,item,Thobe,Gandoura,
lfm25v,E2_img_0028_mixed_N5_k4_P1,open,item,Thobe,Gandoura,
lfm25v,E2_img_0028_mixed_N5_k5_P1,open,item,Thobe,Gandoura,
lfm25v,LEAK_img_0028_mixed_leak,open,item,Kimono,Gandoura,
lfm25v,E3_img_0028_near_N2_k2_P1,open,item,Dress,Gandoura,
lfm25v,E3_img_0028_near_N5_k2_P1,open,item,Thobe,Gandoura,
lfm25v,E3_img_0028_far_N2_k2_P1,open,item,Thobe,Gandoura,
lfm25v,E3_img_0028_far_N5_k2_P1,open,item,Thobe,Gandoura,
lfm25v,E5_img_0028_mixed_N1_k1_P2,open,item,Thobe,Gandoura,
lfm25v,E5_img_0028_mixed_N1_k1_P2,open,country,Saudi Arabia,Algeria,
lfm25v,E5_img_0028_mixed_N2_k2_P2,open,item,Thobe,Gandoura,
lfm25v,E5_img_0028_mixed_N3_k1_P2,open,item,Thobe,Gandoura,
lfm25v,E5_img_0028_mixed_N3_k1_P2,open,country,United Arab Emirates,Algeria,
lfm25v,E5_img_0028_mixed_N4_k2_P2,open,item,Thobe,Gandoura,
lfm25v,E5_img_0028_mixed_N4_k2_P2,open,country,United Arab Emirates,Algeria,
lfm25v,E5_img_0028_mixed_N5_k2_P2,open,item,Thobe,Gandoura,
lfm25v,E5_img_0028_mixed_N5_k2_P2,open,country,Saudi Arabia,Algeria,
lfm25v,E5_img_0028_mixed_N1_k1_P3,open,item,Traditional garment,Gandoura,
lfm25v,E5_img_0028_mixed_N2_k2_P3,open,item,Traditional Wedding Attire,Gandoura,
lfm25v,E5_img_0028_mixed_N3_k1_P3,open,item,Traditional Garment,Gandoura,
lfm25v,E5_img_0028_mixed_N4_k2_P3,open,item,Traditional Wedding Attire,Gandoura,
lfm25v,E5_img_0028_mixed_N5_k2_P3,open,item,Traditional Wedding Attire,Gandoura,
lfm25v,E6_img_0028_mixed_N1_k1_P4,open,item,Thobe,Gandoura,
lfm25v,E6_img_0028_mixed_N2_k2_P4,open,item,Thobe,Gandoura,
lfm25v,E6_img_0028_mixed_N3_k1_P4,open,item,Bride's traditional dress,Gandoura,
lfm25v,E6_img_0028_mixed_N4_k2_P4,open,item,Thobe,Gandoura,
lfm25v,E6_img_0028_mixed_N5_k2_P4,open,item,Thobe,Gandoura,
lfm25v,E1_img_0052_mixed_N1_k1_P1,open,item,Burqa,M’laya,
lfm25v,E1_img_0052_mixed_N1_k1_P1,open,country,Morocco,Algeria,
lfm25v,E1_img_0052_mixed_N2_k1_P1,open,item,Burqa,M’laya,
lfm25v,E1_img_0052_mixed_N2_k1_P1,open,country,Mauritania,Algeria,
lfm25v,E1_img_0052_mixed_N3_k2_P1,open,item,Burqa,M’laya,
lfm25v,E1_img_0052_mixed_N3_k2_P1,open,country,Mauritania,Algeria,
lfm25v,E1_img_0052_mixed_N4_k3_P1,open,item,Burqa,M’laya,
lfm25v,E1_img_0052_mixed_N4_k3_P1,open,country,Mauritania,Algeria,
lfm25v,E2_img_0052_mixed_N5_k1_P1,open,item,Abaya,M’laya,
lfm25v,E2_img_0052_mixed_N5_k1_P1,open,country,Mauritania,Algeria,
lfm25v,E2_img_0052_mixed_N5_k2_P1,open,item,Abaya,M’laya,
lfm25v,E2_img_0052_mixed_N5_k2_P1,open,country,Mauritania,Algeria,
lfm25v,E2_img_0052_mixed_N5_k3_P1,open,item,Abaya,M’laya,
lfm25v,E2_img_0052_mixed_N5_k3_P1,open,country,Saudi Arabia,Algeria,
lfm25v,E2_img_0052_mixed_N5_k4_P1,open,item,Burqa,M’laya,
lfm25v,E2_img_0052_mixed_N5_k5_P1,open,item,Abaya,M’laya,
lfm25v,E2_img_0052_mixed_N5_k5_P1,open,country,Morocco,Algeria,
lfm25v,LEAK_img_0052_mixed_leak,open,item,Kimono,M’laya,
lfm25v,LEAK_img_0052_mixed_leak,open,country,Japan,Algeria,
lfm25v,E3_img_0052_near_N2_k1_P1,open,item,Burqa,M’laya,
lfm25v,E3_img_0052_near_N2_k1_P1,open,country,Mauritania,Algeria,
lfm25v,E3_img_0052_near_N5_k3_P1,open,item,Abaya,M’laya,
lfm25v,E3_img_0052_near_N5_k3_P1,open,country,Mauritania,Algeria,
lfm25v,E3_img_0052_far_N2_k1_P1,open,item,Burqa,M’laya,
lfm25v,E3_img_0052_far_N2_k1_P1,open,country,Mauritania,Algeria,
lfm25v,E3_img_0052_far_N5_k3_P1,open,item,Abaya,M’laya,
lfm25v,E3_img_0052_far_N5_k3_P1,open,country,Mauritania,Algeria,
lfm25v,E1_img_0060_mixed_N1_k1_P1,open,item,Hanfu,Panling Lanshan,
lfm25v,E1_img_0060_mixed_N2_k2_P1,open,item,Hanfu,Panling Lanshan,
lfm25v,E1_img_0060_mixed_N3_k3_P1,open,item,Hanfu,Panling Lanshan,
lfm25v,E1_img_0060_mixed_N4_k4_P1,open,item,Hanfu,Panling Lanshan,
lfm25v,E2_img_0060_mixed_N5_k1_P1,open,item,Hanfu,Panling Lanshan,
lfm25v,E2_img_0060_mixed_N5_k2_P1,open,item,Hanfu,Panling Lanshan,
lfm25v,E2_img_0060_mixed_N5_k3_P1,open,item,Hanfu,Panling Lanshan,
lfm25v,E2_img_0060_mixed_N5_k4_P1,open,item,Hanfu,Panling Lanshan,
lfm25v,E2_img_0060_mixed_N5_k5_P1,open,item,Hanfu,Panling Lanshan,
lfm25v,LEAK_img_0060_mixed_leak,open,item,Kimono,Panling Lanshan,
lfm25v,E3_img_0060_near_N2_k2_P1,open,item,Hanfu,Panling Lanshan,
lfm25v,E3_img_0060_near_N5_k4_P1,open,item,Hanfu,Panling Lanshan,
lfm25v,E3_img_0060_far_N2_k2_P1,open,item,Hanfu,Panling Lanshan,
lfm25v,E3_img_0060_far_N5_k4_P1,open,item,Hanfu,Panling Lanshan,
lfm25v,E1_img_0022_mixed_N2_k1_P1,open,item,Nepali cap (Dhoti),Dhaka topi,
lfm25v,E2_img_0022_mixed_N5_k4_P1,open,item,Traditional Nepali attire,Dhaka topi,
lfm25v,E2_img_0022_mixed_N5_k5_P1,open,item,Traditional attire,Dhaka topi,
lfm25v,LEAK_img_0022_mixed_leak,open,item,Kimono,Dhaka topi,
lfm25v,E5_img_0022_mixed_N2_k1_P2,open,item,Nepali cap (Dhoti),Dhaka topi,
lfm25v,E5_img_0022_mixed_N4_k1_P2,open,item,Nepali cap (Dhoti),Dhaka topi,
lfm25v,E5_img_0022_mixed_N5_k5_P2,open,item,Traditional attire,Dhaka topi,
lfm25v,E5_img_0022_mixed_N2_k1_P3,open,item,Traditional Nepali attire,Dhaka topi,
lfm25v,E5_img_0022_mixed_N3_k1_P3,open,item,Traditional Garment,Dhaka topi,
lfm25v,E5_img_0022_mixed_N4_k1_P3,open,item,Traditional Garment,Dhaka topi,
lfm25v,E6_img_0022_mixed_N1_k1_P4,open,item,Nepali cap (Dhoti),Dhaka topi,
lfm25v,E6_img_0022_mixed_N2_k1_P4,open,item,Nepali cap (Dhoti),Dhaka topi,
lfm25v,E6_img_0022_mixed_N3_k1_P4,open,item,Nepali cap (Dhoti),Dhaka topi,
lfm25v,E6_img_0022_mixed_N4_k1_P4,open,item,Nepali cap (Dhoti),Dhaka topi,
lfm25v,E6_img_0022_mixed_N5_k5_P4,open,item,Traditional suit,Dhaka topi,
lfm25v,E1_img_0010_mixed_N1_k1_P1,open,item,Turban,Blangkon,
lfm25v,E1_img_0010_mixed_N2_k2_P1,open,item,Turban,Blangkon,
lfm25v,E1_img_0010_mixed_N3_k2_P1,open,item,Turban,Blangkon,
lfm25v,E1_img_0010_mixed_N4_k2_P1,open,item,Turban,Blangkon,
lfm25v,E2_img_0010_mixed_N5_k1_P1,open,item,Turban,Blangkon,
lfm25v,E2_img_0010_mixed_N5_k2_P1,open,item,Turban,Blangkon,
lfm25v,E2_img_0010_mixed_N5_k3_P1,open,item,Turban,Blangkon,
lfm25v,E2_img_0010_mixed_N5_k4_P1,open,item,Turban,Blangkon,
lfm25v,E2_img_0010_mixed_N5_k5_P1,open,item,Turban,Blangkon,
lfm25v,LEAK_img_0010_mixed_leak,open,item,Kimono,Blangkon,
lfm25v,LEAK_img_0010_mixed_leak,open,country,Japan,Indonesia,
lfm25v,E3_img_0010_near_N2_k2_P1,open,item,Turban,Blangkon,
lfm25v,E3_img_0010_near_N5_k1_P1,open,item,Turban,Blangkon,
lfm25v,E3_img_0010_far_N2_k2_P1,open,item,Turban,Blangkon,
lfm25v,E3_img_0010_far_N5_k1_P1,open,item,Turban,Blangkon,
lfm25v,E1_img_0080_mixed_N1_k1_P1,open,item,Hat,Tembel hat,
lfm25v,E1_img_0080_mixed_N2_k1_P1,open,item,Hat,Tembel hat,
lfm25v,E1_img_0080_mixed_N3_k3_P1,open,item,Hat,Tembel hat,
lfm25v,E1_img_0080_mixed_N4_k3_P1,open,item,Hat,Tembel hat,
lfm25v,E2_img_0080_mixed_N5_k1_P1,open,item,Hat,Tembel hat,
lfm25v,E2_img_0080_mixed_N5_k2_P1,open,item,Hat,Tembel hat,
lfm25v,E2_img_0080_mixed_N5_k3_P1,open,item,Hat,Tembel hat,
lfm25v,E2_img_0080_mixed_N5_k4_P1,open,item,Hat,Tembel hat,
lfm25v,E2_img_0080_mixed_N5_k5_P1,open,item,Hat,Tembel hat,
lfm25v,LEAK_img_0080_mixed_leak,open,item,Kimono,Tembel hat,
lfm25v,LEAK_img_0080_mixed_leak,open,country,Japan,Israel,
lfm25v,E3_img_0080_near_N2_k1_P1,open,item,Hat,Tembel hat,
lfm25v,E3_img_0080_near_N5_k2_P1,open,item,Bucket hat,Tembel hat,
lfm25v,E3_img_0080_far_N2_k1_P1,open,item,Hat,Tembel hat,
lfm25v,E3_img_0080_far_N5_k2_P1,open,item,Hat,Tembel hat,
lfm25v,E1_img_0005_mixed_N1_k1_P1,open,item,Espadrille,Avarca,
lfm25v,E1_img_0005_mixed_N2_k2_P1,open,item,Slippers,Avarca,
lfm25v,E1_img_0005_mixed_N3_k1_P1,open,item,Espadrilles,Avarca,
lfm25v,E1_img_0005_mixed_N4_k4_P1,open,item,Espadrille,Avarca,
lfm25v,E2_img_0005_mixed_N5_k1_P1,open,item,Espadrilles,Avarca,
lfm25v,E2_img_0005_mixed_N5_k2_P1,open,item,Espadrilles,Avarca,
lfm25v,E2_img_0005_mixed_N5_k3_P1,open,item,Espadrilles,Avarca,
lfm25v,E2_img_0005_mixed_N5_k4_P1,open,item,Espadrilles,Avarca,
lfm25v,E2_img_0005_mixed_N5_k5_P1,open,item,Espadrille,Avarca,
lfm25v,LEAK_img_0005_mixed_leak,open,item,Kimono,Avarca,
lfm25v,LEAK_img_0005_mixed_leak,open,country,Japan,Spain,
lfm25v,E3_img_0005_near_N2_k2_P1,open,item,Slippers,Avarca,
lfm25v,E3_img_0005_near_N5_k3_P1,open,item,Slippers,Avarca,
lfm25v,E3_img_0005_far_N2_k2_P1,open,item,Espadrille,Avarca,
lfm25v,E3_img_0005_far_N5_k3_P1,open,item,Espadrille,Avarca,
lfm25v,E5_img_0005_mixed_N1_k1_P2,open,item,Espadrille,Avarca,
lfm25v,E5_img_0005_mixed_N2_k2_P2,open,item,Slippers,Avarca,
lfm25v,E5_img_0005_mixed_N3_k1_P2,open,item,Espadrilles,Avarca,
lfm25v,E5_img_0005_mixed_N4_k4_P2,open,item,Espadrilles,Avarca,
lfm25v,E5_img_0005_mixed_N5_k3_P2,open,item,Espadrilles,Avarca,
lfm25v,E5_img_0005_mixed_N1_k1_P3,open,item,Espadrille,Avarca,
lfm25v,E5_img_0005_mixed_N2_k2_P3,open,item,Slippers,Avarca,
lfm25v,E5_img_0005_mixed_N3_k1_P3,open,item,Espadrilles,Avarca,
lfm25v,E5_img_0005_mixed_N4_k4_P3,open,item,Slippers,Avarca,
lfm25v,E5_img_0005_mixed_N5_k3_P3,open,item,Slippers,Avarca,
lfm25v,E6_img_0005_mixed_N1_k1_P4,open,item,Espadrille,Avarca,
lfm25v,E6_img_0005_mixed_N2_k2_P4,open,item,Espadrille,Avarca,
lfm25v,E6_img_0005_mixed_N3_k1_P4,open,item,Espadrilles,Avarca,
lfm25v,E6_img_0005_mixed_N4_k4_P4,open,item,Espadrilles,Avarca,
lfm25v,E6_img_0005_mixed_N5_k3_P4,open,item,Espadrilles,Avarca,
lfm25v,E1_img_0032_mixed_N1_k1_P1,open,item,Shawl,Haapsalu shawl,
lfm25v,E1_img_0032_mixed_N2_k1_P1,open,item,Shawl,Haapsalu shawl,
lfm25v,E1_img_0032_mixed_N3_k2_P1,open,item,Shawl,Haapsalu shawl,
lfm25v,E1_img_0032_mixed_N4_k1_P1,open,item,Shawl,Haapsalu shawl,
lfm25v,E2_img_0032_mixed_N5_k1_P1,open,item,Scarf,Haapsalu shawl,
lfm25v,E2_img_0032_mixed_N5_k2_P1,open,item,Shawl,Haapsalu shawl,
lfm25v,E2_img_0032_mixed_N5_k3_P1,open,item,Shawl,Haapsalu shawl,
lfm25v,E2_img_0032_mixed_N5_k4_P1,open,item,Shawl,Haapsalu shawl,
lfm25v,E2_img_0032_mixed_N5_k5_P1,open,item,Shawl,Haapsalu shawl,
lfm25v,LEAK_img_0032_mixed_leak,open,item,Kimono,Haapsalu shawl,
lfm25v,LEAK_img_0032_mixed_leak,open,country,Japan,Estonia,
lfm25v,E3_img_0032_near_N2_k1_P1,open,item,Scarf,Haapsalu shawl,
lfm25v,E3_img_0032_near_N5_k4_P1,open,item,Lace shawl,Haapsalu shawl,
lfm25v,E3_img_0032_far_N2_k1_P1,open,item,Shawl,Haapsalu shawl,
lfm25v,E3_img_0032_far_N5_k4_P1,open,item,Shawl,Haapsalu shawl,
lfm25v,E1_img_0056_mixed_N1_k1_P1,open,item,Áo dài,Nón lá,
lfm25v,E1_img_0056_mixed_N2_k2_P1,open,item,Áo dài,Nón lá,
lfm25v,E1_img_0056_mixed_N3_k3_P1,open,item,Áo dài,Nón lá,
lfm25v,E1_img_0056_mixed_N4_k2_P1,open,item,Áo dài,Nón lá,
lfm25v,E2_img_0056_mixed_N5_k1_P1,open,item,Vietnamese dress,Nón lá,
lfm25v,E2_img_0056_mixed_N5_k2_P1,open,item,Vietnamese dress,Nón lá,
lfm25v,E2_img_0056_mixed_N5_k3_P1,open,item,Áo dài,Nón lá,
lfm25v,E2_img_0056_mixed_N5_k4_P1,open,item,Áo dài,Nón lá,
lfm25v,E2_img_0056_mixed_N5_k5_P1,open,item,Áo dài,Nón lá,
lfm25v,LEAK_img_0056_mixed_leak,open,item,Kimono,Nón lá,
lfm25v,LEAK_img_0056_mixed_leak,open,country,Japan,Vietnam,
lfm25v,E3_img_0056_near_N2_k2_P1,open,item,Áo dài,Nón lá,
lfm25v,E3_img_0056_near_N5_k5_P1,open,item,Áo dài,Nón lá,
lfm25v,E3_img_0056_far_N2_k2_P1,open,item,Áo dài,Nón lá,
lfm25v,E3_img_0056_far_N5_k5_P1,open,item,Áo dài,Nón lá,
lfm25v,E1_img_0051_mixed_N1_k1_P1,open,item,Juchu,Mexican pointy boot,
lfm25v,E1_img_0051_mixed_N2_k1_P1,open,item,Jutti,Mexican pointy boot,
lfm25v,E1_img_0051_mixed_N4_k3_P1,open,item,Jota,Mexican pointy boot,
lfm25v,E2_img_0051_mixed_N5_k1_P1,open,item,Juchu,Mexican pointy boot,
lfm25v,E2_img_0051_mixed_N5_k2_P1,open,item,Jenggara,Mexican pointy boot,
lfm25v,E2_img_0051_mixed_N5_k3_P1,open,item,Jenggol,Mexican pointy boot,
lfm25v,E2_img_0051_mixed_N5_k4_P1,open,item,Jenggol,Mexican pointy boot,
lfm25v,E2_img_0051_mixed_N5_k5_P1,open,item,Jenggam,Mexican pointy boot,
lfm25v,LEAK_img_0051_mixed_leak,open,item,Kimono,Mexican pointy boot,
lfm25v,E5_img_0051_mixed_N1_k1_P2,open,item,Juchu,Mexican pointy boot,
lfm25v,E5_img_0051_mixed_N2_k1_P2,open,item,Jutti,Mexican pointy boot,
lfm25v,E5_img_0051_mixed_N3_k1_P2,open,item,Jenggara,Mexican pointy boot,
lfm25v,E5_img_0051_mixed_N4_k3_P2,open,item,Juchu,Mexican pointy boot,
lfm25v,E5_img_0051_mixed_N5_k1_P2,open,item,Jenggara,Mexican pointy boot,
lfm25v,E5_img_0051_mixed_N1_k1_P3,open,item,Shoe,Mexican pointy boot,
lfm25v,E5_img_0051_mixed_N2_k1_P3,open,item,Traditional boot,Mexican pointy boot,
lfm25v,E5_img_0051_mixed_N4_k3_P3,open,item,Gladiator boot,Mexican pointy boot,
lfm25v,E5_img_0051_mixed_N5_k1_P3,open,item,Traditional boot,Mexican pointy boot,
lfm25v,E6_img_0051_mixed_N2_k1_P4,open,item,Juchu,Mexican pointy boot,
lfm25v,LEAK_img_0058_mixed_leak,open,item,Kimono,Palestinian keffiyeh,
lfm25v,E1_img_0054_mixed_N1_k1_P1,open,item,Thobe,Moroccan kaftan,
lfm25v,E1_img_0054_mixed_N2_k1_P1,open,item,Kimono,Moroccan kaftan,
lfm25v,E1_img_0054_mixed_N3_k3_P1,open,item,Thobe,Moroccan kaftan,
lfm25v,E1_img_0054_mixed_N4_k1_P1,open,item,Robe,Moroccan kaftan,
lfm25v,E2_img_0054_mixed_N5_k1_P1,open,item,Kimono,Moroccan kaftan,
lfm25v,E2_img_0054_mixed_N5_k2_P1,open,item,Robe,Moroccan kaftan,
lfm25v,E2_img_0054_mixed_N5_k3_P1,open,item,Robe,Moroccan kaftan,
lfm25v,E2_img_0054_mixed_N5_k4_P1,open,item,Robe,Moroccan kaftan,
lfm25v,E2_img_0054_mixed_N5_k5_P1,open,item,Robe,Moroccan kaftan,
lfm25v,LEAK_img_0054_mixed_leak,open,item,Kimono,Moroccan kaftan,
lfm25v,E3_img_0054_near_N2_k1_P1,open,item,Robe,Moroccan kaftan,
lfm25v,E3_img_0054_near_N5_k3_P1,open,item,Thobe,Moroccan kaftan,
lfm25v,E3_img_0054_far_N2_k1_P1,open,item,Robe,Moroccan kaftan,
lfm25v,E3_img_0054_far_N5_k3_P1,open,item,Robe,Moroccan kaftan,
lfm25v,E1_img_0036_mixed_N1_k1_P1,open,item,Agbada,Isiagu attire,
lfm25v,E1_img_0036_mixed_N2_k2_P1,open,item,Agbada,Isiagu attire,
lfm25v,E1_img_0036_mixed_N3_k1_P1,open,item,Agbada,Isiagu attire,
lfm25v,E1_img_0036_mixed_N4_k2_P1,open,item,Kente cloth,Isiagu attire,
lfm25v,E1_img_0036_mixed_N4_k2_P1,open,country,Ghana,Nigeria,
lfm25v,E2_img_0036_mixed_N5_k1_P1,open,item,Agbada,Isiagu attire,
lfm25v,E2_img_0036_mixed_N5_k2_P1,open,item,Kente cloth,Isiagu attire,
lfm25v,E2_img_0036_mixed_N5_k2_P1,open,country,Ghana,Nigeria,
lfm25v,E2_img_0036_mixed_N5_k3_P1,open,item,Agbada,Isiagu attire,
lfm25v,E2_img_0036_mixed_N5_k4_P1,open,item,Traditional African garment,Isiagu attire,
lfm25v,E2_img_0036_mixed_N5_k5_P1,open,item,Agbada,Isiagu attire,
lfm25v,LEAK_img_0036_mixed_leak,open,item,Kimono,Isiagu attire,
lfm25v,LEAK_img_0036_mixed_leak,open,country,Japan,Nigeria,
lfm25v,E3_img_0036_near_N2_k2_P1,open,item,Agbada,Isiagu attire,
lfm25v,E3_img_0036_near_N5_k4_P1,open,item,African traditional garment,Isiagu attire,
lfm25v,E3_img_0036_far_N2_k2_P1,open,item,Agbada,Isiagu attire,
lfm25v,E3_img_0036_far_N5_k4_P1,open,item,Dashiki,Isiagu attire,
lfm25v,E5_img_0036_mixed_N1_k1_P2,open,item,Agbada,Isiagu attire,
lfm25v,E5_img_0036_mixed_N2_k2_P2,open,item,Agbada,Isiagu attire,
lfm25v,E5_img_0036_mixed_N3_k1_P2,open,item,Agbada,Isiagu attire,
lfm25v,E5_img_0036_mixed_N4_k2_P2,open,item,Traditional African garment,Isiagu attire,
lfm25v,E5_img_0036_mixed_N5_k4_P2,open,item,Traditional African garment,Isiagu attire,
lfm25v,E5_img_0036_mixed_N1_k1_P3,open,item,Agbada,Isiagu attire,
lfm25v,E5_img_0036_mixed_N2_k2_P3,open,item,Traditional African shirt,Isiagu attire,
lfm25v,E5_img_0036_mixed_N3_k1_P3,open,item,Agbada,Isiagu attire,
lfm25v,E5_img_0036_mixed_N4_k2_P3,open,item,Traditional African attire,Isiagu attire,
lfm25v,E5_img_0036_mixed_N5_k4_P3,open,item,Traditional African attire,Isiagu attire,
lfm25v,E6_img_0036_mixed_N1_k1_P4,open,item,Agbada,Isiagu attire,
lfm25v,E6_img_0036_mixed_N2_k2_P4,open,item,Agbada,Isiagu attire,
lfm25v,E6_img_0036_mixed_N3_k1_P4,open,item,Agbada,Isiagu attire,
lfm25v,E6_img_0036_mixed_N4_k2_P4,open,item,African print shirt,Isiagu attire,
lfm25v,E6_img_0036_mixed_N5_k4_P4,open,item,Traditional African shirt,Isiagu attire,
lfm25v,E1_img_0083_mixed_N1_k1_P1,open,item,Blouse,Ukrainian wreath,
lfm25v,E1_img_0083_mixed_N2_k1_P1,open,item,Blouse,Ukrainian wreath,
lfm25v,E1_img_0083_mixed_N3_k2_P1,open,item,Blouse,Ukrainian wreath,
lfm25v,E1_img_0083_mixed_N4_k3_P1,open,item,Blouse,Ukrainian wreath,
lfm25v,E2_img_0083_mixed_N5_k2_P1,open,item,Blouse,Ukrainian wreath,
lfm25v,E2_img_0083_mixed_N5_k3_P1,open,item,Blouse,Ukrainian wreath,
lfm25v,E2_img_0083_mixed_N5_k4_P1,open,item,Blouse,Ukrainian wreath,
lfm25v,E2_img_0083_mixed_N5_k5_P1,open,item,Blouse,Ukrainian wreath,
lfm25v,LEAK_img_0083_mixed_leak,open,item,Kimono,Ukrainian wreath,
lfm25v,E3_img_0083_near_N2_k1_P1,open,item,Blouse,Ukrainian wreath,
lfm25v,E3_img_0083_near_N5_k5_P1,open,item,Blouse,Ukrainian wreath,
lfm25v,E3_img_0083_far_N2_k1_P1,open,item,Blouse,Ukrainian wreath,
lfm25v,E3_img_0083_far_N5_k5_P1,open,item,Blouse,Ukrainian wreath,
lfm25v,E1_img_0067_mixed_N1_k1_P1,open,item,Poncho,Quechquemitl,
lfm25v,E1_img_0067_mixed_N2_k2_P1,open,item,Poncho,Quechquemitl,
lfm25v,E1_img_0067_mixed_N3_k3_P1,open,item,Poncho,Quechquemitl,
lfm25v,E1_img_0067_mixed_N4_k4_P1,open,item,Poncho,Quechquemitl,
lfm25v,E2_img_0067_mixed_N5_k1_P1,open,item,Poncho,Quechquemitl,
lfm25v,E2_img_0067_mixed_N5_k2_P1,open,item,Poncho,Quechquemitl,
lfm25v,E2_img_0067_mixed_N5_k3_P1,open,item,Poncho,Quechquemitl,
lfm25v,E2_img_0067_mixed_N5_k4_P1,open,item,Poncho,Quechquemitl,
lfm25v,E2_img_0067_mixed_N5_k5_P1,open,item,Poncho,Quechquemitl,
lfm25v,LEAK_img_0067_mixed_leak,open,item,Kimono,Quechquemitl,
lfm25v,E2_img_0070_mixed_N5_k1_P1,open,item,Sambalpur,Sambalpuri saree,
lfm25v,E2_img_0070_mixed_N5_k1_P1,open,country,Sambalpur,India,
lfm25v,E2_img_0070_mixed_N5_k2_P1,open,item,Sambalpur,Sambalpuri saree,
lfm25v,E2_img_0070_mixed_N5_k2_P1,open,country,Sambalpur,India,
lfm25v,E2_img_0070_mixed_N5_k3_P1,open,item,Sambalpur,Sambalpuri saree,
lfm25v,E2_img_0070_mixed_N5_k3_P1,open,country,Sambalpur,India,
lfm25v,LEAK_img_0070_mixed_leak,open,item,Kimono,Sambalpuri saree,
lfm25v,LEAK_img_0070_mixed_leak,open,country,Japan,India,
lfm25v,E3_img_0070_far_N5_k2_P1,open,country,Sambalpuri,India,
lfm25v,E5_img_0070_mixed_N3_k1_P2,open,country,Sambalpur,India,
lfm25v,E5_img_0070_mixed_N4_k1_P2,open,country,Sambalpur,India,
lfm25v,E5_img_0070_mixed_N5_k2_P2,open,item,Sambalpur,Sambalpuri saree,
lfm25v,E5_img_0070_mixed_N5_k2_P2,open,country,Sambalpur,India,
lfm25v,E5_img_0070_mixed_N5_k2_P3,open,item,Sambalpur,Sambalpuri saree,
lfm25v,E5_img_0070_mixed_N5_k2_P3,open,country,Sambalpur,India,
lfm25v,E6_img_0070_mixed_N5_k2_P4,open,item,Sambalpur,Sambalpuri saree,
lfm25v,E6_img_0070_mixed_N5_k2_P4,open,country,Sambalpur,India,
lfm25v,E1_img_0048_mixed_N1_k1_P1,open,item,Kimono,Magoja,
lfm25v,E1_img_0048_mixed_N1_k1_P1,open,country,Japan,South Korea,
lfm25v,E1_img_0048_mixed_N2_k2_P1,open,item,Hanbok,Magoja,
lfm25v,E1_img_0048_mixed_N3_k2_P1,open,item,Kimono,Magoja,
lfm25v,E1_img_0048_mixed_N3_k2_P1,open,country,Japan,South Korea,
lfm25v,E1_img_0048_mixed_N4_k2_P1,open,item,Kimono,Magoja,
lfm25v,E1_img_0048_mixed_N4_k2_P1,open,country,Japan,South Korea,
lfm25v,E2_img_0048_mixed_N5_k1_P1,open,item,Hanfu,Magoja,
lfm25v,E2_img_0048_mixed_N5_k1_P1,open,country,China,South Korea,
lfm25v,E2_img_0048_mixed_N5_k2_P1,open,item,Kimono,Magoja,
lfm25v,E2_img_0048_mixed_N5_k2_P1,open,country,Japan,South Korea,
lfm25v,E2_img_0048_mixed_N5_k3_P1,open,item,Hanfu,Magoja,
lfm25v,E2_img_0048_mixed_N5_k3_P1,open,country,China,South Korea,
lfm25v,E2_img_0048_mixed_N5_k4_P1,open,item,Hanfu,Magoja,
lfm25v,E2_img_0048_mixed_N5_k4_P1,open,country,China,South Korea,
lfm25v,E2_img_0048_mixed_N5_k5_P1,open,item,Hanbok,Magoja,
lfm25v,LEAK_img_0048_mixed_leak,open,item,Kimono,Magoja,
lfm25v,LEAK_img_0048_mixed_leak,open,country,Japan,South Korea,
lfm25v,E3_img_0048_near_N2_k2_P1,open,item,Hanfu,Magoja,
lfm25v,E3_img_0048_near_N5_k3_P1,open,item,Hanfu,Magoja,
lfm25v,E3_img_0048_far_N2_k2_P1,open,item,Kimono,Magoja,
lfm25v,E3_img_0048_far_N2_k2_P1,open,country,Japan,South Korea,
lfm25v,E3_img_0048_far_N5_k3_P1,open,item,Kimono,Magoja,
lfm25v,E3_img_0048_far_N5_k3_P1,open,country,Japan,South Korea,
lfm25v,E1_img_0015_mixed_N1_k1_P1,open,item,Hat,Buntal hat,
lfm25v,E1_img_0015_mixed_N2_k1_P1,open,item,Hat,Buntal hat,
lfm25v,E1_img_0015_mixed_N3_k3_P1,open,item,Straw hat,Buntal hat,
lfm25v,E1_img_0015_mixed_N4_k3_P1,open,item,Straw hat,Buntal hat,
lfm25v,E2_img_0015_mixed_N5_k1_P1,open,item,Hat,Buntal hat,
lfm25v,E2_img_0015_mixed_N5_k2_P1,open,item,Straw hat,Buntal hat,
lfm25v,E2_img_0015_mixed_N5_k3_P1,open,item,Straw hat,Buntal hat,
lfm25v,E2_img_0015_mixed_N5_k4_P1,open,item,Hat,Buntal hat,
lfm25v,E2_img_0015_mixed_N5_k5_P1,open,item,Hat,Buntal hat,
lfm25v,LEAK_img_0015_mixed_leak,open,item,Kimono,Buntal hat,
lfm25v,LEAK_img_0015_mixed_leak,open,country,Japan,Philippines,
lfm25v,E3_img_0015_near_N2_k1_P1,open,item,Hat,Buntal hat,
lfm25v,E3_img_0015_near_N5_k4_P1,open,item,Sun hat,Buntal hat,
lfm25v,E3_img_0015_far_N2_k1_P1,open,item,Hat,Buntal hat,
lfm25v,E3_img_0015_far_N5_k4_P1,open,item,Sun hat,Buntal hat,
lfm25v,E2_img_0014_mixed_N5_k2_P1,open,item,Traditional dress,Bunad,
lfm25v,E2_img_0014_mixed_N5_k3_P1,open,item,Blouse and apron,Bunad,
lfm25v,LEAK_img_0014_mixed_leak,open,item,Kimono,Bunad,
lfm25v,LEAK_img_0014_mixed_leak,open,country,Japan,Norway,
lfm25v,E5_img_0014_mixed_N4_k4_P2,open,item,Traditional Garment,Bunad,
lfm25v,E5_img_0014_mixed_N5_k5_P2,open,item,Traditional Garment,Bunad,
lfm25v,E5_img_0014_mixed_N1_k1_P3,open,item,Traditional garment,Bunad,
lfm25v,E5_img_0014_mixed_N3_k1_P3,open,item,Traditional Garment,Bunad,
