model,trial_id,mode,field,answer,gold,label
qwen3vl,E1_img_0108_mixed_N1_k1_P1,open,item,Kue Cubit,Bika Ambon,
qwen3vl,E1_img_0108_mixed_N2_k2_P1,open,item,Kue Cubit,Bika Ambon,
qwen3vl,E1_img_0108_mixed_N3_k2_P1,open,item,Kue Cubit,Bika Ambon,
qwen3vl,E1_img_0108_mixed_N4_k2_P1,open,item,Kue Cubit,Bika Ambon,
qwen3vl,E2_img_0108_mixed_N5_k1_P1,open,item,Kue Cubit,Bika Ambon,
qwen3vl,E2_img_0108_mixed_N5_k2_P1,open,item,Kue Cubit,Bika Ambon,
qwen3vl,E2_img_0108_mixed_N5_k3_P1,open,item,Kue Cubit,Bika Ambon,
qwen3vl,E2_img_0108_mixed_N5_k4_P1,open,item,Kue Cubit,Bika Ambon,
qwen3vl,E2_img_0108_mixed_N5_k5_P1,open,item,Kue Cubit,Bika Ambon,
qwen3vl,E3_img_0108_near_N2_k2_P1,open,item,Kue Cubit,Bika Ambon,
qwen3vl,E3_img_0108_near_N5_k2_P1,open,item,Kue Cubit,Bika Ambon,
qwen3vl,E3_img_0108_far_N2_k2_P1,open,item,Kue Cubit,Bika Ambon,
qwen3vl,E3_img_0108_far_N5_k2_P1,open,item,Kue Cubit,Bika Ambon,
qwen3vl,E1_img_0483_mixed_N1_k1_P1,open,item,Ropa Vieja,Pabellón criollo,
qwen3vl,E1_img_0483_mixed_N1_k1_P1,open,country,Cuba,Venezuela,
qwen3vl,E1_img_0483_mixed_N2_k1_P1,open,item,Ropa Vieja,Pabellón criollo,
qwen3vl,E1_img_0483_mixed_N2_k1_P1,open,country,Cuba,Venezuela,
qwen3vl,E1_img_0483_mixed_N3_k3_P1,open,item,Ropa Vieja,Pabellón criollo,
qwen3vl,E1_img_0483_mixed_N3_k3_P1,open,country,Cuba,Venezuela,
qwen3vl,E1_img_0483_mixed_N4_k3_P1,open,item,Ropa Vieja,Pabellón criollo,
qwen3vl,E1_img_0483_mixed_N4_k3_P1,open,country,Cuba,Venezuela,
qwen3vl,E2_img_0483_mixed_N5_k1_P1,open,item,Ropa Vieja,Pabellón criollo,
qwen3vl,E2_img_0483_mixed_N5_k1_P1,open,country,Cuba,Venezuela,
qwen3vl,E2_img_0483_mixed_N5_k2_P1,open,item,Ropa Vieja,Pabellón criollo,
qwen3vl,E2_img_0483_mixed_N5_k2_P1,open,country,Cuba,Venezuela,
qwen3vl,E2_img_0483_mixed_N5_k3_P1,open,item,Ropa Vieja,Pabellón criollo,
qwen3vl,E2_img_0483_mixed_N5_k3_P1,open,country,Cuba,Venezuela,
qwen3vl,E2_img_0483_mixed_N5_k4_P1,open,item,Ropa Vieja,Pabellón criollo,
qwen3vl,E2_img_0483_mixed_N5_k4_P1,open,country,Cuba,Venezuela,
qwen3vl,E2_img_0483_mixed_N5_k5_P1,open,item,Ropa Vieja,Pabellón criollo,
qwen3vl,E2_img_0483_mixed_N5_k5_P1,open,country,Cuba,Venezuela,
qwen3vl,E3_img_0483_near_N2_k1_P1,open,item,Ropa Vieja,Pabellón criollo,
qwen3vl,E3_img_0483_near_N2_k1_P1,open,country,Cuba,Venezuela,
qwen3vl,E3_img_0483_near_N5_k3_P1,open,item,Bandeja Paisa,Pabellón criollo,
qwen3vl,E3_img_0483_near_N5_k3_P1,open,country,Colombia,Venezuela,
qwen3vl,E3_img_0483_far_N2_k1_P1,open,item,Ropa Vieja,Pabellón criollo,
qwen3vl,E3_img_0483_far_N2_k1_P1,open,country,Cuba,Venezuela,
qwen3vl,E3_img_0483_far_N5_k3_P1,open,item,Ropa Vieja,Pabellón criollo,
qwen3vl,E3_img_0483_far_N5_k3_P1,open,country,Cuba,Venezuela,
qwen3vl,E1_img_0164_mixed_N1_k1_P1,open,item,Sesame balls,Jin deui,
qwen3vl,E1_img_0164_mixed_N2_k2_P1,open,item,Sesame balls,Jin deui,
qwen3vl,E1_img_0164_mixed_N3_k1_P1,open,item,Sesame balls,Jin deui,
qwen3vl,E1_img_0164_mixed_N4_k4_P1,open,item,Sesame balls,Jin deui,
qwen3vl,E2_img_0164_mixed_N5_k1_P1,open,item,Sesame balls,Jin deui,
qwen3vl,E2_img_0164_mixed_N5_k2_P1,open,item,Sesame balls,Jin deui,
qwen3vl,E2_img_0164_mixed_N5_k3_P1,open,item,Sesame Balls,Jin deui,
qwen3vl,E2_img_0164_mixed_N5_k4_P1,open,item,Sesame balls,Jin deui,
qwen3vl,E2_img_0164_mixed_N5_k5_P1,open,item,Sesame balls,Jin deui,
qwen3vl,E3_img_0164_near_N2_k2_P1,open,item,Sesame Balls,Jin deui,
qwen3vl,E3_img_0164_near_N5_k4_P1,open,item,Sesame balls,Jin deui,
qwen3vl,E3_img_0164_far_N2_k2_P1,open,item,Sesame Balls,Jin deui,
qwen3vl,E3_img_0164_far_N2_k2_P1,open,country,China,Indonesia,
qwen3vl,E3_img_0164_far_N5_k4_P1,open,item,Sesame Balls,Jin deui,
qwen3vl,E3_img_0164_far_N5_k4_P1,open,country,China,Indonesia,
qwen3vl,E5_img_0164_mixed_N1_k1_P2,open,item,Sesame balls,Jin deui,
qwen3vl,E5_img_0164_mixed_N2_k2_P2,open,item,Sesame Balls,Jin deui,
qwen3vl,E5_img_0164_mixed_N3_k1_P2,open,item,Sesame balls,Jin deui,
qwen3vl,E5_img_0164_mixed_N4_k4_P2,open,item,Sesame Balls,Jin deui,
qwen3vl,E5_img_0164_mixed_N5_k4_P2,open,item,Sesame Balls,Jin deui,
qwen3vl,E5_img_0164_mixed_N1_k1_P3,open,item,Sesame Balls,Jin deui,
qwen3vl,E5_img_0164_mixed_N2_k2_P3,open,item,Sesame Balls,Jin deui,
qwen3vl,E5_img_0164_mixed_N3_k1_P3,open,item,Sesame balls,Jin deui,
qwen3vl,E5_img_0164_mixed_N4_k4_P3,open,item,Sesame Balls,Jin deui,
qwen3vl,E5_img_0164_mixed_N5_k4_P3,open,item,Sesame Balls,Jin deui,
qwen3vl,E6_img_0164_mixed_N1_k1_P4,open,item,Sesame Balls,Jin deui,
qwen3vl,E6_img_0164_mixed_N2_k2_P4,open,item,Sesame Balls,Jin deui,
qwen3vl,E6_img_0164_mixed_N3_k1_P4,open,item,Sesame balls,Jin deui,
qwen3vl,E6_img_0164_mixed_N4_k4_P4,open,item,Sesame balls,Jin deui,
qwen3vl,E6_img_0164_mixed_N5_k4_P4,open,item,Sesame Balls,Jin deui,
qwen3vl,E1_img_0297_mixed_N1_k1_P1,open,item,Chocolate milkshake,Egg cream,
qwen3vl,E1_img_0297_mixed_N2_k1_P1,open,item,Chocolate milkshake,Egg cream,
qwen3vl,E1_img_0297_mixed_N3_k2_P1,open,item,Chocolate milkshake,Egg cream,
qwen3vl,E1_img_0297_mixed_N4_k1_P1,open,item,Chocolate milkshake,Egg cream,
qwen3vl,E2_img_0297_mixed_N5_k1_P1,open,item,Chocolate milkshake,Egg cream,
qwen3vl,E2_img_0297_mixed_N5_k2_P1,open,item,Chocolate milkshake,Egg cream,
qwen3vl,E2_img_0297_mixed_N5_k3_P1,open,item,Chocolate milkshake,Egg cream,
qwen3vl,E2_img_0297_mixed_N5_k4_P1,open,item,Chocolate milkshake,Egg cream,
qwen3vl,E2_img_0297_mixed_N5_k5_P1,open,item,Chocolate milkshake,Egg cream,
qwen3vl,E3_img_0297_near_N2_k1_P1,open,item,Chocolate milkshake,Egg cream,
qwen3vl,E3_img_0297_near_N5_k5_P1,open,item,Chocolate milkshake,Egg cream,
qwen3vl,E3_img_0297_far_N2_k1_P1,open,item,Chocolate milkshake,Egg cream,
qwen3vl,E3_img_0297_far_N5_k5_P1,open,item,Ice cream soda,Egg cream,
qwen3vl,E1_img_0408_mixed_N2_k2_P1,open,country,Spain,Colombia,
qwen3vl,E1_img_0408_mixed_N3_k3_P1,open,country,Spain,Colombia,
qwen3vl,E1_img_0408_mixed_N4_k2_P1,open,country,Spain,Colombia,
qwen3vl,E2_img_0408_mixed_N5_k1_P1,open,country,France,Colombia,
qwen3vl,E2_img_0408_mixed_N5_k2_P1,open,country,Spain,Colombia,
qwen3vl,E2_img_0408_mixed_N5_k3_P1,open,country,Spain,Colombia,
qwen3vl,E2_img_0408_mixed_N5_k4_P1,open,country,Spain,Colombia,
qwen3vl,E2_img_0408_mixed_N5_k5_P1,open,country,Spain,Colombia,
qwen3vl,E3_img_0408_near_N2_k2_P1,open,country,Spain,Colombia,
qwen3vl,E3_img_0408_near_N5_k1_P1,open,country,France,Colombia,
qwen3vl,E3_img_0408_far_N2_k2_P1,open,country,Spain,Colombia,
qwen3vl,E3_img_0408_far_N5_k1_P1,open,country,France,Colombia,
qwen3vl,E1_img_0254_mixed_N1_k1_P1,open,item,Coconut shrimp,Vanillekipferl,
qwen3vl,E1_img_0254_mixed_N2_k1_P1,open,item,Künefe,Vanillekipferl,
qwen3vl,E1_img_0254_mixed_N2_k1_P1,open,country,Turkey,Austria,
qwen3vl,E1_img_0254_mixed_N3_k1_P1,open,item,Künefe,Vanillekipferl,
qwen3vl,E1_img_0254_mixed_N3_k1_P1,open,country,Turkey,Austria,
qwen3vl,E1_img_0254_mixed_N4_k3_P1,open,item,Coconut shrimp,Vanillekipferl,
qwen3vl,E2_img_0254_mixed_N5_k1_P1,open,item,Künefe,Vanillekipferl,
qwen3vl,E2_img_0254_mixed_N5_k1_P1,open,country,Turkey,Austria,
qwen3vl,E2_img_0254_mixed_N5_k2_P1,open,item,Kürtőskalács,Vanillekipferl,
qwen3vl,E2_img_0254_mixed_N5_k2_P1,open,country,Hungary,Austria,
qwen3vl,E2_img_0254_mixed_N5_k3_P1,open,item,Künsch,Vanillekipferl,
qwen3vl,E2_img_0254_mixed_N5_k3_P1,open,country,Switzerland,Austria,
qwen3vl,E2_img_0254_mixed_N5_k4_P1,open,item,Künsch,Vanillekipferl,
qwen3vl,E2_img_0254_mixed_N5_k4_P1,open,country,Switzerland,Austria,
qwen3vl,E2_img_0254_mixed_N5_k5_P1,open,item,Kürtőskalács,Vanillekipferl,
qwen3vl,E2_img_0254_mixed_N5_k5_P1,open,country,Hungary,Austria,
qwen3vl,E3_img_0254_near_N2_k1_P1,open,item,Künefe,Vanillekipferl,
qwen3vl,E3_img_0254_near_N2_k1_P1,open,country,Turkey,Austria,
qwen3vl,E3_img_0254_near_N5_k2_P1,open,item,Künefe,Vanillekipferl,
qwen3vl,E3_img_0254_near_N5_k2_P1,open,country,Turkey,Austria,
qwen3vl,E3_img_0254_far_N2_k1_P1,open,item,Künefe,Vanillekipferl,
qwen3vl,E3_img_0254_far_N2_k1_P1,open,country,Turkey,Austria,
qwen3vl,E3_img_0254_far_N5_k2_P1,open,item,Künefe,Vanillekipferl,
qwen3vl,E3_img_0254_far_N5_k2_P1,open,country,Turkey,Austria,
qwen3vl,E5_img_0254_mixed_N1_k1_P2,open,item,Coconut shrimp,Vanillekipferl,
qwen3vl,E5_img_0254_mixed_N2_k1_P2,open,item,Künefe,Vanillekipferl,
qwen3vl,E5_img_0254_mixed_N2_k1_P2,open,country,Turkey,Austria,
qwen3vl,E5_img_0254_mixed_N3_k1_P2,open,item,Künefe,Vanillekipferl,
qwen3vl,E5_img_0254_mixed_N3_k1_P2,open,country,Turkey,Austria,
qwen3vl,E5_img_0254_mixed_N4_k3_P2,open,item,Kanafeh,Vanillekipferl,
qwen3vl,E5_img_0254_mixed_N4_k3_P2,open,country,Lebanon,Austria,
qwen3vl,E5_img_0254_mixed_N5_k2_P2,open,item,Kürtőskalács,Vanillekipferl,
qwen3vl,E5_img_0254_mixed_N5_k2_P2,open,country,Hungary,Austria,
qwen3vl,E5_img_0254_mixed_N1_k1_P3,open,item,Coconut shrimp,Vanillekipferl,
qwen3vl,E5_img_0254_mixed_N2_k1_P3,open,item,Künefe,Vanillekipferl,
qwen3vl,E5_img_0254_mixed_N2_k1_P3,open,country,Turkey,Austria,
qwen3vl,E5_img_0254_mixed_N3_k1_P3,open,item,Künefe,Vanillekipferl,
qwen3vl,E5_img_0254_mixed_N3_k1_P3,open,country,Turkey,Austria,
qwen3vl,E5_img_0254_mixed_N4_k3_P3,open,item,Kanafeh,Vanillekipferl,
qwen3vl,E5_img_0254_mixed_N4_k3_P3,open,country,Lebanon,Austria,
qwen3vl,E5_img_0254_mixed_N5_k2_P3,open,item,Kürtőskalács,Vanillekipferl,
qwen3vl,E5_img_0254_mixed_N5_k2_P3,open,country,Hungary,Austria,
qwen3vl,E6_img_0254_mixed_N1_k1_P4,open,item,Künefe,Vanillekipferl,
qwen3vl,E6_img_0254_mixed_N1_k1_P4,open,country,Turkey,Austria,
qwen3vl,E6_img_0254_mixed_N2_k1_P4,open,item,"Künefe (or possibly a similar sweet like ""Künefe"" or ""Künefe-like pastry"")",Vanillekipferl,
qwen3vl,E6_img_0254_mixed_N2_k1_P4,open,country,Turkey,Austria,
qwen3vl,E6_img_0254_mixed_N3_k1_P4,open,item,Künefe (or possibly a similar sweet),Vanillekipferl,
qwen3vl,E6_img_0254_mixed_N3_k1_P4,open,country,Turkey,Austria,
qwen3vl,E1_img_0359_mixed_N1_k1_P1,open,item,Masala Chai,Teh Tarik,
qwen3vl,E1_img_0359_mixed_N1_k1_P1,open,country,India,Malaysia,
qwen3vl,E1_img_0359_mixed_N2_k2_P1,open,item,Masala Chai,Teh Tarik,
qwen3vl,E1_img_0359_mixed_N2_k2_P1,open,country,India,Malaysia,
qwen3vl,E1_img_0359_mixed_N3_k2_P1,open,item,Masala Chai,Teh Tarik,
qwen3vl,E1_img_0359_mixed_N3_k2_P1,open,country,India,Malaysia,
qwen3vl,E1_img_0359_mixed_N4_k4_P1,open,item,Masala Chai,Teh Tarik,
qwen3vl,E1_img_0359_mixed_N4_k4_P1,open,country,India,Malaysia,
qwen3vl,E2_img_0359_mixed_N5_k1_P1,open,item,Masala Chai,Teh Tarik,
qwen3vl,E2_img_0359_mixed_N5_k1_P1,open,country,India,Malaysia,
qwen3vl,E2_img_0359_mixed_N5_k2_P1,open,item,Masala chai,Teh Tarik,
qwen3vl,E2_img_0359_mixed_N5_k2_P1,open,country,India,Malaysia,
qwen3vl,E2_img_0359_mixed_N5_k3_P1,open,item,Masala Chai,Teh Tarik,
qwen3vl,E2_img_0359_mixed_N5_k3_P1,open,country,India,Malaysia,
qwen3vl,E2_img_0359_mixed_N5_k4_P1,open,item,Masala Chai,Teh Tarik,
qwen3vl,E2_img_0359_mixed_N5_k4_P1,open,country,India,Malaysia,
qwen3vl,E2_img_0359_mixed_N5_k5_P1,open,item,Masala Chai,Teh Tarik,
qwen3vl,E2_img_0359_mixed_N5_k5_P1,open,country,India,Malaysia,
qwen3vl,E3_img_0359_near_N2_k2_P1,open,item,Masala Chai,Teh Tarik,
qwen3vl,E3_img_0359_near_N5_k3_P1,open,item,Masala chai,Teh Tarik,
qwen3vl,E3_img_0359_far_N2_k2_P1,open,item,Masala chai,Teh Tarik,
qwen3vl,E3_img_0359_far_N2_k2_P1,open,country,India,Malaysia,
qwen3vl,E3_img_0359_far_N5_k3_P1,open,item,Masala chai,Teh Tarik,
qwen3vl,E3_img_0359_far_N5_k3_P1,open,country,India,Malaysia,
qwen3vl,E1_img_0530_mixed_N1_k1_P1,open,country,Indonesia,Paraguay,
qwen3vl,E1_img_0530_mixed_N2_k1_P1,open,item,Ayam Bakar with Tofu Balls,Vori vori,
qwen3vl,E1_img_0530_mixed_N2_k1_P1,open,country,Indonesia,Paraguay,
qwen3vl,E1_img_0530_mixed_N3_k3_P1,open,item,Ayam Bakar with Fish Balls,Vori vori,
qwen3vl,E1_img_0530_mixed_N3_k3_P1,open,country,Indonesia,Paraguay,
qwen3vl,E1_img_0530_mixed_N4_k1_P1,open,item,Ayam Bakar with Tofu Balls,Vori vori,
qwen3vl,E1_img_0530_mixed_N4_k1_P1,open,country,Indonesia,Paraguay,
qwen3vl,E2_img_0530_mixed_N5_k1_P1,open,item,Ayam Bakar with Tofu Balls,Vori vori,
qwen3vl,E2_img_0530_mixed_N5_k1_P1,open,country,Indonesia,Paraguay,
qwen3vl,E2_img_0530_mixed_N5_k2_P1,open,item,Ayam Bakar with Fish Balls,Vori vori,
qwen3vl,E2_img_0530_mixed_N5_k2_P1,open,country,Indonesia,Paraguay,
qwen3vl,E2_img_0530_mixed_N5_k3_P1,open,item,Ayam Bakar with Fish Balls,Vori vori,
qwen3vl,E2_img_0530_mixed_N5_k3_P1,open,country,Indonesia,Paraguay,
qwen3vl,E2_img_0530_mixed_N5_k4_P1,open,item,Ayam Bakar with Tempeh Balls,Vori vori,
qwen3vl,E2_img_0530_mixed_N5_k4_P1,open,country,Indonesia,Paraguay,
qwen3vl,E2_img_0530_mixed_N5_k5_P1,open,item,Ayam Bakar with Fish Balls,Vori vori,
qwen3vl,E2_img_0530_mixed_N5_k5_P1,open,country,Indonesia,Paraguay,
qwen3vl,E3_img_0530_near_N2_k1_P1,open,item,Ayam Bakar with Tofu Balls,Vori vori,
qwen3vl,E3_img_0530_near_N2_k1_P1,open,country,Indonesia,Paraguay,
qwen3vl,E3_img_0530_near_N5_k4_P1,open,item,Ayam Bakar with Ketupat,Vori vori,
qwen3vl,E3_img_0530_near_N5_k4_P1,open,country,Indonesia,Paraguay,
qwen3vl,E3_img_0530_far_N2_k1_P1,open,item,Ayam Bakar with Tofu Balls,Vori vori,
qwen3vl,E3_img_0530_far_N2_k1_P1,open,country,Indonesia,Paraguay,
qwen3vl,E3_img_0530_far_N5_k4_P1,open,item,Ayam Bakar with Tahu,Vori vori,
qwen3vl,E3_img_0530_far_N5_k4_P1,open,country,Indonesia,Paraguay,
qwen3vl,E1_img_0260_mixed_N1_k1_P1,open,item,Mango Pudding,Zerde,
qwen3vl,E1_img_0260_mixed_N2_k1_P1,open,item,Mango Pudding,Zerde,
qwen3vl,E1_img_0260_mixed_N2_k1_P1,open,country,Thailand,Turkey,
qwen3vl,E1_img_0260_mixed_N3_k2_P1,open,item,Mango Pudding,Zerde,
qwen3vl,E1_img_0260_mixed_N3_k2_P1,open,country,Thailand,Turkey,
qwen3vl,E1_img_0260_mixed_N4_k3_P1,open,item,Mango Pudding,Zerde,
qwen3vl,E1_img_0260_mixed_N4_k3_P1,open,country,Thailand,Turkey,
qwen3vl,E2_img_0260_mixed_N5_k1_P1,open,item,Ashure,Zerde,
qwen3vl,E2_img_0260_mixed_N5_k2_P1,open,item,Mango Pudding,Zerde,
qwen3vl,E2_img_0260_mixed_N5_k2_P1,open,country,Thailand,Turkey,
qwen3vl,E2_img_0260_mixed_N5_k3_P1,open,item,Mango Pudding,Zerde,
qwen3vl,E2_img_0260_mixed_N5_k3_P1,open,country,Thailand,Turkey,
qwen3vl,E2_img_0260_mixed_N5_k4_P1,open,item,Ashure,Zerde,
qwen3vl,E2_img_0260_mixed_N5_k5_P1,open,item,Tamarind candy,Zerde,
qwen3vl,E2_img_0260_mixed_N5_k5_P1,open,country,Thailand,Turkey,
qwen3vl,E3_img_0260_near_N2_k1_P1,open,item,Mango Pudding,Zerde,
qwen3vl,E3_img_0260_near_N5_k1_P1,open,item,Mango Pudding,Zerde,
qwen3vl,E3_img_0260_near_N5_k1_P1,open,country,Thailand,Turkey,
qwen3vl,E3_img_0260_far_N2_k1_P1,open,item,Mango Pudding,Zerde,
qwen3vl,E3_img_0260_far_N5_k1_P1,open,item,Mango Pudding,Zerde,
qwen3vl,E3_img_0260_far_N5_k1_P1,open,country,India,Turkey,
qwen3vl,E1_img_0173_mixed_N1_k1_P1,open,item,Kueh,Khanom chan,
qwen3vl,E1_img_0173_mixed_N1_k1_P1,open,country,Malaysia,Thailand,
qwen3vl,E1_img_0173_mixed_N2_k2_P1,open,country,Indonesia,Thailand,
qwen3vl,E1_img_0173_mixed_N3_k3_P1,open,country,Indonesia,Thailand,
qwen3vl,E1_img_0173_mixed_N4_k4_P1,open,item,Klepon,Khanom chan,
qwen3vl,E1_img_0173_mixed_N4_k4_P1,open,country,Indonesia,Thailand,
qwen3vl,E2_img_0173_mixed_N5_k1_P1,open,country,Indonesia,Thailand,
qwen3vl,E2_img_0173_mixed_N5_k2_P1,open,item,Klepon,Khanom chan,
qwen3vl,E2_img_0173_mixed_N5_k2_P1,open,country,Indonesia,Thailand,
qwen3vl,E2_img_0173_mixed_N5_k3_P1,open,country,Indonesia,Thailand,
qwen3vl,E2_img_0173_mixed_N5_k4_P1,open,country,Indonesia,Thailand,
qwen3vl,E2_img_0173_mixed_N5_k5_P1,open,country,Indonesia,Thailand,
qwen3vl,E3_img_0173_near_N2_k2_P1,open,country,Indonesia,Thailand,
qwen3vl,E3_img_0173_near_N5_k2_P1,open,country,Indonesia,Thailand,
qwen3vl,E3_img_0173_far_N2_k2_P1,open,country,Indonesia,Thailand,
qwen3vl,E3_img_0173_far_N5_k2_P1,open,country,Indonesia,Thailand,
qwen3vl,E1_img_0131_mixed_N1_k1_P1,open,item,Crème brûlée,Crema catalana,
qwen3vl,E1_img_0131_mixed_N1_k1_P1,open,country,France,Spain,
qwen3vl,E1_img_0131_mixed_N2_k1_P1,open,item,Crème brûlée,Crema catalana,
qwen3vl,E1_img_0131_mixed_N2_k1_P1,open,country,France,Spain,
qwen3vl,E1_img_0131_mixed_N3_k1_P1,open,item,Crème brûlée,Crema catalana,
qwen3vl,E1_img_0131_mixed_N3_k1_P1,open,country,France,Spain,
qwen3vl,E1_img_0131_mixed_N4_k1_P1,open,item,Crème brûlée,Crema catalana,
qwen3vl,E1_img_0131_mixed_N4_k1_P1,open,country,France,Spain,
qwen3vl,E2_img_0131_mixed_N5_k1_P1,open,item,Crème brûlée,Crema catalana,
qwen3vl,E2_img_0131_mixed_N5_k1_P1,open,country,France,Spain,
qwen3vl,E2_img_0131_mixed_N5_k2_P1,open,item,Crème brûlée,Crema catalana,
qwen3vl,E2_img_0131_mixed_N5_k2_P1,open,country,France,Spain,
qwen3vl,E2_img_0131_mixed_N5_k3_P1,open,item,Crème brûlée,Crema catalana,
qwen3vl,E2_img_0131_mixed_N5_k3_P1,open,country,France,Spain,
qwen3vl,E2_img_0131_mixed_N5_k4_P1,open,item,Crème brûlée,Crema catalana,
qwen3vl,E2_img_0131_mixed_N5_k4_P1,open,country,France,Spain,
qwen3vl,E2_img_0131_mixed_N5_k5_P1,open,item,Crème brûlée,Crema catalana,
qwen3vl,E2_img_0131_mixed_N5_k5_P1,open,country,France,Spain,
qwen3vl,E3_img_0131_near_N2_k1_P1,open,item,Crème brûlée,Crema catalana,
qwen3vl,E3_img_0131_near_N5_k3_P1,open,item,Crème brûlée,Crema catalana,
qwen3vl,E3_img_0131_far_N2_k1_P1,open,item,Crème brûlée,Crema catalana,
qwen3vl,E3_img_0131_far_N2_k1_P1,open,country,France,Spain,
qwen3vl,E3_img_0131_far_N5_k3_P1,open,item,Crème brûlée,Crema catalana,
qwen3vl,E3_img_0131_far_N5_k3_P1,open,country,France,Spain,
qwen3vl,E5_img_0131_mixed_N1_k1_P2,open,item,Crème brûlée,Crema catalana,
qwen3vl,E5_img_0131_mixed_N1_k1_P2,open,country,France,Spain,
qwen3vl,E5_img_0131_mixed_N2_k1_P2,open,item,Crème brûlée,Crema catalana,
qwen3vl,E5_img_0131_mixed_N2_k1_P2,open,country,France,Spain,
qwen3vl,E5_img_0131_mixed_N3_k1_P2,open,item,Crème brûlée,Crema catalana,
qwen3vl,E5_img_0131_mixed_N3_k1_P2,open,country,France,Spain,
qwen3vl,E5_img_0131_mixed_N4_k1_P2,open,item,Crème brûlée,Crema catalana,
qwen3vl,E5_img_0131_mixed_N4_k1_P2,open,country,France,Spain,
qwen3vl,E5_img_0131_mixed_N5_k3_P2,open,item,Crème brûlée,Crema catalana,
qwen3vl,E5_img_0131_mixed_N5_k3_P2,open,country,France,Spain,
qwen3vl,E5_img_0131_mixed_N1_k1_P3,open,item,Crème brûlée,Crema catalana,
qwen3vl,E5_img_0131_mixed_N1_k1_P3,open,country,France,Spain,
qwen3vl,E5_img_0131_mixed_N2_k1_P3,open,item,Crème brûlée,Crema catalana,
qwen3vl,E5_img_0131_mixed_N2_k1_P3,open,country,France,Spain,
qwen3vl,E5_img_0131_mixed_N3_k1_P3,open,item,Crème brûlée,Crema catalana,
qwen3vl,E5_img_0131_mixed_N3_k1_P3,open,country,France,Spain,
qwen3vl,E5_img_0131_mixed_N4_k1_P3,open,item,Crème brûlée,Crema catalana,
qwen3vl,E5_img_0131_mixed_N4_k1_P3,open,country,France,Spain,
qwen3vl,E5_img_0131_mixed_N5_k3_P3,open,item,Crème brûlée,Crema catalana,
qwen3vl,E5_img_0131_mixed_N5_k3_P3,open,country,France,Spain,
qwen3vl,E6_img_0131_mixed_N1_k1_P4,open,item,Crème brûlée,Crema catalana,
qwen3vl,E6_img_0131_mixed_N1_k1_P4,open,country,France,Spain,
qwen3vl,E6_img_0131_mixed_N2_k1_P4,open,item,Crème brûlée,Crema catalana,
qwen3vl,E6_img_0131_mixed_N2_k1_P4,open,country,France,Spain,
qwen3vl,E6_img_0131_mixed_N3_k1_P4,open,item,Crème brûlée,Crema catalana,
qwen3vl,E6_img_0131_mixed_N3_k1_P4,open,country,France,Spain,
qwen3vl,E6_img_0131_mixed_N4_k1_P4,open,item,Crème brûlée,Crema catalana,
qwen3vl,E6_img_0131_mixed_N4_k1_P4,open,country,France,Spain,
qwen3vl,E6_img_0131_mixed_N5_k3_P4,open,item,Crème brûlée,Crema catalana,
qwen3vl,E6_img_0131_mixed_N5_k3_P4,open,country,France,Spain,
qwen3vl,E1_img_0139_mixed_N1_k1_P1,open,item,Matcha Pudding,Douhua,
qwen3vl,E1_img_0139_mixed_N1_k1_P1,open,country,Japan,China,
qwen3vl,E1_img_0139_mixed_N2_k2_P1,open,item,Matcha Pudding,Douhua,
qwen3vl,E1_img_0139_mixed_N2_k2_P1,open,country,Japan,China,
qwen3vl,E1_img_0139_mixed_N3_k2_P1,open,item,Matcha Pudding,Douhua,
qwen3vl,E1_img_0139_mixed_N3_k2_P1,open,country,Japan,China,
qwen3vl,E1_img_0139_mixed_N4_k2_P1,open,item,Matcha Pudding,Douhua,
qwen3vl,E1_img_0139_mixed_N4_k2_P1,open,country,Japan,China,
qwen3vl,E2_img_0139_mixed_N5_k1_P1,open,item,Matcha pudding,Douhua,
qwen3vl,E2_img_0139_mixed_N5_k1_P1,open,country,Japan,China,
qwen3vl,E2_img_0139_mixed_N5_k2_P1,open,item,Matcha Pudding,Douhua,
qwen3vl,E2_img_0139_mixed_N5_k2_P1,open,country,Japan,China,
qwen3vl,E2_img_0139_mixed_N5_k3_P1,open,item,Matcha Pudding,Douhua,
qwen3vl,E2_img_0139_mixed_N5_k3_P1,open,country,Japan,China,
qwen3vl,E2_img_0139_mixed_N5_k4_P1,open,item,Matcha Pudding,Douhua,
qwen3vl,E2_img_0139_mixed_N5_k4_P1,open,country,Japan,China,
qwen3vl,E2_img_0139_mixed_N5_k5_P1,open,item,Matcha Pudding,Douhua,
qwen3vl,E2_img_0139_mixed_N5_k5_P1,open,country,Japan,China,
qwen3vl,E3_img_0139_near_N2_k2_P1,open,item,Matcha Mochi,Douhua,
qwen3vl,E3_img_0139_near_N2_k2_P1,open,country,Japan,China,
qwen3vl,E3_img_0139_near_N5_k4_P1,open,item,Matcha Mochi,Douhua,
qwen3vl,E3_img_0139_near_N5_k4_P1,open,country,Japan,China,
qwen3vl,E3_img_0139_far_N2_k2_P1,open,item,Matcha Mochi,Douhua,
qwen3vl,E3_img_0139_far_N2_k2_P1,open,country,Japan,China,
qwen3vl,E3_img_0139_far_N5_k4_P1,open,item,Matcha pudding,Douhua,
qwen3vl,E3_img_0139_far_N5_k4_P1,open,country,Japan,China,
qwen3vl,E1_img_0193_mixed_N1_k1_P1,open,item,Chocolate cake,Merveilleux,
qwen3vl,E1_img_0193_mixed_N2_k1_P1,open,item,Black Forest cake,Merveilleux,
qwen3vl,E1_img_0193_mixed_N2_k1_P1,open,country,Germany,Belgium,
qwen3vl,E1_img_0193_mixed_N3_k3_P1,open,item,Black Forest cake,Merveilleux,
qwen3vl,E1_img_0193_mixed_N3_k3_P1,open,country,Germany,Belgium,
qwen3vl,E1_img_0193_mixed_N4_k3_P1,open,item,Black Forest cake,Merveilleux,
qwen3vl,E1_img_0193_mixed_N4_k3_P1,open,country,Germany,Belgium,
qwen3vl,E2_img_0193_mixed_N5_k1_P1,open,item,Black Forest cake,Merveilleux,
qwen3vl,E2_img_0193_mixed_N5_k1_P1,open,country,Germany,Belgium,
qwen3vl,E2_img_0193_mixed_N5_k2_P1,open,item,Black Forest cake,Merveilleux,
qwen3vl,E2_img_0193_mixed_N5_k2_P1,open,country,Germany,Belgium,
qwen3vl,E2_img_0193_mixed_N5_k3_P1,open,item,Black Forest cake,Merveilleux,
qwen3vl,E2_img_0193_mixed_N5_k3_P1,open,country,Germany,Belgium,
qwen3vl,E2_img_0193_mixed_N5_k4_P1,open,item,Black Forest cake,Merveilleux,
qwen3vl,E2_img_0193_mixed_N5_k4_P1,open,country,Germany,Belgium,
qwen3vl,E2_img_0193_mixed_N5_k5_P1,open,item,Black Forest cake,Merveilleux,
qwen3vl,E2_img_0193_mixed_N5_k5_P1,open,country,Germany,Belgium,
qwen3vl,E3_img_0193_near_N2_k1_P1,open,item,Black Forest cake,Merveilleux,
qwen3vl,E3_img_0193_near_N5_k5_P1,open,item,Black Forest cake,Merveilleux,
qwen3vl,E3_img_0193_far_N2_k1_P1,open,item,Black Forest cake,Merveilleux,
qwen3vl,E3_img_0193_far_N2_k1_P1,open,country,Germany,Belgium,
qwen3vl,E3_img_0193_far_N5_k5_P1,open,item,Black Forest cake,Merveilleux,
qwen3vl,E3_img_0193_far_N5_k5_P1,open,country,Germany,Belgium,
qwen3vl,E1_img_0119_mixed_N1_k1_P1,open,item,Jalebi,Chandrakala,
qwen3vl,E1_img_0119_mixed_N2_k2_P1,open,item,Jalebi,Chandrakala,
qwen3vl,E1_img_0119_mixed_N3_k3_P1,open,item,Jalebi,Chandrakala,
qwen3vl,E1_img_0119_mixed_N4_k2_P1,open,item,Jalebi,Chandrakala,
qwen3vl,E2_img_0119_mixed_N5_k1_P1,open,item,Jalebi,Chandrakala,
qwen3vl,E2_img_0119_mixed_N5_k2_P1,open,item,Jalebi,Chandrakala,
qwen3vl,E2_img_0119_mixed_N5_k3_P1,open,item,Jalebi,Chandrakala,
qwen3vl,E2_img_0119_mixed_N5_k4_P1,open,item,Jalebi,Chandrakala,
qwen3vl,E2_img_0119_mixed_N5_k5_P1,open,item,Jalebi,Chandrakala,
qwen3vl,E3_img_0119_near_N2_k2_P1,open,item,Jalebi,Chandrakala,
qwen3vl,E3_img_0119_near_N5_k3_P1,open,item,Jalebi,Chandrakala,
qwen3vl,E3_img_0119_far_N2_k2_P1,open,item,Jalebi,Chandrakala,
qwen3vl,E3_img_0119_far_N5_k3_P1,open,item,Jalebi,Chandrakala,
qwen3vl,E1_img_0409_mixed_N1_k1_P1,open,item,Dal with roti,Chapati,
qwen3vl,E1_img_0409_mixed_N2_k1_P1,open,item,Dal with roti,Chapati,
qwen3vl,E1_img_0409_mixed_N3_k1_P1,open,item,Dal with roti,Chapati,
qwen3vl,E1_img_0409_mixed_N4_k3_P1,open,item,Dal with roti,Chapati,
qwen3vl,E2_img_0409_mixed_N5_k1_P1,open,item,Dal with roti,Chapati,
qwen3vl,E2_img_0409_mixed_N5_k2_P1,open,item,Dal with roti,Chapati,
qwen3vl,E2_img_0409_mixed_N5_k3_P1,open,item,Dal with roti,Chapati,
qwen3vl,E2_img_0409_mixed_N5_k4_P1,open,item,Dal with roti,Chapati,
qwen3vl,E2_img_0409_mixed_N5_k5_P1,open,item,Dal with roti,Chapati,
qwen3vl,E3_img_0409_near_N2_k1_P1,open,item,Dal with roti,Chapati,
qwen3vl,E3_img_0409_near_N5_k4_P1,open,item,Dal with Roti,Chapati,
qwen3vl,E3_img_0409_far_N2_k1_P1,open,item,Dal with roti,Chapati,
qwen3vl,E3_img_0409_far_N5_k4_P1,open,item,Dal with roti,Chapati,
qwen3vl,E5_img_0409_mixed_N1_k1_P2,open,item,Chole Bhature,Chapati,
qwen3vl,E5_img_0409_mixed_N2_k1_P2,open,item,Chole Bhature,Chapati,
qwen3vl,E5_img_0409_mixed_N3_k1_P2,open,item,Chole Bhature,Chapati,
qwen3vl,E5_img_0409_mixed_N4_k3_P2,open,item,Dal makhni,Chapati,
qwen3vl,E5_img_0409_mixed_N5_k4_P2,open,item,Dal,Chapati,
qwen3vl,E5_img_0409_mixed_N1_k1_P3,open,item,Aloo Matar,Chapati,
qwen3vl,E5_img_0409_mixed_N2_k1_P3,open,item,Chole Bhature,Chapati,
qwen3vl,E5_img_0409_mixed_N3_k1_P3,open,item,Chole Bhature,Chapati,
qwen3vl,E5_img_0409_mixed_N4_k3_P3,open,item,Dal makhni,Chapati,
qwen3vl,E5_img_0409_mixed_N5_k4_P3,open,item,Dal,Chapati,
qwen3vl,E6_img_0409_mixed_N1_k1_P4,open,item,Aloo Matar with Roti,Chapati,
qwen3vl,E6_img_0409_mixed_N2_k1_P4,open,item,dal with roti,Chapati,
qwen3vl,E6_img_0409_mixed_N3_k1_P4,open,item,Dal and Roti,Chapati,
qwen3vl,E6_img_0409_mixed_N4_k3_P4,open,item,aloo matar with roti,Chapati,
qwen3vl,E6_img_0409_mixed_N5_k4_P4,open,item,aloo matar with roti,Chapati,
qwen3vl,E1_img_0238_mixed_N1_k1_P1,open,item,Ricotta cheese,Syllabub,
qwen3vl,E1_img_0238_mixed_N2_k2_P1,open,item,Ricotta,Syllabub,
qwen3vl,E1_img_0238_mixed_N3_k2_P1,open,item,Ricotta cheese,Syllabub,
qwen3vl,E1_img_0238_mixed_N4_k4_P1,open,item,Ricotta,Syllabub,
qwen3vl,E2_img_0238_mixed_N5_k1_P1,open,item,Ricotta cheese,Syllabub,
qwen3vl,E2_img_0238_mixed_N5_k2_P1,open,item,Ricotta cheese,Syllabub,
qwen3vl,E2_img_0238_mixed_N5_k3_P1,open,item,Ricotta cheese,Syllabub,
qwen3vl,E2_img_0238_mixed_N5_k4_P1,open,item,Ricotta cheese,Syllabub,
qwen3vl,E2_img_0238_mixed_N5_k5_P1,open,item,Ricotta,Syllabub,
qwen3vl,E3_img_0238_near_N2_k2_P1,open,item,Tzatziki,Syllabub,
qwen3vl,E3_img_0238_near_N2_k2_P1,open,country,Greece,United Kingdom,
qwen3vl,E3_img_0238_near_N5_k5_P1,open,item,Tzatziki,Syllabub,
qwen3vl,E3_img_0238_near_N5_k5_P1,open,country,Greece,United Kingdom,
qwen3vl,E3_img_0238_far_N2_k2_P1,open,item,Tzatziki,Syllabub,
qwen3vl,E3_img_0238_far_N2_k2_P1,open,country,Greece,United Kingdom,
qwen3vl,E3_img_0238_far_N5_k5_P1,open,item,Tzatziki,Syllabub,
qwen3vl,E3_img_0238_far_N5_k5_P1,open,country,Greece,United Kingdom,
qwen3vl,E1_img_0524_mixed_N1_k1_P1,open,item,Shrimp Tacos,Tostada,
qwen3vl,E1_img_0524_mixed_N2_k1_P1,open,item,Shrimp Tacos with Green Sauce,Tostada,
qwen3vl,E1_img_0524_mixed_N3_k3_P1,open,item,Shrimp Tacos with Green Sauce,Tostada,
qwen3vl,E1_img_0524_mixed_N4_k1_P1,open,item,Shrimp Tacos with Green Sauce,Tostada,
qwen3vl,E2_img_0524_mixed_N5_k1_P1,open,item,Shrimp Tacos with Green Sauce,Tostada,
qwen3vl,E2_img_0524_mixed_N5_k2_P1,open,item,Shrimp Tacos with Green Sauce,Tostada,
qwen3vl,E2_img_0524_mixed_N5_k3_P1,open,item,Shrimp Tacos with Green Sauce,Tostada,
qwen3vl,E2_img_0524_mixed_N5_k4_P1,open,item,Shrimp Tacos with Green Sauce,Tostada,
qwen3vl,E2_img_0524_mixed_N5_k5_P1,open,item,Shrimp Tacos with Green Sauce,Tostada,
qwen3vl,E3_img_0524_near_N2_k1_P1,open,item,Shrimp Tacos with Green Sauce,Tostada,
qwen3vl,E3_img_0524_near_N5_k1_P1,open,item,Shrimp Tacos with Green Sauce,Tostada,
qwen3vl,E3_img_0524_far_N2_k1_P1,open,item,Shrimp Tacos with Green Sauce,Tostada,
qwen3vl,E3_img_0524_far_N5_k1_P1,open,item,Shrimp Tacos with Green Sauce,Tostada,
qwen3vl,E1_img_0235_mixed_N1_k1_P1,open,item,Ice cream,Stracciatella,
qwen3vl,E1_img_0235_mixed_N2_k2_P1,open,item,Ice cream,Stracciatella,
qwen3vl,E1_img_0235_mixed_N3_k1_P1,open,item,Ice cream,Stracciatella,
qwen3vl,E1_img_0235_mixed_N4_k2_P1,open,item,Ice cream,Stracciatella,
qwen3vl,E2_img_0235_mixed_N5_k1_P1,open,item,Ice cream,Stracciatella,
qwen3vl,E2_img_0235_mixed_N5_k2_P1,open,item,Ice cream,Stracciatella,
qwen3vl,E2_img_0235_mixed_N5_k3_P1,open,item,Ice cream,Stracciatella,
qwen3vl,E2_img_0235_mixed_N5_k4_P1,open,item,Ice cream,Stracciatella,
qwen3vl,E2_img_0235_mixed_N5_k5_P1,open,item,Ice cream,Stracciatella,
qwen3vl,E3_img_0235_near_N2_k2_P1,open,item,Ice cream,Stracciatella,
qwen3vl,E3_img_0235_near_N5_k2_P1,open,item,Ice cream,Stracciatella,
qwen3vl,E3_img_0235_far_N2_k2_P1,open,item,Ice cream,Stracciatella,
qwen3vl,E3_img_0235_far_N5_k2_P1,open,item,Ice cream,Stracciatella,
qwen3vl,E5_img_0235_mixed_N1_k1_P2,open,item,Ice cream,Stracciatella,
qwen3vl,E5_img_0235_mixed_N2_k2_P2,open,item,Ice cream,Stracciatella,
qwen3vl,E5_img_0235_mixed_N3_k1_P2,open,item,Gelato,Stracciatella,
qwen3vl,E5_img_0235_mixed_N4_k2_P2,open,item,Ice cream,Stracciatella,
qwen3vl,E5_img_0235_mixed_N5_k2_P2,open,item,Ice cream,Stracciatella,
qwen3vl,E5_img_0235_mixed_N1_k1_P3,open,item,Ice cream cone,Stracciatella,
qwen3vl,E5_img_0235_mixed_N2_k2_P3,open,item,Ice cream cone,Stracciatella,
qwen3vl,E5_img_0235_mixed_N3_k1_P3,open,item,Gelato,Stracciatella,
qwen3vl,E5_img_0235_mixed_N4_k2_P3,open,item,Ice cream,Stracciatella,
qwen3vl,E5_img_0235_mixed_N5_k2_P3,open,item,Gelato,Stracciatella,
qwen3vl,E6_img_0235_mixed_N1_k1_P4,open,item,Ice cream cone,Stracciatella,
qwen3vl,E6_img_0235_mixed_N2_k2_P4,open,item,Ice cream cone,Stracciatella,
qwen3vl,E6_img_0235_mixed_N3_k1_P4,open,item,Gelato,Stracciatella,
qwen3vl,E6_img_0235_mixed_N4_k2_P4,open,item,Ice cream,Stracciatella,
qwen3vl,E6_img_0235_mixed_N5_k2_P4,open,item,Ice cream,Stracciatella,
qwen3vl,E1_img_0170_mixed_N1_k1_P1,open,item,Baklava,Kalburabastı,
qwen3vl,E1_img_0170_mixed_N2_k1_P1,open,item,Baklava,Kalburabastı,
qwen3vl,E1_img_0170_mixed_N3_k2_P1,open,item,Baklava,Kalburabastı,
qwen3vl,E1_img_0170_mixed_N4_k3_P1,open,item,Baklava,Kalburabastı,
qwen3vl,E2_img_0170_mixed_N5_k1_P1,open,item,Baklava,Kalburabastı,
qwen3vl,E2_img_0170_mixed_N5_k2_P1,open,item,Baklava,Kalburabastı,
qwen3vl,E2_img_0170_mixed_N5_k3_P1,open,item,Baklava,Kalburabastı,
qwen3vl,E2_img_0170_mixed_N5_k4_P1,open,item,Baklava,Kalburabastı,
qwen3vl,E2_img_0170_mixed_N5_k5_P1,open,item,Baklava,Kalburabastı,
qwen3vl,E3_img_0170_near_N2_k1_P1,open,item,Baklava,Kalburabastı,
qwen3vl,E3_img_0170_near_N5_k3_P1,open,item,Baklava,Kalburabastı,
qwen3vl,E3_img_0170_far_N2_k1_P1,open,item,Baklava,Kalburabastı,
qwen3vl,E3_img_0170_far_N5_k3_P1,open,item,Baklava,Kalburabastı,
qwen3vl,E1_img_0099_mixed_N2_k2_P1,open,item,Pão de Queijo,Bánh chuối,
qwen3vl,E1_img_0099_mixed_N2_k2_P1,open,country,Brazil,Vietnam,
qwen3vl,E1_img_0099_mixed_N3_k3_P1,open,item,Pizzelle,Bánh chuối,
qwen3vl,E1_img_0099_mixed_N3_k3_P1,open,country,Italy,Vietnam,
qwen3vl,E1_img_0099_mixed_N4_k4_P1,open,item,Kibbeh,Bánh chuối,
qwen3vl,E1_img_0099_mixed_N4_k4_P1,open,country,Lebanon,Vietnam,
qwen3vl,E2_img_0099_mixed_N5_k1_P1,open,item,Pizzelle,Bánh chuối,
qwen3vl,E2_img_0099_mixed_N5_k1_P1,open,country,Italy,Vietnam,
qwen3vl,E2_img_0099_mixed_N5_k2_P1,open,item,Pizzelle,Bánh chuối,
qwen3vl,E2_img_0099_mixed_N5_k2_P1,open,country,Italy,Vietnam,
qwen3vl,E2_img_0099_mixed_N5_k3_P1,open,item,Pizzelle,Bánh chuối,
qwen3vl,E2_img_0099_mixed_N5_k3_P1,open,country,Italy,Vietnam,
qwen3vl,E2_img_0099_mixed_N5_k4_P1,open,item,Pizzelle,Bánh chuối,
qwen3vl,E2_img_0099_mixed_N5_k4_P1,open,country,Italy,Vietnam,
qwen3vl,E2_img_0099_mixed_N5_k5_P1,open,item,Pita bread with filling,Bánh chuối,
qwen3vl,E3_img_0099_near_N2_k2_P1,open,item,Pita bread with filling,Bánh chuối,
qwen3vl,E3_img_0099_near_N5_k4_P1,open,item,Puto,Bánh chuối,
qwen3vl,E3_img_0099_far_N2_k2_P1,open,item,Pizzelle,Bánh chuối,
qwen3vl,E3_img_0099_far_N5_k4_P1,open,item,Pizzelle,Bánh chuối,
qwen3vl,E1_img_0349_mixed_N2_k1_P1,open,item,Samuel Adams beer,Screwdriver,
qwen3vl,E1_img_0349_mixed_N3_k1_P1,open,item,Samuel Adams beer,Screwdriver,
qwen3vl,E1_img_0349_mixed_N4_k1_P1,open,item,Samuel Adams beer,Screwdriver,
qwen3vl,E2_img_0349_mixed_N5_k1_P1,open,item,Samuel Adams beer,Screwdriver,
qwen3vl,E2_img_0349_mixed_N5_k2_P1,open,item,Samuel Adams beer,Screwdriver,
qwen3vl,E2_img_0349_mixed_N5_k3_P1,open,item,Samuel Adams beer,Screwdriver,
qwen3vl,E2_img_0349_mixed_N5_k4_P1,open,item,Samuel Adams beer,Screwdriver,
qwen3vl,E2_img_0349_mixed_N5_k5_P1,open,item,Samuel Adams beer,Screwdriver,
qwen3vl,E3_img_0349_near_N2_k1_P1,open,item,Samuel Adams beer,Screwdriver,
qwen3vl,E3_img_0349_near_N5_k5_P1,open,item,Beer,Screwdriver,
qwen3vl,E3_img_0349_far_N2_k1_P1,open,item,Samuel Adams beer,Screwdriver,
qwen3vl,E3_img_0349_far_N5_k5_P1,open,item,Samuel Adams beer,Screwdriver,
qwen3vl,E5_img_0349_mixed_N1_k1_P2,open,item,Beer,Screwdriver,
qwen3vl,E5_img_0349_mixed_N2_k1_P2,open,item,Samuel Adams beer,Screwdriver,
qwen3vl,E5_img_0349_mixed_N3_k1_P2,open,item,Samuel Adams beer,Screwdriver,
qwen3vl,E5_img_0349_mixed_N4_k1_P2,open,item,Samuel Adams beer,Screwdriver,
qwen3vl,E5_img_0349_mixed_N5_k5_P2,open,item,Samuel Adams beer,Screwdriver,
qwen3vl,E5_img_0349_mixed_N1_k1_P3,open,item,Samuel Adams beer,Screwdriver,
qwen3vl,E5_img_0349_mixed_N2_k1_P3,open,item,Samuel Adams beer,Screwdriver,
qwen3vl,E5_img_0349_mixed_N3_k1_P3,open,item,Samuel Adams beer,Screwdriver,
qwen3vl,E5_img_0349_mixed_N4_k1_P3,open,item,Samuel Adams beer,Screwdriver,
qwen3vl,E5_img_0349_mixed_N5_k5_P3,open,item,Samuel Adams beer,Screwdriver,
qwen3vl,E6_img_0349_mixed_N5_k5_P4,open,item,Samuel Adams beer,Screwdriver,
qwen3vl,E1_img_0269_mixed_N1_k1_P1,open,item,Coffee,Bandrek,
qwen3vl,E1_img_0269_mixed_N2_k2_P1,open,item,Coffee with ice,Bandrek,
qwen3vl,E1_img_0269_mixed_N3_k2_P1,open,item,Coffee with condensed milk and ice,Bandrek,
qwen3vl,E1_img_0269_mixed_N3_k2_P1,open,country,Philippines,Indonesia,
qwen3vl,E1_img_0269_mixed_N4_k2_P1,open,item,Thai iced coffee,Bandrek,
qwen3vl,E1_img_0269_mixed_N4_k2_P1,open,country,Thailand,Indonesia,
qwen3vl,E2_img_0269_mixed_N5_k1_P1,open,item,Iced coffee,Bandrek,
qwen3vl,E2_img_0269_mixed_N5_k2_P1,open,item,Coffee with condensed milk and ice,Bandrek,
qwen3vl,E2_img_0269_mixed_N5_k2_P1,open,country,Philippines,Indonesia,
qwen3vl,E2_img_0269_mixed_N5_k3_P1,open,item,Coffee with condensed milk,Bandrek,
qwen3vl,E2_img_0269_mixed_N5_k3_P1,open,country,Philippines,Indonesia,
qwen3vl,E2_img_0269_mixed_N5_k4_P1,open,item,Coffee,Bandrek,
qwen3vl,E2_img_0269_mixed_N5_k5_P1,open,item,Coffee with condensed milk,Bandrek,
qwen3vl,E2_img_0269_mixed_N5_k5_P1,open,country,Philippines,Indonesia,
qwen3vl,E3_img_0269_near_N2_k2_P1,open,item,Coffee with ice,Bandrek,
qwen3vl,E3_img_0269_near_N5_k1_P1,open,item,Iced coffee,Bandrek,
qwen3vl,E3_img_0269_far_N2_k2_P1,open,item,Iced coffee,Bandrek,
qwen3vl,E3_img_0269_far_N5_k1_P1,open,item,Coffee,Bandrek,
qwen3vl,E1_img_0256_mixed_N1_k1_P1,open,item,Croissant,Xuixo,
qwen3vl,E1_img_0256_mixed_N1_k1_P1,open,country,France,Spain,
qwen3vl,E1_img_0256_mixed_N2_k1_P1,open,item,Croissant,Xuixo,
qwen3vl,E1_img_0256_mixed_N2_k1_P1,open,country,France,Spain,
qwen3vl,E1_img_0256_mixed_N3_k3_P1,open,item,Croissant,Xuixo,
qwen3vl,E1_img_0256_mixed_N3_k3_P1,open,country,France,Spain,
qwen3vl,E1_img_0256_mixed_N4_k3_P1,open,item,Croissant,Xuixo,
qwen3vl,E1_img_0256_mixed_N4_k3_P1,open,country,France,Spain,
qwen3vl,E2_img_0256_mixed_N5_k1_P1,open,item,Croissant,Xuixo,
qwen3vl,E2_img_0256_mixed_N5_k1_P1,open,country,France,Spain,
qwen3vl,E2_img_0256_mixed_N5_k2_P1,open,item,Croissant,Xuixo,
qwen3vl,E2_img_0256_mixed_N5_k2_P1,open,country,France,Spain,
qwen3vl,E2_img_0256_mixed_N5_k3_P1,open,item,Croissant,Xuixo,
qwen3vl,E2_img_0256_mixed_N5_k3_P1,open,country,France,Spain,
qwen3vl,E2_img_0256_mixed_N5_k4_P1,open,item,Croissant,Xuixo,
qwen3vl,E2_img_0256_mixed_N5_k4_P1,open,country,France,Spain,
qwen3vl,E2_img_0256_mixed_N5_k5_P1,open,item,Croissant,Xuixo,
qwen3vl,E2_img_0256_mixed_N5_k5_P1,open,country,France,Spain,
qwen3vl,E3_img_0256_near_N2_k1_P1,open,item,Croissant,Xuixo,
qwen3vl,E3_img_0256_near_N2_k1_P1,open,country,France,Spain,
qwen3vl,E3_img_0256_near_N5_k2_P1,open,item,Croissant,Xuixo,
qwen3vl,E3_img_0256_near_N5_k2_P1,open,country,France,Spain,
qwen3vl,E3_img_0256_far_N2_k1_P1,open,item,Croissant,Xuixo,
qwen3vl,E3_img_0256_far_N2_k1_P1,open,country,France,Spain,
qwen3vl,E3_img_0256_far_N5_k2_P1,open,item,Croissant,Xuixo,
qwen3vl,E3_img_0256_far_N5_k2_P1,open,country,France,Spain,
qwen3vl,E1_img_0263_mixed_N1_k1_P1,open,item,Matcha tea,Amazake,
qwen3vl,E1_img_0263_mixed_N2_k2_P1,open,item,Matcha tea,Amazake,
qwen3vl,E1_img_0263_mixed_N3_k1_P1,open,item,Matcha tea,Amazake,
qwen3vl,E1_img_0263_mixed_N4_k4_P1,open,item,Matcha tea,Amazake,
qwen3vl,E2_img_0263_mixed_N5_k1_P1,open,item,Matcha tea,Amazake,
qwen3vl,E2_img_0263_mixed_N5_k2_P1,open,item,Matcha tea,Amazake,
qwen3vl,E2_img_0263_mixed_N5_k3_P1,open,item,Matcha tea,Amazake,
qwen3vl,E2_img_0263_mixed_N5_k4_P1,open,item,Matcha tea,Amazake,
qwen3vl,E2_img_0263_mixed_N5_k5_P1,open,item,Matcha tea,Amazake,
qwen3vl,E3_img_0263_near_N2_k2_P1,open,item,Matcha tea,Amazake,
qwen3vl,E3_img_0263_near_N5_k3_P1,open,item,Matcha tea,Amazake,
qwen3vl,E3_img_0263_far_N2_k2_P1,open,item,Matcha tea,Amazake,
qwen3vl,E3_img_0263_far_N5_k3_P1,open,item,Matcha tea,Amazake,
qwen3vl,E5_img_0263_mixed_N1_k1_P2,open,item,Matcha tea,Amazake,
qwen3vl,E5_img_0263_mixed_N2_k2_P2,open,item,Matcha tea,Amazake,
qwen3vl,E5_img_0263_mixed_N3_k1_P2,open,item,Matcha tea,Amazake,
qwen3vl,E5_img_0263_mixed_N4_k4_P2,open,item,Matcha tea,Amazake,
qwen3vl,E5_img_0263_mixed_N5_k3_P2,open,item,Matcha tea,Amazake,
qwen3vl,E5_img_0263_mixed_N1_k1_P3,open,item,Matcha tea,Amazake,
qwen3vl,E5_img_0263_mixed_N2_k2_P3,open,item,Matcha tea,Amazake,
qwen3vl,E5_img_0263_mixed_N3_k1_P3,open,item,Matcha tea,Amazake,
qwen3vl,E5_img_0263_mixed_N4_k4_P3,open,item,Matcha tea,Amazake,
qwen3vl,E5_img_0263_mixed_N5_k3_P3,open,item,Matcha tea,Amazake,
qwen3vl,E6_img_0263_mixed_N1_k1_P4,open,item,Matcha tea,Amazake,
qwen3vl,E6_img_0263_mixed_N2_k2_P4,open,item,matcha tea,Amazake,
qwen3vl,E6_img_0263_mixed_N3_k1_P4,open,item,Matcha tea,Amazake,
qwen3vl,E6_img_0263_mixed_N4_k4_P4,open,item,Matcha tea,Amazake,
qwen3vl,E6_img_0263_mixed_N5_k3_P4,open,item,Matcha tea,Amazake,
qwen3vl,E2_img_0421_mixed_N5_k4_P1,open,item,Pastel de carne,Coxinha,
qwen3vl,E2_img_0270_mixed_N5_k1_P1,open,item,Colorful bottled drinks and fresh fruit,Batida,
qwen3vl,E2_img_0270_mixed_N5_k1_P1,open,country,Philippines,Brazil,
qwen3vl,E2_img_0270_mixed_N5_k5_P1,open,item,Colorful bottled drinks,Batida,
qwen3vl,E2_img_0270_mixed_N5_k5_P1,open,country,Philippines,Brazil,
qwen3vl,E3_img_0270_near_N2_k2_P1,open,item,Colorful bottled drinks,Batida,
qwen3vl,E3_img_0270_near_N5_k5_P1,open,item,Coconut water and fruit juices,Batida,
qwen3vl,E3_img_0270_near_N5_k5_P1,open,country,Philippines,Brazil,
qwen3vl,E3_img_0270_far_N2_k2_P1,open,item,Batik drink,Batida,
qwen3vl,E3_img_0270_far_N2_k2_P1,open,country,Indonesia,Brazil,
qwen3vl,E3_img_0270_far_N5_k5_P1,open,item,Colorful bottled drinks,Batida,
qwen3vl,E3_img_0270_far_N5_k5_P1,open,country,Philippines,Brazil,
qwen3vl,E1_img_0513_mixed_N4_k3_P1,open,item,Mug cake,Soufflé,
qwen3vl,E2_img_0513_mixed_N5_k2_P1,open,item,Mug cake,Soufflé,
qwen3vl,E6_img_0513_mixed_N1_k1_P4,open,item,Chocolate Mug Cake,Soufflé,
qwen3vl,E6_img_0513_mixed_N1_k1_P4,open,country,United States,France,
qwen3vl,E6_img_0513_mixed_N2_k1_P4,open,item,Mug cake,Soufflé,
qwen3vl,E6_img_0513_mixed_N3_k1_P4,open,item,Mug cake,Soufflé,
qwen3vl,E6_img_0513_mixed_N5_k1_P4,open,item,Mug cake,Soufflé,
qwen3vl,E1_img_0335_mixed_N2_k2_P1,open,item,Cocktail,Paradise,
qwen3vl,E1_img_0335_mixed_N3_k2_P1,open,item,Cocktail,Paradise,
qwen3vl,E1_img_0335_mixed_N4_k4_P1,open,item,Cocktail,Paradise,
qwen3vl,E2_img_0335_mixed_N5_k1_P1,open,item,Cocktail,Paradise,
qwen3vl,E2_img_0335_mixed_N5_k2_P1,open,item,Cocktail,Paradise,
qwen3vl,E2_img_0335_mixed_N5_k3_P1,open,item,Cocktail,Paradise,
qwen3vl,E2_img_0335_mixed_N5_k4_P1,open,item,Cocktail,Paradise,
qwen3vl,E2_img_0335_mixed_N5_k5_P1,open,item,Cocktail,Paradise,
qwen3vl,E3_img_0335_near_N2_k2_P1,open,item,Cocktail,Paradise,
qwen3vl,E3_img_0335_near_N5_k2_P1,open,item,Cocktail,Paradise,
qwen3vl,E3_img_0335_far_N2_k2_P1,open,item,Cocktail,Paradise,
qwen3vl,E3_img_0335_far_N5_k2_P1,open,item,Cocktail,Paradise,
qwen3vl,E1_img_0174_mixed_N1_k1_P1,open,item,Fried tofu skin,Khapse,
qwen3vl,E1_img_0174_mixed_N3_k3_P1,open,item,Fried dough,Khapse,
qwen3vl,E1_img_0174_mixed_N4_k1_P1,open,item,Takoyaki,Khapse,
qwen3vl,E1_img_0174_mixed_N4_k1_P1,open,country,Japan,China,
qwen3vl,E2_img_0174_mixed_N5_k1_P1,open,item,Takoyaki,Khapse,
qwen3vl,E2_img_0174_mixed_N5_k1_P1,open,country,Japan,China,
qwen3vl,E2_img_0174_mixed_N5_k2_P1,open,item,Okonomiyaki,Khapse,
qwen3vl,E2_img_0174_mixed_N5_k2_P1,open,country,Japan,China,
qwen3vl,E2_img_0174_mixed_N5_k3_P1,open,item,Fried dough,Khapse,
qwen3vl,E2_img_0174_mixed_N5_k4_P1,open,item,Fried dough,Khapse,
qwen3vl,E2_img_0174_mixed_N5_k5_P1,open,item,Takoyaki,Khapse,
qwen3vl,E2_img_0174_mixed_N5_k5_P1,open,country,Japan,China,
qwen3vl,E3_img_0174_near_N2_k1_P1,open,item,Fried dough,Khapse,
qwen3vl,E3_img_0174_near_N5_k3_P1,open,item,Fried dough,Khapse,
qwen3vl,E3_img_0174_far_N2_k1_P1,open,item,Takoyaki,Khapse,
qwen3vl,E3_img_0174_far_N2_k1_P1,open,country,Japan,China,
qwen3vl,E3_img_0174_far_N5_k3_P1,open,item,Takoyaki,Khapse,
qwen3vl,E3_img_0174_far_N5_k3_P1,open,country,Japan,China,
qwen3vl,E1_img_0304_mixed_N1_k1_P1,open,item,Iced coffee,Fernet and Coke,
qwen3vl,E1_img_0304_mixed_N2_k1_P1,open,item,Iced coffee,Fernet and Coke,
qwen3vl,E1_img_0304_mixed_N2_k1_P1,open,country,United States,Argentina,
qwen3vl,E1_img_0304_mixed_N3_k2_P1,open,item,Iced Coffee,Fernet and Coke,
qwen3vl,E1_img_0304_mixed_N3_k2_P1,open,country,United States,Argentina,
qwen3vl,E1_img_0304_mixed_N4_k3_P1,open,item,Iced Coffee,Fernet and Coke,
qwen3vl,E1_img_0304_mixed_N4_k3_P1,open,country,United States,Argentina,
qwen3vl,E2_img_0304_mixed_N5_k1_P1,open,item,Iced coffee,Fernet and Coke,
qwen3vl,E2_img_0304_mixed_N5_k1_P1,open,country,United States,Argentina,
qwen3vl,E2_img_0304_mixed_N5_k2_P1,open,item,Iced Coffee,Fernet and Coke,
qwen3vl,E2_img_0304_mixed_N5_k2_P1,open,country,United States,Argentina,
qwen3vl,E2_img_0304_mixed_N5_k3_P1,open,item,Iced coffee,Fernet and Coke,
qwen3vl,E2_img_0304_mixed_N5_k3_P1,open,country,United States,Argentina,
qwen3vl,E2_img_0304_mixed_N5_k4_P1,open,item,Iced coffee,Fernet and Coke,
qwen3vl,E2_img_0304_mixed_N5_k4_P1,open,country,United States,Argentina,
qwen3vl,E2_img_0304_mixed_N5_k5_P1,open,item,Iced coffee,Fernet and Coke,
qwen3vl,E2_img_0304_mixed_N5_k5_P1,open,country,United States,Argentina,
qwen3vl,E3_img_0304_near_N2_k1_P1,open,item,Iced Coffee,Fernet and Coke,
qwen3vl,E3_img_0304_near_N5_k5_P1,open,item,Iced Coffee,Fernet and Coke,
qwen3vl,E3_img_0304_far_N2_k1_P1,open,item,Iced coffee,Fernet and Coke,
qwen3vl,E3_img_0304_far_N5_k5_P1,open,item,Iced coffee,Fernet and Coke,
qwen3vl,E1_img_0288_mixed_N2_k2_P1,open,item,Kopi Tubruk,Champurrado,
qwen3vl,E1_img_0288_mixed_N3_k3_P1,open,item,Kopi Tubruk,Champurrado,
qwen3vl,E1_img_0288_mixed_N4_k4_P1,open,item,Kopi Tubruk,Champurrado,
qwen3vl,E2_img_0288_mixed_N5_k1_P1,open,item,Kopi Luwak,Champurrado,
qwen3vl,E2_img_0288_mixed_N5_k2_P1,open,item,Kopi Tubruk,Champurrado,
qwen3vl,E2_img_0288_mixed_N5_k3_P1,open,item,Kopi Luwak,Champurrado,
qwen3vl,E2_img_0288_mixed_N5_k4_P1,open,item,Kava,Champurrado,
qwen3vl,E2_img_0288_mixed_N5_k4_P1,open,country,Fiji,Mexico,
qwen3vl,E2_img_0288_mixed_N5_k5_P1,open,item,Kopi Tubruk,Champurrado,
qwen3vl,E3_img_0288_near_N2_k2_P1,open,item,Kopi Tubruk,Champurrado,
qwen3vl,E3_img_0288_near_N2_k2_P1,open,country,Indonesia,Mexico,
qwen3vl,E3_img_0288_near_N5_k1_P1,open,item,Kopi Luwak,Champurrado,
qwen3vl,E3_img_0288_near_N5_k1_P1,open,country,Indonesia,Mexico,
qwen3vl,E3_img_0288_far_N2_k2_P1,open,item,Kopi Tubruk,Champurrado,
qwen3vl,E3_img_0288_far_N5_k1_P1,open,item,Kopi Luwak,Champurrado,
qwen3vl,E1_img_0116_mixed_N1_k1_P1,open,item,Matcha tart,Carac,
qwen3vl,E1_img_0116_mixed_N1_k1_P1,open,country,Japan,Switzerland,
qwen3vl,E1_img_0116_mixed_N2_k1_P1,open,item,Matcha tart,Carac,
qwen3vl,E1_img_0116_mixed_N2_k1_P1,open,country,Japan,Switzerland,
qwen3vl,E1_img_0116_mixed_N3_k1_P1,open,item,Matcha tart,Carac,
qwen3vl,E1_img_0116_mixed_N3_k1_P1,open,country,Japan,Switzerland,
qwen3vl,E1_img_0116_mixed_N4_k1_P1,open,item,Matcha tart,Carac,
qwen3vl,E1_img_0116_mixed_N4_k1_P1,open,country,Japan,Switzerland,
qwen3vl,E2_img_0116_mixed_N5_k1_P1,open,item,Matcha tart,Carac,
qwen3vl,E2_img_0116_mixed_N5_k1_P1,open,country,Japan,Switzerland,
qwen3vl,E2_img_0116_mixed_N5_k2_P1,open,item,Matcha tart,Carac,
qwen3vl,E2_img_0116_mixed_N5_k2_P1,open,country,Japan,Switzerland,
qwen3vl,E2_img_0116_mixed_N5_k3_P1,open,item,Matcha tart,Carac,
qwen3vl,E2_img_0116_mixed_N5_k3_P1,open,country,Japan,Switzerland,
qwen3vl,E2_img_0116_mixed_N5_k4_P1,open,item,Matcha tart,Carac,
qwen3vl,E2_img_0116_mixed_N5_k4_P1,open,country,Japan,Switzerland,
qwen3vl,E2_img_0116_mixed_N5_k5_P1,open,item,Matcha tart,Carac,
qwen3vl,E2_img_0116_mixed_N5_k5_P1,open,country,Japan,Switzerland,
qwen3vl,E3_img_0116_near_N2_k1_P1,open,item,Matcha tart,Carac,
qwen3vl,E3_img_0116_near_N2_k1_P1,open,country,Japan,Switzerland,
qwen3vl,E3_img_0116_near_N5_k2_P1,open,item,Matcha tart,Carac,
qwen3vl,E3_img_0116_near_N5_k2_P1,open,country,Japan,Switzerland,
qwen3vl,E3_img_0116_far_N2_k1_P1,open,item,Matcha tart,Carac,
qwen3vl,E3_img_0116_far_N2_k1_P1,open,country,Japan,Switzerland,
qwen3vl,E3_img_0116_far_N5_k2_P1,open,item,Matcha tart,Carac,
qwen3vl,E3_img_0116_far_N5_k2_P1,open,country,Japan,Switzerland,
qwen3vl,E5_img_0116_mixed_N1_k1_P2,open,item,Matcha tart,Carac,
qwen3vl,E5_img_0116_mixed_N1_k1_P2,open,country,Japan,Switzerland,
qwen3vl,E5_img_0116_mixed_N2_k1_P2,open,item,Matcha tart,Carac,
qwen3vl,E5_img_0116_mixed_N2_k1_P2,open,country,Japan,Switzerland,
qwen3vl,E5_img_0116_mixed_N3_k1_P2,open,item,Matcha tart,Carac,
qwen3vl,E5_img_0116_mixed_N3_k1_P2,open,country,Japan,Switzerland,
qwen3vl,E5_img_0116_mixed_N4_k1_P2,open,item,Matcha tart,Carac,
qwen3vl,E5_img_0116_mixed_N4_k1_P2,open,country,Japan,Switzerland,
qwen3vl,E5_img_0116_mixed_N5_k2_P2,open,item,Matcha tart,Carac,
qwen3vl,E5_img_0116_mixed_N5_k2_P2,open,country,Japan,Switzerland,
qwen3vl,E5_img_0116_mixed_N1_k1_P3,open,item,Matcha tart,Carac,
qwen3vl,E5_img_0116_mixed_N1_k1_P3,open,country,Japan,Switzerland,
qwen3vl,E5_img_0116_mixed_N2_k1_P3,open,item,Matcha Tarts,Carac,
qwen3vl,E5_img_0116_mixed_N2_k1_P3,open,country,Japan,Switzerland,
qwen3vl,E5_img_0116_mixed_N3_k1_P3,open,item,Matcha Tarts,Carac,
qwen3vl,E5_img_0116_mixed_N3_k1_P3,open,country,Japan,Switzerland,
qwen3vl,E5_img_0116_mixed_N4_k1_P3,open,item,Matcha Tarts,Carac,
qwen3vl,E5_img_0116_mixed_N4_k1_P3,open,country,Japan,Switzerland,
qwen3vl,E5_img_0116_mixed_N5_k2_P3,open,item,Matcha Tarts,Carac,
qwen3vl,E5_img_0116_mixed_N5_k2_P3,open,country,Japan,Switzerland,
qwen3vl,E1_img_0209_mixed_N1_k1_P1,open,item,Cotton candy,Pişmaniye,
qwen3vl,E1_img_0209_mixed_N2_k1_P1,open,item,Cotton candy,Pişmaniye,
qwen3vl,E1_img_0209_mixed_N3_k3_P1,open,item,Cotton candy,Pişmaniye,
qwen3vl,E1_img_0209_mixed_N4_k3_P1,open,item,Cotton candy,Pişmaniye,
qwen3vl,E2_img_0209_mixed_N5_k1_P1,open,item,Cotton candy,Pişmaniye,
qwen3vl,E2_img_0209_mixed_N5_k2_P1,open,item,Cotton candy,Pişmaniye,
qwen3vl,E2_img_0209_mixed_N5_k3_P1,open,item,Cotton candy,Pişmaniye,
qwen3vl,E2_img_0209_mixed_N5_k4_P1,open,item,Cotton candy,Pişmaniye,
qwen3vl,E2_img_0209_mixed_N5_k5_P1,open,item,Cotton candy,Pişmaniye,
qwen3vl,E3_img_0209_near_N2_k1_P1,open,item,Cotton candy,Pişmaniye,
qwen3vl,E3_img_0209_near_N5_k4_P1,open,item,Cotton candy,Pişmaniye,
qwen3vl,E3_img_0209_far_N2_k1_P1,open,item,Queso fresco,Pişmaniye,
qwen3vl,E3_img_0209_far_N5_k4_P1,open,item,Mochi,Pişmaniye,
qwen3vl,E3_img_0209_far_N5_k4_P1,open,country,Japan,Turkey,
qwen3vl,E2_img_0161_mixed_N5_k1_P1,open,item,Ice cream with caramel sauce and a piece of cake,Hokey pokey,
qwen3vl,E2_img_0161_mixed_N5_k2_P1,open,item,Ice cream with caramel sauce and a piece of cake,Hokey pokey,
qwen3vl,E5_img_0161_mixed_N2_k2_P2,open,item,Ice cream with caramel sauce and a piece of cake,Hokey pokey,
qwen3vl,E5_img_0161_mixed_N3_k1_P2,open,item,Ice cream with caramel sauce and a piece of cake,Hokey pokey,
qwen3vl,E5_img_0161_mixed_N4_k4_P2,open,item,Ice cream with a piece of cake,Hokey pokey,
qwen3vl,E5_img_0161_mixed_N5_k5_P2,open,item,Ice cream with caramel sauce and a piece of cake,Hokey pokey,
qwen3vl,E5_img_0161_mixed_N1_k1_P3,open,item,Banana split,Hokey pokey,
qwen3vl,E5_img_0161_mixed_N1_k1_P3,open,country,United States,New Zealand,
qwen3vl,E5_img_0161_mixed_N3_k1_P3,open,item,Ice cream with caramel sauce and a piece of cake,Hokey pokey,
qwen3vl,E5_img_0161_mixed_N4_k4_P3,open,item,Bingsu,Hokey pokey,
qwen3vl,E5_img_0161_mixed_N4_k4_P3,open,country,South Korea,New Zealand,
qwen3vl,E5_img_0161_mixed_N5_k5_P3,open,item,Ice cream with a piece of cake,Hokey pokey,
qwen3vl,E6_img_0161_mixed_N4_k4_P4,open,item,Bingsu,Hokey pokey,
qwen3vl,E6_img_0161_mixed_N4_k4_P4,open,country,South Korea,New Zealand,
qwen3vl,E6_img_0161_mixed_N5_k5_P4,open,item,Ice cream with caramel sauce and cake,Hokey pokey,
qwen3vl,E1_img_0577_mixed_N1_k1_P1,open,item,Lute,Hurdy-gurdy,
qwen3vl,E1_img_0577_mixed_N2_k1_P1,open,item,Saz,Hurdy-gurdy,
qwen3vl,E1_img_0577_mixed_N2_k1_P1,open,country,Turkey,France,
qwen3vl,E1_img_0577_mixed_N3_k1_P1,open,item,Saz,Hurdy-gurdy,
qwen3vl,E1_img_0577_mixed_N3_k1_P1,open,country,Turkey,France,
qwen3vl,E1_img_0577_mixed_N4_k1_P1,open,item,Santur,Hurdy-gurdy,
qwen3vl,E1_img_0577_mixed_N4_k1_P1,open,country,Iran,France,
qwen3vl,E2_img_0577_mixed_N5_k1_P1,open,item,Oud,Hurdy-gurdy,
qwen3vl,E2_img_0577_mixed_N5_k1_P1,open,country,Middle East,France,
qwen3vl,E2_img_0577_mixed_N5_k2_P1,open,item,Santur,Hurdy-gurdy,
qwen3vl,E2_img_0577_mixed_N5_k2_P1,open,country,Iran,France,
qwen3vl,E2_img_0577_mixed_N5_k3_P1,open,item,Santur,Hurdy-gurdy,
qwen3vl,E2_img_0577_mixed_N5_k3_P1,open,country,Iran,France,
qwen3vl,E2_img_0577_mixed_N5_k4_P1,open,item,Santur,Hurdy-gurdy,
qwen3vl,E2_img_0577_mixed_N5_k4_P1,open,country,Iran,France,
qwen3vl,E2_img_0577_mixed_N5_k5_P1,open,item,Santur,Hurdy-gurdy,
qwen3vl,E2_img_0577_mixed_N5_k5_P1,open,country,Iran,France,
qwen3vl,E3_img_0577_near_N2_k1_P1,open,item,Santur,Hurdy-gurdy,
qwen3vl,E3_img_0577_near_N2_k1_P1,open,country,Iran,France,
qwen3vl,E3_img_0577_near_N5_k1_P1,open,item,Santur,Hurdy-gurdy,
qwen3vl,E3_img_0577_near_N5_k1_P1,open,country,Iran,France,
qwen3vl,E3_img_0577_far_N2_k1_P1,open,item,Oud,Hurdy-gurdy,
qwen3vl,E3_img_0577_far_N2_k1_P1,open,country,Middle East,France,
qwen3vl,E3_img_0577_far_N5_k1_P1,open,item,Saz,Hurdy-gurdy,
qwen3vl,E5_img_0577_mixed_N1_k1_P2,open,item,Lute,Hurdy-gurdy,
qwen3vl,E5_img_0577_mixed_N2_k1_P2,open,item,Saz,Hurdy-gurdy,
qwen3vl,E5_img_0577_mixed_N2_k1_P2,open,country,Turkey,France,
qwen3vl,E5_img_0577_mixed_N3_k1_P2,open,item,Saz,Hurdy-gurdy,
qwen3vl,E5_img_0577_mixed_N3_k1_P2,open,country,Turkey,France,
qwen3vl,E5_img_0577_mixed_N4_k1_P2,open,item,Saz,Hurdy-gurdy,
qwen3vl,E5_img_0577_mixed_N4_k1_P2,open,country,Turkey,France,
qwen3vl,E5_img_0577_mixed_N5_k1_P2,open,item,Oud,Hurdy-gurdy,
qwen3vl,E5_img_0577_mixed_N5_k1_P2,open,country,Middle East,France,
qwen3vl,E5_img_0577_mixed_N1_k1_P3,open,item,Lute,Hurdy-gurdy,
qwen3vl,E5_img_0577_mixed_N2_k1_P3,open,item,Saz,Hurdy-gurdy,
qwen3vl,E5_img_0577_mixed_N2_k1_P3,open,country,Turkey,France,
qwen3vl,E5_img_0577_mixed_N3_k1_P3,open,item,Saz,Hurdy-gurdy,
qwen3vl,E5_img_0577_mixed_N3_k1_P3,open,country,Turkey,France,
qwen3vl,E5_img_0577_mixed_N4_k1_P3,open,item,Saz,Hurdy-gurdy,
qwen3vl,E5_img_0577_mixed_N4_k1_P3,open,country,Turkey,France,
qwen3vl,E5_img_0577_mixed_N5_k1_P3,open,item,Oud,Hurdy-gurdy,
qwen3vl,E5_img_0577_mixed_N5_k1_P3,open,country,Middle East,France,
qwen3vl,E6_img_0577_mixed_N1_k1_P4,open,item,Lute,Hurdy-gurdy,
qwen3vl,E6_img_0577_mixed_N2_k1_P4,open,item,Saz,Hurdy-gurdy,
qwen3vl,E6_img_0577_mixed_N2_k1_P4,open,country,Turkey,France,
qwen3vl,E6_img_0577_mixed_N3_k1_P4,open,item,Saz,Hurdy-gurdy,
qwen3vl,E6_img_0577_mixed_N3_k1_P4,open,country,Turkey,France,
qwen3vl,E6_img_0577_mixed_N4_k1_P4,open,item,Saz,Hurdy-gurdy,
qwen3vl,E6_img_0577_mixed_N4_k1_P4,open,country,Turkey,France,
qwen3vl,E6_img_0577_mixed_N5_k1_P4,open,item,Oud,Hurdy-gurdy,
qwen3vl,E6_img_0577_mixed_N5_k1_P4,open,country,"Middle East (specifically, the instrument is from the Arab world, often associated with countries like Egypt or Syria)",France,
qwen3vl,E1_img_0549_mixed_N1_k1_P1,open,item,Dombra,Chuniri,
qwen3vl,E1_img_0549_mixed_N1_k1_P1,open,country,Kazakhstan,Georgia,
qwen3vl,E1_img_0549_mixed_N2_k2_P1,open,item,Dombra,Chuniri,
qwen3vl,E1_img_0549_mixed_N2_k2_P1,open,country,Mongolia,Georgia,
qwen3vl,E1_img_0549_mixed_N3_k2_P1,open,item,Dombra,Chuniri,
qwen3vl,E1_img_0549_mixed_N3_k2_P1,open,country,Mongolia,Georgia,
qwen3vl,E1_img_0549_mixed_N4_k2_P1,open,item,Dombra,Chuniri,
qwen3vl,E1_img_0549_mixed_N4_k2_P1,open,country,Mongolia,Georgia,
qwen3vl,E2_img_0549_mixed_N5_k1_P1,open,item,Dombra,Chuniri,
qwen3vl,E2_img_0549_mixed_N5_k1_P1,open,country,Mongolia,Georgia,
qwen3vl,E2_img_0549_mixed_N5_k2_P1,open,item,Dombra,Chuniri,
qwen3vl,E2_img_0549_mixed_N5_k2_P1,open,country,Mongolia,Georgia,
qwen3vl,E2_img_0549_mixed_N5_k3_P1,open,item,Dombra,Chuniri,
qwen3vl,E2_img_0549_mixed_N5_k3_P1,open,country,Mongolia,Georgia,
qwen3vl,E2_img_0549_mixed_N5_k4_P1,open,item,Dombra,Chuniri,
qwen3vl,E2_img_0549_mixed_N5_k4_P1,open,country,Mongolia,Georgia,
qwen3vl,E2_img_0549_mixed_N5_k5_P1,open,item,Dombra,Chuniri,
qwen3vl,E2_img_0549_mixed_N5_k5_P1,open,country,Mongolia,Georgia,
qwen3vl,E3_img_0549_near_N2_k2_P1,open,item,Dombra,Chuniri,
qwen3vl,E3_img_0549_near_N2_k2_P1,open,country,Mongolia,Georgia,
qwen3vl,E3_img_0549_near_N5_k2_P1,open,item,Dombyra,Chuniri,
qwen3vl,E3_img_0549_near_N5_k2_P1,open,country,Kazakhstan,Georgia,
qwen3vl,E3_img_0549_far_N2_k2_P1,open,item,Dombra,Chuniri,
qwen3vl,E3_img_0549_far_N2_k2_P1,open,country,Mongolia,Georgia,
qwen3vl,E3_img_0549_far_N5_k2_P1,open,item,Santur,Chuniri,
qwen3vl,E3_img_0549_far_N5_k2_P1,open,country,Iran,Georgia,
qwen3vl,E1_img_0535_mixed_N1_k1_P1,open,item,Gourd instrument,Afoxé,
qwen3vl,E1_img_0535_mixed_N2_k1_P1,open,country,Turkey,Brazil,
qwen3vl,E1_img_0535_mixed_N3_k3_P1,open,country,Turkey,Brazil,
qwen3vl,E1_img_0535_mixed_N4_k3_P1,open,country,Turkey,Brazil,
qwen3vl,E2_img_0535_mixed_N5_k1_P1,open,country,Turkey,Brazil,
qwen3vl,E2_img_0535_mixed_N5_k2_P1,open,item,Gusle,Afoxé,
qwen3vl,E2_img_0535_mixed_N5_k2_P1,open,country,Bosnia and Herzegovina,Brazil,
qwen3vl,E2_img_0535_mixed_N5_k3_P1,open,country,Turkey,Brazil,
qwen3vl,E2_img_0535_mixed_N5_k4_P1,open,item,Gusle,Afoxé,
qwen3vl,E2_img_0535_mixed_N5_k4_P1,open,country,Bosnia and Herzegovina,Brazil,
qwen3vl,E2_img_0535_mixed_N5_k5_P1,open,country,Turkey,Brazil,
qwen3vl,E3_img_0535_near_N2_k1_P1,open,item,Gourd instrument,Afoxé,
qwen3vl,E3_img_0535_near_N5_k3_P1,open,item,Gourd,Afoxé,
qwen3vl,E3_img_0535_far_N2_k1_P1,open,item,Gusle,Afoxé,
qwen3vl,E3_img_0535_far_N2_k1_P1,open,country,Serbia,Brazil,
qwen3vl,E3_img_0535_far_N5_k3_P1,open,item,Gourd,Afoxé,
qwen3vl,E1_img_0584_mixed_N1_k1_P1,open,item,Balalaika,Komuz,
qwen3vl,E1_img_0584_mixed_N1_k1_P1,open,country,Russia,Kyrgyzstan,
qwen3vl,E1_img_0584_mixed_N2_k2_P1,open,item,Dombra,Komuz,
qwen3vl,E1_img_0584_mixed_N2_k2_P1,open,country,Kazakhstan,Kyrgyzstan,
qwen3vl,E1_img_0584_mixed_N3_k1_P1,open,item,Saz,Komuz,
qwen3vl,E1_img_0584_mixed_N3_k1_P1,open,country,Turkey,Kyrgyzstan,
qwen3vl,E1_img_0584_mixed_N4_k4_P1,open,item,Santur,Komuz,
qwen3vl,E1_img_0584_mixed_N4_k4_P1,open,country,Iran,Kyrgyzstan,
qwen3vl,E2_img_0584_mixed_N5_k1_P1,open,item,Saz,Komuz,
qwen3vl,E2_img_0584_mixed_N5_k1_P1,open,country,Turkey,Kyrgyzstan,
qwen3vl,E2_img_0584_mixed_N5_k2_P1,open,item,Sitar,Komuz,
qwen3vl,E2_img_0584_mixed_N5_k2_P1,open,country,India,Kyrgyzstan,
qwen3vl,E2_img_0584_mixed_N5_k3_P1,open,item,Santur,Komuz,
qwen3vl,E2_img_0584_mixed_N5_k3_P1,open,country,Iran,Kyrgyzstan,
qwen3vl,E2_img_0584_mixed_N5_k4_P1,open,item,Santur,Komuz,
qwen3vl,E2_img_0584_mixed_N5_k4_P1,open,country,Iran,Kyrgyzstan,
qwen3vl,E2_img_0584_mixed_N5_k5_P1,open,item,Santur,Komuz,
qwen3vl,E2_img_0584_mixed_N5_k5_P1,open,country,Iran,Kyrgyzstan,
qwen3vl,E3_img_0584_near_N2_k2_P1,open,item,Santur,Komuz,
qwen3vl,E3_img_0584_near_N2_k2_P1,open,country,Iran,Kyrgyzstan,
qwen3vl,E3_img_0584_near_N5_k4_P1,open,item,Balalaika,Komuz,
qwen3vl,E3_img_0584_near_N5_k4_P1,open,country,Russia,Kyrgyzstan,
qwen3vl,E3_img_0584_far_N2_k2_P1,open,item,Saz,Komuz,
qwen3vl,E3_img_0584_far_N2_k2_P1,open,country,Turkey,Kyrgyzstan,
qwen3vl,E3_img_0584_far_N5_k4_P1,open,item,Santur,Komuz,
qwen3vl,E3_img_0584_far_N5_k4_P1,open,country,Iran,Kyrgyzstan,
qwen3vl,E5_img_0584_mixed_N1_k1_P2,open,item,Sitar,Komuz,
qwen3vl,E5_img_0584_mixed_N1_k1_P2,open,country,India,Kyrgyzstan,
qwen3vl,E5_img_0584_mixed_N2_k2_P2,open,item,Santur,Komuz,
qwen3vl,E5_img_0584_mixed_N2_k2_P2,open,country,Iran,Kyrgyzstan,
qwen3vl,E5_img_0584_mixed_N3_k1_P2,open,item,Saz,Komuz,
qwen3vl,E5_img_0584_mixed_N3_k1_P2,open,country,Turkey,Kyrgyzstan,
qwen3vl,E5_img_0584_mixed_N4_k4_P2,open,item,Santur,Komuz,
qwen3vl,E5_img_0584_mixed_N4_k4_P2,open,country,Iran,Kyrgyzstan,
qwen3vl,E5_img_0584_mixed_N5_k4_P2,open,item,Santur,Komuz,
qwen3vl,E5_img_0584_mixed_N5_k4_P2,open,country,Iran,Kyrgyzstan,
qwen3vl,E5_img_0584_mixed_N1_k1_P3,open,item,Saz,Komuz,
qwen3vl,E5_img_0584_mixed_N1_k1_P3,open,country,Turkey,Kyrgyzstan,
qwen3vl,E5_img_0584_mixed_N2_k2_P3,open,item,Dombra,Komuz,
qwen3vl,E5_img_0584_mixed_N2_k2_P3,open,country,Kazakhstan,Kyrgyzstan,
qwen3vl,E5_img_0584_mixed_N3_k1_P3,open,item,Saz,Komuz,
qwen3vl,E5_img_0584_mixed_N3_k1_P3,open,country,Turkey,Kyrgyzstan,
qwen3vl,E5_img_0584_mixed_N4_k4_P3,open,item,Santur,Komuz,
qwen3vl,E5_img_0584_mixed_N4_k4_P3,open,country,Iran,Kyrgyzstan,
qwen3vl,E5_img_0584_mixed_N5_k4_P3,open,item,Dombra,Komuz,
qwen3vl,E5_img_0584_mixed_N5_k4_P3,open,country,Mongolia,Kyrgyzstan,
qwen3vl,E6_img_0584_mixed_N1_k1_P4,open,item,saz,Komuz,
qwen3vl,E6_img_0584_mixed_N1_k1_P4,open,country,Turkey,Kyrgyzstan,
qwen3vl,E6_img_0584_mixed_N2_k2_P4,open,item,Santur,Komuz,
qwen3vl,E6_img_0584_mixed_N2_k2_P4,open,country,Iran,Kyrgyzstan,
qwen3vl,E6_img_0584_mixed_N4_k4_P4,open,item,Santur,Komuz,
qwen3vl,E6_img_0584_mixed_N4_k4_P4,open,country,Iran,Kyrgyzstan,
qwen3vl,E6_img_0584_mixed_N5_k4_P4,open,item,Santur,Komuz,
qwen3vl,E6_img_0584_mixed_N5_k4_P4,open,country,Iran,Kyrgyzstan,
qwen3vl,E1_img_0547_mixed_N1_k1_P1,open,item,Quena,Caña de millo,
qwen3vl,E1_img_0547_mixed_N1_k1_P1,open,country,Peru,Colombia,
qwen3vl,E1_img_0547_mixed_N2_k2_P1,open,item,Quena,Caña de millo,
qwen3vl,E1_img_0547_mixed_N2_k2_P1,open,country,Peru,Colombia,
qwen3vl,E1_img_0547_mixed_N3_k3_P1,open,item,Quena,Caña de millo,
qwen3vl,E1_img_0547_mixed_N3_k3_P1,open,country,Peru,Colombia,
qwen3vl,E1_img_0547_mixed_N4_k2_P1,open,item,Quena,Caña de millo,
qwen3vl,E1_img_0547_mixed_N4_k2_P1,open,country,Peru,Colombia,
qwen3vl,E2_img_0547_mixed_N5_k1_P1,open,item,Quena,Caña de millo,
qwen3vl,E2_img_0547_mixed_N5_k1_P1,open,country,Peru,Colombia,
qwen3vl,E2_img_0547_mixed_N5_k2_P1,open,item,Quena,Caña de millo,
qwen3vl,E2_img_0547_mixed_N5_k2_P1,open,country,Peru,Colombia,
qwen3vl,E2_img_0547_mixed_N5_k3_P1,open,item,Quena,Caña de millo,
qwen3vl,E2_img_0547_mixed_N5_k3_P1,open,country,Peru,Colombia,
qwen3vl,E2_img_0547_mixed_N5_k4_P1,open,item,Quena,Caña de millo,
qwen3vl,E2_img_0547_mixed_N5_k4_P1,open,country,Peru,Colombia,
qwen3vl,E2_img_0547_mixed_N5_k5_P1,open,item,Quena,Caña de millo,
qwen3vl,E2_img_0547_mixed_N5_k5_P1,open,country,Peru,Colombia,
qwen3vl,E3_img_0547_near_N2_k2_P1,open,item,Quena,Caña de millo,
qwen3vl,E3_img_0547_near_N5_k1_P1,open,item,Quena,Caña de millo,
qwen3vl,E3_img_0547_far_N2_k2_P1,open,item,Quena,Caña de millo,
qwen3vl,E3_img_0547_far_N2_k2_P1,open,country,Peru,Colombia,
qwen3vl,E3_img_0547_far_N5_k1_P1,open,item,Quena,Caña de millo,
qwen3vl,E3_img_0547_far_N5_k1_P1,open,country,Peru,Colombia,
qwen3vl,E1_img_0610_mixed_N1_k1_P1,open,item,Shamisen,Sanshin,
qwen3vl,E1_img_0610_mixed_N2_k1_P1,open,country,China,Japan,
qwen3vl,E1_img_0610_mixed_N3_k1_P1,open,country,China,Japan,
qwen3vl,E1_img_0610_mixed_N4_k3_P1,open,country,China,Japan,
qwen3vl,E2_img_0610_mixed_N5_k1_P1,open,country,China,Japan,
qwen3vl,E2_img_0610_mixed_N5_k2_P1,open,country,China,Japan,
qwen3vl,E2_img_0610_mixed_N5_k3_P1,open,country,China,Japan,
qwen3vl,E2_img_0610_mixed_N5_k4_P1,open,item,Shamisen,Sanshin,
qwen3vl,E2_img_0610_mixed_N5_k5_P1,open,country,China,Japan,
qwen3vl,E3_img_0610_near_N2_k1_P1,open,country,China,Japan,
qwen3vl,E3_img_0610_near_N5_k2_P1,open,country,China,Japan,
qwen3vl,E3_img_0610_far_N2_k1_P1,open,country,China,Japan,
qwen3vl,E3_img_0610_far_N5_k2_P1,open,country,China,Japan,
qwen3vl,E5_img_0610_mixed_N1_k1_P2,open,item,Shamisen,Sanshin,
qwen3vl,E5_img_0610_mixed_N2_k1_P2,open,country,China,Japan,
qwen3vl,E5_img_0610_mixed_N3_k1_P2,open,country,China,Japan,
qwen3vl,E5_img_0610_mixed_N4_k3_P2,open,country,China,Japan,
qwen3vl,E5_img_0610_mixed_N5_k2_P2,open,country,China,Japan,
qwen3vl,E5_img_0610_mixed_N1_k1_P3,open,item,Shamisen,Sanshin,
qwen3vl,E5_img_0610_mixed_N2_k1_P3,open,country,China,Japan,
qwen3vl,E5_img_0610_mixed_N3_k1_P3,open,country,China,Japan,
qwen3vl,E5_img_0610_mixed_N4_k3_P3,open,item,Shamisen,Sanshin,
qwen3vl,E6_img_0610_mixed_N1_k1_P4,open,item,shamisen,Sanshin,
qwen3vl,E6_img_0610_mixed_N2_k1_P4,open,item,Shamisen,Sanshin,
qwen3vl,E6_img_0610_mixed_N3_k1_P4,open,country,China,Japan,
qwen3vl,E6_img_0610_mixed_N4_k3_P4,open,item,shamisen,Sanshin,
qwen3vl,E6_img_0610_mixed_N5_k2_P4,open,item,Shamisen,Sanshin,
qwen3vl,E1_img_0571_mixed_N1_k1_P1,open,item,Cabasa,Güira,
qwen3vl,E1_img_0571_mixed_N2_k2_P1,open,item,Cabasa,Güira,
qwen3vl,E1_img_0571_mixed_N3_k2_P1,open,item,Cabasa,Güira,
qwen3vl,E1_img_0571_mixed_N4_k4_P1,open,item,Cabasa,Güira,
qwen3vl,E2_img_0571_mixed_N5_k1_P1,open,item,Cabasa,Güira,
qwen3vl,E2_img_0571_mixed_N5_k2_P1,open,item,Cabasa,Güira,
qwen3vl,E2_img_0571_mixed_N5_k3_P1,open,item,Cabasa,Güira,
qwen3vl,E2_img_0571_mixed_N5_k4_P1,open,item,Cabasa,Güira,
qwen3vl,E2_img_0571_mixed_N5_k5_P1,open,item,Cabasa,Güira,
qwen3vl,E3_img_0571_near_N2_k2_P1,open,item,Cabasa,Güira,
qwen3vl,E3_img_0571_near_N5_k3_P1,open,item,Cabasa,Güira,
qwen3vl,E3_img_0571_far_N2_k2_P1,open,item,Cabasa,Güira,
qwen3vl,E3_img_0571_far_N5_k3_P1,open,item,Cabasa,Güira,
qwen3vl,E1_img_0566_mixed_N1_k1_P1,open,item,Gendang,Gendang beleq,
qwen3vl,E1_img_0566_mixed_N2_k1_P1,open,item,Gendang,Gendang beleq,
qwen3vl,E1_img_0566_mixed_N3_k3_P1,open,item,Gendang,Gendang beleq,
qwen3vl,E1_img_0566_mixed_N4_k1_P1,open,item,Gendang,Gendang beleq,
qwen3vl,E2_img_0566_mixed_N5_k1_P1,open,item,Gendang,Gendang beleq,
qwen3vl,E2_img_0566_mixed_N5_k2_P1,open,item,Gendang,Gendang beleq,
qwen3vl,E2_img_0566_mixed_N5_k3_P1,open,item,Gendang,Gendang beleq,
qwen3vl,E2_img_0566_mixed_N5_k4_P1,open,item,Gendang,Gendang beleq,
qwen3vl,E2_img_0566_mixed_N5_k5_P1,open,item,Gendang,Gendang beleq,
qwen3vl,E3_img_0566_near_N2_k1_P1,open,item,Gendang,Gendang beleq,
qwen3vl,E3_img_0566_near_N5_k4_P1,open,item,Gendang,Gendang beleq,
qwen3vl,E3_img_0566_far_N2_k1_P1,open,item,Gendang,Gendang beleq,
qwen3vl,E3_img_0566_far_N5_k4_P1,open,item,Gendang,Gendang beleq,
qwen3vl,E1_img_0582_mixed_N1_k1_P1,open,item,Harp,Kokle,
qwen3vl,E1_img_0582_mixed_N2_k2_P1,open,item,Harp,Kokle,
qwen3vl,E1_img_0582_mixed_N3_k1_P1,open,item,Harp,Kokle,
qwen3vl,E1_img_0582_mixed_N4_k2_P1,open,item,Harp,Kokle,
qwen3vl,E2_img_0582_mixed_N5_k1_P1,open,item,Kora,Kokle,
qwen3vl,E2_img_0582_mixed_N5_k1_P1,open,country,Guinea,Latvia,
qwen3vl,E2_img_0582_mixed_N5_k2_P1,open,item,Harp,Kokle,
qwen3vl,E2_img_0582_mixed_N5_k3_P1,open,item,Kora,Kokle,
qwen3vl,E2_img_0582_mixed_N5_k3_P1,open,country,Guinea,Latvia,
qwen3vl,E2_img_0582_mixed_N5_k4_P1,open,item,Harp,Kokle,
qwen3vl,E2_img_0582_mixed_N5_k5_P1,open,item,Harp,Kokle,
qwen3vl,E3_img_0582_near_N2_k2_P1,open,item,Kora,Kokle,
qwen3vl,E3_img_0582_near_N2_k2_P1,open,country,Guinea,Latvia,
qwen3vl,E3_img_0582_near_N5_k5_P1,open,item,Harp,Kokle,
qwen3vl,E3_img_0582_far_N2_k2_P1,open,item,Kora,Kokle,
qwen3vl,E3_img_0582_far_N2_k2_P1,open,country,Senegal,Latvia,
qwen3vl,E3_img_0582_far_N5_k5_P1,open,item,Harp,Kokle,
qwen3vl,E5_img_0582_mixed_N1_k1_P2,open,item,Appalachian dulcimer,Kokle,
qwen3vl,E5_img_0582_mixed_N1_k1_P2,open,country,United States,Latvia,
qwen3vl,E5_img_0582_mixed_N2_k2_P2,open,item,Harp,Kokle,
qwen3vl,E5_img_0582_mixed_N3_k1_P2,open,item,Kora,Kokle,
qwen3vl,E5_img_0582_mixed_N3_k1_P2,open,country,Senegal,Latvia,
qwen3vl,E5_img_0582_mixed_N4_k2_P2,open,item,Harp,Kokle,
qwen3vl,E5_img_0582_mixed_N5_k5_P2,open,item,Harp,Kokle,
qwen3vl,E5_img_0582_mixed_N1_k1_P3,open,item,Appalachian dulcimer,Kokle,
qwen3vl,E5_img_0582_mixed_N1_k1_P3,open,country,United States,Latvia,
qwen3vl,E5_img_0582_mixed_N2_k2_P3,open,item,Kora,Kokle,
qwen3vl,E5_img_0582_mixed_N2_k2_P3,open,country,Guinea,Latvia,
qwen3vl,E5_img_0582_mixed_N3_k1_P3,open,item,Kora,Kokle,
qwen3vl,E5_img_0582_mixed_N3_k1_P3,open,country,Guinea,Latvia,
qwen3vl,E5_img_0582_mixed_N4_k2_P3,open,item,Kora,Kokle,
qwen3vl,E5_img_0582_mixed_N4_k2_P3,open,country,Guinea,Latvia,
qwen3vl,E5_img_0582_mixed_N5_k5_P3,open,item,Kora,Kokle,
qwen3vl,E5_img_0582_mixed_N5_k5_P3,open,country,Guinea,Latvia,
qwen3vl,E6_img_0582_mixed_N1_k1_P4,open,item,Kantele,Kokle,
qwen3vl,E6_img_0582_mixed_N1_k1_P4,open,country,Finland,Latvia,
qwen3vl,E6_img_0582_mixed_N2_k2_P4,open,item,Kora,Kokle,
qwen3vl,E6_img_0582_mixed_N2_k2_P4,open,country,Mali,Latvia,
qwen3vl,E6_img_0582_mixed_N5_k5_P4,open,item,Kora,Kokle,
qwen3vl,E6_img_0582_mixed_N5_k5_P4,open,country,Senegal,Latvia,
qwen3vl,E1_img_0581_mixed_N1_k1_P1,open,item,Gong,Kendang,
qwen3vl,E1_img_0581_mixed_N2_k1_P1,open,item,Gong,Kendang,
qwen3vl,E1_img_0581_mixed_N3_k2_P1,open,item,Gong,Kendang,
qwen3vl,E1_img_0581_mixed_N4_k3_P1,open,item,Gong,Kendang,
qwen3vl,E2_img_0581_mixed_N5_k1_P1,open,item,Gong,Kendang,
qwen3vl,E2_img_0581_mixed_N5_k2_P1,open,item,Gong,Kendang,
qwen3vl,E2_img_0581_mixed_N5_k3_P1,open,item,Gong,Kendang,
qwen3vl,E2_img_0581_mixed_N5_k4_P1,open,item,Gong,Kendang,
qwen3vl,E2_img_0581_mixed_N5_k5_P1,open,item,Gong,Kendang,
qwen3vl,E3_img_0581_near_N2_k1_P1,open,item,Gong,Kendang,
qwen3vl,E3_img_0581_near_N5_k1_P1,open,item,Gong,Kendang,
qwen3vl,E3_img_0581_far_N2_k1_P1,open,item,Gong,Kendang,
qwen3vl,E3_img_0581_far_N5_k1_P1,open,item,Gong,Kendang,
qwen3vl,E1_img_0624_mixed_N1_k1_P1,open,item,Darbuka,Taarija,
qwen3vl,E1_img_0624_mixed_N1_k1_P1,open,country,Turkey,Morocco,
qwen3vl,E1_img_0624_mixed_N2_k2_P1,open,item,Darbuka,Taarija,
qwen3vl,E1_img_0624_mixed_N2_k2_P1,open,country,Turkey,Morocco,
qwen3vl,E1_img_0624_mixed_N3_k3_P1,open,item,Daf,Taarija,
qwen3vl,E1_img_0624_mixed_N3_k3_P1,open,country,Iran,Morocco,
qwen3vl,E1_img_0624_mixed_N4_k4_P1,open,item,Djembe,Taarija,
qwen3vl,E1_img_0624_mixed_N4_k4_P1,open,country,Guinea,Morocco,
qwen3vl,E2_img_0624_mixed_N5_k1_P1,open,item,Darbuka,Taarija,
qwen3vl,E2_img_0624_mixed_N5_k1_P1,open,country,Turkey,Morocco,
qwen3vl,E2_img_0624_mixed_N5_k2_P1,open,item,Darbuka,Taarija,
qwen3vl,E2_img_0624_mixed_N5_k2_P1,open,country,Turkey,Morocco,
qwen3vl,E2_img_0624_mixed_N5_k3_P1,open,item,Daf,Taarija,
qwen3vl,E2_img_0624_mixed_N5_k3_P1,open,country,Iran,Morocco,
qwen3vl,E2_img_0624_mixed_N5_k4_P1,open,item,Daf,Taarija,
qwen3vl,E2_img_0624_mixed_N5_k4_P1,open,country,Iran,Morocco,
qwen3vl,E2_img_0624_mixed_N5_k5_P1,open,item,Darbuka,Taarija,
qwen3vl,E2_img_0624_mixed_N5_k5_P1,open,country,Turkey,Morocco,
qwen3vl,E3_img_0624_near_N2_k2_P1,open,item,Djembe,Taarija,
qwen3vl,E3_img_0624_near_N2_k2_P1,open,country,Guinea,Morocco,
qwen3vl,E3_img_0624_near_N5_k2_P1,open,item,Darbuka,Taarija,
qwen3vl,E3_img_0624_near_N5_k2_P1,open,country,Turkey,Morocco,
qwen3vl,E3_img_0624_far_N2_k2_P1,open,item,Darbuka,Taarija,
qwen3vl,E3_img_0624_far_N2_k2_P1,open,country,Turkey,Morocco,
qwen3vl,E3_img_0624_far_N5_k2_P1,open,item,Darbuka,Taarija,
qwen3vl,E3_img_0624_far_N5_k2_P1,open,country,Turkey,Morocco,
qwen3vl,E1_img_0561_mixed_N1_k1_P1,open,item,Didgeridoo,Fujara,
qwen3vl,E1_img_0561_mixed_N1_k1_P1,open,country,Australia,Slovakia,
qwen3vl,E1_img_0561_mixed_N2_k1_P1,open,item,Didgeridoo,Fujara,
qwen3vl,E1_img_0561_mixed_N2_k1_P1,open,country,Australia,Slovakia,
qwen3vl,E1_img_0561_mixed_N3_k1_P1,open,item,Didgeridoo,Fujara,
qwen3vl,E1_img_0561_mixed_N3_k1_P1,open,country,Australia,Slovakia,
qwen3vl,E1_img_0561_mixed_N4_k1_P1,open,item,Didgeridoo,Fujara,
qwen3vl,E1_img_0561_mixed_N4_k1_P1,open,country,Australia,Slovakia,
qwen3vl,E2_img_0561_mixed_N5_k1_P1,open,item,Didgeridoo,Fujara,
qwen3vl,E2_img_0561_mixed_N5_k1_P1,open,country,Australia,Slovakia,
qwen3vl,E2_img_0561_mixed_N5_k2_P1,open,item,Didgeridoo,Fujara,
qwen3vl,E2_img_0561_mixed_N5_k2_P1,open,country,Australia,Slovakia,
qwen3vl,E2_img_0561_mixed_N5_k3_P1,open,item,Didgeridoo,Fujara,
qwen3vl,E2_img_0561_mixed_N5_k3_P1,open,country,Australia,Slovakia,
qwen3vl,E2_img_0561_mixed_N5_k4_P1,open,item,Didgeridoo,Fujara,
qwen3vl,E2_img_0561_mixed_N5_k4_P1,open,country,Australia,Slovakia,
qwen3vl,E2_img_0561_mixed_N5_k5_P1,open,item,Didgeridoo,Fujara,
qwen3vl,E2_img_0561_mixed_N5_k5_P1,open,country,Australia,Slovakia,
qwen3vl,E3_img_0561_near_N2_k1_P1,open,item,Didgeridoo,Fujara,
qwen3vl,E3_img_0561_near_N2_k1_P1,open,country,Australia,Slovakia,
qwen3vl,E3_img_0561_near_N5_k3_P1,open,item,Duda,Fujara,
qwen3vl,E3_img_0561_near_N5_k3_P1,open,country,Ukraine,Slovakia,
qwen3vl,E3_img_0561_far_N2_k1_P1,open,item,Didgeridoo,Fujara,
qwen3vl,E3_img_0561_far_N2_k1_P1,open,country,Australia,Slovakia,
qwen3vl,E3_img_0561_far_N5_k3_P1,open,item,Didgeridoo,Fujara,
qwen3vl,E3_img_0561_far_N5_k3_P1,open,country,Australia,Slovakia,
qwen3vl,E5_img_0561_mixed_N1_k1_P2,open,item,Didgeridoo,Fujara,
qwen3vl,E5_img_0561_mixed_N1_k1_P2,open,country,Australia,Slovakia,
qwen3vl,E5_img_0561_mixed_N2_k1_P2,open,item,Didgeridoo,Fujara,
qwen3vl,E5_img_0561_mixed_N2_k1_P2,open,country,Australia,Slovakia,
qwen3vl,E5_img_0561_mixed_N3_k1_P2,open,item,Didgeridoo,Fujara,
qwen3vl,E5_img_0561_mixed_N3_k1_P2,open,country,Australia,Slovakia,
qwen3vl,E5_img_0561_mixed_N4_k1_P2,open,item,Didgeridoo,Fujara,
qwen3vl,E5_img_0561_mixed_N4_k1_P2,open,country,Australia,Slovakia,
qwen3vl,E5_img_0561_mixed_N5_k3_P2,open,item,Didgeridoo,Fujara,
qwen3vl,E5_img_0561_mixed_N5_k3_P2,open,country,Australia,Slovakia,
qwen3vl,E5_img_0561_mixed_N1_k1_P3,open,item,Didgeridoo,Fujara,
qwen3vl,E5_img_0561_mixed_N1_k1_P3,open,country,Australia,Slovakia,
qwen3vl,E5_img_0561_mixed_N2_k1_P3,open,item,Didgeridoo,Fujara,
qwen3vl,E5_img_0561_mixed_N2_k1_P3,open,country,Australia,Slovakia,
qwen3vl,E5_img_0561_mixed_N3_k1_P3,open,item,Didgeridoo,Fujara,
qwen3vl,E5_img_0561_mixed_N3_k1_P3,open,country,Australia,Slovakia,
qwen3vl,E5_img_0561_mixed_N4_k1_P3,open,item,Didgeridoo,Fujara,
qwen3vl,E5_img_0561_mixed_N4_k1_P3,open,country,Australia,Slovakia,
qwen3vl,E5_img_0561_mixed_N5_k3_P3,open,item,Didgeridoo,Fujara,
qwen3vl,E5_img_0561_mixed_N5_k3_P3,open,country,Australia,Slovakia,
qwen3vl,E6_img_0561_mixed_N5_k3_P4,open,item,Dizi,Fujara,
qwen3vl,E6_img_0561_mixed_N5_k3_P4,open,country,China,Slovakia,
qwen3vl,E1_img_0564_mixed_N1_k1_P1,open,item,Gamelan,Gangsa,
qwen3vl,E1_img_0564_mixed_N2_k2_P1,open,item,Gamelan,Gangsa,
qwen3vl,E1_img_0564_mixed_N3_k2_P1,open,item,Gamelan,Gangsa,
qwen3vl,E1_img_0564_mixed_N4_k2_P1,open,item,Gamelan,Gangsa,
qwen3vl,E2_img_0564_mixed_N5_k1_P1,open,item,Gamelan,Gangsa,
qwen3vl,E2_img_0564_mixed_N5_k2_P1,open,item,Gamelan,Gangsa,
qwen3vl,E2_img_0564_mixed_N5_k3_P1,open,item,Gong,Gangsa,
qwen3vl,E2_img_0564_mixed_N5_k4_P1,open,item,Gong,Gangsa,
qwen3vl,E2_img_0564_mixed_N5_k5_P1,open,item,Gamelan,Gangsa,
qwen3vl,E3_img_0564_near_N2_k2_P1,open,item,Gong Kebyar,Gangsa,
qwen3vl,E3_img_0564_near_N5_k4_P1,open,item,Gong Kebyar,Gangsa,
qwen3vl,E3_img_0564_far_N2_k2_P1,open,item,Gong,Gangsa,
qwen3vl,E3_img_0564_far_N5_k4_P1,open,item,Gong,Gangsa,
qwen3vl,E1_img_0604_mixed_N1_k1_P1,open,item,Gamelan,Poeng mang,
qwen3vl,E1_img_0604_mixed_N2_k1_P1,open,item,Gamelan,Poeng mang,
qwen3vl,E1_img_0604_mixed_N3_k3_P1,open,item,Gamelan,Poeng mang,
qwen3vl,E1_img_0604_mixed_N4_k3_P1,open,item,Gamelan,Poeng mang,
qwen3vl,E2_img_0604_mixed_N5_k1_P1,open,item,Gamelan,Poeng mang,
qwen3vl,E2_img_0604_mixed_N5_k2_P1,open,item,Gamelan,Poeng mang,
qwen3vl,E2_img_0604_mixed_N5_k3_P1,open,item,Gamelan,Poeng mang,
qwen3vl,E2_img_0604_mixed_N5_k4_P1,open,item,Gamelan,Poeng mang,
qwen3vl,E2_img_0604_mixed_N5_k5_P1,open,item,Gamelan,Poeng mang,
qwen3vl,E3_img_0604_near_N2_k1_P1,open,item,Gamelan,Poeng mang,
qwen3vl,E3_img_0604_near_N2_k1_P1,open,country,Indonesia,Thailand,
qwen3vl,E3_img_0604_near_N5_k5_P1,open,item,Gamelan,Poeng mang,
qwen3vl,E3_img_0604_near_N5_k5_P1,open,country,Indonesia,Thailand,
qwen3vl,E3_img_0604_far_N2_k1_P1,open,item,Gamelan,Poeng mang,
qwen3vl,E3_img_0604_far_N2_k1_P1,open,country,Indonesia,Thailand,
qwen3vl,E3_img_0604_far_N5_k5_P1,open,item,Gamelan,Poeng mang,
qwen3vl,E3_img_0604_far_N5_k5_P1,open,country,Indonesia,Thailand,
qwen3vl,E1_img_0628_mixed_N1_k1_P1,open,item,Mandolin,Tambura,
qwen3vl,E1_img_0628_mixed_N2_k2_P1,open,item,Mandolin,Tambura,
qwen3vl,E1_img_0628_mixed_N3_k1_P1,open,item,Mandolin,Tambura,
qwen3vl,E1_img_0628_mixed_N4_k4_P1,open,item,Mandolin,Tambura,
qwen3vl,E2_img_0628_mixed_N5_k1_P1,open,item,Mandolin,Tambura,
qwen3vl,E2_img_0628_mixed_N5_k2_P1,open,item,Mandolin,Tambura,
qwen3vl,E2_img_0628_mixed_N5_k3_P1,open,item,Mandolin,Tambura,
qwen3vl,E2_img_0628_mixed_N5_k4_P1,open,item,Mandolin,Tambura,
qwen3vl,E2_img_0628_mixed_N5_k5_P1,open,item,Mandolin,Tambura,
qwen3vl,E3_img_0628_near_N2_k2_P1,open,item,Mandolin,Tambura,
qwen3vl,E3_img_0628_near_N2_k2_P1,open,country,Italy,Bulgaria,
qwen3vl,E3_img_0628_near_N5_k1_P1,open,item,Mandolin,Tambura,
qwen3vl,E3_img_0628_near_N5_k1_P1,open,country,Italy,Bulgaria,
qwen3vl,E3_img_0628_far_N2_k2_P1,open,item,Mandolin,Tambura,
qwen3vl,E3_img_0628_far_N2_k2_P1,open,country,Italy,Bulgaria,
qwen3vl,E3_img_0628_far_N5_k1_P1,open,item,Mandolin,Tambura,
qwen3vl,E3_img_0628_far_N5_k1_P1,open,country,Italy,Bulgaria,
qwen3vl,E5_img_0628_mixed_N1_k1_P2,open,item,Mandolin,Tambura,
qwen3vl,E5_img_0628_mixed_N2_k2_P2,open,item,Mandolin,Tambura,
qwen3vl,E5_img_0628_mixed_N3_k1_P2,open,item,Mandolin,Tambura,
qwen3vl,E5_img_0628_mixed_N4_k4_P2,open,item,Mandolin,Tambura,
qwen3vl,E5_img_0628_mixed_N5_k1_P2,open,item,Mandolin,Tambura,
qwen3vl,E5_img_0628_mixed_N1_k1_P3,open,item,Mandolin,Tambura,
qwen3vl,E5_img_0628_mixed_N2_k2_P3,open,item,Mandolin,Tambura,
qwen3vl,E5_img_0628_mixed_N3_k1_P3,open,item,Mandolin,Tambura,
qwen3vl,E5_img_0628_mixed_N4_k4_P3,open,item,Mandolin,Tambura,
qwen3vl,E5_img_0628_mixed_N5_k1_P3,open,item,Mandolin,Tambura,
qwen3vl,E6_img_0628_mixed_N1_k1_P4,open,item,Mandolin,Tambura,
qwen3vl,E6_img_0628_mixed_N2_k2_P4,open,item,Mandolin,Tambura,
qwen3vl,E6_img_0628_mixed_N3_k1_P4,open,item,Mandolin,Tambura,
qwen3vl,E6_img_0628_mixed_N4_k4_P4,open,item,Mandolin,Tambura,
qwen3vl,E6_img_0628_mixed_N5_k1_P4,open,item,Mandolin,Tambura,
qwen3vl,E1_img_0608_mixed_N1_k1_P1,open,item,Ukulele,Requinto jarocho,
qwen3vl,E1_img_0608_mixed_N2_k1_P1,open,item,Ukulele,Requinto jarocho,
qwen3vl,E1_img_0608_mixed_N2_k1_P1,open,country,United States,Mexico,
qwen3vl,E1_img_0608_mixed_N3_k2_P1,open,item,Ukulele,Requinto jarocho,
qwen3vl,E1_img_0608_mixed_N3_k2_P1,open,country,United States,Mexico,
qwen3vl,E1_img_0608_mixed_N4_k1_P1,open,item,Ukulele,Requinto jarocho,
qwen3vl,E1_img_0608_mixed_N4_k1_P1,open,country,United States,Mexico,
qwen3vl,E2_img_0608_mixed_N5_k1_P1,open,item,Ukulele,Requinto jarocho,
qwen3vl,E2_img_0608_mixed_N5_k1_P1,open,country,United States,Mexico,
qwen3vl,E2_img_0608_mixed_N5_k2_P1,open,item,Ukulele,Requinto jarocho,
qwen3vl,E2_img_0608_mixed_N5_k2_P1,open,country,United States,Mexico,
qwen3vl,E2_img_0608_mixed_N5_k3_P1,open,item,Ukulele,Requinto jarocho,
qwen3vl,E2_img_0608_mixed_N5_k3_P1,open,country,United States,Mexico,
qwen3vl,E2_img_0608_mixed_N5_k4_P1,open,item,Ukulele,Requinto jarocho,
qwen3vl,E2_img_0608_mixed_N5_k4_P1,open,country,United States,Mexico,
qwen3vl,E2_img_0608_mixed_N5_k5_P1,open,item,Ukulele,Requinto jarocho,
qwen3vl,E2_img_0608_mixed_N5_k5_P1,open,country,United States,Mexico,
qwen3vl,E3_img_0608_near_N2_k1_P1,open,item,Ukulele,Requinto jarocho,
qwen3vl,E3_img_0608_near_N5_k2_P1,open,item,Ukulele,Requinto jarocho,
qwen3vl,E3_img_0608_far_N2_k1_P1,open,item,Ukulele,Requinto jarocho,
qwen3vl,E3_img_0608_far_N5_k2_P1,open,item,Ukulele,Requinto jarocho,
qwen3vl,E3_img_0608_far_N5_k2_P1,open,country,United States,Mexico,
qwen3vl,E1_img_0629_mixed_N1_k1_P1,open,item,Drum,Teponaztli,
qwen3vl,E1_img_0629_mixed_N2_k1_P1,open,item,Dizi,Teponaztli,
qwen3vl,E1_img_0629_mixed_N2_k1_P1,open,country,China,Mexico,
qwen3vl,E1_img_0629_mixed_N3_k1_P1,open,item,Dizi,Teponaztli,
qwen3vl,E1_img_0629_mixed_N3_k1_P1,open,country,China,Mexico,
qwen3vl,E1_img_0629_mixed_N4_k3_P1,open,item,Paixiao,Teponaztli,
qwen3vl,E1_img_0629_mixed_N4_k3_P1,open,country,China,Mexico,
qwen3vl,E2_img_0629_mixed_N5_k1_P1,open,item,Dizi,Teponaztli,
qwen3vl,E2_img_0629_mixed_N5_k1_P1,open,country,China,Mexico,
qwen3vl,E2_img_0629_mixed_N5_k2_P1,open,item,Drum,Teponaztli,
qwen3vl,E2_img_0629_mixed_N5_k3_P1,open,item,Drum,Teponaztli,
qwen3vl,E2_img_0629_mixed_N5_k4_P1,open,item,Drum,Teponaztli,
qwen3vl,E2_img_0629_mixed_N5_k5_P1,open,item,Drum,Teponaztli,
qwen3vl,E3_img_0629_near_N2_k1_P1,open,item,Dizi,Teponaztli,
qwen3vl,E3_img_0629_near_N2_k1_P1,open,country,China,Mexico,
qwen3vl,E3_img_0629_near_N5_k4_P1,open,item,Dizi,Teponaztli,
qwen3vl,E3_img_0629_near_N5_k4_P1,open,country,China,Mexico,
qwen3vl,E3_img_0629_far_N2_k1_P1,open,item,Dizi,Teponaztli,
qwen3vl,E3_img_0629_far_N2_k1_P1,open,country,China,Mexico,
qwen3vl,E3_img_0629_far_N5_k4_P1,open,item,Didgeridoo,Teponaztli,
qwen3vl,E3_img_0629_far_N5_k4_P1,open,country,Australia,Mexico,
qwen3vl,E5_img_0629_mixed_N1_k1_P2,open,item,Drum,Teponaztli,
qwen3vl,E5_img_0629_mixed_N1_k1_P2,open,country,China,Mexico,
qwen3vl,E5_img_0629_mixed_N2_k1_P2,open,item,Dizi,Teponaztli,
qwen3vl,E5_img_0629_mixed_N2_k1_P2,open,country,China,Mexico,
qwen3vl,E5_img_0629_mixed_N3_k1_P2,open,item,Dizi,Teponaztli,
qwen3vl,E5_img_0629_mixed_N3_k1_P2,open,country,China,Mexico,
qwen3vl,E5_img_0629_mixed_N4_k3_P2,open,item,Dizi,Teponaztli,
qwen3vl,E5_img_0629_mixed_N4_k3_P2,open,country,China,Mexico,
qwen3vl,E5_img_0629_mixed_N5_k4_P2,open,item,Drum,Teponaztli,
qwen3vl,E5_img_0629_mixed_N1_k1_P3,open,item,Wooden drum,Teponaztli,
qwen3vl,E5_img_0629_mixed_N2_k1_P3,open,item,Drum,Teponaztli,
qwen3vl,E5_img_0629_mixed_N3_k1_P3,open,item,Drum,Teponaztli,
qwen3vl,E5_img_0629_mixed_N4_k3_P3,open,item,Drum,Teponaztli,
qwen3vl,E5_img_0629_mixed_N5_k4_P3,open,item,Drum,Teponaztli,
qwen3vl,E6_img_0629_mixed_N1_k1_P4,open,item,Drums,Teponaztli,
qwen3vl,E6_img_0629_mixed_N3_k1_P4,open,item,Drum,Teponaztli,
qwen3vl,E6_img_0629_mixed_N3_k1_P4,open,country,China,Mexico,
qwen3vl,E6_img_0629_mixed_N5_k4_P4,open,item,Drum,Teponaztli,
qwen3vl,E1_img_0602_mixed_N1_k1_P1,open,item,Bagpipes,Pibgorn,
qwen3vl,E1_img_0602_mixed_N2_k2_P1,open,item,Bagpipes,Pibgorn,
qwen3vl,E1_img_0602_mixed_N3_k2_P1,open,item,Bagpipes,Pibgorn,
qwen3vl,E1_img_0602_mixed_N4_k4_P1,open,item,Bagpipe,Pibgorn,
qwen3vl,E2_img_0602_mixed_N5_k1_P1,open,item,Bagpipe,Pibgorn,
qwen3vl,E2_img_0602_mixed_N5_k2_P1,open,item,Bagpipes,Pibgorn,
qwen3vl,E2_img_0602_mixed_N5_k3_P1,open,item,Bagpipes,Pibgorn,
qwen3vl,E2_img_0602_mixed_N5_k4_P1,open,item,Bagpipe,Pibgorn,
qwen3vl,E2_img_0602_mixed_N5_k5_P1,open,item,Bagpipe,Pibgorn,
qwen3vl,E3_img_0602_near_N2_k2_P1,open,item,Bagpipes,Pibgorn,
qwen3vl,E3_img_0602_near_N5_k5_P1,open,item,Bagpipe,Pibgorn,
qwen3vl,E3_img_0602_far_N2_k2_P1,open,item,Bagpipe,Pibgorn,
qwen3vl,E3_img_0602_far_N5_k5_P1,open,item,Bagpipe,Pibgorn,
qwen3vl,E1_img_0618_mixed_N1_k1_P1,open,item,Sanxian,Shamisen,
qwen3vl,E1_img_0618_mixed_N2_k1_P1,open,item,Sanxian,Shamisen,
qwen3vl,E1_img_0618_mixed_N3_k3_P1,open,item,Sanxian,Shamisen,
qwen3vl,E1_img_0618_mixed_N4_k1_P1,open,item,Sanxian,Shamisen,
qwen3vl,E2_img_0618_mixed_N5_k1_P1,open,item,Sanxian,Shamisen,
qwen3vl,E2_img_0618_mixed_N5_k2_P1,open,item,Sanxian,Shamisen,
qwen3vl,E2_img_0618_mixed_N5_k3_P1,open,item,Sanxian,Shamisen,
qwen3vl,E2_img_0618_mixed_N5_k4_P1,open,item,Sitar,Shamisen,
qwen3vl,E2_img_0618_mixed_N5_k4_P1,open,country,India,Japan,
qwen3vl,E2_img_0618_mixed_N5_k5_P1,open,item,Sanxian,Shamisen,
qwen3vl,E3_img_0618_near_N2_k1_P1,open,item,Sanxian,Shamisen,
qwen3vl,E3_img_0618_near_N5_k1_P1,open,item,Sanxian,Shamisen,
qwen3vl,E3_img_0618_far_N2_k1_P1,open,item,Sanxian,Shamisen,
qwen3vl,E3_img_0618_far_N2_k1_P1,open,country,China,Japan,
qwen3vl,E3_img_0618_far_N5_k1_P1,open,item,Sanxian,Shamisen,
qwen3vl,E3_img_0618_far_N5_k1_P1,open,country,China,Japan,
qwen3vl,E1_img_0575_mixed_N1_k1_P1,open,country,India,Myanmar,
qwen3vl,E1_img_0575_mixed_N2_k2_P1,open,item,Bawul,Hne,
qwen3vl,E1_img_0575_mixed_N2_k2_P1,open,country,India,Myanmar,
qwen3vl,E1_img_0575_mixed_N3_k1_P1,open,item,Baw,Hne,
qwen3vl,E1_img_0575_mixed_N3_k1_P1,open,country,India,Myanmar,
qwen3vl,E1_img_0575_mixed_N4_k2_P1,open,item,Baw,Hne,
qwen3vl,E1_img_0575_mixed_N4_k2_P1,open,country,India,Myanmar,
qwen3vl,E2_img_0575_mixed_N5_k1_P1,open,item,Bawul,Hne,
qwen3vl,E2_img_0575_mixed_N5_k2_P1,open,item,Bawul,Hne,
qwen3vl,E2_img_0575_mixed_N5_k2_P1,open,country,China,Myanmar,
qwen3vl,E2_img_0575_mixed_N5_k3_P1,open,item,Bawul,Hne,
qwen3vl,E2_img_0575_mixed_N5_k4_P1,open,item,Bawul,Hne,
qwen3vl,E2_img_0575_mixed_N5_k5_P1,open,item,Bawul,Hne,
qwen3vl,E3_img_0575_near_N2_k2_P1,open,item,Bumbung,Hne,
qwen3vl,E3_img_0575_near_N5_k2_P1,open,item,Bawul,Hne,
qwen3vl,E3_img_0575_far_N2_k2_P1,open,item,Bawul,Hne,
qwen3vl,E3_img_0575_far_N2_k2_P1,open,country,Nepal,Myanmar,
qwen3vl,E3_img_0575_far_N5_k2_P1,open,item,Bawul,Hne,
qwen3vl,E3_img_0575_far_N5_k2_P1,open,country,Nepal,Myanmar,
qwen3vl,E5_img_0575_mixed_N1_k1_P2,open,country,India,Myanmar,
qwen3vl,E5_img_0575_mixed_N2_k2_P2,open,item,Bawul,Hne,
qwen3vl,E5_img_0575_mixed_N2_k2_P2,open,country,China,Myanmar,
qwen3vl,E5_img_0575_mixed_N3_k1_P2,open,item,Bawul,Hne,
qwen3vl,E5_img_0575_mixed_N4_k2_P2,open,item,Baw,Hne,
qwen3vl,E5_img_0575_mixed_N4_k2_P2,open,country,India,Myanmar,
qwen3vl,E5_img_0575_mixed_N5_k2_P2,open,item,Bawul,Hne,
qwen3vl,E5_img_0575_mixed_N5_k2_P2,open,country,China,Myanmar,
qwen3vl,E5_img_0575_mixed_N1_k1_P3,open,country,India,Myanmar,
qwen3vl,E5_img_0575_mixed_N2_k2_P3,open,item,Bawul,Hne,
qwen3vl,E5_img_0575_mixed_N2_k2_P3,open,country,China,Myanmar,
qwen3vl,E5_img_0575_mixed_N3_k1_P3,open,item,Bawul,Hne,
qwen3vl,E5_img_0575_mixed_N4_k2_P3,open,item,Baw,Hne,
qwen3vl,E5_img_0575_mixed_N4_k2_P3,open,country,India,Myanmar,
qwen3vl,E5_img_0575_mixed_N5_k2_P3,open,item,Bawul,Hne,
qwen3vl,E6_img_0575_mixed_N1_k1_P4,open,item,Bawul,Hne,
qwen3vl,E6_img_0575_mixed_N2_k2_P4,open,item,Bawari,Hne,
qwen3vl,E6_img_0575_mixed_N2_k2_P4,open,country,India,Myanmar,
qwen3vl,E6_img_0575_mixed_N4_k2_P4,open,item,Bawari,Hne,
qwen3vl,E6_img_0575_mixed_N5_k2_P4,open,item,Bawari,Hne,
qwen3vl,E1_img_0594_mixed_N1_k1_P1,open,country,Thailand,Myanmar,
qwen3vl,E1_img_0594_mixed_N2_k1_P1,open,item,Khene,Mi gyaung,
qwen3vl,E1_img_0594_mixed_N2_k1_P1,open,country,Laos,Myanmar,
qwen3vl,E1_img_0594_mixed_N3_k2_P1,open,item,Khene,Mi gyaung,
qwen3vl,E1_img_0594_mixed_N3_k2_P1,open,country,Laos,Myanmar,
qwen3vl,E1_img_0594_mixed_N4_k3_P1,open,item,Khene,Mi gyaung,
qwen3vl,E1_img_0594_mixed_N4_k3_P1,open,country,Laos,Myanmar,
qwen3vl,E2_img_0594_mixed_N5_k1_P1,open,country,Thailand,Myanmar,
qwen3vl,E2_img_0594_mixed_N5_k2_P1,open,item,Santur,Mi gyaung,
qwen3vl,E2_img_0594_mixed_N5_k2_P1,open,country,Iran,Myanmar,
qwen3vl,E2_img_0594_mixed_N5_k3_P1,open,item,Khene,Mi gyaung,
qwen3vl,E2_img_0594_mixed_N5_k3_P1,open,country,Laos,Myanmar,
qwen3vl,E2_img_0594_mixed_N5_k4_P1,open,item,Khene,Mi gyaung,
qwen3vl,E2_img_0594_mixed_N5_k4_P1,open,country,Laos,Myanmar,
qwen3vl,E2_img_0594_mixed_N5_k5_P1,open,item,Khene,Mi gyaung,
qwen3vl,E2_img_0594_mixed_N5_k5_P1,open,country,Laos,Myanmar,
qwen3vl,E3_img_0594_near_N2_k1_P1,open,country,Thailand,Myanmar,
qwen3vl,E3_img_0594_near_N5_k3_P1,open,item,Khene,Mi gyaung,
qwen3vl,E3_img_0594_near_N5_k3_P1,open,country,Laos,Myanmar,
qwen3vl,E3_img_0594_far_N2_k1_P1,open,country,Thailand,Myanmar,
qwen3vl,E3_img_0594_far_N5_k3_P1,open,item,Khene,Mi gyaung,
qwen3vl,E3_img_0594_far_N5_k3_P1,open,country,Laos,Myanmar,
qwen3vl,E1_img_0606_mixed_N1_k1_P1,open,item,Saz,Qanbūs,
qwen3vl,E1_img_0606_mixed_N1_k1_P1,open,country,Turkey,Yemen,
qwen3vl,E1_img_0606_mixed_N2_k1_P1,open,item,Saz,Qanbūs,
qwen3vl,E1_img_0606_mixed_N2_k1_P1,open,country,Iran,Yemen,
qwen3vl,E1_img_0606_mixed_N3_k1_P1,open,item,Saz,Qanbūs,
qwen3vl,E1_img_0606_mixed_N3_k1_P1,open,country,Turkey,Yemen,
qwen3vl,E1_img_0606_mixed_N4_k1_P1,open,item,Saz,Qanbūs,
qwen3vl,E1_img_0606_mixed_N4_k1_P1,open,country,Turkey,Yemen,
qwen3vl,E2_img_0606_mixed_N5_k1_P1,open,item,Saz,Qanbūs,
qwen3vl,E2_img_0606_mixed_N5_k1_P1,open,country,Turkey,Yemen,
qwen3vl,E2_img_0606_mixed_N5_k2_P1,open,item,Saz,Qanbūs,
qwen3vl,E2_img_0606_mixed_N5_k2_P1,open,country,Turkey,Yemen,
qwen3vl,E2_img_0606_mixed_N5_k3_P1,open,item,Saz,Qanbūs,
qwen3vl,E2_img_0606_mixed_N5_k3_P1,open,country,Turkey,Yemen,
qwen3vl,E2_img_0606_mixed_N5_k4_P1,open,item,Saz,Qanbūs,
qwen3vl,E2_img_0606_mixed_N5_k4_P1,open,country,Turkey,Yemen,
qwen3vl,E2_img_0606_mixed_N5_k5_P1,open,item,Saz,Qanbūs,
qwen3vl,E2_img_0606_mixed_N5_k5_P1,open,country,Turkey,Yemen,
qwen3vl,E3_img_0606_near_N2_k1_P1,open,item,Santur,Qanbūs,
qwen3vl,E3_img_0606_near_N2_k1_P1,open,country,Iran,Yemen,
qwen3vl,E3_img_0606_near_N5_k5_P1,open,item,Santur,Qanbūs,
qwen3vl,E3_img_0606_near_N5_k5_P1,open,country,Iran,Yemen,
qwen3vl,E3_img_0606_far_N2_k1_P1,open,item,Santur,Qanbūs,
qwen3vl,E3_img_0606_far_N2_k1_P1,open,country,Iran,Yemen,
qwen3vl,E3_img_0606_far_N5_k5_P1,open,item,Dombra,Qanbūs,
qwen3vl,E3_img_0606_far_N5_k5_P1,open,country,Mongolia,Yemen,
qwen3vl,E5_img_0606_mixed_N1_k1_P2,open,item,Saz,Qanbūs,
qwen3vl,E5_img_0606_mixed_N1_k1_P2,open,country,Turkey,Yemen,
qwen3vl,E5_img_0606_mixed_N2_k1_P2,open,item,Santur,Qanbūs,
qwen3vl,E5_img_0606_mixed_N2_k1_P2,open,country,Iran,Yemen,
qwen3vl,E5_img_0606_mixed_N3_k1_P2,open,item,Saz,Qanbūs,
qwen3vl,E5_img_0606_mixed_N3_k1_P2,open,country,Iran,Yemen,
qwen3vl,E5_img_0606_mixed_N4_k1_P2,open,item,Saz,Qanbūs,
qwen3vl,E5_img_0606_mixed_N4_k1_P2,open,country,Turkey,Yemen,
qwen3vl,E5_img_0606_mixed_N5_k5_P2,open,item,Saz,Qanbūs,
qwen3vl,E5_img_0606_mixed_N5_k5_P2,open,country,Turkey,Yemen,
qwen3vl,E5_img_0606_mixed_N1_k1_P3,open,item,Saz,Qanbūs,
qwen3vl,E5_img_0606_mixed_N1_k1_P3,open,country,Turkey,Yemen,
qwen3vl,E5_img_0606_mixed_N2_k1_P3,open,item,Saz,Qanbūs,
qwen3vl,E5_img_0606_mixed_N2_k1_P3,open,country,Iran,Yemen,
qwen3vl,E5_img_0606_mixed_N3_k1_P3,open,item,Saz,Qanbūs,
qwen3vl,E5_img_0606_mixed_N3_k1_P3,open,country,Turkey,Yemen,
qwen3vl,E5_img_0606_mixed_N4_k1_P3,open,item,Saz,Qanbūs,
qwen3vl,E5_img_0606_mixed_N4_k1_P3,open,country,Turkey,Yemen,
qwen3vl,E5_img_0606_mixed_N5_k5_P3,open,item,Saz,Qanbūs,
qwen3vl,E5_img_0606_mixed_N5_k5_P3,open,country,Turkey,Yemen,
qwen3vl,E6_img_0606_mixed_N1_k1_P4,open,item,Kamancheh,Qanbūs,
qwen3vl,E6_img_0606_mixed_N1_k1_P4,open,country,Iran,Yemen,
qwen3vl,E6_img_0606_mixed_N2_k1_P4,open,item,Kamancheh,Qanbūs,
qwen3vl,E6_img_0606_mixed_N2_k1_P4,open,country,Iran,Yemen,
qwen3vl,E6_img_0606_mixed_N3_k1_P4,open,item,Kamancheh,Qanbūs,
qwen3vl,E6_img_0606_mixed_N3_k1_P4,open,country,Iran,Yemen,
qwen3vl,E6_img_0606_mixed_N4_k1_P4,open,item,Kamancheh,Qanbūs,
qwen3vl,E6_img_0606_mixed_N4_k1_P4,open,country,Iran,Yemen,
qwen3vl,E6_img_0606_mixed_N5_k5_P4,open,item,Saz,Qanbūs,
qwen3vl,E6_img_0606_mixed_N5_k5_P4,open,country,Turkey,Yemen,
qwen3vl,E1_img_0592_mixed_N1_k1_P1,open,item,Kaval,Marovany,
qwen3vl,E1_img_0592_mixed_N1_k1_P1,open,country,Bulgaria,Madagascar,
qwen3vl,E1_img_0592_mixed_N2_k2_P1,open,item,Kaval,Marovany,
qwen3vl,E1_img_0592_mixed_N2_k2_P1,open,country,Bulgaria,Madagascar,
qwen3vl,E1_img_0592_mixed_N3_k2_P1,open,item,Kora,Marovany,
qwen3vl,E1_img_0592_mixed_N3_k2_P1,open,country,Guinea,Madagascar,
qwen3vl,E1_img_0592_mixed_N4_k2_P1,open,item,Kora,Marovany,
qwen3vl,E1_img_0592_mixed_N4_k2_P1,open,country,Guinea,Madagascar,
qwen3vl,E2_img_0592_mixed_N5_k1_P1,open,item,Kaval,Marovany,
qwen3vl,E2_img_0592_mixed_N5_k1_P1,open,country,Bulgaria,Madagascar,
qwen3vl,E2_img_0592_mixed_N5_k2_P1,open,item,Kora,Marovany,
qwen3vl,E2_img_0592_mixed_N5_k2_P1,open,country,Guinea,Madagascar,
qwen3vl,E2_img_0592_mixed_N5_k3_P1,open,item,Kaval,Marovany,
qwen3vl,E2_img_0592_mixed_N5_k3_P1,open,country,Bulgaria,Madagascar,
qwen3vl,E2_img_0592_mixed_N5_k4_P1,open,item,Kaval,Marovany,
qwen3vl,E2_img_0592_mixed_N5_k4_P1,open,country,Bulgaria,Madagascar,
qwen3vl,E2_img_0592_mixed_N5_k5_P1,open,item,Sitar,Marovany,
qwen3vl,E2_img_0592_mixed_N5_k5_P1,open,country,India,Madagascar,
qwen3vl,E3_img_0592_near_N2_k2_P1,open,item,Kora,Marovany,
qwen3vl,E3_img_0592_near_N2_k2_P1,open,country,Gambia,Madagascar,
qwen3vl,E3_img_0592_near_N5_k1_P1,open,item,Kora,Marovany,
qwen3vl,E3_img_0592_near_N5_k1_P1,open,country,Gambia,Madagascar,
qwen3vl,E3_img_0592_far_N2_k2_P1,open,country,Iran,Madagascar,
qwen3vl,E3_img_0592_far_N5_k1_P1,open,item,Kaval,Marovany,
qwen3vl,E3_img_0592_far_N5_k1_P1,open,country,India,Madagascar,
qwen3vl,E1_img_0562_mixed_N1_k1_P1,open,item,Mandolin,Gadulka,
qwen3vl,E1_img_0562_mixed_N1_k1_P1,open,country,Italy,Bulgaria,
qwen3vl,E1_img_0562_mixed_N2_k1_P1,open,item,Mandolin,Gadulka,
qwen3vl,E1_img_0562_mixed_N2_k1_P1,open,country,Italy,Bulgaria,
qwen3vl,E1_img_0562_mixed_N3_k3_P1,open,item,Saz,Gadulka,
qwen3vl,E1_img_0562_mixed_N3_k3_P1,open,country,Turkey,Bulgaria,
qwen3vl,E1_img_0562_mixed_N4_k3_P1,open,item,Saz,Gadulka,
qwen3vl,E1_img_0562_mixed_N4_k3_P1,open,country,Turkey,Bulgaria,
qwen3vl,E2_img_0562_mixed_N5_k1_P1,open,item,Mandolin,Gadulka,
qwen3vl,E2_img_0562_mixed_N5_k1_P1,open,country,Italy,Bulgaria,
qwen3vl,E2_img_0562_mixed_N5_k2_P1,open,item,Mandolin,Gadulka,
qwen3vl,E2_img_0562_mixed_N5_k2_P1,open,country,Italy,Bulgaria,
qwen3vl,E2_img_0562_mixed_N5_k3_P1,open,item,Mandolin,Gadulka,
qwen3vl,E2_img_0562_mixed_N5_k3_P1,open,country,Italy,Bulgaria,
qwen3vl,E2_img_0562_mixed_N5_k4_P1,open,item,Mandolin,Gadulka,
qwen3vl,E2_img_0562_mixed_N5_k4_P1,open,country,Italy,Bulgaria,
qwen3vl,E2_img_0562_mixed_N5_k5_P1,open,item,Mandolin,Gadulka,
qwen3vl,E2_img_0562_mixed_N5_k5_P1,open,country,Italy,Bulgaria,
qwen3vl,E3_img_0562_near_N2_k1_P1,open,item,Mando,Gadulka,
qwen3vl,E3_img_0562_near_N5_k2_P1,open,item,Mandolin,Gadulka,
qwen3vl,E3_img_0562_far_N2_k1_P1,open,item,Santur,Gadulka,
qwen3vl,E3_img_0562_far_N2_k1_P1,open,country,Iran,Bulgaria,
qwen3vl,E3_img_0562_far_N5_k2_P1,open,item,Mandolin,Gadulka,
qwen3vl,E3_img_0562_far_N5_k2_P1,open,country,Italy,Bulgaria,
qwen3vl,E1_img_0558_mixed_N2_k2_P1,open,item,Didgeridoo,Dvoyanka,
qwen3vl,E1_img_0558_mixed_N2_k2_P1,open,country,Australia,Bulgaria,
qwen3vl,E1_img_0558_mixed_N3_k1_P1,open,item,Didgeridoo,Dvoyanka,
qwen3vl,E1_img_0558_mixed_N3_k1_P1,open,country,Australia,Bulgaria,
qwen3vl,E1_img_0558_mixed_N4_k4_P1,open,item,Didgeridoo,Dvoyanka,
qwen3vl,E1_img_0558_mixed_N4_k4_P1,open,country,Australia,Bulgaria,
qwen3vl,E2_img_0558_mixed_N5_k1_P1,open,item,Didgeridoo,Dvoyanka,
qwen3vl,E2_img_0558_mixed_N5_k1_P1,open,country,Australia,Bulgaria,
qwen3vl,E2_img_0558_mixed_N5_k2_P1,open,item,Didgeridoo,Dvoyanka,
qwen3vl,E2_img_0558_mixed_N5_k2_P1,open,country,Australia,Bulgaria,
qwen3vl,E2_img_0558_mixed_N5_k3_P1,open,item,Didgeridoo,Dvoyanka,
qwen3vl,E2_img_0558_mixed_N5_k3_P1,open,country,Australia,Bulgaria,
qwen3vl,E2_img_0558_mixed_N5_k4_P1,open,item,Didgeridoo,Dvoyanka,
qwen3vl,E2_img_0558_mixed_N5_k4_P1,open,country,Australia,Bulgaria,
qwen3vl,E2_img_0558_mixed_N5_k5_P1,open,item,Didgeridoo,Dvoyanka,
qwen3vl,E2_img_0558_mixed_N5_k5_P1,open,country,Australia,Bulgaria,
qwen3vl,E3_img_0558_near_N2_k2_P1,open,item,Didgeridoo,Dvoyanka,
qwen3vl,E3_img_0558_near_N2_k2_P1,open,country,Australia,Bulgaria,
qwen3vl,E3_img_0558_near_N5_k3_P1,open,item,Didgeridoo,Dvoyanka,
qwen3vl,E3_img_0558_near_N5_k3_P1,open,country,Australia,Bulgaria,
qwen3vl,E3_img_0558_far_N2_k2_P1,open,item,Didgeridoo,Dvoyanka,
qwen3vl,E3_img_0558_far_N2_k2_P1,open,country,Australia,Bulgaria,
qwen3vl,E3_img_0558_far_N5_k3_P1,open,item,Didgeridoo,Dvoyanka,
qwen3vl,E3_img_0558_far_N5_k3_P1,open,country,Australia,Bulgaria,
qwen3vl,E5_img_0558_mixed_N1_k1_P2,open,item,Didgeridoo,Dvoyanka,
qwen3vl,E5_img_0558_mixed_N1_k1_P2,open,country,Australia,Bulgaria,
qwen3vl,E5_img_0558_mixed_N2_k2_P2,open,item,Didgeridoo,Dvoyanka,
qwen3vl,E5_img_0558_mixed_N2_k2_P2,open,country,Australia,Bulgaria,
qwen3vl,E5_img_0558_mixed_N3_k1_P2,open,item,Didgeridoo,Dvoyanka,
qwen3vl,E5_img_0558_mixed_N3_k1_P2,open,country,Australia,Bulgaria,
qwen3vl,E5_img_0558_mixed_N4_k4_P2,open,item,Didgeridoo,Dvoyanka,
qwen3vl,E5_img_0558_mixed_N4_k4_P2,open,country,Australia,Bulgaria,
qwen3vl,E5_img_0558_mixed_N5_k3_P2,open,item,Didgeridoo,Dvoyanka,
qwen3vl,E5_img_0558_mixed_N5_k3_P2,open,country,Australia,Bulgaria,
qwen3vl,E5_img_0558_mixed_N2_k2_P3,open,item,Didgeridoo,Dvoyanka,
qwen3vl,E5_img_0558_mixed_N2_k2_P3,open,country,Australia,Bulgaria,
qwen3vl,E5_img_0558_mixed_N3_k1_P3,open,item,Didgeridoo,Dvoyanka,
qwen3vl,E5_img_0558_mixed_N3_k1_P3,open,country,Australia,Bulgaria,
qwen3vl,E5_img_0558_mixed_N4_k4_P3,open,item,Didgeridoo,Dvoyanka,
qwen3vl,E5_img_0558_mixed_N4_k4_P3,open,country,Australia,Bulgaria,
qwen3vl,E5_img_0558_mixed_N5_k3_P3,open,item,Didgeridoo,Dvoyanka,
qwen3vl,E5_img_0558_mixed_N5_k3_P3,open,country,Australia,Bulgaria,
qwen3vl,E1_img_0605_mixed_N1_k1_P1,open,item,Shehnai,Pungi,
qwen3vl,E1_img_0605_mixed_N2_k1_P1,open,item,Shehnai,Pungi,
qwen3vl,E1_img_0605_mixed_N3_k2_P1,open,item,Shehnai,Pungi,
qwen3vl,E1_img_0605_mixed_N4_k1_P1,open,item,Shehnai,Pungi,
qwen3vl,E2_img_0605_mixed_N5_k1_P1,open,item,Dholak,Pungi,
qwen3vl,E2_img_0605_mixed_N5_k2_P1,open,item,Daf,Pungi,
qwen3vl,E2_img_0605_mixed_N5_k3_P1,open,item,Daf,Pungi,
qwen3vl,E2_img_0605_mixed_N5_k4_P1,open,item,Daf,Pungi,
qwen3vl,E2_img_0605_mixed_N5_k5_P1,open,item,Daf,Pungi,
qwen3vl,E3_img_0605_near_N2_k1_P1,open,item,Shehnai,Pungi,
qwen3vl,E3_img_0605_near_N5_k4_P1,open,item,Shehnai,Pungi,
qwen3vl,E3_img_0605_far_N2_k1_P1,open,item,Shehnai,Pungi,
qwen3vl,E3_img_0605_far_N5_k4_P1,open,item,Daf,Pungi,
qwen3vl,E1_img_0623_mixed_N1_k1_P1,open,item,Mandolin,Swedish lute,
qwen3vl,E1_img_0623_mixed_N1_k1_P1,open,country,Italy,Sweden,
qwen3vl,E1_img_0623_mixed_N2_k2_P1,open,item,Mandolin,Swedish lute,
qwen3vl,E1_img_0623_mixed_N2_k2_P1,open,country,Italy,Sweden,
qwen3vl,E1_img_0623_mixed_N3_k3_P1,open,item,Mandolin,Swedish lute,
qwen3vl,E1_img_0623_mixed_N3_k3_P1,open,country,Italy,Sweden,
qwen3vl,E1_img_0623_mixed_N4_k2_P1,open,item,Mandolin,Swedish lute,
qwen3vl,E1_img_0623_mixed_N4_k2_P1,open,country,Italy,Sweden,
qwen3vl,E2_img_0623_mixed_N5_k1_P1,open,item,Mandolin,Swedish lute,
qwen3vl,E2_img_0623_mixed_N5_k1_P1,open,country,Italy,Sweden,
qwen3vl,E2_img_0623_mixed_N5_k2_P1,open,item,Mandolin,Swedish lute,
qwen3vl,E2_img_0623_mixed_N5_k2_P1,open,country,Italy,Sweden,
qwen3vl,E2_img_0623_mixed_N5_k3_P1,open,item,Mandolin,Swedish lute,
qwen3vl,E2_img_0623_mixed_N5_k3_P1,open,country,Italy,Sweden,
qwen3vl,E2_img_0623_mixed_N5_k4_P1,open,item,Mandolin,Swedish lute,
qwen3vl,E2_img_0623_mixed_N5_k4_P1,open,country,Italy,Sweden,
qwen3vl,E2_img_0623_mixed_N5_k5_P1,open,item,Mandolin,Swedish lute,
qwen3vl,E2_img_0623_mixed_N5_k5_P1,open,country,Italy,Sweden,
qwen3vl,E3_img_0623_near_N2_k2_P1,open,item,Mandolin,Swedish lute,
qwen3vl,E3_img_0623_near_N5_k5_P1,open,item,Mandolin,Swedish lute,
qwen3vl,E3_img_0623_far_N2_k2_P1,open,item,Mandolin,Swedish lute,
qwen3vl,E3_img_0623_far_N2_k2_P1,open,country,Italy,Sweden,
qwen3vl,E3_img_0623_far_N5_k5_P1,open,item,Mandolin,Swedish lute,
qwen3vl,E3_img_0623_far_N5_k5_P1,open,country,Italy,Sweden,
qwen3vl,E1_img_0631_mixed_N1_k1_P1,open,item,Koto,Tonkori,
qwen3vl,E1_img_0631_mixed_N2_k2_P1,open,item,Kora,Tonkori,
qwen3vl,E1_img_0631_mixed_N2_k2_P1,open,country,Senegal,Japan,
qwen3vl,E1_img_0631_mixed_N3_k2_P1,open,item,Kora,Tonkori,
qwen3vl,E1_img_0631_mixed_N3_k2_P1,open,country,Senegal,Japan,
qwen3vl,E1_img_0631_mixed_N4_k4_P1,open,item,Kora,Tonkori,
qwen3vl,E1_img_0631_mixed_N4_k4_P1,open,country,Senegal,Japan,
qwen3vl,E2_img_0631_mixed_N5_k1_P1,open,item,Kora,Tonkori,
qwen3vl,E2_img_0631_mixed_N5_k1_P1,open,country,Senegal,Japan,
qwen3vl,E2_img_0631_mixed_N5_k2_P1,open,item,Kora,Tonkori,
qwen3vl,E2_img_0631_mixed_N5_k2_P1,open,country,Senegal,Japan,
qwen3vl,E2_img_0631_mixed_N5_k3_P1,open,item,Kora,Tonkori,
qwen3vl,E2_img_0631_mixed_N5_k3_P1,open,country,Senegal,Japan,
qwen3vl,E2_img_0631_mixed_N5_k4_P1,open,item,Kora,Tonkori,
qwen3vl,E2_img_0631_mixed_N5_k4_P1,open,country,Senegal,Japan,
qwen3vl,E2_img_0631_mixed_N5_k5_P1,open,item,Kora,Tonkori,
qwen3vl,E2_img_0631_mixed_N5_k5_P1,open,country,Senegal,Japan,
qwen3vl,E3_img_0631_near_N2_k2_P1,open,item,Kaval,Tonkori,
qwen3vl,E3_img_0631_near_N2_k2_P1,open,country,Papua New Guinea,Japan,
qwen3vl,E3_img_0631_near_N5_k2_P1,open,item,Kora,Tonkori,
qwen3vl,E3_img_0631_near_N5_k2_P1,open,country,Senegal,Japan,
qwen3vl,E3_img_0631_far_N2_k2_P1,open,item,Koto,Tonkori,
qwen3vl,E3_img_0631_far_N5_k2_P1,open,item,Kora,Tonkori,
qwen3vl,E3_img_0631_far_N5_k2_P1,open,country,Senegal,Japan,
qwen3vl,E1_img_0607_mixed_N1_k1_P1,open,item,Gamelan,Ranat,
qwen3vl,E1_img_0607_mixed_N1_k1_P1,open,country,Indonesia,Thailand,
qwen3vl,E1_img_0607_mixed_N2_k1_P1,open,item,Saron,Ranat,
qwen3vl,E1_img_0607_mixed_N2_k1_P1,open,country,Indonesia,Thailand,
qwen3vl,E1_img_0607_mixed_N3_k3_P1,open,item,Saron,Ranat,
qwen3vl,E1_img_0607_mixed_N3_k3_P1,open,country,Indonesia,Thailand,
qwen3vl,E1_img_0607_mixed_N4_k1_P1,open,item,Saron,Ranat,
qwen3vl,E1_img_0607_mixed_N4_k1_P1,open,country,Indonesia,Thailand,
qwen3vl,E2_img_0607_mixed_N5_k1_P1,open,item,Saron,Ranat,
qwen3vl,E2_img_0607_mixed_N5_k1_P1,open,country,Indonesia,Thailand,
qwen3vl,E2_img_0607_mixed_N5_k2_P1,open,item,Saron,Ranat,
qwen3vl,E2_img_0607_mixed_N5_k2_P1,open,country,Indonesia,Thailand,
qwen3vl,E2_img_0607_mixed_N5_k3_P1,open,item,Saron,Ranat,
qwen3vl,E2_img_0607_mixed_N5_k3_P1,open,country,Indonesia,Thailand,
qwen3vl,E2_img_0607_mixed_N5_k4_P1,open,item,Saron,Ranat,
qwen3vl,E2_img_0607_mixed_N5_k4_P1,open,country,Indonesia,Thailand,
qwen3vl,E2_img_0607_mixed_N5_k5_P1,open,item,Saron,Ranat,
qwen3vl,E2_img_0607_mixed_N5_k5_P1,open,country,Indonesia,Thailand,
qwen3vl,E3_img_0607_near_N2_k1_P1,open,item,Saron,Ranat,
qwen3vl,E3_img_0607_near_N2_k1_P1,open,country,Indonesia,Thailand,
qwen3vl,E3_img_0607_near_N5_k3_P1,open,item,Saron,Ranat,
qwen3vl,E3_img_0607_near_N5_k3_P1,open,country,Indonesia,Thailand,
qwen3vl,E3_img_0607_far_N2_k1_P1,open,item,Saron,Ranat,
qwen3vl,E3_img_0607_far_N2_k1_P1,open,country,Indonesia,Thailand,
qwen3vl,E3_img_0607_far_N5_k3_P1,open,item,Saron,Ranat,
qwen3vl,E3_img_0607_far_N5_k3_P1,open,country,Indonesia,Thailand,
qwen3vl,E1_img_0572_mixed_N1_k1_P1,open,item,Guqin,Guzheng,
qwen3vl,E1_img_0572_mixed_N2_k2_P1,open,item,Guqin,Guzheng,
qwen3vl,E1_img_0572_mixed_N3_k1_P1,open,item,Guqin,Guzheng,
qwen3vl,E1_img_0572_mixed_N4_k2_P1,open,item,Guqin,Guzheng,
qwen3vl,E2_img_0572_mixed_N5_k1_P1,open,item,Guqin,Guzheng,
qwen3vl,E2_img_0572_mixed_N5_k2_P1,open,item,Guqin,Guzheng,
qwen3vl,E2_img_0572_mixed_N5_k3_P1,open,item,Guqin,Guzheng,
qwen3vl,E2_img_0572_mixed_N5_k4_P1,open,item,Guqin,Guzheng,
qwen3vl,E2_img_0572_mixed_N5_k5_P1,open,item,Guqin,Guzheng,
qwen3vl,E3_img_0572_near_N2_k2_P1,open,item,Guqin,Guzheng,
qwen3vl,E3_img_0572_near_N5_k4_P1,open,item,Guqin,Guzheng,
qwen3vl,E3_img_0572_far_N2_k2_P1,open,item,Guqin,Guzheng,
qwen3vl,E3_img_0572_far_N5_k4_P1,open,item,Guqin,Guzheng,
qwen3vl,E5_img_0572_mixed_N1_k1_P2,open,item,Guqin,Guzheng,
qwen3vl,E5_img_0572_mixed_N2_k2_P2,open,item,Guqin,Guzheng,
qwen3vl,E5_img_0572_mixed_N3_k1_P2,open,item,Guqin,Guzheng,
qwen3vl,E5_img_0572_mixed_N4_k2_P2,open,item,Guqin,Guzheng,
qwen3vl,E5_img_0572_mixed_N5_k4_P2,open,item,Guqin,Guzheng,
qwen3vl,E5_img_0572_mixed_N1_k1_P3,open,item,Guqin,Guzheng,
qwen3vl,E5_img_0572_mixed_N2_k2_P3,open,item,Guqin,Guzheng,
qwen3vl,E5_img_0572_mixed_N3_k1_P3,open,item,Guqin,Guzheng,
qwen3vl,E5_img_0572_mixed_N4_k2_P3,open,item,Guqin,Guzheng,
qwen3vl,E5_img_0572_mixed_N5_k4_P3,open,item,Guqin,Guzheng,
qwen3vl,E6_img_0572_mixed_N1_k1_P4,open,item,Guqin,Guzheng,
qwen3vl,E6_img_0572_mixed_N2_k2_P4,open,item,guqin,Guzheng,
qwen3vl,E6_img_0572_mixed_N3_k1_P4,open,item,guqin,Guzheng,
qwen3vl,E6_img_0572_mixed_N5_k4_P4,open,item,Guqin,Guzheng,
qwen3vl,E1_img_0548_mixed_N2_k1_P1,open,item,Cenek,Çeng,
qwen3vl,E1_img_0548_mixed_N3_k2_P1,open,item,Cretan lyra,Çeng,
qwen3vl,E1_img_0548_mixed_N3_k2_P1,open,country,Greece,Turkey,
qwen3vl,E1_img_0548_mixed_N4_k3_P1,open,item,Cembalo,Çeng,
qwen3vl,E2_img_0548_mixed_N5_k1_P1,open,item,Cenek,Çeng,
qwen3vl,E2_img_0548_mixed_N5_k2_P1,open,item,Cithara,Çeng,
qwen3vl,E2_img_0548_mixed_N5_k3_P1,open,item,Cembalo,Çeng,
qwen3vl,E2_img_0548_mixed_N5_k4_P1,open,item,Cembalo,Çeng,
qwen3vl,E2_img_0548_mixed_N5_k5_P1,open,item,Cembalo,Çeng,
qwen3vl,E3_img_0548_near_N2_k1_P1,open,item,Cenek,Çeng,
qwen3vl,E3_img_0548_near_N5_k5_P1,open,item,Cembalo,Çeng,
qwen3vl,E3_img_0548_far_N2_k1_P1,open,item,Cenek,Çeng,
qwen3vl,E3_img_0548_far_N5_k5_P1,open,item,Cembalo,Çeng,
qwen3vl,E1_img_0591_mixed_N1_k1_P1,open,item,Dhol,Madal,
qwen3vl,E1_img_0591_mixed_N1_k1_P1,open,country,India,Nepal,
qwen3vl,E1_img_0591_mixed_N2_k2_P1,open,item,Dhol,Madal,
qwen3vl,E1_img_0591_mixed_N2_k2_P1,open,country,India,Nepal,
qwen3vl,E1_img_0591_mixed_N3_k3_P1,open,item,Dhol,Madal,
qwen3vl,E1_img_0591_mixed_N3_k3_P1,open,country,India,Nepal,
qwen3vl,E1_img_0591_mixed_N4_k4_P1,open,item,Dhol,Madal,
qwen3vl,E1_img_0591_mixed_N4_k4_P1,open,country,India,Nepal,
qwen3vl,E2_img_0591_mixed_N5_k1_P1,open,item,Tabla,Madal,
qwen3vl,E2_img_0591_mixed_N5_k1_P1,open,country,India,Nepal,
qwen3vl,E2_img_0591_mixed_N5_k2_P1,open,item,Tabla,Madal,
qwen3vl,E2_img_0591_mixed_N5_k2_P1,open,country,India,Nepal,
qwen3vl,E2_img_0591_mixed_N5_k3_P1,open,item,Tabla,Madal,
qwen3vl,E2_img_0591_mixed_N5_k3_P1,open,country,India,Nepal,
qwen3vl,E2_img_0591_mixed_N5_k4_P1,open,item,Dhol,Madal,
qwen3vl,E2_img_0591_mixed_N5_k4_P1,open,country,India,Nepal,
qwen3vl,E2_img_0591_mixed_N5_k5_P1,open,item,Tabla,Madal,
qwen3vl,E2_img_0591_mixed_N5_k5_P1,open,country,India,Nepal,
qwen3vl,E3_img_0591_near_N2_k2_P1,open,item,Dhol,Madal,
qwen3vl,E3_img_0591_far_N2_k2_P1,open,item,Dhol,Madal,
qwen3vl,E3_img_0591_far_N2_k2_P1,open,country,India,Nepal,
qwen3vl,E3_img_0591_far_N5_k1_P1,open,item,Tabla,Madal,
qwen3vl,E3_img_0591_far_N5_k1_P1,open,country,India,Nepal,
qwen3vl,E1_img_0543_mixed_N1_k1_P1,open,item,Santur,Bandura,
qwen3vl,E1_img_0543_mixed_N1_k1_P1,open,country,Iran,Ukraine,
qwen3vl,E1_img_0543_mixed_N2_k1_P1,open,item,Santur,Bandura,
qwen3vl,E1_img_0543_mixed_N2_k1_P1,open,country,Iran,Ukraine,
qwen3vl,E1_img_0543_mixed_N3_k1_P1,open,country,Iran,Ukraine,
qwen3vl,E1_img_0543_mixed_N4_k1_P1,open,country,Iran,Ukraine,
qwen3vl,E2_img_0543_mixed_N5_k1_P1,open,country,Iran,Ukraine,
qwen3vl,E2_img_0543_mixed_N5_k2_P1,open,item,Santur,Bandura,
qwen3vl,E2_img_0543_mixed_N5_k2_P1,open,country,Iran,Ukraine,
qwen3vl,E2_img_0543_mixed_N5_k3_P1,open,item,Santur,Bandura,
qwen3vl,E2_img_0543_mixed_N5_k3_P1,open,country,Iran,Ukraine,
qwen3vl,E2_img_0543_mixed_N5_k4_P1,open,item,Santur,Bandura,
qwen3vl,E2_img_0543_mixed_N5_k4_P1,open,country,Iran,Ukraine,
qwen3vl,E2_img_0543_mixed_N5_k5_P1,open,item,Santur,Bandura,
qwen3vl,E2_img_0543_mixed_N5_k5_P1,open,country,Iran,Ukraine,
qwen3vl,E3_img_0543_near_N2_k1_P1,open,item,Santur,Bandura,
qwen3vl,E3_img_0543_near_N2_k1_P1,open,country,Iran,Ukraine,
qwen3vl,E3_img_0543_near_N5_k2_P1,open,item,Santur,Bandura,
qwen3vl,E3_img_0543_near_N5_k2_P1,open,country,Iran,Ukraine,
qwen3vl,E3_img_0543_far_N2_k1_P1,open,country,Iran,Ukraine,
qwen3vl,E3_img_0543_far_N5_k2_P1,open,item,Santur,Bandura,
qwen3vl,E3_img_0543_far_N5_k2_P1,open,country,Iran,Ukraine,
qwen3vl,E5_img_0543_mixed_N1_k1_P2,open,item,Santur,Bandura,
qwen3vl,E5_img_0543_mixed_N1_k1_P2,open,country,Iran,Ukraine,
qwen3vl,E5_img_0543_mixed_N2_k1_P2,open,country,Iran,Ukraine,
qwen3vl,E5_img_0543_mixed_N3_k1_P2,open,country,Iran,Ukraine,
qwen3vl,E5_img_0543_mixed_N4_k1_P2,open,country,Iran,Ukraine,
qwen3vl,E5_img_0543_mixed_N5_k2_P2,open,item,Santur,Bandura,
qwen3vl,E5_img_0543_mixed_N5_k2_P2,open,country,Iran,Ukraine,
qwen3vl,E5_img_0543_mixed_N1_k1_P3,open,item,Santur,Bandura,
qwen3vl,E5_img_0543_mixed_N1_k1_P3,open,country,Iran,Ukraine,
qwen3vl,E5_img_0543_mixed_N2_k1_P3,open,item,Santur,Bandura,
qwen3vl,E5_img_0543_mixed_N2_k1_P3,open,country,Iran,Ukraine,
qwen3vl,E5_img_0543_mixed_N3_k1_P3,open,item,Santur,Bandura,
qwen3vl,E5_img_0543_mixed_N3_k1_P3,open,country,Iran,Ukraine,
qwen3vl,E5_img_0543_mixed_N4_k1_P3,open,item,Santur,Bandura,
qwen3vl,E5_img_0543_mixed_N4_k1_P3,open,country,Iran,Ukraine,
qwen3vl,E5_img_0543_mixed_N5_k2_P3,open,item,Santur,Bandura,
qwen3vl,E5_img_0543_mixed_N5_k2_P3,open,country,Iran,Ukraine,
qwen3vl,E6_img_0543_mixed_N1_k1_P4,open,item,Saz,Bandura,
qwen3vl,E6_img_0543_mixed_N1_k1_P4,open,country,Turkey,Ukraine,
qwen3vl,E6_img_0543_mixed_N2_k1_P4,open,country,Iran,Ukraine,
qwen3vl,E6_img_0543_mixed_N3_k1_P4,open,country,Iran,Ukraine,
qwen3vl,E6_img_0543_mixed_N4_k1_P4,open,country,Iran,Ukraine,
qwen3vl,E6_img_0543_mixed_N5_k2_P4,open,country,Iran,Ukraine,
qwen3vl,E1_img_0568_mixed_N1_k1_P1,open,item,Dombra,Ghijak,
qwen3vl,E1_img_0568_mixed_N1_k1_P1,open,country,Kazakhstan,China,
qwen3vl,E1_img_0568_mixed_N2_k2_P1,open,item,Domra,Ghijak,
qwen3vl,E1_img_0568_mixed_N3_k2_P1,open,item,Dombra,Ghijak,
qwen3vl,E1_img_0568_mixed_N3_k2_P1,open,country,Kazakhstan,China,
qwen3vl,E1_img_0568_mixed_N4_k2_P1,open,item,Dombra,Ghijak,
qwen3vl,E1_img_0568_mixed_N4_k2_P1,open,country,Kazakhstan,China,
qwen3vl,E2_img_0568_mixed_N5_k1_P1,open,item,Dombra,Ghijak,
qwen3vl,E2_img_0568_mixed_N5_k1_P1,open,country,Kazakhstan,China,
qwen3vl,E2_img_0568_mixed_N5_k2_P1,open,item,Dombra,Ghijak,
qwen3vl,E2_img_0568_mixed_N5_k2_P1,open,country,Kazakhstan,China,
qwen3vl,E2_img_0568_mixed_N5_k3_P1,open,item,Dombra,Ghijak,
qwen3vl,E2_img_0568_mixed_N5_k3_P1,open,country,Kazakhstan,China,
qwen3vl,E2_img_0568_mixed_N5_k4_P1,open,item,Dombra,Ghijak,
qwen3vl,E2_img_0568_mixed_N5_k4_P1,open,country,Kazakhstan,China,
qwen3vl,E2_img_0568_mixed_N5_k5_P1,open,item,Domra,Ghijak,
qwen3vl,E3_img_0568_near_N2_k2_P1,open,item,Domra,Ghijak,
qwen3vl,E3_img_0568_near_N2_k2_P1,open,country,Russia,China,
qwen3vl,E3_img_0568_near_N5_k3_P1,open,item,Domra,Ghijak,
qwen3vl,E3_img_0568_near_N5_k3_P1,open,country,Russia,China,
qwen3vl,E3_img_0568_far_N2_k2_P1,open,item,Dombra,Ghijak,
qwen3vl,E3_img_0568_far_N2_k2_P1,open,country,Kazakhstan,China,
qwen3vl,E3_img_0568_far_N5_k3_P1,open,item,Dombra,Ghijak,
qwen3vl,E3_img_0568_far_N5_k3_P1,open,country,Mongolia,China,
qwen3vl,E1_img_0565_mixed_N1_k1_P1,open,item,Suling,Garamut,
qwen3vl,E1_img_0565_mixed_N2_k1_P1,open,item,Suling,Garamut,
qwen3vl,E2_img_0565_mixed_N5_k1_P1,open,item,Suling,Garamut,
qwen3vl,E1_img_0724_mixed_N1_k1_P1,open,item,Çatalhöyük,Göbekli Tepe,
qwen3vl,E1_img_0724_mixed_N2_k1_P1,open,item,Çatalhöyük,Göbekli Tepe,
qwen3vl,E3_img_0724_far_N2_k1_P1,open,item,Çatalhöyük,Göbekli Tepe,
qwen3vl,E3_img_0724_far_N5_k1_P1,open,item,Çatalhöyük,Göbekli Tepe,
qwen3vl,E5_img_0724_mixed_N1_k1_P2,open,item,Çatalhöyük,Göbekli Tepe,
qwen3vl,E5_img_0724_mixed_N2_k1_P2,open,item,Çatalhöyük,Göbekli Tepe,
qwen3vl,E5_img_0724_mixed_N3_k1_P2,open,item,Çatalhöyük,Göbekli Tepe,
qwen3vl,E5_img_0724_mixed_N4_k1_P2,open,item,Çatalhöyük,Göbekli Tepe,
qwen3vl,E5_img_0724_mixed_N1_k1_P3,open,item,Çatalhöyük,Göbekli Tepe,
qwen3vl,E5_img_0724_mixed_N2_k1_P3,open,item,Çatalhöyük,Göbekli Tepe,
qwen3vl,E5_img_0724_mixed_N3_k1_P3,open,item,Çatalhöyük,Göbekli Tepe,
qwen3vl,E6_img_0724_mixed_N3_k1_P4,open,item,Çatalhöyük,Göbekli Tepe,
qwen3vl,E6_img_0724_mixed_N5_k1_P4,open,item,Çatalhöyük,Göbekli Tepe,
qwen3vl,E1_img_0666_mixed_N2_k2_P1,open,item,Sé de Coimbra,Batalha Monastery,
qwen3vl,E1_img_0666_mixed_N3_k2_P1,open,item,Jerónimos Monastery,Batalha Monastery,
qwen3vl,E1_img_0666_mixed_N4_k2_P1,open,item,Jerónimos Monastery,Batalha Monastery,
qwen3vl,E2_img_0666_mixed_N5_k2_P1,open,item,Sé de Coimbra,Batalha Monastery,
qwen3vl,E2_img_0666_mixed_N5_k3_P1,open,item,Jerónimos Monastery,Batalha Monastery,
qwen3vl,E2_img_0666_mixed_N5_k4_P1,open,item,Jerónimos Monastery,Batalha Monastery,
qwen3vl,E3_img_0666_near_N2_k2_P1,open,item,Sé de Coimbra,Batalha Monastery,
qwen3vl,E3_img_0666_near_N5_k2_P1,open,item,Jerónimos Monastery,Batalha Monastery,
qwen3vl,E3_img_0666_far_N2_k2_P1,open,item,Sé de Coimbra,Batalha Monastery,
qwen3vl,E3_img_0666_far_N5_k2_P1,open,item,Alcobaca Monastery,Batalha Monastery,
qwen3vl,E1_img_0880_mixed_N1_k1_P1,open,item,Monastery of Saint Stephen,Varlaam monastery,
qwen3vl,E1_img_0880_mixed_N2_k1_P1,open,item,Moni Meteoro,Varlaam monastery,
qwen3vl,E1_img_0880_mixed_N3_k3_P1,open,item,Monasteries of Meteora,Varlaam monastery,
qwen3vl,E1_img_0880_mixed_N4_k3_P1,open,item,Moni Rousanou,Varlaam monastery,
qwen3vl,E2_img_0880_mixed_N5_k1_P1,open,item,Monastery of Saint John the Theologian,Varlaam monastery,
qwen3vl,E2_img_0880_mixed_N5_k2_P1,open,item,Moni Rousanou,Varlaam monastery,
qwen3vl,E2_img_0880_mixed_N5_k3_P1,open,item,Moni Rousanou,Varlaam monastery,
qwen3vl,E2_img_0880_mixed_N5_k5_P1,open,item,Monasteries of Meteora,Varlaam monastery,
qwen3vl,E3_img_0880_near_N2_k1_P1,open,item,Moni Rousanou,Varlaam monastery,
qwen3vl,E3_img_0880_near_N5_k3_P1,open,item,Monasteries of Meteora,Varlaam monastery,
qwen3vl,E3_img_0880_far_N2_k1_P1,open,item,Monastery of Saint John the Theologian,Varlaam monastery,
qwen3vl,E3_img_0880_far_N5_k3_P1,open,item,Moni of Saint John the Theologian,Varlaam monastery,
qwen3vl,E1_img_0780_mixed_N1_k1_P1,open,item,Alcazar of Seville,Mosque-Cathedral of Cordoba,
qwen3vl,E1_img_0780_mixed_N2_k2_P1,open,item,Seville Cathedral,Mosque-Cathedral of Cordoba,
qwen3vl,E1_img_0780_mixed_N3_k1_P1,open,item,Alcazar of Seville,Mosque-Cathedral of Cordoba,
qwen3vl,E1_img_0780_mixed_N4_k4_P1,open,item,Seville Cathedral,Mosque-Cathedral of Cordoba,
qwen3vl,E2_img_0780_mixed_N5_k1_P1,open,item,Alcazar of Seville,Mosque-Cathedral of Cordoba,
qwen3vl,E2_img_0780_mixed_N5_k2_P1,open,item,Alcazar of Seville,Mosque-Cathedral of Cordoba,
qwen3vl,E2_img_0780_mixed_N5_k3_P1,open,item,Seville Cathedral,Mosque-Cathedral of Cordoba,
qwen3vl,E2_img_0780_mixed_N5_k4_P1,open,item,Seville Cathedral,Mosque-Cathedral of Cordoba,
qwen3vl,E2_img_0780_mixed_N5_k5_P1,open,item,Seville Cathedral,Mosque-Cathedral of Cordoba,
qwen3vl,E3_img_0780_near_N2_k2_P1,open,item,Seville Cathedral,Mosque-Cathedral of Cordoba,
qwen3vl,E3_img_0780_near_N5_k4_P1,open,item,Seville Cathedral,Mosque-Cathedral of Cordoba,
qwen3vl,E3_img_0780_far_N2_k2_P1,open,item,Seville Cathedral,Mosque-Cathedral of Cordoba,
qwen3vl,E3_img_0780_far_N5_k4_P1,open,item,Seville Cathedral,Mosque-Cathedral of Cordoba,
qwen3vl,E5_img_0780_mixed_N1_k1_P2,open,item,Alcázar of Seville,Mosque-Cathedral of Cordoba,
qwen3vl,E5_img_0780_mixed_N2_k2_P2,open,item,Seville Cathedral,Mosque-Cathedral of Cordoba,
qwen3vl,E5_img_0780_mixed_N3_k1_P2,open,item,Alcazar of Seville,Mosque-Cathedral of Cordoba,
qwen3vl,E5_img_0780_mixed_N4_k4_P2,open,item,Seville Cathedral,Mosque-Cathedral of Cordoba,
qwen3vl,E5_img_0780_mixed_N5_k4_P2,open,item,Seville Cathedral,Mosque-Cathedral of Cordoba,
qwen3vl,E5_img_0780_mixed_N1_k1_P3,open,item,Alcázar of Seville,Mosque-Cathedral of Cordoba,
qwen3vl,E5_img_0780_mixed_N2_k2_P3,open,item,Seville Cathedral,Mosque-Cathedral of Cordoba,
qwen3vl,E5_img_0780_mixed_N3_k1_P3,open,item,Alcazar of Seville,Mosque-Cathedral of Cordoba,
qwen3vl,E5_img_0780_mixed_N4_k4_P3,open,item,Seville Cathedral,Mosque-Cathedral of Cordoba,
qwen3vl,E5_img_0780_mixed_N5_k4_P3,open,item,Seville Cathedral,Mosque-Cathedral of Cordoba,
qwen3vl,E6_img_0780_mixed_N1_k1_P4,open,item,Seville Cathedral,Mosque-Cathedral of Cordoba,
qwen3vl,E6_img_0780_mixed_N2_k2_P4,open,item,Seville Cathedral,Mosque-Cathedral of Cordoba,
qwen3vl,E6_img_0780_mixed_N3_k1_P4,open,item,Alcázar of Seville,Mosque-Cathedral of Cordoba,
qwen3vl,E6_img_0780_mixed_N4_k4_P4,open,item,Seville Cathedral,Mosque-Cathedral of Cordoba,
qwen3vl,E6_img_0780_mixed_N5_k4_P4,open,item,Seville Cathedral,Mosque-Cathedral of Cordoba,
qwen3vl,E1_img_0818_mixed_N1_k1_P1,open,item,Széchenyi Thermal Bath,Residence of Bukovinian and Dalmatian Metropolitans,
qwen3vl,E1_img_0818_mixed_N1_k1_P1,open,country,Hungary,Ukraine,
qwen3vl,E1_img_0818_mixed_N2_k1_P1,open,item,Széchenyi Thermal Bath,Residence of Bukovinian and Dalmatian Metropolitans,
qwen3vl,E1_img_0818_mixed_N2_k1_P1,open,country,Hungary,Ukraine,
qwen3vl,E1_img_0818_mixed_N3_k2_P1,open,item,Széchenyi Thermal Bath,Residence of Bukovinian and Dalmatian Metropolitans,
qwen3vl,E1_img_0818_mixed_N3_k2_P1,open,country,Hungary,Ukraine,
qwen3vl,E1_img_0818_mixed_N4_k1_P1,open,item,Széchenyi Thermal Bath,Residence of Bukovinian and Dalmatian Metropolitans,
qwen3vl,E1_img_0818_mixed_N4_k1_P1,open,country,Hungary,Ukraine,
qwen3vl,E2_img_0818_mixed_N5_k1_P1,open,item,Széchenyi Thermal Bath,Residence of Bukovinian and Dalmatian Metropolitans,
qwen3vl,E2_img_0818_mixed_N5_k1_P1,open,country,Hungary,Ukraine,
qwen3vl,E2_img_0818_mixed_N5_k2_P1,open,item,Széchenyi Thermal Bath,Residence of Bukovinian and Dalmatian Metropolitans,
qwen3vl,E2_img_0818_mixed_N5_k2_P1,open,country,Hungary,Ukraine,
qwen3vl,E2_img_0818_mixed_N5_k3_P1,open,item,Castle of the Counts of Hohenems,Residence of Bukovinian and Dalmatian Metropolitans,
qwen3vl,E2_img_0818_mixed_N5_k3_P1,open,country,Austria,Ukraine,
qwen3vl,E2_img_0818_mixed_N5_k4_P1,open,item,Albrechtsburg Castle,Residence of Bukovinian and Dalmatian Metropolitans,
qwen3vl,E2_img_0818_mixed_N5_k4_P1,open,country,Germany,Ukraine,
qwen3vl,E2_img_0818_mixed_N5_k5_P1,open,item,Széchenyi Thermal Bath,Residence of Bukovinian and Dalmatian Metropolitans,
qwen3vl,E2_img_0818_mixed_N5_k5_P1,open,country,Hungary,Ukraine,
qwen3vl,E3_img_0818_near_N2_k1_P1,open,item,Széchenyi Thermal Bath,Residence of Bukovinian and Dalmatian Metropolitans,
qwen3vl,E3_img_0818_near_N2_k1_P1,open,country,Hungary,Ukraine,
qwen3vl,E3_img_0818_near_N5_k5_P1,open,item,Széchenyi Thermal Bath,Residence of Bukovinian and Dalmatian Metropolitans,
qwen3vl,E3_img_0818_near_N5_k5_P1,open,country,Hungary,Ukraine,
qwen3vl,E3_img_0818_far_N2_k1_P1,open,item,Széchenyi Thermal Bath,Residence of Bukovinian and Dalmatian Metropolitans,
qwen3vl,E3_img_0818_far_N2_k1_P1,open,country,Hungary,Ukraine,
qwen3vl,E3_img_0818_far_N5_k5_P1,open,item,Széchenyi Thermal Bath,Residence of Bukovinian and Dalmatian Metropolitans,
qwen3vl,E3_img_0818_far_N5_k5_P1,open,country,Hungary,Ukraine,
qwen3vl,E1_img_0698_mixed_N1_k1_P1,open,item,Fort of São João Baptista de Rio de Janeiro,Citadelle Laferrière,
qwen3vl,E1_img_0698_mixed_N1_k1_P1,open,country,Brazil,Haiti,
qwen3vl,E1_img_0698_mixed_N2_k2_P1,open,item,Fort of São João Baptista,Citadelle Laferrière,
qwen3vl,E1_img_0698_mixed_N2_k2_P1,open,country,Portugal,Haiti,
qwen3vl,E1_img_0698_mixed_N3_k3_P1,open,item,Fort of São João Baptista,Citadelle Laferrière,
qwen3vl,E1_img_0698_mixed_N3_k3_P1,open,country,Portugal,Haiti,
qwen3vl,E1_img_0698_mixed_N4_k2_P1,open,item,Fort of São João Baptista,Citadelle Laferrière,
qwen3vl,E1_img_0698_mixed_N4_k2_P1,open,country,Portugal,Haiti,
qwen3vl,E2_img_0698_mixed_N5_k1_P1,open,item,Fort of São João Baptista,Citadelle Laferrière,
qwen3vl,E2_img_0698_mixed_N5_k1_P1,open,country,Portugal,Haiti,
qwen3vl,E2_img_0698_mixed_N5_k2_P1,open,item,Fort of São João Baptista,Citadelle Laferrière,
qwen3vl,E2_img_0698_mixed_N5_k2_P1,open,country,Portugal,Haiti,
qwen3vl,E2_img_0698_mixed_N5_k3_P1,open,item,Fort of São João Baptista,Citadelle Laferrière,
qwen3vl,E2_img_0698_mixed_N5_k3_P1,open,country,Portugal,Haiti,
qwen3vl,E2_img_0698_mixed_N5_k4_P1,open,item,Fort of São João Baptista,Citadelle Laferrière,
qwen3vl,E2_img_0698_mixed_N5_k4_P1,open,country,Portugal,Haiti,
qwen3vl,E2_img_0698_mixed_N5_k5_P1,open,item,Fort of São João Baptista,Citadelle Laferrière,
qwen3vl,E2_img_0698_mixed_N5_k5_P1,open,country,Portugal,Haiti,
qwen3vl,E3_img_0698_near_N2_k2_P1,open,item,Fort of São João Baptista de Roncão,Citadelle Laferrière,
qwen3vl,E3_img_0698_near_N2_k2_P1,open,country,Portugal,Haiti,
qwen3vl,E3_img_0698_near_N5_k1_P1,open,item,Fort of São João Baptista,Citadelle Laferrière,
qwen3vl,E3_img_0698_near_N5_k1_P1,open,country,Brazil,Haiti,
qwen3vl,E3_img_0698_far_N2_k2_P1,open,item,Fort of São João Baptista,Citadelle Laferrière,
qwen3vl,E3_img_0698_far_N2_k2_P1,open,country,Portugal,Haiti,
qwen3vl,E3_img_0698_far_N5_k1_P1,open,item,Fort of São João Baptista,Citadelle Laferrière,
qwen3vl,E3_img_0698_far_N5_k1_P1,open,country,Brazil,Haiti,
qwen3vl,E1_img_0858_mixed_N1_k1_P1,open,item,Hasankeyf,Takht-e Soleyman,
qwen3vl,E1_img_0858_mixed_N1_k1_P1,open,country,Turkey,Iran,
qwen3vl,E1_img_0858_mixed_N2_k1_P1,open,item,Hasankeyf,Takht-e Soleyman,
qwen3vl,E1_img_0858_mixed_N2_k1_P1,open,country,Turkey,Iran,
qwen3vl,E1_img_0858_mixed_N3_k1_P1,open,item,Hasankeyf,Takht-e Soleyman,
qwen3vl,E1_img_0858_mixed_N3_k1_P1,open,country,Turkey,Iran,
qwen3vl,E1_img_0858_mixed_N4_k3_P1,open,item,Hasankeyf,Takht-e Soleyman,
qwen3vl,E1_img_0858_mixed_N4_k3_P1,open,country,Turkey,Iran,
qwen3vl,E2_img_0858_mixed_N5_k1_P1,open,item,Hasankeyf,Takht-e Soleyman,
qwen3vl,E2_img_0858_mixed_N5_k1_P1,open,country,Turkey,Iran,
qwen3vl,E2_img_0858_mixed_N5_k2_P1,open,item,Hasankeyf,Takht-e Soleyman,
qwen3vl,E2_img_0858_mixed_N5_k2_P1,open,country,Turkey,Iran,
qwen3vl,E2_img_0858_mixed_N5_k3_P1,open,item,Hasankeyf,Takht-e Soleyman,
qwen3vl,E2_img_0858_mixed_N5_k3_P1,open,country,Turkey,Iran,
qwen3vl,E2_img_0858_mixed_N5_k4_P1,open,item,Hasankeyf,Takht-e Soleyman,
qwen3vl,E2_img_0858_mixed_N5_k4_P1,open,country,Turkey,Iran,
qwen3vl,E2_img_0858_mixed_N5_k5_P1,open,item,Hasankeyf,Takht-e Soleyman,
qwen3vl,E2_img_0858_mixed_N5_k5_P1,open,country,Turkey,Iran,
qwen3vl,E3_img_0858_near_N2_k1_P1,open,item,Hasankeyf,Takht-e Soleyman,
qwen3vl,E3_img_0858_near_N2_k1_P1,open,country,Turkey,Iran,
qwen3vl,E3_img_0858_near_N5_k2_P1,open,item,Hasankeyf,Takht-e Soleyman,
qwen3vl,E3_img_0858_near_N5_k2_P1,open,country,Turkey,Iran,
qwen3vl,E3_img_0858_far_N2_k1_P1,open,item,Hasankeyf,Takht-e Soleyman,
qwen3vl,E3_img_0858_far_N2_k1_P1,open,country,Turkey,Iran,
qwen3vl,E3_img_0858_far_N5_k2_P1,open,item,Hasankeyf,Takht-e Soleyman,
qwen3vl,E3_img_0858_far_N5_k2_P1,open,country,Turkey,Iran,
qwen3vl,E5_img_0858_mixed_N1_k1_P2,open,item,Hasankeyf,Takht-e Soleyman,
qwen3vl,E5_img_0858_mixed_N1_k1_P2,open,country,Turkey,Iran,
qwen3vl,E5_img_0858_mixed_N2_k1_P2,open,item,Hasankeyf,Takht-e Soleyman,
qwen3vl,E5_img_0858_mixed_N2_k1_P2,open,country,Turkey,Iran,
qwen3vl,E5_img_0858_mixed_N3_k1_P2,open,item,Hasankeyf,Takht-e Soleyman,
qwen3vl,E5_img_0858_mixed_N3_k1_P2,open,country,Turkey,Iran,
qwen3vl,E5_img_0858_mixed_N4_k3_P2,open,item,Hasankeyf,Takht-e Soleyman,
qwen3vl,E5_img_0858_mixed_N4_k3_P2,open,country,Turkey,Iran,
qwen3vl,E5_img_0858_mixed_N5_k2_P2,open,item,Hasankeyf,Takht-e Soleyman,
qwen3vl,E5_img_0858_mixed_N5_k2_P2,open,country,Turkey,Iran,
qwen3vl,E5_img_0858_mixed_N1_k1_P3,open,item,Hasankeyf,Takht-e Soleyman,
qwen3vl,E5_img_0858_mixed_N1_k1_P3,open,country,Turkey,Iran,
qwen3vl,E5_img_0858_mixed_N2_k1_P3,open,item,Hasankeyf,Takht-e Soleyman,
qwen3vl,E5_img_0858_mixed_N2_k1_P3,open,country,Turkey,Iran,
qwen3vl,E5_img_0858_mixed_N3_k1_P3,open,item,Hasankeyf,Takht-e Soleyman,
qwen3vl,E5_img_0858_mixed_N3_k1_P3,open,country,Turkey,Iran,
qwen3vl,E5_img_0858_mixed_N4_k3_P3,open,item,Hasankeyf,Takht-e Soleyman,
qwen3vl,E5_img_0858_mixed_N4_k3_P3,open,country,Turkey,Iran,
qwen3vl,E5_img_0858_mixed_N5_k2_P3,open,item,Hasankeyf,Takht-e Soleyman,
qwen3vl,E5_img_0858_mixed_N5_k2_P3,open,country,Turkey,Iran,
qwen3vl,E6_img_0858_mixed_N1_k1_P4,open,item,Hasankeyf,Takht-e Soleyman,
qwen3vl,E6_img_0858_mixed_N1_k1_P4,open,country,Turkey,Iran,
qwen3vl,E6_img_0858_mixed_N2_k1_P4,open,item,Hasankeyf,Takht-e Soleyman,
qwen3vl,E6_img_0858_mixed_N2_k1_P4,open,country,Turkey,Iran,
qwen3vl,E6_img_0858_mixed_N3_k1_P4,open,item,Hasankeyf,Takht-e Soleyman,
qwen3vl,E6_img_0858_mixed_N3_k1_P4,open,country,Turkey,Iran,
qwen3vl,E6_img_0858_mixed_N4_k3_P4,open,item,Hasankeyf,Takht-e Soleyman,
qwen3vl,E6_img_0858_mixed_N4_k3_P4,open,country,Turkey,Iran,
qwen3vl,E6_img_0858_mixed_N5_k2_P4,open,item,Hasankeyf,Takht-e Soleyman,
qwen3vl,E6_img_0858_mixed_N5_k2_P4,open,country,Turkey,Iran,
qwen3vl,E1_img_0810_mixed_N1_k1_P1,open,item,St. Michael's Church and the former monastery complex in Münster,Princely Abbey of Corvey,
qwen3vl,E1_img_0810_mixed_N2_k2_P1,open,item,Münster Abbey,Princely Abbey of Corvey,
qwen3vl,E1_img_0810_mixed_N3_k2_P1,open,item,Porta Westfalica,Princely Abbey of Corvey,
qwen3vl,E1_img_0810_mixed_N4_k4_P1,open,item,Münster Cathedral,Princely Abbey of Corvey,
qwen3vl,E2_img_0810_mixed_N5_k1_P1,open,item,Porta Nigra,Princely Abbey of Corvey,
qwen3vl,E2_img_0810_mixed_N5_k2_P1,open,item,Porta Westfalica,Princely Abbey of Corvey,
qwen3vl,E2_img_0810_mixed_N5_k3_P1,open,item,Castle of Heidelberg,Princely Abbey of Corvey,
qwen3vl,E2_img_0810_mixed_N5_k4_P1,open,item,Münster Cathedral,Princely Abbey of Corvey,
qwen3vl,E2_img_0810_mixed_N5_k5_P1,open,item,Münster Abbey,Princely Abbey of Corvey,
qwen3vl,E3_img_0810_near_N2_k2_P1,open,item,Castle of Good Hope,Princely Abbey of Corvey,
qwen3vl,E3_img_0810_near_N2_k2_P1,open,country,South Africa,Germany,
qwen3vl,E3_img_0810_near_N5_k3_P1,open,item,Altenburg Castle,Princely Abbey of Corvey,
qwen3vl,E3_img_0810_far_N2_k2_P1,open,item,Castle of the Teutonic Order in Malbork,Princely Abbey of Corvey,
qwen3vl,E3_img_0810_far_N2_k2_P1,open,country,Poland,Germany,
qwen3vl,E3_img_0810_far_N5_k3_P1,open,item,Castle of Heidelberg,Princely Abbey of Corvey,
qwen3vl,E1_img_0801_mixed_N1_k1_P1,open,item,Plaza de Toros de Monterrey,Plaza de toros de Acho,
qwen3vl,E1_img_0801_mixed_N1_k1_P1,open,country,Mexico,Peru,
qwen3vl,E1_img_0801_mixed_N4_k1_P1,open,item,Plaza de Toros de Valencia,Plaza de toros de Acho,
qwen3vl,E1_img_0801_mixed_N4_k1_P1,open,country,Spain,Peru,
qwen3vl,E2_img_0801_mixed_N5_k1_P1,open,item,Plaza de Toros de Las Ventas,Plaza de toros de Acho,
qwen3vl,E2_img_0801_mixed_N5_k1_P1,open,country,Spain,Peru,
qwen3vl,E1_img_0792_mixed_N1_k1_P1,open,item,Château de Chambord,Palace of Fontainebleau,
qwen3vl,E1_img_0792_mixed_N2_k2_P1,open,item,Château de Chambord,Palace of Fontainebleau,
qwen3vl,E1_img_0792_mixed_N3_k1_P1,open,item,Château de Chambord,Palace of Fontainebleau,
qwen3vl,E1_img_0792_mixed_N4_k2_P1,open,item,Château de Chambord,Palace of Fontainebleau,
qwen3vl,E2_img_0792_mixed_N5_k1_P1,open,item,Château de Chambord,Palace of Fontainebleau,
qwen3vl,E2_img_0792_mixed_N5_k2_P1,open,item,Château de Chambord,Palace of Fontainebleau,
qwen3vl,E2_img_0792_mixed_N5_k3_P1,open,item,Château de Chambord,Palace of Fontainebleau,
qwen3vl,E2_img_0792_mixed_N5_k4_P1,open,item,Château de Chambord,Palace of Fontainebleau,
qwen3vl,E2_img_0792_mixed_N5_k5_P1,open,item,Château de Chambord,Palace of Fontainebleau,
qwen3vl,E3_img_0792_near_N2_k2_P1,open,item,Château de Chambord,Palace of Fontainebleau,
qwen3vl,E3_img_0792_near_N5_k5_P1,open,item,Château de Chambord,Palace of Fontainebleau,
qwen3vl,E3_img_0792_far_N2_k2_P1,open,item,Château de Chambord,Palace of Fontainebleau,
qwen3vl,E3_img_0792_far_N5_k5_P1,open,item,Château de Chambord,Palace of Fontainebleau,
qwen3vl,E5_img_0792_mixed_N1_k1_P2,open,item,Château de Chambord,Palace of Fontainebleau,
qwen3vl,E5_img_0792_mixed_N2_k2_P2,open,item,Château de Chambord,Palace of Fontainebleau,
qwen3vl,E5_img_0792_mixed_N3_k1_P2,open,item,Château de Chambord,Palace of Fontainebleau,
qwen3vl,E5_img_0792_mixed_N4_k2_P2,open,item,Château de Chambord,Palace of Fontainebleau,
qwen3vl,E5_img_0792_mixed_N5_k5_P2,open,item,Château de Chambord,Palace of Fontainebleau,
qwen3vl,E5_img_0792_mixed_N1_k1_P3,open,item,Château de Chambord,Palace of Fontainebleau,
qwen3vl,E5_img_0792_mixed_N2_k2_P3,open,item,Château de Chambord,Palace of Fontainebleau,
qwen3vl,E5_img_0792_mixed_N3_k1_P3,open,item,Château de Chambord,Palace of Fontainebleau,
qwen3vl,E5_img_0792_mixed_N4_k2_P3,open,item,Château de Chambord,Palace of Fontainebleau,
qwen3vl,E5_img_0792_mixed_N5_k5_P3,open,item,Château de Chambord,Palace of Fontainebleau,
qwen3vl,E6_img_0792_mixed_N1_k1_P4,open,item,Château de Chambord,Palace of Fontainebleau,
qwen3vl,E6_img_0792_mixed_N2_k2_P4,open,item,Château de Chambord,Palace of Fontainebleau,
qwen3vl,E6_img_0792_mixed_N3_k1_P4,open,item,Château de Chambord,Palace of Fontainebleau,
qwen3vl,E6_img_0792_mixed_N4_k2_P4,open,item,Château de Chambord,Palace of Fontainebleau,
qwen3vl,E6_img_0792_mixed_N5_k5_P4,open,item,Château de Chambord,Palace of Fontainebleau,
qwen3vl,E1_img_0805_mixed_N1_k1_P1,open,item,Harecastle Tunnel,Pontcysyllte Aqueduct,
qwen3vl,E1_img_0805_mixed_N4_k3_P1,open,item,Harecastle Tunnel,Pontcysyllte Aqueduct,
qwen3vl,E2_img_0805_mixed_N5_k2_P1,open,item,Harecastle Tunnel,Pontcysyllte Aqueduct,
qwen3vl,E2_img_0805_mixed_N5_k3_P1,open,item,Harecastle Tunnel,Pontcysyllte Aqueduct,
qwen3vl,E3_img_0805_near_N2_k1_P1,open,item,Harecastle Tunnel,Pontcysyllte Aqueduct,
qwen3vl,E3_img_0805_near_N5_k1_P1,open,item,Harecastle Tunnel,Pontcysyllte Aqueduct,
qwen3vl,E3_img_0805_far_N2_k1_P1,open,item,Harecastle Tunnel,Pontcysyllte Aqueduct,
qwen3vl,E3_img_0805_far_N5_k1_P1,open,item,Harecastle Tunnel,Pontcysyllte Aqueduct,
qwen3vl,E1_img_0749_mixed_N1_k1_P1,open,item,Saint John the Baptist church in Krasnystaw,Kaloža Church,
qwen3vl,E1_img_0749_mixed_N1_k1_P1,open,country,Poland,Belarus,
qwen3vl,E1_img_0749_mixed_N2_k2_P1,open,item,Saint John the Baptist Church in Krasnystaw,Kaloža Church,
qwen3vl,E1_img_0749_mixed_N2_k2_P1,open,country,Poland,Belarus,
qwen3vl,E1_img_0749_mixed_N3_k3_P1,open,country,Poland,Belarus,
qwen3vl,E1_img_0749_mixed_N4_k4_P1,open,country,Poland,Belarus,
qwen3vl,E2_img_0749_mixed_N5_k1_P1,open,item,Church of St. John the Baptist in Płock,Kaloža Church,
qwen3vl,E2_img_0749_mixed_N5_k1_P1,open,country,Poland,Belarus,
qwen3vl,E2_img_0749_mixed_N5_k2_P1,open,item,Saint John the Baptist Church in Wąbrzeźno,Kaloža Church,
qwen3vl,E2_img_0749_mixed_N5_k2_P1,open,country,Poland,Belarus,
qwen3vl,E2_img_0749_mixed_N5_k5_P1,open,country,Poland,Belarus,
qwen3vl,E3_img_0749_near_N2_k2_P1,open,item,Church of St. John the Baptist in Krasnystaw,Kaloža Church,
qwen3vl,E3_img_0749_near_N2_k2_P1,open,country,Poland,Belarus,
qwen3vl,E3_img_0749_near_N5_k2_P1,open,country,Poland,Belarus,
qwen3vl,E3_img_0749_far_N2_k2_P1,open,item,Saint John the Baptist Church in Krasnystaw,Kaloža Church,
qwen3vl,E3_img_0749_far_N2_k2_P1,open,country,Poland,Belarus,
qwen3vl,E3_img_0749_far_N5_k2_P1,open,item,Church of St. John the Baptist in Kryłów,Kaloža Church,
qwen3vl,E3_img_0749_far_N5_k2_P1,open,country,Poland,Belarus,
qwen3vl,E1_img_0879_mixed_N1_k1_P1,open,item,Borgund Stave Church,Urnes Stave Church,
qwen3vl,E1_img_0879_mixed_N2_k1_P1,open,item,Borgund Stave Church,Urnes Stave Church,
qwen3vl,E1_img_0879_mixed_N3_k1_P1,open,item,Borgund Stave Church,Urnes Stave Church,
qwen3vl,E1_img_0879_mixed_N4_k1_P1,open,item,Borgund Stave Church,Urnes Stave Church,
qwen3vl,E2_img_0879_mixed_N5_k1_P1,open,item,Borgund Stave Church,Urnes Stave Church,
qwen3vl,E2_img_0879_mixed_N5_k3_P1,open,item,Borgund Stave Church,Urnes Stave Church,
qwen3vl,E2_img_0879_mixed_N5_k5_P1,open,item,Borgund Stave Church,Urnes Stave Church,
qwen3vl,E3_img_0879_near_N2_k1_P1,open,item,Borgund Stave Church,Urnes Stave Church,
qwen3vl,E3_img_0879_near_N5_k3_P1,open,item,Borgund Stave Church,Urnes Stave Church,
qwen3vl,E3_img_0879_far_N2_k1_P1,open,item,Borgund Stave Church,Urnes Stave Church,
qwen3vl,E3_img_0879_far_N5_k3_P1,open,item,Borgund Stave Church,Urnes Stave Church,
qwen3vl,E5_img_0879_mixed_N1_k1_P2,open,item,Borgund Stave Church,Urnes Stave Church,
qwen3vl,E5_img_0879_mixed_N2_k1_P2,open,item,Borgund Stave Church,Urnes Stave Church,
qwen3vl,E5_img_0879_mixed_N3_k1_P2,open,item,Borgund Stave Church,Urnes Stave Church,
qwen3vl,E5_img_0879_mixed_N4_k1_P2,open,item,Borgund Stave Church,Urnes Stave Church,
qwen3vl,E5_img_0879_mixed_N5_k3_P2,open,item,Borgund Stave Church,Urnes Stave Church,
qwen3vl,E5_img_0879_mixed_N1_k1_P3,open,item,Borgund Stave Church,Urnes Stave Church,
qwen3vl,E5_img_0879_mixed_N2_k1_P3,open,item,Borgund Stave Church,Urnes Stave Church,
qwen3vl,E5_img_0879_mixed_N3_k1_P3,open,item,Borgund Stave Church,Urnes Stave Church,
qwen3vl,E5_img_0879_mixed_N4_k1_P3,open,item,Borgund Stave Church,Urnes Stave Church,
qwen3vl,E5_img_0879_mixed_N5_k3_P3,open,item,Borgund Stave Church,Urnes Stave Church,
qwen3vl,E6_img_0879_mixed_N1_k1_P4,open,item,Borgund Stave Church,Urnes Stave Church,
qwen3vl,E6_img_0879_mixed_N2_k1_P4,open,item,Borgund Stave Church,Urnes Stave Church,
qwen3vl,E6_img_0879_mixed_N3_k1_P4,open,item,Borgund Stave Church,Urnes Stave Church,
qwen3vl,E6_img_0879_mixed_N4_k1_P4,open,item,Borgund Stave Church,Urnes Stave Church,
qwen3vl,E6_img_0879_mixed_N5_k3_P4,open,item,Borgund Stave Church,Urnes Stave Church,
qwen3vl,E1_img_0737_mixed_N1_k1_P1,open,item,The Great Zimbabwe,Hypogeum of Ħal Saflieni,
qwen3vl,E1_img_0737_mixed_N1_k1_P1,open,country,Zimbabwe,Malta,
qwen3vl,E1_img_0737_mixed_N2_k2_P1,open,item,Göbekli Tepe,Hypogeum of Ħal Saflieni,
qwen3vl,E1_img_0737_mixed_N2_k2_P1,open,country,Turkey,Malta,
qwen3vl,E1_img_0737_mixed_N3_k2_P1,open,item,Göbekli Tepe,Hypogeum of Ħal Saflieni,
qwen3vl,E1_img_0737_mixed_N3_k2_P1,open,country,Turkey,Malta,
qwen3vl,E1_img_0737_mixed_N4_k2_P1,open,item,The Rock Art of the Côa Valley,Hypogeum of Ħal Saflieni,
qwen3vl,E1_img_0737_mixed_N4_k2_P1,open,country,Portugal,Malta,
qwen3vl,E2_img_0737_mixed_N5_k1_P1,open,item,Göbekli Tepe,Hypogeum of Ħal Saflieni,
qwen3vl,E2_img_0737_mixed_N5_k1_P1,open,country,Turkey,Malta,
qwen3vl,E2_img_0737_mixed_N5_k2_P1,open,item,Göbekli Tepe,Hypogeum of Ħal Saflieni,
qwen3vl,E2_img_0737_mixed_N5_k2_P1,open,country,Turkey,Malta,
qwen3vl,E2_img_0737_mixed_N5_k3_P1,open,item,The Göbekli Tepe,Hypogeum of Ħal Saflieni,
qwen3vl,E2_img_0737_mixed_N5_k3_P1,open,country,Turkey,Malta,
qwen3vl,E2_img_0737_mixed_N5_k4_P1,open,item,The House of the Governor,Hypogeum of Ħal Saflieni,
qwen3vl,E2_img_0737_mixed_N5_k5_P1,open,item,Göbekli Tepe,Hypogeum of Ħal Saflieni,
qwen3vl,E2_img_0737_mixed_N5_k5_P1,open,country,Turkey,Malta,
qwen3vl,E3_img_0737_near_N2_k2_P1,open,item,The ancient ruins of Çatalhöyük,Hypogeum of Ħal Saflieni,
qwen3vl,E3_img_0737_near_N2_k2_P1,open,country,Turkey,Malta,
qwen3vl,E3_img_0737_near_N5_k4_P1,open,item,The Göbekli Tepe,Hypogeum of Ħal Saflieni,
qwen3vl,E3_img_0737_near_N5_k4_P1,open,country,Turkey,Malta,
qwen3vl,E3_img_0737_far_N2_k2_P1,open,item,The Göbekli Tepe,Hypogeum of Ħal Saflieni,
qwen3vl,E3_img_0737_far_N5_k4_P1,open,item,Çatalhöyük,Hypogeum of Ħal Saflieni,
qwen3vl,E2_img_0793_mixed_N5_k2_P1,open,item,Royal Palace of Lisbon,Palace of Mafra,
qwen3vl,E1_img_0708_mixed_N1_k1_P1,open,item,Çifte Minareli Camii,Divriği Great Mosque and Hospital,
qwen3vl,E1_img_0708_mixed_N2_k1_P1,open,item,Hacı Bayram Mosque,Divriği Great Mosque and Hospital,
qwen3vl,E1_img_0708_mixed_N3_k2_P1,open,item,Ishak Pasha Palace,Divriği Great Mosque and Hospital,
qwen3vl,E1_img_0708_mixed_N4_k1_P1,open,item,Sümela Monastery,Divriği Great Mosque and Hospital,
qwen3vl,E2_img_0708_mixed_N5_k1_P1,open,item,Çifte Minareli Camii,Divriği Great Mosque and Hospital,
qwen3vl,E2_img_0708_mixed_N5_k2_P1,open,item,Ishak Pasha Palace,Divriği Great Mosque and Hospital,
qwen3vl,E2_img_0708_mixed_N5_k3_P1,open,item,Hacı Bektaş Veli Mosque,Divriği Great Mosque and Hospital,
qwen3vl,E2_img_0708_mixed_N5_k4_P1,open,item,Haghia Sophia (Erzurum),Divriği Great Mosque and Hospital,
qwen3vl,E2_img_0708_mixed_N5_k5_P1,open,item,Ishak Pasha Palace,Divriği Great Mosque and Hospital,
qwen3vl,E3_img_0708_near_N2_k1_P1,open,item,Sümela Monastery,Divriği Great Mosque and Hospital,
qwen3vl,E3_img_0708_near_N5_k2_P1,open,item,Çifte Minareli Camii,Divriği Great Mosque and Hospital,
qwen3vl,E3_img_0708_far_N2_k1_P1,open,item,Hacı Bayram Mosque,Divriği Great Mosque and Hospital,
qwen3vl,E3_img_0708_far_N5_k2_P1,open,item,Hacı Bektaş Veli Mosque,Divriği Great Mosque and Hospital,
qwen3vl,E1_img_0692_mixed_N1_k1_P1,open,item,Church of Saint John the Baptist,Church of Cristo Obrero y Nuestra Señora de Lourdes,
qwen3vl,E1_img_0692_mixed_N1_k1_P1,open,country,Argentina,Uruguay,
qwen3vl,E1_img_0692_mixed_N2_k2_P1,open,item,Church of the Sacred Heart,Church of Cristo Obrero y Nuestra Señora de Lourdes,
qwen3vl,E1_img_0692_mixed_N2_k2_P1,open,country,Argentina,Uruguay,
qwen3vl,E1_img_0692_mixed_N3_k3_P1,open,item,Church of the Sacred Heart,Church of Cristo Obrero y Nuestra Señora de Lourdes,
qwen3vl,E1_img_0692_mixed_N3_k3_P1,open,country,Argentina,Uruguay,
qwen3vl,E1_img_0692_mixed_N4_k2_P1,open,item,Church of the Sacred Heart,Church of Cristo Obrero y Nuestra Señora de Lourdes,
qwen3vl,E1_img_0692_mixed_N4_k2_P1,open,country,Argentina,Uruguay,
qwen3vl,E2_img_0692_mixed_N5_k1_P1,open,item,Church of Saint Francis of Assisi,Church of Cristo Obrero y Nuestra Señora de Lourdes,
qwen3vl,E2_img_0692_mixed_N5_k1_P1,open,country,Argentina,Uruguay,
qwen3vl,E2_img_0692_mixed_N5_k2_P1,open,item,Church of Saint Mary of the Angels,Church of Cristo Obrero y Nuestra Señora de Lourdes,
qwen3vl,E2_img_0692_mixed_N5_k2_P1,open,country,Argentina,Uruguay,
qwen3vl,E2_img_0692_mixed_N5_k3_P1,open,item,Church of the Sacred Heart of Jesus,Church of Cristo Obrero y Nuestra Señora de Lourdes,
qwen3vl,E2_img_0692_mixed_N5_k3_P1,open,country,Argentina,Uruguay,
qwen3vl,E2_img_0692_mixed_N5_k4_P1,open,item,Church of the Sacred Heart of Jesus,Church of Cristo Obrero y Nuestra Señora de Lourdes,
qwen3vl,E2_img_0692_mixed_N5_k4_P1,open,country,Argentina,Uruguay,
qwen3vl,E2_img_0692_mixed_N5_k5_P1,open,item,Church of the Sacred Heart of Jesus,Church of Cristo Obrero y Nuestra Señora de Lourdes,
qwen3vl,E2_img_0692_mixed_N5_k5_P1,open,country,Argentina,Uruguay,
qwen3vl,E1_img_0866_mixed_N1_k1_P1,open,item,Pyramid of the Sun,Teotihuacan,
qwen3vl,E1_img_0866_mixed_N2_k1_P1,open,item,Pyramid of the Sun,Teotihuacan,
qwen3vl,E1_img_0866_mixed_N3_k1_P1,open,item,Pyramid of the Sun,Teotihuacan,
qwen3vl,E1_img_0866_mixed_N4_k3_P1,open,item,Pyramid of the Sun,Teotihuacan,
qwen3vl,E2_img_0866_mixed_N5_k1_P1,open,item,Pyramid of the Sun,Teotihuacan,
qwen3vl,E2_img_0866_mixed_N5_k2_P1,open,item,Pyramid of the Sun,Teotihuacan,
qwen3vl,E2_img_0866_mixed_N5_k3_P1,open,item,Pyramid of the Sun,Teotihuacan,
qwen3vl,E2_img_0866_mixed_N5_k4_P1,open,item,Pyramid of the Sun,Teotihuacan,
qwen3vl,E2_img_0866_mixed_N5_k5_P1,open,item,Pyramid of the Sun,Teotihuacan,
qwen3vl,E3_img_0866_near_N2_k1_P1,open,item,Pyramid of the Sun,Teotihuacan,
qwen3vl,E3_img_0866_near_N5_k4_P1,open,item,Pyramid of the Sun,Teotihuacan,
qwen3vl,E3_img_0866_far_N2_k1_P1,open,item,Pyramid of the Sun,Teotihuacan,
qwen3vl,E3_img_0866_far_N5_k4_P1,open,item,Pyramid of the Sun,Teotihuacan,
qwen3vl,E5_img_0866_mixed_N1_k1_P2,open,item,Pyramid of the Sun,Teotihuacan,
qwen3vl,E5_img_0866_mixed_N2_k1_P2,open,item,Pyramid of the Sun,Teotihuacan,
qwen3vl,E5_img_0866_mixed_N3_k1_P2,open,item,Pyramid of the Sun,Teotihuacan,
qwen3vl,E5_img_0866_mixed_N4_k3_P2,open,item,Pyramid of the Sun,Teotihuacan,
qwen3vl,E5_img_0866_mixed_N5_k4_P2,open,item,Pyramid of the Sun,Teotihuacan,
qwen3vl,E5_img_0866_mixed_N1_k1_P3,open,item,Pyramid of the Sun,Teotihuacan,
qwen3vl,E5_img_0866_mixed_N2_k1_P3,open,item,Pyramid of the Sun,Teotihuacan,
qwen3vl,E5_img_0866_mixed_N3_k1_P3,open,item,Pyramid of the Sun,Teotihuacan,
qwen3vl,E5_img_0866_mixed_N4_k3_P3,open,item,Pyramid of the Sun,Teotihuacan,
qwen3vl,E5_img_0866_mixed_N5_k4_P3,open,item,Pyramid of the Sun,Teotihuacan,
qwen3vl,E6_img_0866_mixed_N1_k1_P4,open,item,Pyramid of the Sun,Teotihuacan,
qwen3vl,E6_img_0866_mixed_N2_k1_P4,open,item,Pyramid of the Sun,Teotihuacan,
qwen3vl,E6_img_0866_mixed_N3_k1_P4,open,item,Pyramid of the Sun,Teotihuacan,
qwen3vl,E6_img_0866_mixed_N4_k3_P4,open,item,Pyramid of the Sun,Teotihuacan,
qwen3vl,E6_img_0866_mixed_N5_k4_P4,open,item,Pyramid of the Sun,Teotihuacan,
qwen3vl,E1_img_0663_mixed_N1_k1_P1,open,item,Nizwa Fort,Bahla Fort,
qwen3vl,E1_img_0663_mixed_N2_k2_P1,open,item,Al Bidhah Fort,Bahla Fort,
qwen3vl,E1_img_0663_mixed_N3_k2_P1,open,item,Nizwa Fort,Bahla Fort,
qwen3vl,E1_img_0663_mixed_N4_k4_P1,open,item,Nizwa Fort,Bahla Fort,
qwen3vl,E2_img_0663_mixed_N5_k1_P1,open,item,Nizwa Fort,Bahla Fort,
qwen3vl,E2_img_0663_mixed_N5_k2_P1,open,item,Nizwa Fort,Bahla Fort,
qwen3vl,E2_img_0663_mixed_N5_k3_P1,open,item,Nizwa Fort,Bahla Fort,
qwen3vl,E2_img_0663_mixed_N5_k4_P1,open,item,Nizwa Fort,Bahla Fort,
qwen3vl,E2_img_0663_mixed_N5_k5_P1,open,item,Al Bidhah Fort,Bahla Fort,
qwen3vl,E3_img_0663_near_N2_k2_P1,open,item,Al Ain Fort,Bahla Fort,
qwen3vl,E3_img_0663_near_N2_k2_P1,open,country,United Arab Emirates,Oman,
qwen3vl,E3_img_0663_near_N5_k5_P1,open,item,Al Ain Fort,Bahla Fort,
qwen3vl,E3_img_0663_near_N5_k5_P1,open,country,United Arab Emirates,Oman,
qwen3vl,E3_img_0663_far_N2_k2_P1,open,item,Nizwa Fort,Bahla Fort,
qwen3vl,E3_img_0663_far_N5_k5_P1,open,item,Nizwa Fort,Bahla Fort,
qwen3vl,E1_img_0824_mixed_N1_k1_P1,open,item,Lindau Abbey,Royal Abbey of Hautecombe,
qwen3vl,E1_img_0824_mixed_N1_k1_P1,open,country,Germany,France,
qwen3vl,E1_img_0824_mixed_N2_k1_P1,open,item,Lindau Abbey,Royal Abbey of Hautecombe,
qwen3vl,E1_img_0824_mixed_N2_k1_P1,open,country,Germany,France,
qwen3vl,E1_img_0824_mixed_N3_k3_P1,open,item,Lindau Abbey,Royal Abbey of Hautecombe,
qwen3vl,E1_img_0824_mixed_N3_k3_P1,open,country,Germany,France,
qwen3vl,E1_img_0824_mixed_N4_k1_P1,open,item,Lindau Abbey,Royal Abbey of Hautecombe,
qwen3vl,E1_img_0824_mixed_N4_k1_P1,open,country,Germany,France,
qwen3vl,E2_img_0824_mixed_N5_k1_P1,open,item,Lindau Abbey,Royal Abbey of Hautecombe,
qwen3vl,E2_img_0824_mixed_N5_k1_P1,open,country,Germany,France,
qwen3vl,E2_img_0824_mixed_N5_k2_P1,open,item,Lindau Abbey,Royal Abbey of Hautecombe,
qwen3vl,E2_img_0824_mixed_N5_k2_P1,open,country,Germany,France,
qwen3vl,E2_img_0824_mixed_N5_k3_P1,open,item,Lindau Abbey,Royal Abbey of Hautecombe,
qwen3vl,E2_img_0824_mixed_N5_k3_P1,open,country,Germany,France,
qwen3vl,E2_img_0824_mixed_N5_k4_P1,open,item,Lindau Abbey,Royal Abbey of Hautecombe,
qwen3vl,E2_img_0824_mixed_N5_k4_P1,open,country,Germany,France,
qwen3vl,E2_img_0824_mixed_N5_k5_P1,open,item,Lindau Abbey,Royal Abbey of Hautecombe,
qwen3vl,E2_img_0824_mixed_N5_k5_P1,open,country,Germany,France,
qwen3vl,E3_img_0824_near_N2_k1_P1,open,item,Lindau Abbey,Royal Abbey of Hautecombe,
qwen3vl,E3_img_0824_near_N2_k1_P1,open,country,Germany,France,
qwen3vl,E3_img_0824_near_N5_k1_P1,open,item,Lindau Abbey,Royal Abbey of Hautecombe,
qwen3vl,E3_img_0824_near_N5_k1_P1,open,country,Germany,France,
qwen3vl,E3_img_0824_far_N2_k1_P1,open,item,Lindau Abbey,Royal Abbey of Hautecombe,
qwen3vl,E3_img_0824_far_N2_k1_P1,open,country,Germany,France,
qwen3vl,E3_img_0824_far_N5_k1_P1,open,item,Lindau Abbey,Royal Abbey of Hautecombe,
qwen3vl,E3_img_0824_far_N5_k1_P1,open,country,Germany,France,
qwen3vl,E1_img_0842_mixed_N2_k1_P1,open,item,Cathedral of Dubrovnik,Šibenik Cathedral,
qwen3vl,E1_img_0842_mixed_N3_k2_P1,open,item,Cathedral of St. Domnius,Šibenik Cathedral,
qwen3vl,E1_img_0842_mixed_N4_k3_P1,open,item,Cathedral of St. Domnius,Šibenik Cathedral,
qwen3vl,E2_img_0842_mixed_N5_k1_P1,open,item,Cathedral of St. Domnius,Šibenik Cathedral,
qwen3vl,E2_img_0842_mixed_N5_k2_P1,open,item,Cathedral of St. Domnius,Šibenik Cathedral,
qwen3vl,E2_img_0842_mixed_N5_k4_P1,open,item,Cathedral of St. Domnius,Šibenik Cathedral,
qwen3vl,E2_img_0842_mixed_N5_k5_P1,open,item,Cathedral of St. Domnius,Šibenik Cathedral,
qwen3vl,E3_img_0842_near_N2_k1_P1,open,item,Cathedral of St. Domnius,Šibenik Cathedral,
qwen3vl,E3_img_0842_near_N5_k3_P1,open,item,Cathedral of St. Domnius,Šibenik Cathedral,
qwen3vl,E3_img_0842_far_N2_k1_P1,open,item,Cathedral of St. Domnius,Šibenik Cathedral,
qwen3vl,E2_img_0645_mixed_N5_k1_P1,open,country,Taiwan,China,
qwen3vl,E1_img_0878_mixed_N3_k2_P1,open,item,Qasr al-Bint,Umm ar-Rasas,
qwen3vl,E1_img_0878_mixed_N4_k2_P1,open,item,Masada,Umm ar-Rasas,
qwen3vl,E1_img_0878_mixed_N4_k2_P1,open,country,Israel,Jordan,
qwen3vl,E2_img_0878_mixed_N5_k1_P1,open,item,Masada,Umm ar-Rasas,
qwen3vl,E2_img_0878_mixed_N5_k1_P1,open,country,Israel,Jordan,
qwen3vl,E2_img_0878_mixed_N5_k2_P1,open,item,Qasr al-Abd,Umm ar-Rasas,
qwen3vl,E2_img_0878_mixed_N5_k3_P1,open,item,Qasr al-Abd,Umm ar-Rasas,
qwen3vl,E2_img_0878_mixed_N5_k4_P1,open,item,Qasr al-Abd,Umm ar-Rasas,
qwen3vl,E2_img_0878_mixed_N5_k5_P1,open,item,Qasr al-Abd,Umm ar-Rasas,
qwen3vl,E3_img_0878_near_N2_k2_P1,open,item,Qasr al-Abd,Umm ar-Rasas,
qwen3vl,E3_img_0878_near_N5_k1_P1,open,item,Qasr al-Bint,Umm ar-Rasas,
qwen3vl,E3_img_0878_far_N2_k2_P1,open,item,Qasr al-Bint,Umm ar-Rasas,
qwen3vl,E3_img_0878_far_N5_k1_P1,open,item,Qasr al-Bint,Umm ar-Rasas,
qwen3vl,E2_img_0704_mixed_N5_k2_P1,open,item,Cathedral of Lima,Cusco Cathedral,
qwen3vl,E2_img_0704_mixed_N5_k3_P1,open,item,Cathedral of Arequipa,Cusco Cathedral,
qwen3vl,E2_img_0704_mixed_N5_k4_P1,open,item,Cathedral of Lima,Cusco Cathedral,
qwen3vl,E2_img_0704_mixed_N5_k5_P1,open,item,Cathedral of Lima,Cusco Cathedral,
qwen3vl,E1_img_0651_mixed_N1_k1_P1,open,item,St. Gallen Cathedral,Abbey of Saint Gall,
qwen3vl,E1_img_0651_mixed_N3_k2_P1,open,item,Stiftskirche Zürich,Abbey of Saint Gall,
qwen3vl,E1_img_0651_mixed_N4_k1_P1,open,item,St. Gallen Cathedral,Abbey of Saint Gall,
qwen3vl,E2_img_0651_mixed_N5_k1_P1,open,item,St. Gallen Cathedral,Abbey of Saint Gall,
qwen3vl,E2_img_0651_mixed_N5_k2_P1,open,item,Stift Heiligenkreuz,Abbey of Saint Gall,
qwen3vl,E2_img_0651_mixed_N5_k2_P1,open,country,Austria,Switzerland,
qwen3vl,E2_img_0651_mixed_N5_k3_P1,open,item,Stift Heiligenkreuz,Abbey of Saint Gall,
qwen3vl,E2_img_0651_mixed_N5_k3_P1,open,country,Austria,Switzerland,
qwen3vl,E2_img_0651_mixed_N5_k4_P1,open,item,Stiftskirche,Abbey of Saint Gall,
qwen3vl,E2_img_0651_mixed_N5_k5_P1,open,item,Stiftskirche Zürich,Abbey of Saint Gall,
qwen3vl,E3_img_0651_near_N2_k1_P1,open,item,St. Gallen Cathedral,Abbey of Saint Gall,
qwen3vl,E3_img_0651_far_N2_k1_P1,open,item,St. Gallen Cathedral,Abbey of Saint Gall,
qwen3vl,E1_img_0809_mixed_N1_k1_P1,open,item,Prasat Kravan,Preah Vihear Temple,
qwen3vl,E1_img_0809_mixed_N2_k1_P1,open,item,Banteay Kdei,Preah Vihear Temple,
qwen3vl,E1_img_0809_mixed_N3_k1_P1,open,item,Angkor Wat,Preah Vihear Temple,
qwen3vl,E1_img_0809_mixed_N4_k3_P1,open,item,Angkor Wat,Preah Vihear Temple,
qwen3vl,E2_img_0809_mixed_N5_k1_P1,open,item,Angkor Wat,Preah Vihear Temple,
qwen3vl,E2_img_0809_mixed_N5_k3_P1,open,item,Angkor Wat,Preah Vihear Temple,
qwen3vl,E2_img_0809_mixed_N5_k4_P1,open,item,Angkor Wat,Preah Vihear Temple,
qwen3vl,E2_img_0809_mixed_N5_k5_P1,open,item,Angkor Wat,Preah Vihear Temple,
qwen3vl,E3_img_0809_near_N2_k1_P1,open,item,Banteay Srei,Preah Vihear Temple,
qwen3vl,E3_img_0809_near_N5_k1_P1,open,item,Angkor Wat,Preah Vihear Temple,
qwen3vl,E3_img_0809_far_N2_k1_P1,open,item,Angkor Wat,Preah Vihear Temple,
qwen3vl,E3_img_0809_far_N5_k1_P1,open,item,Angkor Wat,Preah Vihear Temple,
qwen3vl,E5_img_0809_mixed_N1_k1_P2,open,item,Prasat Kravan,Preah Vihear Temple,
qwen3vl,E5_img_0809_mixed_N2_k1_P2,open,item,Angkor Wat,Preah Vihear Temple,
qwen3vl,E5_img_0809_mixed_N3_k1_P2,open,item,Angkor Wat,Preah Vihear Temple,
qwen3vl,E5_img_0809_mixed_N4_k3_P2,open,item,Angkor Wat,Preah Vihear Temple,
qwen3vl,E5_img_0809_mixed_N5_k1_P2,open,item,Angkor Wat,Preah Vihear Temple,
qwen3vl,E5_img_0809_mixed_N1_k1_P3,open,item,Banteay Srei,Preah Vihear Temple,
qwen3vl,E5_img_0809_mixed_N2_k1_P3,open,item,Preah Khan,Preah Vihear Temple,
qwen3vl,E5_img_0809_mixed_N4_k3_P3,open,item,Angkor Wat,Preah Vihear Temple,
qwen3vl,E6_img_0809_mixed_N1_k1_P4,open,item,Banteay Srei Temple,Preah Vihear Temple,
qwen3vl,E6_img_0809_mixed_N2_k1_P4,open,item,Preah Khan,Preah Vihear Temple,
qwen3vl,E6_img_0809_mixed_N3_k1_P4,open,item,Preah Khan,Preah Vihear Temple,
qwen3vl,E6_img_0809_mixed_N4_k3_P4,open,item,Bayon Temple,Preah Vihear Temple,
qwen3vl,E1_img_0723_mixed_N1_k1_P1,open,item,Palacio de las Cortes de Murcia,General Archive of the Indies,
qwen3vl,E1_img_0723_mixed_N2_k2_P1,open,item,Real Casa de la Moneda,General Archive of the Indies,
qwen3vl,E1_img_0723_mixed_N3_k2_P1,open,item,Real Casa de Correos,General Archive of the Indies,
qwen3vl,E1_img_0723_mixed_N4_k4_P1,open,item,Palacio de la Bolsa,General Archive of the Indies,
qwen3vl,E2_img_0723_mixed_N5_k1_P1,open,item,Palacio de las Cortes,General Archive of the Indies,
qwen3vl,E2_img_0723_mixed_N5_k2_P1,open,item,Real Casa de Correos,General Archive of the Indies,
qwen3vl,E2_img_0723_mixed_N5_k4_P1,open,item,Palacio de la Bolsa,General Archive of the Indies,
qwen3vl,E2_img_0723_mixed_N5_k5_P1,open,item,Palacio de las Cortes,General Archive of the Indies,
qwen3vl,E3_img_0723_near_N2_k2_P1,open,item,Real Casa de Correos,General Archive of the Indies,
qwen3vl,E3_img_0723_far_N2_k2_P1,open,item,Palacio de la Bolsa,General Archive of the Indies,
qwen3vl,E3_img_0723_far_N5_k2_P1,open,item,Palacio de la Bolsa,General Archive of the Indies,
qwen3vl,E1_img_0715_mixed_N1_k1_P1,open,item,VEB Kombinat Maschinenbau Dresden,Fagus Factory,
qwen3vl,E1_img_0715_mixed_N2_k1_P1,open,item,Völkerkundemuseum,Fagus Factory,
qwen3vl,E1_img_0715_mixed_N3_k3_P1,open,item,Völkerkundemuseum,Fagus Factory,
qwen3vl,E1_img_0715_mixed_N4_k1_P1,open,item,Völkerkundemuseum,Fagus Factory,
qwen3vl,E2_img_0715_mixed_N5_k1_P1,open,item,Völkerkundemuseum,Fagus Factory,
qwen3vl,E2_img_0715_mixed_N5_k2_P1,open,item,Völkerkundemuseum,Fagus Factory,
qwen3vl,E2_img_0715_mixed_N5_k3_P1,open,item,Völkerkundemuseum,Fagus Factory,
qwen3vl,E2_img_0715_mixed_N5_k4_P1,open,item,Völkerkundemuseum,Fagus Factory,
qwen3vl,E2_img_0715_mixed_N5_k5_P1,open,item,Villeroy & Boch Factory,Fagus Factory,
qwen3vl,E3_img_0715_near_N2_k1_P1,open,item,Völkermarkt Brewery,Fagus Factory,
qwen3vl,E3_img_0715_near_N2_k1_P1,open,country,Austria,Germany,
qwen3vl,E3_img_0715_near_N5_k3_P1,open,item,Völkermarkt Brewery,Fagus Factory,
qwen3vl,E3_img_0715_near_N5_k3_P1,open,country,Austria,Germany,
qwen3vl,E3_img_0715_far_N2_k1_P1,open,item,Völkerkundemuseum,Fagus Factory,
qwen3vl,E3_img_0715_far_N5_k3_P1,open,item,Völkerkundemuseum,Fagus Factory,
qwen3vl,E1_img_0811_mixed_N1_k1_P1,open,item,Ancient Egyptian ruins,Qal’at al Bahrain,
qwen3vl,E1_img_0811_mixed_N1_k1_P1,open,country,Egypt,Bahrain,
qwen3vl,E1_img_0811_mixed_N2_k1_P1,open,item,Ancient Egyptian ruins,Qal’at al Bahrain,
qwen3vl,E1_img_0811_mixed_N2_k1_P1,open,country,Egypt,Bahrain,
qwen3vl,E1_img_0811_mixed_N3_k2_P1,open,item,Ancient City of Babylon,Qal’at al Bahrain,
qwen3vl,E1_img_0811_mixed_N3_k2_P1,open,country,Iraq,Bahrain,
qwen3vl,E1_img_0811_mixed_N4_k3_P1,open,item,Ancient Egyptian ruins,Qal’at al Bahrain,
qwen3vl,E1_img_0811_mixed_N4_k3_P1,open,country,Egypt,Bahrain,
qwen3vl,E2_img_0811_mixed_N5_k1_P1,open,item,Ancient Egyptian ruins,Qal’at al Bahrain,
qwen3vl,E2_img_0811_mixed_N5_k1_P1,open,country,Egypt,Bahrain,
qwen3vl,E2_img_0811_mixed_N5_k2_P1,open,item,Ancient City of Ur,Qal’at al Bahrain,
qwen3vl,E2_img_0811_mixed_N5_k2_P1,open,country,Iraq,Bahrain,
qwen3vl,E2_img_0811_mixed_N5_k3_P1,open,item,Ancient City of Ur,Qal’at al Bahrain,
qwen3vl,E2_img_0811_mixed_N5_k3_P1,open,country,Iraq,Bahrain,
qwen3vl,E2_img_0811_mixed_N5_k4_P1,open,item,Ancient City of Babylon,Qal’at al Bahrain,
qwen3vl,E2_img_0811_mixed_N5_k4_P1,open,country,Iraq,Bahrain,
qwen3vl,E2_img_0811_mixed_N5_k5_P1,open,item,Tell el-Dab’a,Qal’at al Bahrain,
qwen3vl,E2_img_0811_mixed_N5_k5_P1,open,country,Egypt,Bahrain,
qwen3vl,E3_img_0811_near_N2_k1_P1,open,item,Ancient Egyptian ruins,Qal’at al Bahrain,
qwen3vl,E3_img_0811_near_N2_k1_P1,open,country,Egypt,Bahrain,
qwen3vl,E3_img_0811_near_N5_k5_P1,open,item,Babylon,Qal’at al Bahrain,
qwen3vl,E3_img_0811_near_N5_k5_P1,open,country,Iraq,Bahrain,
qwen3vl,E3_img_0811_far_N2_k1_P1,open,item,Ancient City of Ur,Qal’at al Bahrain,
qwen3vl,E3_img_0811_far_N2_k1_P1,open,country,Iraq,Bahrain,
qwen3vl,E3_img_0811_far_N5_k5_P1,open,item,Tell el-Dab’a,Qal’at al Bahrain,
qwen3vl,E3_img_0811_far_N5_k5_P1,open,country,Egypt,Bahrain,
qwen3vl,E1_img_0696_mixed_N1_k1_P1,open,item,"Saint George Church, Pidhirtsi",Church of the Saviour at Berestove,
qwen3vl,E1_img_0696_mixed_N2_k2_P1,open,item,Saint Sophia Cathedral,Church of the Saviour at Berestove,
qwen3vl,E1_img_0696_mixed_N3_k3_P1,open,item,Saint Sophia Cathedral in Kyiv,Church of the Saviour at Berestove,
qwen3vl,E1_img_0696_mixed_N4_k4_P1,open,item,"Saint George Church, Krylos",Church of the Saviour at Berestove,
qwen3vl,E2_img_0696_mixed_N5_k1_P1,open,item,"Saint Sophia Cathedral, Chernihiv",Church of the Saviour at Berestove,
qwen3vl,E2_img_0696_mixed_N5_k2_P1,open,item,Saint Sophia Cathedral,Church of the Saviour at Berestove,
qwen3vl,E2_img_0696_mixed_N5_k3_P1,open,item,"Saint George Church, Novosilka",Church of the Saviour at Berestove,
qwen3vl,E2_img_0696_mixed_N5_k4_P1,open,item,"Saint George Church, Novosilka",Church of the Saviour at Berestove,
qwen3vl,E2_img_0696_mixed_N5_k5_P1,open,item,"Saint George Church, Novhorod-Siverskyi",Church of the Saviour at Berestove,
qwen3vl,E3_img_0696_near_N2_k2_P1,open,item,Saint Sophia Cathedral,Church of the Saviour at Berestove,
qwen3vl,E3_img_0696_near_N5_k1_P1,open,item,"Saint Sophia Cathedral, Chernihiv",Church of the Saviour at Berestove,
qwen3vl,E3_img_0696_far_N2_k2_P1,open,item,"Saint George Church, Novosilka",Church of the Saviour at Berestove,
qwen3vl,E3_img_0696_far_N5_k1_P1,open,item,Saint Sophia Cathedral,Church of the Saviour at Berestove,
qwen3vl,E1_img_0676_mixed_N1_k1_P1,open,item,Cathedral of Santiago de Compostela,Burgos Cathedral,
qwen3vl,E1_img_0676_mixed_N2_k1_P1,open,item,Cathedral of Santiago de Compostela,Burgos Cathedral,
qwen3vl,E1_img_0676_mixed_N3_k1_P1,open,item,Cathedral of Santiago de Compostela,Burgos Cathedral,
qwen3vl,E1_img_0676_mixed_N4_k1_P1,open,item,Cathedral of Santiago de Compostela,Burgos Cathedral,
qwen3vl,E2_img_0676_mixed_N5_k1_P1,open,item,Cathedral of Santiago de Compostela,Burgos Cathedral,
qwen3vl,E2_img_0676_mixed_N5_k2_P1,open,item,Cathedral of Santiago de Compostela,Burgos Cathedral,
qwen3vl,E2_img_0676_mixed_N5_k3_P1,open,item,Cathedral of Santiago de Compostela,Burgos Cathedral,
qwen3vl,E2_img_0676_mixed_N5_k4_P1,open,item,Cathedral of Santiago de Compostela,Burgos Cathedral,
qwen3vl,E2_img_0676_mixed_N5_k5_P1,open,item,Cathedral of Santiago de Compostela,Burgos Cathedral,
qwen3vl,E3_img_0676_near_N2_k1_P1,open,item,Cathedral of Santiago de Compostela,Burgos Cathedral,
qwen3vl,E3_img_0676_near_N5_k2_P1,open,item,Cathedral of Santiago de Compostela,Burgos Cathedral,
qwen3vl,E3_img_0676_far_N2_k1_P1,open,item,Cathedral of Santiago de Compostela,Burgos Cathedral,
qwen3vl,E3_img_0676_far_N5_k2_P1,open,item,Cathedral of Santiago de Compostela,Burgos Cathedral,
qwen3vl,E5_img_0676_mixed_N1_k1_P2,open,item,Cathedral of Santiago de Compostela,Burgos Cathedral,
qwen3vl,E5_img_0676_mixed_N2_k1_P2,open,item,Cathedral of Santiago de Compostela,Burgos Cathedral,
qwen3vl,E5_img_0676_mixed_N3_k1_P2,open,item,Cathedral of Santiago de Compostela,Burgos Cathedral,
qwen3vl,E5_img_0676_mixed_N4_k1_P2,open,item,Cathedral of Santiago de Compostela,Burgos Cathedral,
qwen3vl,E5_img_0676_mixed_N5_k2_P2,open,item,Cathedral of Santiago de Compostela,Burgos Cathedral,
qwen3vl,E5_img_0676_mixed_N1_k1_P3,open,item,Cathedral of Santiago de Compostela,Burgos Cathedral,
qwen3vl,E5_img_0676_mixed_N2_k1_P3,open,item,Cathedral of Santiago de Compostela,Burgos Cathedral,
qwen3vl,E5_img_0676_mixed_N3_k1_P3,open,item,Cathedral of Santiago de Compostela,Burgos Cathedral,
qwen3vl,E5_img_0676_mixed_N4_k1_P3,open,item,Cathedral of Santiago de Compostela,Burgos Cathedral,
qwen3vl,E5_img_0676_mixed_N5_k2_P3,open,item,Cathedral of Santiago de Compostela,Burgos Cathedral,
qwen3vl,E6_img_0676_mixed_N1_k1_P4,open,item,Cathedral of Santiago de Compostela,Burgos Cathedral,
qwen3vl,E6_img_0676_mixed_N2_k1_P4,open,item,Cathedral of Santiago de Compostela,Burgos Cathedral,
qwen3vl,E6_img_0676_mixed_N3_k1_P4,open,item,Cathedral of Santiago de Compostela,Burgos Cathedral,
qwen3vl,E6_img_0676_mixed_N4_k1_P4,open,item,Cathedral of Santiago de Compostela,Burgos Cathedral,
qwen3vl,E6_img_0676_mixed_N5_k2_P4,open,item,Cathedral of Santiago de Compostela,Burgos Cathedral,
qwen3vl,E1_img_0772_mixed_N1_k1_P1,open,item,Gur-e Amir,Mausoleum of Khoja Ahmed Yasawi,
qwen3vl,E1_img_0772_mixed_N1_k1_P1,open,country,Uzbekistan,Kazakhstan,
qwen3vl,E1_img_0772_mixed_N2_k2_P1,open,item,Registan,Mausoleum of Khoja Ahmed Yasawi,
qwen3vl,E1_img_0772_mixed_N2_k2_P1,open,country,Uzbekistan,Kazakhstan,
qwen3vl,E1_img_0772_mixed_N3_k2_P1,open,item,Gur-e Amir,Mausoleum of Khoja Ahmed Yasawi,
qwen3vl,E1_img_0772_mixed_N3_k2_P1,open,country,Uzbekistan,Kazakhstan,
qwen3vl,E1_img_0772_mixed_N4_k2_P1,open,item,Registan,Mausoleum of Khoja Ahmed Yasawi,
qwen3vl,E1_img_0772_mixed_N4_k2_P1,open,country,Uzbekistan,Kazakhstan,
qwen3vl,E2_img_0772_mixed_N5_k1_P1,open,item,Ulugh Beg Madrasah,Mausoleum of Khoja Ahmed Yasawi,
qwen3vl,E2_img_0772_mixed_N5_k1_P1,open,country,Uzbekistan,Kazakhstan,
qwen3vl,E2_img_0772_mixed_N5_k2_P1,open,item,Registan,Mausoleum of Khoja Ahmed Yasawi,
qwen3vl,E2_img_0772_mixed_N5_k2_P1,open,country,Uzbekistan,Kazakhstan,
qwen3vl,E2_img_0772_mixed_N5_k3_P1,open,item,Registan,Mausoleum of Khoja Ahmed Yasawi,
qwen3vl,E2_img_0772_mixed_N5_k3_P1,open,country,Uzbekistan,Kazakhstan,
qwen3vl,E2_img_0772_mixed_N5_k4_P1,open,item,Registan,Mausoleum of Khoja Ahmed Yasawi,
qwen3vl,E2_img_0772_mixed_N5_k4_P1,open,country,Uzbekistan,Kazakhstan,
qwen3vl,E2_img_0772_mixed_N5_k5_P1,open,item,Gur-e Amir,Mausoleum of Khoja Ahmed Yasawi,
qwen3vl,E2_img_0772_mixed_N5_k5_P1,open,country,Uzbekistan,Kazakhstan,
qwen3vl,E3_img_0772_near_N2_k2_P1,open,item,Gur-e-Amir,Mausoleum of Khoja Ahmed Yasawi,
qwen3vl,E3_img_0772_near_N2_k2_P1,open,country,Uzbekistan,Kazakhstan,
qwen3vl,E3_img_0772_near_N5_k3_P1,open,item,"Registan Square, Samarkand",Mausoleum of Khoja Ahmed Yasawi,
qwen3vl,E3_img_0772_near_N5_k3_P1,open,country,Uzbekistan,Kazakhstan,
qwen3vl,E3_img_0772_far_N2_k2_P1,open,item,Gur-e Amir,Mausoleum of Khoja Ahmed Yasawi,
qwen3vl,E3_img_0772_far_N2_k2_P1,open,country,Uzbekistan,Kazakhstan,
qwen3vl,E3_img_0772_far_N5_k3_P1,open,item,Gur-e Amir,Mausoleum of Khoja Ahmed Yasawi,
qwen3vl,E3_img_0772_far_N5_k3_P1,open,country,Uzbekistan,Kazakhstan,
qwen3vl,E1_img_0667_mixed_N1_k1_P1,open,country,Syria,Lebanon,
qwen3vl,E1_img_0667_mixed_N2_k1_P1,open,item,Qal'at al-Bahrain,Beaufort Castle,
qwen3vl,E1_img_0667_mixed_N2_k1_P1,open,country,Bahrain,Lebanon,
qwen3vl,E1_img_0667_mixed_N3_k3_P1,open,country,Syria,Lebanon,
qwen3vl,E1_img_0667_mixed_N4_k3_P1,open,country,Syria,Lebanon,
qwen3vl,E2_img_0667_mixed_N5_k1_P1,open,item,Qal'eh Dokhtar,Beaufort Castle,
qwen3vl,E2_img_0667_mixed_N5_k2_P1,open,item,Qal'at al-Bahrain,Beaufort Castle,
qwen3vl,E2_img_0667_mixed_N5_k2_P1,open,country,Bahrain,Lebanon,
qwen3vl,E2_img_0667_mixed_N5_k3_P1,open,item,Qal'at al-Bahrain,Beaufort Castle,
qwen3vl,E2_img_0667_mixed_N5_k3_P1,open,country,Bahrain,Lebanon,
qwen3vl,E2_img_0667_mixed_N5_k4_P1,open,item,Qal'at al-Bahrain,Beaufort Castle,
qwen3vl,E2_img_0667_mixed_N5_k4_P1,open,country,Bahrain,Lebanon,
qwen3vl,E2_img_0667_mixed_N5_k5_P1,open,item,Qal'at al-Bahrain,Beaufort Castle,
qwen3vl,E2_img_0667_mixed_N5_k5_P1,open,country,Bahrain,Lebanon,
qwen3vl,E3_img_0667_near_N2_k1_P1,open,item,Qal'at al-Bahrain,Beaufort Castle,
qwen3vl,E3_img_0667_near_N2_k1_P1,open,country,Bahrain,Lebanon,
qwen3vl,E3_img_0667_near_N5_k4_P1,open,item,Qasr al-Abd,Beaufort Castle,
qwen3vl,E3_img_0667_near_N5_k4_P1,open,country,Syria,Lebanon,
qwen3vl,E3_img_0667_far_N2_k1_P1,open,item,Qal'at al-Qatif,Beaufort Castle,
qwen3vl,E3_img_0667_far_N2_k1_P1,open,country,Saudi Arabia,Lebanon,
qwen3vl,E3_img_0667_far_N5_k4_P1,open,country,Syria,Lebanon,
qwen3vl,E1_img_0024_mixed_N1_k1_P1,open,item,Kufi,Doppa,
qwen3vl,E1_img_0024_mixed_N2_k1_P1,open,item,Kufi,Doppa,
qwen3vl,E1_img_0024_mixed_N3_k1_P1,open,item,Kufi,Doppa,
qwen3vl,E1_img_0024_mixed_N4_k1_P1,open,item,Kufi,Doppa,
qwen3vl,E2_img_0024_mixed_N5_k1_P1,open,item,Fes,Doppa,
qwen3vl,E2_img_0024_mixed_N5_k1_P1,open,country,Morocco,Uzbekistan,
qwen3vl,E2_img_0024_mixed_N5_k2_P1,open,item,Kufi,Doppa,
qwen3vl,E2_img_0024_mixed_N5_k3_P1,open,item,Kufi,Doppa,
qwen3vl,E2_img_0024_mixed_N5_k4_P1,open,item,Kufi,Doppa,
qwen3vl,E2_img_0024_mixed_N5_k5_P1,open,item,Kufi,Doppa,
qwen3vl,E3_img_0024_near_N2_k1_P1,open,item,Kufi,Doppa,
qwen3vl,E3_img_0024_near_N5_k1_P1,open,item,Kufi,Doppa,
qwen3vl,E3_img_0024_far_N2_k1_P1,open,item,Kufi,Doppa,
qwen3vl,E3_img_0024_far_N5_k1_P1,open,item,Kufi,Doppa,
qwen3vl,E5_img_0024_mixed_N1_k1_P2,open,item,Kufi,Doppa,
qwen3vl,E5_img_0024_mixed_N2_k1_P2,open,item,Kufi,Doppa,
qwen3vl,E5_img_0024_mixed_N2_k1_P2,open,country,Iran,Uzbekistan,
qwen3vl,E5_img_0024_mixed_N3_k1_P2,open,item,Kufi,Doppa,
qwen3vl,E5_img_0024_mixed_N3_k1_P2,open,country,Iran,Uzbekistan,
qwen3vl,E5_img_0024_mixed_N4_k1_P2,open,item,Kufi,Doppa,
qwen3vl,E5_img_0024_mixed_N4_k1_P2,open,country,Ethiopia,Uzbekistan,
qwen3vl,E5_img_0024_mixed_N5_k1_P2,open,item,Fes,Doppa,
qwen3vl,E5_img_0024_mixed_N5_k1_P2,open,country,Morocco,Uzbekistan,
qwen3vl,E5_img_0024_mixed_N1_k1_P3,open,item,Kufi,Doppa,
qwen3vl,E5_img_0024_mixed_N2_k1_P3,open,item,Kufi,Doppa,
qwen3vl,E5_img_0024_mixed_N3_k1_P3,open,item,Fes,Doppa,
qwen3vl,E5_img_0024_mixed_N3_k1_P3,open,country,Morocco,Uzbekistan,
qwen3vl,E5_img_0024_mixed_N4_k1_P3,open,item,Fes,Doppa,
qwen3vl,E5_img_0024_mixed_N4_k1_P3,open,country,Morocco,Uzbekistan,
qwen3vl,E5_img_0024_mixed_N5_k1_P3,open,item,Fes,Doppa,
qwen3vl,E5_img_0024_mixed_N5_k1_P3,open,country,Morocco,Uzbekistan,
qwen3vl,E1_img_0004_mixed_N1_k1_P1,open,item,Cardigan,Aran jumper,
qwen3vl,E1_img_0004_mixed_N2_k2_P1,open,item,Cardigan,Aran jumper,
qwen3vl,E1_img_0004_mixed_N3_k2_P1,open,item,Cardigan,Aran jumper,
qwen3vl,E1_img_0004_mixed_N4_k2_P1,open,item,Cardigan,Aran jumper,
qwen3vl,E2_img_0004_mixed_N5_k1_P1,open,item,Cardigan,Aran jumper,
qwen3vl,E2_img_0004_mixed_N5_k2_P1,open,item,Cardigan,Aran jumper,
qwen3vl,E2_img_0004_mixed_N5_k3_P1,open,item,Cardigan,Aran jumper,
qwen3vl,E2_img_0004_mixed_N5_k4_P1,open,item,Cardigan,Aran jumper,
qwen3vl,E2_img_0004_mixed_N5_k5_P1,open,item,Cardigan,Aran jumper,
qwen3vl,E3_img_0004_near_N2_k2_P1,open,item,Cardigan,Aran jumper,
qwen3vl,E3_img_0004_near_N5_k2_P1,open,item,Cardigan,Aran jumper,
qwen3vl,E3_img_0004_far_N2_k2_P1,open,item,Cardigan,Aran jumper,
qwen3vl,E3_img_0004_far_N5_k2_P1,open,item,Cardigan,Aran jumper,
qwen3vl,E1_img_0020_mixed_N1_k1_P1,open,item,Knit hat,Chilote cap,
qwen3vl,E1_img_0020_mixed_N2_k1_P1,open,item,Knit hat,Chilote cap,
qwen3vl,E1_img_0020_mixed_N3_k3_P1,open,item,Knit hat,Chilote cap,
qwen3vl,E1_img_0020_mixed_N4_k3_P1,open,item,Knit hat,Chilote cap,
qwen3vl,E2_img_0020_mixed_N5_k1_P1,open,item,Knitted hat,Chilote cap,
qwen3vl,E2_img_0020_mixed_N5_k2_P1,open,item,Knit hat,Chilote cap,
qwen3vl,E2_img_0020_mixed_N5_k3_P1,open,item,Knit hat,Chilote cap,
qwen3vl,E2_img_0020_mixed_N5_k4_P1,open,item,Knitted hat,Chilote cap,
qwen3vl,E2_img_0020_mixed_N5_k5_P1,open,item,Knitted hat,Chilote cap,
qwen3vl,E3_img_0020_near_N2_k1_P1,open,item,Knitted wool cap,Chilote cap,
qwen3vl,E3_img_0020_near_N5_k3_P1,open,item,Knitted hat,Chilote cap,
qwen3vl,E3_img_0020_far_N2_k1_P1,open,item,Knitted hat,Chilote cap,
qwen3vl,E3_img_0020_far_N5_k3_P1,open,item,Knit hat,Chilote cap,
qwen3vl,E1_img_0086_mixed_N1_k1_P1,open,item,Hijab,Yashmak,
qwen3vl,E1_img_0086_mixed_N2_k2_P1,open,item,Hijab,Yashmak,
qwen3vl,E1_img_0086_mixed_N3_k1_P1,open,item,Hijab,Yashmak,
qwen3vl,E1_img_0086_mixed_N3_k1_P1,open,country,Iran,Turkey,
qwen3vl,E1_img_0086_mixed_N4_k4_P1,open,item,Hijab,Yashmak,
qwen3vl,E1_img_0086_mixed_N4_k4_P1,open,country,Iran,Turkey,
qwen3vl,E2_img_0086_mixed_N5_k1_P1,open,item,Hijab,Yashmak,
qwen3vl,E2_img_0086_mixed_N5_k1_P1,open,country,Iran,Turkey,
qwen3vl,E2_img_0086_mixed_N5_k2_P1,open,item,Hijab,Yashmak,
qwen3vl,E2_img_0086_mixed_N5_k2_P1,open,country,Iran,Turkey,
qwen3vl,E2_img_0086_mixed_N5_k3_P1,open,item,Hijab,Yashmak,
qwen3vl,E2_img_0086_mixed_N5_k4_P1,open,item,Hijab,Yashmak,
qwen3vl,E2_img_0086_mixed_N5_k4_P1,open,country,Iran,Turkey,
qwen3vl,E2_img_0086_mixed_N5_k5_P1,open,item,Hijab,Yashmak,
qwen3vl,E2_img_0086_mixed_N5_k5_P1,open,country,Iran,Turkey,
qwen3vl,E3_img_0086_near_N2_k2_P1,open,item,Hijab,Yashmak,
qwen3vl,E3_img_0086_near_N5_k4_P1,open,item,Hijab,Yashmak,
qwen3vl,E3_img_0086_near_N5_k4_P1,open,country,Iran,Turkey,
qwen3vl,E3_img_0086_far_N2_k2_P1,open,item,Hijab,Yashmak,
qwen3vl,E3_img_0086_far_N2_k2_P1,open,country,Iran,Turkey,
qwen3vl,E3_img_0086_far_N5_k4_P1,open,item,Hijab,Yashmak,
qwen3vl,E5_img_0086_mixed_N1_k1_P2,open,item,Hijab,Yashmak,
qwen3vl,E5_img_0086_mixed_N1_k1_P2,open,country,Iran,Turkey,
qwen3vl,E5_img_0086_mixed_N2_k2_P2,open,item,Hijab,Yashmak,
qwen3vl,E5_img_0086_mixed_N2_k2_P2,open,country,Iran,Turkey,
qwen3vl,E5_img_0086_mixed_N3_k1_P2,open,item,Hijab,Yashmak,
qwen3vl,E5_img_0086_mixed_N3_k1_P2,open,country,Iran,Turkey,
qwen3vl,E5_img_0086_mixed_N4_k4_P2,open,item,Hijab,Yashmak,
qwen3vl,E5_img_0086_mixed_N4_k4_P2,open,country,Iran,Turkey,
qwen3vl,E5_img_0086_mixed_N5_k4_P2,open,item,Hijab,Yashmak,
qwen3vl,E5_img_0086_mixed_N5_k4_P2,open,country,Iran,Turkey,
qwen3vl,E5_img_0086_mixed_N1_k1_P3,open,item,Hijab,Yashmak,
qwen3vl,E5_img_0086_mixed_N2_k2_P3,open,item,Hijab,Yashmak,
qwen3vl,E5_img_0086_mixed_N2_k2_P3,open,country,Iran,Turkey,
qwen3vl,E5_img_0086_mixed_N3_k1_P3,open,item,Hijab,Yashmak,
qwen3vl,E5_img_0086_mixed_N3_k1_P3,open,country,Iran,Turkey,
qwen3vl,E5_img_0086_mixed_N4_k4_P3,open,item,Hijab,Yashmak,
qwen3vl,E5_img_0086_mixed_N4_k4_P3,open,country,Iran,Turkey,
qwen3vl,E5_img_0086_mixed_N5_k4_P3,open,item,Hijab,Yashmak,
qwen3vl,E5_img_0086_mixed_N5_k4_P3,open,country,Iran,Turkey,
qwen3vl,E6_img_0086_mixed_N1_k1_P4,open,item,Niqab,Yashmak,
qwen3vl,E6_img_0086_mixed_N1_k1_P4,open,country,Iran,Turkey,
qwen3vl,E6_img_0086_mixed_N3_k1_P4,open,item,Niqab,Yashmak,
qwen3vl,E6_img_0086_mixed_N4_k4_P4,open,item,niqab,Yashmak,
qwen3vl,E1_img_0029_mixed_N2_k1_P1,open,item,Kente cloth,Geringsing,
qwen3vl,E1_img_0029_mixed_N2_k1_P1,open,country,Ghana,Indonesia,
qwen3vl,E1_img_0029_mixed_N3_k2_P1,open,item,Kente cloth,Geringsing,
qwen3vl,E1_img_0029_mixed_N3_k2_P1,open,country,Ghana,Indonesia,
qwen3vl,E1_img_0029_mixed_N4_k1_P1,open,item,Ikat textile,Geringsing,
qwen3vl,E2_img_0029_mixed_N5_k1_P1,open,item,Kente cloth,Geringsing,
qwen3vl,E2_img_0029_mixed_N5_k1_P1,open,country,Ghana,Indonesia,
qwen3vl,E2_img_0029_mixed_N5_k2_P1,open,item,Kente cloth,Geringsing,
qwen3vl,E2_img_0029_mixed_N5_k2_P1,open,country,Ghana,Indonesia,
qwen3vl,E2_img_0029_mixed_N5_k4_P1,open,item,Kente cloth,Geringsing,
qwen3vl,E2_img_0029_mixed_N5_k4_P1,open,country,Ghana,Indonesia,
qwen3vl,E2_img_0029_mixed_N5_k5_P1,open,item,Kente cloth,Geringsing,
qwen3vl,E2_img_0029_mixed_N5_k5_P1,open,country,Ghana,Indonesia,
qwen3vl,E3_img_0029_near_N2_k1_P1,open,item,Kente cloth,Geringsing,
qwen3vl,E3_img_0029_near_N2_k1_P1,open,country,Ghana,Indonesia,
qwen3vl,E3_img_0029_near_N5_k5_P1,open,item,Ikat,Geringsing,
qwen3vl,E3_img_0029_far_N5_k5_P1,open,item,Kente cloth,Geringsing,
qwen3vl,E3_img_0029_far_N5_k5_P1,open,country,Ghana,Indonesia,
qwen3vl,E1_img_0025_mixed_N1_k1_P1,open,country,Lebanon,Algeria,
qwen3vl,E1_img_0025_mixed_N3_k3_P1,open,item,Darbasiya,Frimla,
qwen3vl,E1_img_0025_mixed_N3_k3_P1,open,country,Libya,Algeria,
qwen3vl,E2_img_0025_mixed_N5_k1_P1,open,country,Lebanon,Algeria,
qwen3vl,E3_img_0025_near_N2_k2_P1,open,item,Kaftan,Frimla,
qwen3vl,E3_img_0025_near_N2_k2_P1,open,country,Lebanon,Algeria,
qwen3vl,E3_img_0025_near_N5_k1_P1,open,item,Djellaba,Frimla,
qwen3vl,E3_img_0025_far_N2_k2_P1,open,item,kaftan,Frimla,
qwen3vl,E3_img_0025_far_N2_k2_P1,open,country,Lebanon,Algeria,
qwen3vl,E3_img_0025_far_N5_k1_P1,open,country,Lebanon,Algeria,
qwen3vl,E1_img_0026_mixed_N1_k1_P1,open,item,Speedo,Fundoshi,
qwen3vl,E1_img_0026_mixed_N3_k1_P1,open,item,Speedo,Fundoshi,
qwen3vl,E1_img_0026_mixed_N4_k3_P1,open,item,Speedo,Fundoshi,
qwen3vl,E2_img_0026_mixed_N5_k2_P1,open,item,Speedo,Fundoshi,
qwen3vl,E2_img_0026_mixed_N5_k3_P1,open,item,Speedo,Fundoshi,
qwen3vl,E2_img_0026_mixed_N5_k4_P1,open,item,Speedo,Fundoshi,
qwen3vl,E2_img_0026_mixed_N5_k5_P1,open,item,Speedo,Fundoshi,
qwen3vl,E3_img_0026_far_N2_k1_P1,open,item,Speedo,Fundoshi,
qwen3vl,E5_img_0026_mixed_N1_k1_P2,open,item,Speedo,Fundoshi,
qwen3vl,E5_img_0026_mixed_N2_k1_P2,open,item,Speedo,Fundoshi,
qwen3vl,E5_img_0026_mixed_N3_k1_P2,open,item,Speedo,Fundoshi,
qwen3vl,E5_img_0026_mixed_N4_k3_P2,open,item,Speedo,Fundoshi,
qwen3vl,E5_img_0026_mixed_N5_k2_P2,open,item,Speedo,Fundoshi,
qwen3vl,E5_img_0026_mixed_N1_k1_P3,open,item,Speedo,Fundoshi,
qwen3vl,E5_img_0026_mixed_N2_k1_P3,open,item,Speedo,Fundoshi,
qwen3vl,E5_img_0026_mixed_N3_k1_P3,open,item,Speedo-style swimsuit,Fundoshi,
qwen3vl,E5_img_0026_mixed_N4_k3_P3,open,item,Speedo,Fundoshi,
qwen3vl,E5_img_0026_mixed_N5_k2_P3,open,item,Speedo-style swimsuit,Fundoshi,
qwen3vl,E1_img_0030_mixed_N1_k1_P1,open,item,Kente cloth,Ghanaian smock,
qwen3vl,E1_img_0030_mixed_N2_k2_P1,open,item,Kente cloth,Ghanaian smock,
qwen3vl,E1_img_0030_mixed_N3_k2_P1,open,item,Kente cloth,Ghanaian smock,
qwen3vl,E1_img_0030_mixed_N4_k4_P1,open,item,Kente cloth,Ghanaian smock,
qwen3vl,E2_img_0030_mixed_N5_k1_P1,open,item,Kente cloth,Ghanaian smock,
qwen3vl,E2_img_0030_mixed_N5_k2_P1,open,item,Kente cloth,Ghanaian smock,
qwen3vl,E2_img_0030_mixed_N5_k3_P1,open,item,Kente cloth,Ghanaian smock,
qwen3vl,E2_img_0030_mixed_N5_k4_P1,open,item,Kente cloth,Ghanaian smock,
qwen3vl,E2_img_0030_mixed_N5_k5_P1,open,item,Kente cloth,Ghanaian smock,
qwen3vl,E3_img_0030_near_N2_k2_P1,open,item,Kente cloth garment,Ghanaian smock,
qwen3vl,E3_img_0030_near_N5_k3_P1,open,item,Kente cloth,Ghanaian smock,
qwen3vl,E3_img_0030_far_N2_k2_P1,open,item,Kente cloth,Ghanaian smock,
qwen3vl,E3_img_0030_far_N5_k3_P1,open,item,Kente cloth,Ghanaian smock,
qwen3vl,E1_img_0008_mixed_N1_k1_P1,open,item,Highland dress,Belted plaid,
qwen3vl,E1_img_0008_mixed_N2_k1_P1,open,item,Kilt,Belted plaid,
qwen3vl,E1_img_0008_mixed_N3_k3_P1,open,item,Kilt,Belted plaid,
qwen3vl,E1_img_0008_mixed_N4_k1_P1,open,item,Kilt,Belted plaid,
qwen3vl,E2_img_0008_mixed_N5_k1_P1,open,item,Kilt,Belted plaid,
qwen3vl,E2_img_0008_mixed_N5_k2_P1,open,item,Kilt,Belted plaid,
qwen3vl,E2_img_0008_mixed_N5_k3_P1,open,item,Kilt,Belted plaid,
qwen3vl,E2_img_0008_mixed_N5_k4_P1,open,item,Kilt,Belted plaid,
qwen3vl,E2_img_0008_mixed_N5_k5_P1,open,item,Kilt,Belted plaid,
qwen3vl,E3_img_0008_near_N2_k1_P1,open,item,Highland dress,Belted plaid,
qwen3vl,E3_img_0008_near_N5_k4_P1,open,item,Kilt,Belted plaid,
qwen3vl,E3_img_0008_far_N5_k4_P1,open,item,Kilt,Belted plaid,
qwen3vl,E5_img_0085_mixed_N1_k1_P3,open,country,Soviet Union,Russia,
qwen3vl,E5_img_0085_mixed_N2_k2_P3,open,country,Soviet Union,Russia,
qwen3vl,E5_img_0085_mixed_N4_k2_P3,open,country,Soviet Union,Russia,
qwen3vl,E5_img_0085_mixed_N5_k5_P3,open,country,Soviet Union,Russia,
qwen3vl,E6_img_0085_mixed_N2_k2_P4,open,country,Soviet Union,Russia,
qwen3vl,E6_img_0085_mixed_N4_k2_P4,open,country,Soviet Union,Russia,
qwen3vl,E1_img_0009_mixed_N1_k1_P1,open,item,Kurta,Birke topi,
qwen3vl,E1_img_0009_mixed_N2_k2_P1,open,item,Dhoti,Birke topi,
qwen3vl,E1_img_0009_mixed_N3_k3_P1,open,item,Dhoti,Birke topi,
qwen3vl,E1_img_0009_mixed_N4_k4_P1,open,item,Dhoti,Birke topi,
qwen3vl,E2_img_0009_mixed_N5_k1_P1,open,item,Dhoti,Birke topi,
qwen3vl,E2_img_0009_mixed_N5_k2_P1,open,item,Dhoti,Birke topi,
qwen3vl,E2_img_0009_mixed_N5_k3_P1,open,item,Dhoti,Birke topi,
qwen3vl,E2_img_0009_mixed_N5_k4_P1,open,item,Dhoti,Birke topi,
qwen3vl,E2_img_0009_mixed_N5_k5_P1,open,item,Dhoti,Birke topi,
qwen3vl,E3_img_0009_near_N2_k2_P1,open,item,Dhoti,Birke topi,
qwen3vl,E3_img_0009_near_N5_k2_P1,open,item,Dhoti,Birke topi,
qwen3vl,E3_img_0009_far_N2_k2_P1,open,item,Kurta,Birke topi,
qwen3vl,E3_img_0009_far_N5_k2_P1,open,item,Dhoti,Birke topi,
qwen3vl,E1_img_0027_mixed_N1_k1_P1,open,item,Haori,Gakuran,
qwen3vl,E1_img_0027_mixed_N2_k1_P1,open,item,Haori,Gakuran,
qwen3vl,E1_img_0027_mixed_N3_k1_P1,open,item,Haori,Gakuran,
qwen3vl,E1_img_0027_mixed_N4_k1_P1,open,item,Haori,Gakuran,
qwen3vl,E2_img_0027_mixed_N5_k1_P1,open,item,Haori,Gakuran,
qwen3vl,E2_img_0027_mixed_N5_k2_P1,open,item,Haori,Gakuran,
qwen3vl,E2_img_0027_mixed_N5_k3_P1,open,item,Haori,Gakuran,
qwen3vl,E2_img_0027_mixed_N5_k4_P1,open,item,Haori,Gakuran,
qwen3vl,E2_img_0027_mixed_N5_k5_P1,open,item,Haori,Gakuran,
qwen3vl,E3_img_0027_near_N2_k1_P1,open,item,Haori,Gakuran,
qwen3vl,E3_img_0027_near_N5_k3_P1,open,item,Haori,Gakuran,
qwen3vl,E3_img_0027_far_N2_k1_P1,open,item,Haori,Gakuran,
qwen3vl,E3_img_0027_far_N5_k3_P1,open,item,Haori,Gakuran,
qwen3vl,E5_img_0027_mixed_N1_k1_P2,open,item,Haori,Gakuran,
qwen3vl,E5_img_0027_mixed_N2_k1_P2,open,item,Haori,Gakuran,
qwen3vl,E5_img_0027_mixed_N3_k1_P2,open,item,Haori,Gakuran,
qwen3vl,E5_img_0027_mixed_N4_k1_P2,open,item,Haori,Gakuran,
qwen3vl,E5_img_0027_mixed_N5_k3_P2,open,item,Haori,Gakuran,
qwen3vl,E6_img_0027_mixed_N2_k1_P4,open,item,haori,Gakuran,
qwen3vl,E6_img_0027_mixed_N3_k1_P4,open,item,Haori,Gakuran,
qwen3vl,E6_img_0027_mixed_N4_k1_P4,open,item,Haori,Gakuran,
qwen3vl,E6_img_0027_mixed_N5_k3_P4,open,item,Kankō Jacket,Gakuran,
qwen3vl,E2_img_0035_mixed_N5_k1_P1,open,item,Kanga,Haramaki,
qwen3vl,E2_img_0035_mixed_N5_k1_P1,open,country,Kenya,Japan,
qwen3vl,E2_img_0035_mixed_N5_k3_P1,open,item,Skirt,Haramaki,
qwen3vl,E1_img_0023_mixed_N1_k1_P1,open,item,Habesha Gofa,Dirac,
qwen3vl,E1_img_0023_mixed_N1_k1_P1,open,country,Ethiopia,Somalia,
qwen3vl,E1_img_0023_mixed_N2_k1_P1,open,item,Habesha,Dirac,
qwen3vl,E1_img_0023_mixed_N2_k1_P1,open,country,Ethiopia,Somalia,
qwen3vl,E1_img_0023_mixed_N3_k3_P1,open,item,Habesha Gofa,Dirac,
qwen3vl,E1_img_0023_mixed_N3_k3_P1,open,country,Ethiopia,Somalia,
qwen3vl,E1_img_0023_mixed_N4_k3_P1,open,item,Habesha,Dirac,
qwen3vl,E1_img_0023_mixed_N4_k3_P1,open,country,Ethiopia,Somalia,
qwen3vl,E2_img_0023_mixed_N5_k1_P1,open,item,Habesha Gofa,Dirac,
qwen3vl,E2_img_0023_mixed_N5_k1_P1,open,country,Ethiopia,Somalia,
qwen3vl,E2_img_0023_mixed_N5_k2_P1,open,item,Habesha,Dirac,
qwen3vl,E2_img_0023_mixed_N5_k2_P1,open,country,Ethiopia,Somalia,
qwen3vl,E2_img_0023_mixed_N5_k4_P1,open,item,Habesha,Dirac,
qwen3vl,E2_img_0023_mixed_N5_k4_P1,open,country,Ethiopia,Somalia,
qwen3vl,E3_img_0023_near_N2_k1_P1,open,item,Habesha,Dirac,
qwen3vl,E3_img_0023_near_N2_k1_P1,open,country,Ethiopia,Somalia,
qwen3vl,E3_img_0023_near_N5_k5_P1,open,item,Habesha,Dirac,
qwen3vl,E3_img_0023_near_N5_k5_P1,open,country,Ethiopia,Somalia,
qwen3vl,E3_img_0023_far_N2_k1_P1,open,item,Habesha Gofa,Dirac,
qwen3vl,E3_img_0023_far_N2_k1_P1,open,country,Ethiopia,Somalia,
qwen3vl,E3_img_0023_far_N5_k5_P1,open,item,Habesha Gofa,Dirac,
qwen3vl,E3_img_0023_far_N5_k5_P1,open,country,Ethiopia,Somalia,
qwen3vl,E1_img_0002_mixed_N1_k1_P1,open,item,Ao Dai,Áo bà ba,
qwen3vl,E1_img_0002_mixed_N2_k2_P1,open,item,Áo dài,Áo bà ba,
qwen3vl,E1_img_0002_mixed_N3_k1_P1,open,item,Áo dài,Áo bà ba,
qwen3vl,E1_img_0002_mixed_N4_k4_P1,open,item,Áo dài,Áo bà ba,
qwen3vl,E2_img_0002_mixed_N5_k1_P1,open,item,Áo dài,Áo bà ba,
qwen3vl,E2_img_0002_mixed_N5_k2_P1,open,item,Áo dài,Áo bà ba,
qwen3vl,E2_img_0002_mixed_N5_k3_P1,open,item,Áo dài,Áo bà ba,
qwen3vl,E2_img_0002_mixed_N5_k4_P1,open,item,Áo dài,Áo bà ba,
qwen3vl,E2_img_0002_mixed_N5_k5_P1,open,item,Áo dài,Áo bà ba,
qwen3vl,E3_img_0002_near_N2_k2_P1,open,item,Áo dài,Áo bà ba,
qwen3vl,E3_img_0002_near_N5_k1_P1,open,item,Áo dài,Áo bà ba,
qwen3vl,E3_img_0002_far_N2_k2_P1,open,item,Ao Dai,Áo bà ba,
qwen3vl,E3_img_0002_far_N5_k1_P1,open,item,Áo dài,Áo bà ba,
qwen3vl,E5_img_0002_mixed_N1_k1_P2,open,item,Áo dài,Áo bà ba,
qwen3vl,E5_img_0002_mixed_N2_k2_P2,open,item,Áo dài,Áo bà ba,
qwen3vl,E5_img_0002_mixed_N3_k1_P2,open,item,Áo dài,Áo bà ba,
qwen3vl,E5_img_0002_mixed_N4_k4_P2,open,item,Áo dài,Áo bà ba,
qwen3vl,E5_img_0002_mixed_N5_k1_P2,open,item,Áo dài,Áo bà ba,
qwen3vl,E5_img_0002_mixed_N1_k1_P3,open,item,Áo dài,Áo bà ba,
qwen3vl,E5_img_0002_mixed_N2_k2_P3,open,item,Ao Dai,Áo bà ba,
qwen3vl,E5_img_0002_mixed_N3_k1_P3,open,item,Áo dài,Áo bà ba,
qwen3vl,E5_img_0002_mixed_N4_k4_P3,open,item,Ao Dai,Áo bà ba,
qwen3vl,E5_img_0002_mixed_N5_k1_P3,open,item,Ao Dai,Áo bà ba,
qwen3vl,E6_img_0002_mixed_N1_k1_P4,open,item,Ao Dai,Áo bà ba,
qwen3vl,E6_img_0002_mixed_N2_k2_P4,open,item,Ao Dai,Áo bà ba,
qwen3vl,E6_img_0002_mixed_N3_k1_P4,open,item,Ao Dai,Áo bà ba,
qwen3vl,E6_img_0002_mixed_N4_k4_P4,open,item,Áo dài,Áo bà ba,
qwen3vl,E6_img_0002_mixed_N5_k1_P4,open,item,Ao Dai,Áo bà ba,
qwen3vl,E1_img_0055_mixed_N1_k1_P1,open,item,Kanga,Mushanana,
qwen3vl,E1_img_0055_mixed_N1_k1_P1,open,country,Kenya,Rwanda,
qwen3vl,E1_img_0055_mixed_N2_k1_P1,open,item,Kente cloth wrap,Mushanana,
qwen3vl,E1_img_0055_mixed_N2_k1_P1,open,country,Ghana,Rwanda,
qwen3vl,E1_img_0055_mixed_N3_k2_P1,open,item,Kente cloth,Mushanana,
qwen3vl,E1_img_0055_mixed_N3_k2_P1,open,country,Ghana,Rwanda,
qwen3vl,E1_img_0055_mixed_N4_k1_P1,open,item,Kente cloth wrap,Mushanana,
qwen3vl,E1_img_0055_mixed_N4_k1_P1,open,country,Ghana,Rwanda,
qwen3vl,E2_img_0055_mixed_N5_k1_P1,open,item,Kente cloth,Mushanana,
qwen3vl,E2_img_0055_mixed_N5_k1_P1,open,country,Ghana,Rwanda,
qwen3vl,E2_img_0055_mixed_N5_k2_P1,open,item,Kente cloth,Mushanana,
qwen3vl,E2_img_0055_mixed_N5_k2_P1,open,country,Ghana,Rwanda,
qwen3vl,E2_img_0055_mixed_N5_k3_P1,open,item,Kente cloth,Mushanana,
qwen3vl,E2_img_0055_mixed_N5_k3_P1,open,country,Ghana,Rwanda,
qwen3vl,E2_img_0055_mixed_N5_k4_P1,open,item,Kente cloth,Mushanana,
qwen3vl,E2_img_0055_mixed_N5_k4_P1,open,country,Ghana,Rwanda,
qwen3vl,E2_img_0055_mixed_N5_k5_P1,open,item,Kente cloth,Mushanana,
qwen3vl,E2_img_0055_mixed_N5_k5_P1,open,country,Ghana,Rwanda,
qwen3vl,E3_img_0055_near_N2_k1_P1,open,item,Kente cloth wrap,Mushanana,
qwen3vl,E3_img_0055_near_N5_k2_P1,open,item,Kente cloth,Mushanana,
qwen3vl,E3_img_0055_far_N2_k1_P1,open,item,Kente cloth,Mushanana,
qwen3vl,E3_img_0055_far_N2_k1_P1,open,country,Ghana,Rwanda,
qwen3vl,E3_img_0055_far_N5_k2_P1,open,item,Kente cloth,Mushanana,
qwen3vl,E3_img_0055_far_N5_k2_P1,open,country,Ghana,Rwanda,
qwen3vl,E2_img_0076_mixed_N5_k4_P1,open,item,Fez,Songkok,
qwen3vl,E1_img_0001_mixed_N1_k1_P1,open,item,Albancas,Abarka,
qwen3vl,E1_img_0001_mixed_N2_k1_P1,open,item,Albancas,Abarka,
qwen3vl,E1_img_0001_mixed_N2_k1_P1,open,country,Albania,Spain,
qwen3vl,E1_img_0001_mixed_N3_k1_P1,open,item,Albancas,Abarka,
qwen3vl,E1_img_0001_mixed_N3_k1_P1,open,country,Albania,Spain,
qwen3vl,E1_img_0001_mixed_N4_k3_P1,open,item,Albancas,Abarka,
qwen3vl,E1_img_0001_mixed_N4_k3_P1,open,country,Albania,Spain,
qwen3vl,E2_img_0001_mixed_N5_k1_P1,open,item,Albancas,Abarka,
qwen3vl,E2_img_0001_mixed_N5_k2_P1,open,item,Albancas,Abarka,
qwen3vl,E2_img_0001_mixed_N5_k2_P1,open,country,Albania,Spain,
qwen3vl,E2_img_0001_mixed_N5_k3_P1,open,country,Albania,Spain,
qwen3vl,E2_img_0001_mixed_N5_k4_P1,open,item,Albancas,Abarka,
qwen3vl,E2_img_0001_mixed_N5_k4_P1,open,country,Albania,Spain,
qwen3vl,E2_img_0001_mixed_N5_k5_P1,open,item,Albancas,Abarka,
qwen3vl,E2_img_0001_mixed_N5_k5_P1,open,country,Albania,Spain,
qwen3vl,E3_img_0001_near_N2_k1_P1,open,item,Albancas,Abarka,
qwen3vl,E3_img_0001_near_N2_k1_P1,open,country,Albania,Spain,
qwen3vl,E3_img_0001_near_N5_k4_P1,open,item,Albancas,Abarka,
qwen3vl,E3_img_0001_near_N5_k4_P1,open,country,Portugal,Spain,
qwen3vl,E3_img_0001_far_N2_k1_P1,open,item,Albancas,Abarka,
qwen3vl,E3_img_0001_far_N5_k4_P1,open,item,Albancas,Abarka,
qwen3vl,E3_img_0001_far_N5_k4_P1,open,country,Albania,Spain,
qwen3vl,E5_img_0001_mixed_N1_k1_P2,open,item,Albancas,Abarka,
qwen3vl,E5_img_0001_mixed_N1_k1_P2,open,country,Portugal,Spain,
qwen3vl,E5_img_0001_mixed_N2_k1_P2,open,country,Albania,Spain,
qwen3vl,E5_img_0001_mixed_N3_k1_P2,open,item,Albancas,Abarka,
qwen3vl,E5_img_0001_mixed_N3_k1_P2,open,country,Portugal,Spain,
qwen3vl,E5_img_0001_mixed_N4_k3_P2,open,country,Albania,Spain,
qwen3vl,E5_img_0001_mixed_N5_k4_P2,open,country,Albania,Spain,
qwen3vl,E5_img_0001_mixed_N1_k1_P3,open,item,Albancas,Abarka,
qwen3vl,E5_img_0001_mixed_N2_k1_P3,open,country,Albania,Spain,
qwen3vl,E5_img_0001_mixed_N3_k1_P3,open,country,Albania,Spain,
qwen3vl,E5_img_0001_mixed_N4_k3_P3,open,country,Albania,Spain,
qwen3vl,E5_img_0001_mixed_N5_k4_P3,open,country,Albania,Spain,
qwen3vl,E6_img_0001_mixed_N1_k1_P4,open,item,Albanas,Abarka,
qwen3vl,E6_img_0001_mixed_N1_k1_P4,open,country,Albania,Spain,
qwen3vl,E6_img_0001_mixed_N2_k1_P4,open,item,Albancas,Abarka,
qwen3vl,E6_img_0001_mixed_N2_k1_P4,open,country,Albania,Spain,
qwen3vl,E6_img_0001_mixed_N3_k1_P4,open,item,Albanas,Abarka,
qwen3vl,E6_img_0001_mixed_N3_k1_P4,open,country,Albania,Spain,
qwen3vl,E6_img_0001_mixed_N5_k4_P4,open,country,Albania,Spain,
qwen3vl,E1_img_0069_mixed_N1_k1_P1,open,item,Hanbok,Saekdongot,
qwen3vl,E1_img_0069_mixed_N2_k2_P1,open,item,Hanbok,Saekdongot,
qwen3vl,E1_img_0069_mixed_N3_k2_P1,open,item,Hanbok,Saekdongot,
qwen3vl,E1_img_0069_mixed_N4_k4_P1,open,item,Hanbok,Saekdongot,
qwen3vl,E2_img_0069_mixed_N5_k1_P1,open,item,Hanbok,Saekdongot,
qwen3vl,E2_img_0069_mixed_N5_k2_P1,open,item,Hanbok,Saekdongot,
qwen3vl,E2_img_0069_mixed_N5_k3_P1,open,item,Hanbok,Saekdongot,
qwen3vl,E2_img_0069_mixed_N5_k4_P1,open,item,Hanbok,Saekdongot,
qwen3vl,E2_img_0069_mixed_N5_k5_P1,open,item,Hanbok,Saekdongot,
qwen3vl,E3_img_0069_near_N2_k2_P1,open,item,Hanbok,Saekdongot,
qwen3vl,E3_img_0069_near_N5_k5_P1,open,item,Hanbok,Saekdongot,
qwen3vl,E3_img_0069_far_N2_k2_P1,open,item,Hanbok,Saekdongot,
qwen3vl,E3_img_0069_far_N5_k5_P1,open,item,Hanbok,Saekdongot,
qwen3vl,E1_img_0028_mixed_N1_k1_P1,open,item,Fes,Gandoura,
qwen3vl,E1_img_0028_mixed_N1_k1_P1,open,country,Morocco,Algeria,
qwen3vl,E1_img_0028_mixed_N2_k2_P1,open,item,Fes,Gandoura,
qwen3vl,E1_img_0028_mixed_N2_k2_P1,open,country,Morocco,Algeria,
qwen3vl,E1_img_0028_mixed_N3_k1_P1,open,item,Greek bridal dress,Gandoura,
qwen3vl,E1_img_0028_mixed_N3_k1_P1,open,country,Greece,Algeria,
qwen3vl,E1_img_0028_mixed_N4_k2_P1,open,item,Dirndl,Gandoura,
qwen3vl,E1_img_0028_mixed_N4_k2_P1,open,country,Germany,Algeria,
qwen3vl,E2_img_0028_mixed_N5_k1_P1,open,item,Greek bridal dress,Gandoura,
qwen3vl,E2_img_0028_mixed_N5_k1_P1,open,country,Greece,Algeria,
qwen3vl,E2_img_0028_mixed_N5_k2_P1,open,item,Dirndl,Gandoura,
qwen3vl,E2_img_0028_mixed_N5_k2_P1,open,country,Germany,Algeria,
qwen3vl,E2_img_0028_mixed_N5_k3_P1,open,item,Fes,Gandoura,
qwen3vl,E2_img_0028_mixed_N5_k3_P1,open,country,Morocco,Algeria,
qwen3vl,E2_img_0028_mixed_N5_k4_P1,open,item,Fes,Gandoura,
qwen3vl,E2_img_0028_mixed_N5_k4_P1,open,country,Morocco,Algeria,
qwen3vl,E2_img_0028_mixed_N5_k5_P1,open,item,Zouk,Gandoura,
qwen3vl,E2_img_0028_mixed_N5_k5_P1,open,country,Lebanon,Algeria,
qwen3vl,E3_img_0028_near_N2_k2_P1,open,item,Fes,Gandoura,
qwen3vl,E3_img_0028_near_N5_k2_P1,open,item,Zouar,Gandoura,
qwen3vl,E3_img_0028_near_N5_k2_P1,open,country,Lebanon,Algeria,
qwen3vl,E3_img_0028_far_N2_k2_P1,open,item,Fes,Gandoura,
qwen3vl,E3_img_0028_far_N2_k2_P1,open,country,Morocco,Algeria,
qwen3vl,E3_img_0028_far_N5_k2_P1,open,item,Palestinian dress,Gandoura,
qwen3vl,E3_img_0028_far_N5_k2_P1,open,country,Palestine,Algeria,
qwen3vl,E5_img_0028_mixed_N1_k1_P2,open,item,Fes,Gandoura,
qwen3vl,E5_img_0028_mixed_N1_k1_P2,open,country,Morocco,Algeria,
qwen3vl,E5_img_0028_mixed_N2_k2_P2,open,item,Fes,Gandoura,
qwen3vl,E5_img_0028_mixed_N2_k2_P2,open,country,Morocco,Algeria,
qwen3vl,E5_img_0028_mixed_N3_k1_P2,open,item,Greek bridal dress,Gandoura,
qwen3vl,E5_img_0028_mixed_N3_k1_P2,open,country,Greece,Algeria,
qwen3vl,E5_img_0028_mixed_N4_k2_P2,open,item,Dirndl,Gandoura,
qwen3vl,E5_img_0028_mixed_N4_k2_P2,open,country,Germany,Algeria,
qwen3vl,E5_img_0028_mixed_N5_k2_P2,open,item,Dirndl,Gandoura,
qwen3vl,E5_img_0028_mixed_N5_k2_P2,open,country,Germany,Algeria,
qwen3vl,E5_img_0028_mixed_N1_k1_P3,open,item,Palestinian wedding dress,Gandoura,
qwen3vl,E5_img_0028_mixed_N1_k1_P3,open,country,Palestine,Algeria,
qwen3vl,E5_img_0028_mixed_N2_k2_P3,open,item,Traditional Wedding Dress,Gandoura,
qwen3vl,E5_img_0028_mixed_N2_k2_P3,open,country,Lebanon,Algeria,
qwen3vl,E5_img_0028_mixed_N3_k1_P3,open,item,Syrian wedding dress,Gandoura,
qwen3vl,E5_img_0028_mixed_N3_k1_P3,open,country,Syria,Algeria,
qwen3vl,E5_img_0028_mixed_N4_k2_P3,open,item,Traditional wedding attire,Gandoura,
qwen3vl,E5_img_0028_mixed_N4_k2_P3,open,country,Lebanon,Algeria,
qwen3vl,E5_img_0028_mixed_N5_k2_P3,open,item,Traditional wedding attire,Gandoura,
qwen3vl,E5_img_0028_mixed_N5_k2_P3,open,country,Lebanon,Algeria,
qwen3vl,E6_img_0028_mixed_N1_k1_P4,open,item,Fes dress,Gandoura,
qwen3vl,E6_img_0028_mixed_N1_k1_P4,open,country,Lebanon,Algeria,
qwen3vl,E1_img_0052_mixed_N1_k1_P1,open,item,Burqa,M’laya,
qwen3vl,E1_img_0052_mixed_N2_k1_P1,open,item,Burqa,M’laya,
qwen3vl,E1_img_0052_mixed_N3_k2_P1,open,item,Burqa,M’laya,
qwen3vl,E1_img_0052_mixed_N4_k3_P1,open,item,Burqa,M’laya,
qwen3vl,E2_img_0052_mixed_N5_k1_P1,open,item,Burqa,M’laya,
qwen3vl,E2_img_0052_mixed_N5_k2_P1,open,item,Burqa,M’laya,
qwen3vl,E2_img_0052_mixed_N5_k3_P1,open,item,Burqa,M’laya,
qwen3vl,E2_img_0052_mixed_N5_k4_P1,open,item,Burqa,M’laya,
qwen3vl,E2_img_0052_mixed_N5_k5_P1,open,item,Burqa,M’laya,
qwen3vl,E3_img_0052_near_N2_k1_P1,open,item,Mauresque,M’laya,
qwen3vl,E3_img_0052_near_N5_k3_P1,open,item,Burqa,M’laya,
qwen3vl,E3_img_0052_far_N2_k1_P1,open,item,Mauresque,M’laya,
qwen3vl,E3_img_0052_far_N5_k3_P1,open,item,Burqa,M’laya,
qwen3vl,E1_img_0060_mixed_N1_k1_P1,open,item,Ruqun,Panling Lanshan,
qwen3vl,E1_img_0060_mixed_N2_k2_P1,open,item,Ruqun,Panling Lanshan,
qwen3vl,E1_img_0060_mixed_N3_k3_P1,open,item,Ruqun,Panling Lanshan,
qwen3vl,E1_img_0060_mixed_N4_k4_P1,open,item,Ruqun,Panling Lanshan,
qwen3vl,E2_img_0060_mixed_N5_k1_P1,open,item,Tang suit,Panling Lanshan,
qwen3vl,E2_img_0060_mixed_N5_k2_P1,open,item,Zhongshan suit,Panling Lanshan,
qwen3vl,E2_img_0060_mixed_N5_k3_P1,open,item,Ruqun,Panling Lanshan,
qwen3vl,E2_img_0060_mixed_N5_k4_P1,open,item,Tang suit,Panling Lanshan,
qwen3vl,E2_img_0060_mixed_N5_k5_P1,open,item,Ruqun,Panling Lanshan,
qwen3vl,E3_img_0060_near_N2_k2_P1,open,item,Ruqun,Panling Lanshan,
qwen3vl,E3_img_0060_near_N5_k4_P1,open,item,Ruqun,Panling Lanshan,
qwen3vl,E3_img_0060_far_N2_k2_P1,open,item,Ruqun,Panling Lanshan,
qwen3vl,E3_img_0060_far_N5_k4_P1,open,item,Tangzhuang,Panling Lanshan,
qwen3vl,E6_img_0022_mixed_N3_k1_P4,open,item,topi,Dhaka topi,
qwen3vl,E6_img_0022_mixed_N4_k1_P4,open,item,topi,Dhaka topi,
qwen3vl,E1_img_0010_mixed_N1_k1_P1,open,item,Turban,Blangkon,
qwen3vl,E1_img_0010_mixed_N2_k2_P1,open,item,Songkok,Blangkon,
qwen3vl,E1_img_0010_mixed_N3_k2_P1,open,item,Turban,Blangkon,
qwen3vl,E1_img_0010_mixed_N4_k2_P1,open,item,Turban,Blangkon,
qwen3vl,E1_img_0010_mixed_N4_k2_P1,open,country,India,Indonesia,
qwen3vl,E2_img_0010_mixed_N5_k1_P1,open,item,Turban,Blangkon,
qwen3vl,E2_img_0010_mixed_N5_k2_P1,open,item,Turban,Blangkon,
qwen3vl,E2_img_0010_mixed_N5_k3_P1,open,item,Turban,Blangkon,
qwen3vl,E2_img_0010_mixed_N5_k4_P1,open,item,Turban,Blangkon,
qwen3vl,E2_img_0010_mixed_N5_k4_P1,open,country,India,Indonesia,
qwen3vl,E2_img_0010_mixed_N5_k5_P1,open,item,Turban,Blangkon,
qwen3vl,E2_img_0010_mixed_N5_k5_P1,open,country,India,Indonesia,
qwen3vl,E3_img_0010_near_N2_k2_P1,open,item,Turban,Blangkon,
qwen3vl,E3_img_0010_near_N2_k2_P1,open,country,India,Indonesia,
qwen3vl,E3_img_0010_near_N5_k1_P1,open,item,Turban,Blangkon,
qwen3vl,E3_img_0010_far_N2_k2_P1,open,item,Turban,Blangkon,
qwen3vl,E3_img_0010_far_N2_k2_P1,open,country,India,Indonesia,
qwen3vl,E3_img_0010_far_N5_k1_P1,open,item,Turban,Blangkon,
qwen3vl,E1_img_0080_mixed_N3_k3_P1,open,item,Bucket hat,Tembel hat,
qwen3vl,E1_img_0080_mixed_N4_k3_P1,open,item,Bucket hat,Tembel hat,
qwen3vl,E2_img_0080_mixed_N5_k1_P1,open,item,Bucket hat,Tembel hat,
qwen3vl,E2_img_0080_mixed_N5_k3_P1,open,country,India,Israel,
qwen3vl,E2_img_0080_mixed_N5_k4_P1,open,item,Kufi,Tembel hat,
qwen3vl,E2_img_0080_mixed_N5_k5_P1,open,item,Kufi,Tembel hat,
qwen3vl,E3_img_0080_far_N2_k1_P1,open,item,Bucket hat,Tembel hat,
qwen3vl,E1_img_0005_mixed_N1_k1_P1,open,item,Sabot,Avarca,
qwen3vl,E1_img_0005_mixed_N1_k1_P1,open,country,France,Spain,
qwen3vl,E1_img_0005_mixed_N2_k2_P1,open,item,Sabah,Avarca,
qwen3vl,E1_img_0005_mixed_N2_k2_P1,open,country,Turkey,Spain,
qwen3vl,E1_img_0005_mixed_N3_k1_P1,open,item,Sabah,Avarca,
qwen3vl,E1_img_0005_mixed_N3_k1_P1,open,country,Iran,Spain,
qwen3vl,E1_img_0005_mixed_N4_k4_P1,open,item,Sabah,Avarca,
qwen3vl,E1_img_0005_mixed_N4_k4_P1,open,country,Iran,Spain,
qwen3vl,E2_img_0005_mixed_N5_k1_P1,open,item,Sabah,Avarca,
qwen3vl,E2_img_0005_mixed_N5_k1_P1,open,country,Iran,Spain,
qwen3vl,E2_img_0005_mixed_N5_k2_P1,open,item,Sabah,Avarca,
qwen3vl,E2_img_0005_mixed_N5_k2_P1,open,country,Iran,Spain,
qwen3vl,E2_img_0005_mixed_N5_k3_P1,open,item,Sabah,Avarca,
qwen3vl,E2_img_0005_mixed_N5_k3_P1,open,country,Indonesia,Spain,
qwen3vl,E2_img_0005_mixed_N5_k4_P1,open,item,Sabah,Avarca,
qwen3vl,E2_img_0005_mixed_N5_k4_P1,open,country,Iran,Spain,
qwen3vl,E2_img_0005_mixed_N5_k5_P1,open,item,Sabah,Avarca,
qwen3vl,E2_img_0005_mixed_N5_k5_P1,open,country,Iran,Spain,
qwen3vl,E3_img_0005_near_N2_k2_P1,open,item,Sabot,Avarca,
qwen3vl,E3_img_0005_near_N2_k2_P1,open,country,France,Spain,
qwen3vl,E3_img_0005_near_N5_k3_P1,open,item,Sabot,Avarca,
qwen3vl,E3_img_0005_near_N5_k3_P1,open,country,France,Spain,
qwen3vl,E3_img_0005_far_N2_k2_P1,open,item,Sabot,Avarca,
qwen3vl,E3_img_0005_far_N2_k2_P1,open,country,France,Spain,
qwen3vl,E3_img_0005_far_N5_k3_P1,open,item,Sabot,Avarca,
qwen3vl,E3_img_0005_far_N5_k3_P1,open,country,France,Spain,
qwen3vl,E5_img_0005_mixed_N1_k1_P2,open,item,Sabah,Avarca,
qwen3vl,E5_img_0005_mixed_N1_k1_P2,open,country,Malaysia,Spain,
qwen3vl,E5_img_0005_mixed_N2_k2_P2,open,item,Sabah,Avarca,
qwen3vl,E5_img_0005_mixed_N2_k2_P2,open,country,Turkey,Spain,
qwen3vl,E5_img_0005_mixed_N3_k1_P2,open,item,Sabah,Avarca,
qwen3vl,E5_img_0005_mixed_N3_k1_P2,open,country,Iran,Spain,
qwen3vl,E5_img_0005_mixed_N4_k4_P2,open,item,Sabah,Avarca,
qwen3vl,E5_img_0005_mixed_N4_k4_P2,open,country,Iran,Spain,
qwen3vl,E5_img_0005_mixed_N5_k3_P2,open,item,Sabah,Avarca,
qwen3vl,E5_img_0005_mixed_N5_k3_P2,open,country,Iran,Spain,
qwen3vl,E5_img_0005_mixed_N1_k1_P3,open,item,Sabot,Avarca,
qwen3vl,E5_img_0005_mixed_N1_k1_P3,open,country,France,Spain,
qwen3vl,E5_img_0005_mixed_N2_k2_P3,open,item,Sabot,Avarca,
qwen3vl,E5_img_0005_mixed_N2_k2_P3,open,country,France,Spain,
qwen3vl,E5_img_0005_mixed_N3_k1_P3,open,item,Sabah,Avarca,
qwen3vl,E5_img_0005_mixed_N3_k1_P3,open,country,Iran,Spain,
qwen3vl,E5_img_0005_mixed_N4_k4_P3,open,item,Sabah slipper,Avarca,
qwen3vl,E5_img_0005_mixed_N4_k4_P3,open,country,Malaysia,Spain,
qwen3vl,E5_img_0005_mixed_N5_k3_P3,open,item,Sabot,Avarca,
qwen3vl,E5_img_0005_mixed_N5_k3_P3,open,country,France,Spain,
qwen3vl,E6_img_0005_mixed_N2_k2_P4,open,item,Sabah,Avarca,
qwen3vl,E6_img_0005_mixed_N2_k2_P4,open,country,Turkey,Spain,
qwen3vl,E6_img_0005_mixed_N3_k1_P4,open,item,Sabah,Avarca,
qwen3vl,E6_img_0005_mixed_N3_k1_P4,open,country,Iran,Spain,
qwen3vl,E6_img_0005_mixed_N4_k4_P4,open,item,Sabah,Avarca,
qwen3vl,E6_img_0005_mixed_N4_k4_P4,open,country,Iran,Spain,
qwen3vl,E1_img_0032_mixed_N1_k1_P1,open,item,Lace shawl,Haapsalu shawl,
qwen3vl,E1_img_0032_mixed_N2_k1_P1,open,item,Lace shawl,Haapsalu shawl,
qwen3vl,E1_img_0032_mixed_N3_k2_P1,open,item,Lace shawl,Haapsalu shawl,
qwen3vl,E1_img_0032_mixed_N4_k1_P1,open,item,Lace shawl,Haapsalu shawl,
qwen3vl,E2_img_0032_mixed_N5_k1_P1,open,item,Lace shawl,Haapsalu shawl,
qwen3vl,E2_img_0032_mixed_N5_k2_P1,open,item,Lace shawl,Haapsalu shawl,
qwen3vl,E2_img_0032_mixed_N5_k3_P1,open,item,Lace shawl,Haapsalu shawl,
qwen3vl,E2_img_0032_mixed_N5_k4_P1,open,item,Lace shawl,Haapsalu shawl,
qwen3vl,E2_img_0032_mixed_N5_k5_P1,open,item,Lace shawl,Haapsalu shawl,
qwen3vl,E3_img_0032_near_N2_k1_P1,open,item,Lace shawl,Haapsalu shawl,
qwen3vl,E3_img_0032_near_N5_k4_P1,open,item,Lace shawl,Haapsalu shawl,
qwen3vl,E3_img_0032_far_N2_k1_P1,open,item,Lace shawl,Haapsalu shawl,
qwen3vl,E3_img_0032_far_N5_k4_P1,open,item,Lace shawl,Haapsalu shawl,
qwen3vl,E1_img_0056_mixed_N1_k1_P1,open,item,Ao Dai,Nón lá,
qwen3vl,E1_img_0056_mixed_N2_k2_P1,open,item,Áo dài,Nón lá,
qwen3vl,E1_img_0056_mixed_N3_k3_P1,open,item,Áo dài,Nón lá,
qwen3vl,E1_img_0056_mixed_N4_k2_P1,open,item,Áo dài,Nón lá,
qwen3vl,E2_img_0056_mixed_N5_k1_P1,open,item,Ao Dai,Nón lá,
qwen3vl,E2_img_0056_mixed_N5_k2_P1,open,item,Áo dài,Nón lá,
qwen3vl,E2_img_0056_mixed_N5_k3_P1,open,item,Áo dài,Nón lá,
qwen3vl,E2_img_0056_mixed_N5_k4_P1,open,item,Áo dài,Nón lá,
qwen3vl,E2_img_0056_mixed_N5_k5_P1,open,item,Áo dài,Nón lá,
qwen3vl,E3_img_0056_near_N2_k2_P1,open,item,Áo dài,Nón lá,
qwen3vl,E3_img_0056_near_N5_k5_P1,open,item,Áo dài,Nón lá,
qwen3vl,E3_img_0056_far_N2_k2_P1,open,item,Áo dài,Nón lá,
qwen3vl,E3_img_0056_far_N5_k5_P1,open,item,Áo dài,Nón lá,
qwen3vl,E1_img_0051_mixed_N2_k1_P1,open,item,Churidar,Mexican pointy boot,
qwen3vl,E1_img_0051_mixed_N3_k1_P1,open,item,Churidars,Mexican pointy boot,
qwen3vl,E1_img_0051_mixed_N4_k3_P1,open,item,Churidars,Mexican pointy boot,
qwen3vl,E2_img_0051_mixed_N5_k1_P1,open,item,Churidars,Mexican pointy boot,
qwen3vl,E2_img_0051_mixed_N5_k2_P1,open,item,Chonbok,Mexican pointy boot,
qwen3vl,E2_img_0051_mixed_N5_k2_P1,open,country,South Korea,Mexico,
qwen3vl,E2_img_0051_mixed_N5_k3_P1,open,item,Churidars,Mexican pointy boot,
qwen3vl,E2_img_0051_mixed_N5_k4_P1,open,item,Churidars,Mexican pointy boot,
qwen3vl,E2_img_0051_mixed_N5_k5_P1,open,item,Churidars,Mexican pointy boot,
qwen3vl,E5_img_0051_mixed_N2_k1_P2,open,item,Churidar,Mexican pointy boot,
qwen3vl,E5_img_0051_mixed_N3_k1_P2,open,item,Churidars,Mexican pointy boot,
qwen3vl,E5_img_0051_mixed_N3_k1_P2,open,country,Pakistan,Mexico,
qwen3vl,E5_img_0051_mixed_N4_k3_P2,open,item,Churidars,Mexican pointy boot,
qwen3vl,E5_img_0051_mixed_N5_k1_P2,open,item,Churidars,Mexican pointy boot,
qwen3vl,E5_img_0051_mixed_N1_k1_P3,open,country,Peru,Mexico,
qwen3vl,E5_img_0051_mixed_N2_k1_P3,open,item,Churidar with Jutti,Mexican pointy boot,
qwen3vl,E5_img_0051_mixed_N2_k1_P3,open,country,Pakistan,Mexico,
qwen3vl,E5_img_0051_mixed_N3_k1_P3,open,item,Churidars,Mexican pointy boot,
qwen3vl,E5_img_0051_mixed_N3_k1_P3,open,country,Pakistan,Mexico,
qwen3vl,E5_img_0051_mixed_N4_k3_P3,open,item,Churidars,Mexican pointy boot,
qwen3vl,E5_img_0051_mixed_N5_k1_P3,open,item,Churidars,Mexican pointy boot,
qwen3vl,E6_img_0051_mixed_N1_k1_P4,open,item,Chulapa,Mexican pointy boot,
qwen3vl,E6_img_0051_mixed_N2_k1_P4,open,item,"Chappal (or possibly a decorative dance shoe like a ""chappal"" or ""chappal-style boot"" from a specific regional tradition)",Mexican pointy boot,
qwen3vl,E6_img_0051_mixed_N3_k1_P4,open,item,Chappal,Mexican pointy boot,
qwen3vl,E6_img_0051_mixed_N5_k1_P4,open,item,Churidar or traditional dance shoe,Mexican pointy boot,
qwen3vl,E1_img_0054_mixed_N1_k1_P1,open,item,Kaftan,Moroccan kaftan,
qwen3vl,E1_img_0054_mixed_N2_k1_P1,open,item,Kaftan,Moroccan kaftan,
qwen3vl,E1_img_0054_mixed_N3_k3_P1,open,item,Kaftan,Moroccan kaftan,
qwen3vl,E1_img_0054_mixed_N4_k1_P1,open,item,Kaftan,Moroccan kaftan,
qwen3vl,E2_img_0054_mixed_N5_k1_P1,open,item,Kaftan,Moroccan kaftan,
qwen3vl,E2_img_0054_mixed_N5_k2_P1,open,item,Kaftan,Moroccan kaftan,
qwen3vl,E2_img_0054_mixed_N5_k3_P1,open,item,Kaftan,Moroccan kaftan,
qwen3vl,E2_img_0054_mixed_N5_k4_P1,open,item,Kaftan,Moroccan kaftan,
qwen3vl,E2_img_0054_mixed_N5_k5_P1,open,item,Kaftan,Moroccan kaftan,
qwen3vl,E3_img_0054_near_N2_k1_P1,open,item,Kaftan,Moroccan kaftan,
qwen3vl,E3_img_0054_near_N5_k3_P1,open,item,Kaftan,Moroccan kaftan,
qwen3vl,E3_img_0054_far_N2_k1_P1,open,item,Kaftan,Moroccan kaftan,
qwen3vl,E3_img_0054_far_N5_k3_P1,open,item,Kaftan,Moroccan kaftan,
qwen3vl,E1_img_0036_mixed_N1_k1_P1,open,item,Agbada,Isiagu attire,
qwen3vl,E1_img_0036_mixed_N2_k2_P1,open,item,Agbada,Isiagu attire,
qwen3vl,E1_img_0036_mixed_N3_k1_P1,open,item,Agbada,Isiagu attire,
qwen3vl,E1_img_0036_mixed_N4_k2_P1,open,item,Agbada,Isiagu attire,
qwen3vl,E2_img_0036_mixed_N5_k1_P1,open,item,Agbada,Isiagu attire,
qwen3vl,E2_img_0036_mixed_N5_k2_P1,open,item,Agbada,Isiagu attire,
qwen3vl,E2_img_0036_mixed_N5_k3_P1,open,item,Agbada,Isiagu attire,
qwen3vl,E2_img_0036_mixed_N5_k4_P1,open,item,Agbada,Isiagu attire,
qwen3vl,E2_img_0036_mixed_N5_k5_P1,open,item,Agbada,Isiagu attire,
qwen3vl,E3_img_0036_near_N2_k2_P1,open,item,Agbada,Isiagu attire,
qwen3vl,E3_img_0036_near_N5_k4_P1,open,item,Agbada,Isiagu attire,
qwen3vl,E3_img_0036_far_N2_k2_P1,open,item,Agbada,Isiagu attire,
qwen3vl,E3_img_0036_far_N5_k4_P1,open,item,Agbada,Isiagu attire,
qwen3vl,E5_img_0036_mixed_N1_k1_P2,open,item,Agbada,Isiagu attire,
qwen3vl,E5_img_0036_mixed_N2_k2_P2,open,item,Agbada,Isiagu attire,
qwen3vl,E5_img_0036_mixed_N3_k1_P2,open,item,Agbada,Isiagu attire,
qwen3vl,E5_img_0036_mixed_N4_k2_P2,open,item,Agbada,Isiagu attire,
qwen3vl,E5_img_0036_mixed_N5_k4_P2,open,item,Agbada,Isiagu attire,
qwen3vl,E5_img_0036_mixed_N1_k1_P3,open,item,Agbada,Isiagu attire,
qwen3vl,E5_img_0036_mixed_N2_k2_P3,open,item,Agbada,Isiagu attire,
qwen3vl,E5_img_0036_mixed_N3_k1_P3,open,item,Agbada,Isiagu attire,
qwen3vl,E5_img_0036_mixed_N4_k2_P3,open,item,Agbada,Isiagu attire,
qwen3vl,E5_img_0036_mixed_N5_k4_P3,open,item,Agbada,Isiagu attire,
qwen3vl,E6_img_0036_mixed_N1_k1_P4,open,item,Buba,Isiagu attire,
qwen3vl,E6_img_0036_mixed_N2_k2_P4,open,item,Agbada,Isiagu attire,
qwen3vl,E6_img_0036_mixed_N3_k1_P4,open,item,Buba and Sokoto (or Dashiki-style shirt),Isiagu attire,
qwen3vl,E6_img_0036_mixed_N4_k2_P4,open,item,agbada,Isiagu attire,
qwen3vl,E6_img_0036_mixed_N5_k4_P4,open,item,Agbada,Isiagu attire,
qwen3vl,E1_img_0083_mixed_N1_k1_P1,open,item,Ukrainian vyshyvanka,Ukrainian wreath,
qwen3vl,E1_img_0083_mixed_N2_k1_P1,open,item,Ukrainian vyshyvanka,Ukrainian wreath,
qwen3vl,E1_img_0083_mixed_N3_k2_P1,open,item,Ukrainian vyshyvanka,Ukrainian wreath,
qwen3vl,E1_img_0083_mixed_N4_k3_P1,open,item,traditional embroidered blouse with floral headdress,Ukrainian wreath,
qwen3vl,E2_img_0083_mixed_N5_k1_P1,open,item,Ukrainian vyshyvanka,Ukrainian wreath,
qwen3vl,E2_img_0083_mixed_N5_k2_P1,open,item,Ukrainian vyshyvanka,Ukrainian wreath,
qwen3vl,E2_img_0083_mixed_N5_k3_P1,open,item,embroidered blouse with floral headdress,Ukrainian wreath,
qwen3vl,E2_img_0083_mixed_N5_k4_P1,open,item,Ukrainian vyshyvanka,Ukrainian wreath,
qwen3vl,E2_img_0083_mixed_N5_k5_P1,open,item,Ukrainian vyshyvanka,Ukrainian wreath,
qwen3vl,E3_img_0083_near_N2_k1_P1,open,item,Ukrainian vyshyvanka,Ukrainian wreath,
qwen3vl,E3_img_0083_near_N5_k5_P1,open,item,Flower crown and embroidered blouse,Ukrainian wreath,
qwen3vl,E3_img_0083_far_N2_k1_P1,open,item,Ukrainian vyshyvanka,Ukrainian wreath,
qwen3vl,E3_img_0083_far_N5_k5_P1,open,item,Ukrainian dress,Ukrainian wreath,
qwen3vl,E1_img_0067_mixed_N1_k1_P1,open,item,Poncho,Quechquemitl,
qwen3vl,E1_img_0067_mixed_N1_k1_P1,open,country,Peru,Mexico,
qwen3vl,E1_img_0067_mixed_N2_k2_P1,open,item,Poncho,Quechquemitl,
qwen3vl,E1_img_0067_mixed_N2_k2_P1,open,country,Peru,Mexico,
qwen3vl,E1_img_0067_mixed_N3_k3_P1,open,item,Poncho,Quechquemitl,
qwen3vl,E1_img_0067_mixed_N3_k3_P1,open,country,Peru,Mexico,
qwen3vl,E1_img_0067_mixed_N4_k4_P1,open,item,Poncho,Quechquemitl,
qwen3vl,E1_img_0067_mixed_N4_k4_P1,open,country,Peru,Mexico,
qwen3vl,E2_img_0067_mixed_N5_k1_P1,open,item,Poncho,Quechquemitl,
qwen3vl,E2_img_0067_mixed_N5_k1_P1,open,country,Peru,Mexico,
qwen3vl,E2_img_0067_mixed_N5_k2_P1,open,item,Poncho,Quechquemitl,
qwen3vl,E2_img_0067_mixed_N5_k2_P1,open,country,Peru,Mexico,
qwen3vl,E2_img_0067_mixed_N5_k3_P1,open,item,Poncho,Quechquemitl,
qwen3vl,E2_img_0067_mixed_N5_k3_P1,open,country,Peru,Mexico,
qwen3vl,E2_img_0067_mixed_N5_k4_P1,open,item,Poncho,Quechquemitl,
qwen3vl,E2_img_0067_mixed_N5_k4_P1,open,country,Peru,Mexico,
qwen3vl,E2_img_0067_mixed_N5_k5_P1,open,item,Poncho,Quechquemitl,
qwen3vl,E2_img_0067_mixed_N5_k5_P1,open,country,Peru,Mexico,
qwen3vl,E1_img_0070_mixed_N2_k1_P1,open,item,Sambalpuri attire,Sambalpuri saree,
qwen3vl,E1_img_0070_mixed_N3_k1_P1,open,item,Sambalpur,Sambalpuri saree,
qwen3vl,E1_img_0070_mixed_N4_k1_P1,open,item,Sambalpur attire,Sambalpuri saree,
qwen3vl,E2_img_0070_mixed_N5_k4_P1,open,item,Sambalpuri attire,Sambalpuri saree,
qwen3vl,E2_img_0070_mixed_N5_k5_P1,open,item,Sambalpuri attire,Sambalpuri saree,
qwen3vl,E6_img_0070_mixed_N5_k2_P4,open,item,Sambalpuri outfit,Sambalpuri saree,
qwen3vl,E1_img_0048_mixed_N1_k1_P1,open,item,Hanbok,Magoja,
qwen3vl,E1_img_0048_mixed_N2_k2_P1,open,item,Hanbok,Magoja,
qwen3vl,E1_img_0048_mixed_N3_k2_P1,open,item,Hanbok,Magoja,
qwen3vl,E1_img_0048_mixed_N4_k2_P1,open,item,Hanbok,Magoja,
qwen3vl,E2_img_0048_mixed_N5_k1_P1,open,item,Hanbok,Magoja,
qwen3vl,E2_img_0048_mixed_N5_k2_P1,open,item,Hanbok,Magoja,
qwen3vl,E2_img_0048_mixed_N5_k3_P1,open,item,Hanbok,Magoja,
qwen3vl,E2_img_0048_mixed_N5_k4_P1,open,item,Hanbok,Magoja,
qwen3vl,E2_img_0048_mixed_N5_k5_P1,open,item,Hanbok,Magoja,
qwen3vl,E3_img_0048_near_N2_k2_P1,open,item,Hanbok,Magoja,
qwen3vl,E3_img_0048_near_N5_k3_P1,open,item,Hanbok jacket,Magoja,
qwen3vl,E3_img_0048_far_N2_k2_P1,open,item,Hanbok,Magoja,
qwen3vl,E3_img_0048_far_N5_k3_P1,open,item,Hanbok,Magoja,
qwen3vl,E1_img_0015_mixed_N1_k1_P1,open,item,Straw hat,Buntal hat,
qwen3vl,E1_img_0015_mixed_N2_k1_P1,open,item,Sombrero,Buntal hat,
qwen3vl,E1_img_0015_mixed_N3_k3_P1,open,item,Sombrero,Buntal hat,
qwen3vl,E1_img_0015_mixed_N4_k3_P1,open,item,Sombrero,Buntal hat,
qwen3vl,E2_img_0015_mixed_N5_k1_P1,open,item,Sombrero,Buntal hat,
qwen3vl,E2_img_0015_mixed_N5_k2_P1,open,item,Straw Hat,Buntal hat,
qwen3vl,E2_img_0015_mixed_N5_k3_P1,open,item,Sombrero,Buntal hat,
qwen3vl,E2_img_0015_mixed_N5_k4_P1,open,item,Sombrero,Buntal hat,
qwen3vl,E2_img_0015_mixed_N5_k5_P1,open,item,Sombrero,Buntal hat,
qwen3vl,E3_img_0015_near_N2_k1_P1,open,item,Sombrero,Buntal hat,
qwen3vl,E3_img_0015_near_N5_k4_P1,open,item,Hat,Buntal hat,
qwen3vl,E3_img_0015_far_N2_k1_P1,open,item,Sombrero,Buntal hat,
qwen3vl,E3_img_0015_far_N5_k4_P1,open,item,Sombrero,Buntal hat,
