model,trial_id,mode,field,answer,gold,label
granite4v,E1_img_0240_mixed_N1_k1_P1,open,item,Crumb cake,Tarte Tatin,
granite4v,E1_img_0240_mixed_N2_k1_P1,open,item,Crumb cake,Tarte Tatin,
granite4v,E1_img_0240_mixed_N3_k1_P1,open,item,Crumb cake,Tarte Tatin,
granite4v,E1_img_0240_mixed_N4_k1_P1,open,item,Crumb cake,Tarte Tatin,
granite4v,E2_img_0240_mixed_N5_k1_P1,open,item,Crumb cake,Tarte Tatin,
granite4v,E2_img_0240_mixed_N5_k2_P1,open,item,Crumb cake,Tarte Tatin,
granite4v,E2_img_0240_mixed_N5_k3_P1,open,item,Crumb cake,Tarte Tatin,
granite4v,E2_img_0240_mixed_N5_k4_P1,open,item,Chocolate mousse cake,Tarte Tatin,
granite4v,E2_img_0240_mixed_N5_k5_P1,open,item,Crumb cake,Tarte Tatin,
granite4v,E3_img_0240_near_N2_k1_P1,open,item,Crumb cake,Tarte Tatin,
granite4v,E3_img_0240_near_N5_k1_P1,open,item,Crumb cake,Tarte Tatin,
granite4v,E3_img_0240_far_N2_k1_P1,open,item,Crumb cake,Tarte Tatin,
granite4v,E3_img_0240_far_N5_k1_P1,open,item,Crumb cake,Tarte Tatin,
granite4v,E5_img_0240_mixed_N1_k1_P2,open,item,Crumb cake,Tarte Tatin,
granite4v,E5_img_0240_mixed_N2_k1_P2,open,item,Crumb cake,Tarte Tatin,
granite4v,E5_img_0240_mixed_N3_k1_P2,open,item,Crumb cake,Tarte Tatin,
granite4v,E5_img_0240_mixed_N4_k1_P2,open,item,Crumb cake,Tarte Tatin,
granite4v,E5_img_0240_mixed_N5_k1_P2,open,item,Crumb cake,Tarte Tatin,
granite4v,E5_img_0240_mixed_N1_k1_P3,open,item,Crumb cake,Tarte Tatin,
granite4v,E5_img_0240_mixed_N2_k1_P3,open,item,Crumb cake,Tarte Tatin,
granite4v,E5_img_0240_mixed_N3_k1_P3,open,item,Crumb cake,Tarte Tatin,
granite4v,E5_img_0240_mixed_N4_k1_P3,open,item,Crumb cake,Tarte Tatin,
granite4v,E5_img_0240_mixed_N5_k1_P3,open,item,Crumb cake,Tarte Tatin,
granite4v,E6_img_0240_mixed_N3_k1_P4,open,item,Cake with crumb topping,Tarte Tatin,
granite4v,E6_img_0240_mixed_N4_k1_P4,open,item,Cake with crumb topping,Tarte Tatin,
granite4v,E6_img_0240_mixed_N5_k1_P4,open,item,crumb cake,Tarte Tatin,
granite4v,E1_img_0108_mixed_N1_k1_P1,open,item,Pisang Goreng,Bika Ambon,
granite4v,E1_img_0108_mixed_N2_k2_P1,open,item,Coconut cake,Bika Ambon,
granite4v,E1_img_0108_mixed_N3_k2_P1,open,item,Coconut cake,Bika Ambon,
granite4v,E1_img_0108_mixed_N4_k2_P1,open,item,Coconut cake,Bika Ambon,
granite4v,E2_img_0108_mixed_N5_k1_P1,open,item,Pongal,Bika Ambon,
granite4v,E2_img_0108_mixed_N5_k1_P1,open,country,India,Indonesia,
granite4v,E2_img_0108_mixed_N5_k2_P1,open,item,Coconut cake,Bika Ambon,
granite4v,E2_img_0108_mixed_N5_k3_P1,open,item,Coconut cake,Bika Ambon,
granite4v,E2_img_0108_mixed_N5_k4_P1,open,item,Coconut cake,Bika Ambon,
granite4v,E2_img_0108_mixed_N5_k5_P1,open,item,Coconut cake,Bika Ambon,
granite4v,E3_img_0108_near_N2_k2_P1,open,item,Pisang Goreng,Bika Ambon,
granite4v,E3_img_0108_near_N5_k2_P1,open,item,Panna cotta,Bika Ambon,
granite4v,E3_img_0108_near_N5_k2_P1,open,country,"Unknown (Panna cotta is a dessert found in many countries, including Italy, France, and Spain, among others)",Indonesia,
granite4v,E3_img_0108_far_N2_k2_P1,open,item,Nasi Goreng,Bika Ambon,
granite4v,E3_img_0108_far_N5_k2_P1,open,item,Pongal,Bika Ambon,
granite4v,E3_img_0108_far_N5_k2_P1,open,country,India,Indonesia,
granite4v,E1_img_0483_mixed_N1_k1_P1,open,item,Cuban dish,Pabellón criollo,
granite4v,E1_img_0483_mixed_N1_k1_P1,open,country,Cuba,Venezuela,
granite4v,E1_img_0483_mixed_N2_k1_P1,open,country,"Unknown (The dish is characteristic of Latin American cuisine, but the specific country cannot be determined from the image alone.)",Venezuela,
granite4v,E1_img_0483_mixed_N3_k3_P1,open,item,Bananas,Pabellón criollo,
granite4v,E1_img_0483_mixed_N4_k3_P1,open,item,Tostones,Pabellón criollo,
granite4v,E2_img_0483_mixed_N5_k1_P1,open,item,Cuban dish,Pabellón criollo,
granite4v,E2_img_0483_mixed_N5_k1_P1,open,country,Cuba,Venezuela,
granite4v,E2_img_0483_mixed_N5_k2_P1,open,item,Banh Mi,Pabellón criollo,
granite4v,E2_img_0483_mixed_N5_k2_P1,open,country,Vietnam,Venezuela,
granite4v,E2_img_0483_mixed_N5_k3_P1,open,item,Banh Mi,Pabellón criollo,
granite4v,E2_img_0483_mixed_N5_k3_P1,open,country,Vietnam,Venezuela,
granite4v,E2_img_0483_mixed_N5_k4_P1,open,item,Bananas,Pabellón criollo,
granite4v,E3_img_0483_near_N2_k1_P1,open,country,"Unknown (The dish is characteristic of Latin American cuisine, but the specific country cannot be determined from the image alone.)",Venezuela,
granite4v,E3_img_0483_far_N2_k1_P1,open,country,"Unknown (The dish is characteristic of Latin American cuisine, but the specific country cannot be determined from the image alone.)",Venezuela,
granite4v,E3_img_0483_far_N5_k3_P1,open,item,Cuban sandwich,Pabellón criollo,
granite4v,E3_img_0483_far_N5_k3_P1,open,country,Cuba,Venezuela,
granite4v,E1_img_0164_mixed_N1_k1_P1,open,item,Sesame balls,Jin deui,
granite4v,E1_img_0164_mixed_N2_k2_P1,open,item,Sesame balls,Jin deui,
granite4v,E1_img_0164_mixed_N3_k1_P1,open,item,Sesame balls,Jin deui,
granite4v,E1_img_0164_mixed_N3_k1_P1,open,country,"Unknown (but sesame balls are commonly found in East Asian cuisine, such as Chinese, Japanese, or Korean)",Indonesia,
granite4v,E1_img_0164_mixed_N4_k4_P1,open,item,Sesame balls,Jin deui,
granite4v,E2_img_0164_mixed_N5_k1_P1,open,item,Sesame balls,Jin deui,
granite4v,E2_img_0164_mixed_N5_k2_P1,open,item,Sesame balls,Jin deui,
granite4v,E2_img_0164_mixed_N5_k3_P1,open,item,Sesame balls,Jin deui,
granite4v,E2_img_0164_mixed_N5_k4_P1,open,item,Sesame balls,Jin deui,
granite4v,E2_img_0164_mixed_N5_k5_P1,open,item,Sesame balls,Jin deui,
granite4v,E3_img_0164_near_N2_k2_P1,open,item,Sesame balls,Jin deui,
granite4v,E3_img_0164_near_N5_k4_P1,open,item,Sesame balls,Jin deui,
granite4v,E3_img_0164_far_N2_k2_P1,open,item,Sesame balls,Jin deui,
granite4v,E3_img_0164_far_N5_k4_P1,open,item,Sesame balls,Jin deui,
granite4v,E5_img_0164_mixed_N1_k1_P2,open,item,Sesame balls,Jin deui,
granite4v,E5_img_0164_mixed_N2_k2_P2,open,item,Sesame balls,Jin deui,
granite4v,E5_img_0164_mixed_N3_k1_P2,open,item,Sesame balls,Jin deui,
granite4v,E5_img_0164_mixed_N3_k1_P2,open,country,"Unknown (These sesame balls are commonly known as ""Jiaozi"" in Chinese cuisine, but the specific country of origin for this particular style cannot be determined from the image alone.)",Indonesia,
granite4v,E5_img_0164_mixed_N4_k4_P2,open,item,Sesame balls,Jin deui,
granite4v,E5_img_0164_mixed_N5_k4_P2,open,item,Sesame balls,Jin deui,
granite4v,E5_img_0164_mixed_N1_k1_P3,open,item,Sesame balls,Jin deui,
granite4v,E5_img_0164_mixed_N2_k2_P3,open,item,Sesame balls,Jin deui,
granite4v,E5_img_0164_mixed_N3_k1_P3,open,item,Sesame balls,Jin deui,
granite4v,E5_img_0164_mixed_N3_k1_P3,open,country,"Unknown (These are commonly known as ""Jiaozi"" in Chinese cuisine, but the specific variety shown here is not distinctly identifiable as a regional dish from a single country without more context.)",Indonesia,
granite4v,E5_img_0164_mixed_N4_k4_P3,open,item,Sesame balls,Jin deui,
granite4v,E5_img_0164_mixed_N5_k4_P3,open,item,Sesame balls,Jin deui,
granite4v,E6_img_0164_mixed_N1_k1_P4,open,country,Unknown (the image does not provide enough information to determine the country of origin),Indonesia,
granite4v,E6_img_0164_mixed_N3_k1_P4,open,item,Sesame balls,Jin deui,
granite4v,E6_img_0164_mixed_N4_k4_P4,open,item,Sesame balls,Jin deui,
granite4v,E6_img_0164_mixed_N5_k4_P4,open,item,Sesame balls,Jin deui,
granite4v,E1_img_0297_mixed_N1_k1_P1,open,item,Milkshake,Egg cream,
granite4v,E1_img_0297_mixed_N2_k1_P1,open,item,Milkshake,Egg cream,
granite4v,E1_img_0297_mixed_N3_k2_P1,open,item,Milkshake,Egg cream,
granite4v,E1_img_0297_mixed_N4_k1_P1,open,item,Milkshake,Egg cream,
granite4v,E2_img_0297_mixed_N5_k1_P1,open,item,Milkshake,Egg cream,
granite4v,E2_img_0297_mixed_N5_k2_P1,open,item,Milkshake,Egg cream,
granite4v,E2_img_0297_mixed_N5_k3_P1,open,item,Milkshake,Egg cream,
granite4v,E2_img_0297_mixed_N5_k4_P1,open,item,Milkshake,Egg cream,
granite4v,E2_img_0297_mixed_N5_k5_P1,open,item,Milkshake,Egg cream,
granite4v,E3_img_0297_near_N2_k1_P1,open,item,Milkshake,Egg cream,
granite4v,E3_img_0297_near_N5_k5_P1,open,item,Milkshake,Egg cream,
granite4v,E3_img_0297_far_N2_k1_P1,open,item,Milkshake,Egg cream,
granite4v,E3_img_0297_far_N5_k5_P1,open,item,Milkshake,Egg cream,
granite4v,E1_img_0408_mixed_N1_k1_P1,open,item,Baked potato with cheese and herbs,Changua,
granite4v,E1_img_0408_mixed_N2_k2_P1,open,item,Cheese and bread dish,Changua,
granite4v,E1_img_0408_mixed_N4_k2_P1,open,item,Cheese and herb soup,Changua,
granite4v,E2_img_0408_mixed_N5_k2_P1,open,item,Cheese and herb soup,Changua,
granite4v,E2_img_0408_mixed_N5_k3_P1,open,item,Cheese and spinach casserole,Changua,
granite4v,E2_img_0408_mixed_N5_k4_P1,open,item,Cheese and tomato soup,Changua,
granite4v,E2_img_0408_mixed_N5_k5_P1,open,item,Cheese and bread dish,Changua,
granite4v,E3_img_0408_near_N2_k2_P1,open,item,Baked potato with cheese and herbs,Changua,
granite4v,E3_img_0408_far_N2_k2_P1,open,item,Baked potato with cheese and herbs,Changua,
granite4v,E1_img_0254_mixed_N1_k1_P1,open,item,Plokki,Vanillekipferl,
granite4v,E1_img_0254_mixed_N2_k1_P1,open,item,Pastry,Vanillekipferl,
granite4v,E1_img_0254_mixed_N3_k1_P1,open,item,Pralines,Vanillekipferl,
granite4v,E1_img_0254_mixed_N4_k3_P1,open,item,Donuts,Vanillekipferl,
granite4v,E2_img_0254_mixed_N5_k1_P1,open,item,Praline,Vanillekipferl,
granite4v,E2_img_0254_mixed_N5_k2_P1,open,item,Paella,Vanillekipferl,
granite4v,E2_img_0254_mixed_N5_k2_P1,open,country,Spain,Austria,
granite4v,E2_img_0254_mixed_N5_k3_P1,open,item,Paella,Vanillekipferl,
granite4v,E2_img_0254_mixed_N5_k3_P1,open,country,Spain,Austria,
granite4v,E2_img_0254_mixed_N5_k4_P1,open,item,Paella,Vanillekipferl,
granite4v,E2_img_0254_mixed_N5_k4_P1,open,country,Spain,Austria,
granite4v,E2_img_0254_mixed_N5_k5_P1,open,item,Pastry,Vanillekipferl,
granite4v,E3_img_0254_near_N2_k1_P1,open,item,Praline,Vanillekipferl,
granite4v,E3_img_0254_near_N2_k1_P1,open,country,"Unknown (Pralines are a type of confectionery that can be found in many countries, but the specific type shown in the image is not distinctly identifiable as originating from a single country.)",Austria,
granite4v,E3_img_0254_near_N5_k2_P1,open,item,Donuts,Vanillekipferl,
granite4v,E3_img_0254_far_N2_k1_P1,open,item,Donuts,Vanillekipferl,
granite4v,E3_img_0254_far_N5_k2_P1,open,item,Donuts,Vanillekipferl,
granite4v,E5_img_0254_mixed_N1_k1_P2,open,item,Plokki,Vanillekipferl,
granite4v,E5_img_0254_mixed_N1_k1_P2,open,country,Poland,Austria,
granite4v,E5_img_0254_mixed_N2_k1_P2,open,item,Donuts,Vanillekipferl,
granite4v,E5_img_0254_mixed_N3_k1_P2,open,item,Pralines,Vanillekipferl,
granite4v,E5_img_0254_mixed_N4_k3_P2,open,item,Paella,Vanillekipferl,
granite4v,E5_img_0254_mixed_N4_k3_P2,open,country,Spain,Austria,
granite4v,E5_img_0254_mixed_N5_k2_P2,open,item,Paella,Vanillekipferl,
granite4v,E5_img_0254_mixed_N5_k2_P2,open,country,Spain,Austria,
granite4v,E5_img_0254_mixed_N1_k1_P3,open,item,Plokki,Vanillekipferl,
granite4v,E5_img_0254_mixed_N2_k1_P3,open,item,Poffertjes,Vanillekipferl,
granite4v,E5_img_0254_mixed_N3_k1_P3,open,item,Pralines,Vanillekipferl,
granite4v,E5_img_0254_mixed_N4_k3_P3,open,item,Donuts,Vanillekipferl,
granite4v,E5_img_0254_mixed_N5_k2_P3,open,item,Paella,Vanillekipferl,
granite4v,E5_img_0254_mixed_N5_k2_P3,open,country,Spain,Austria,
granite4v,E6_img_0254_mixed_N1_k1_P4,open,item,Powdered sugar-dusted pastries,Vanillekipferl,
granite4v,E6_img_0254_mixed_N2_k1_P4,open,item,Powdered pastries,Vanillekipferl,
granite4v,E6_img_0254_mixed_N3_k1_P4,open,item,Powdered donuts,Vanillekipferl,
granite4v,E6_img_0254_mixed_N3_k1_P4,open,country,Unknown (powdered donuts are a common dessert in many countries),Austria,
granite4v,E6_img_0254_mixed_N4_k3_P4,open,item,Powdered sugar-dusted pastries,Vanillekipferl,
granite4v,E6_img_0254_mixed_N4_k3_P4,open,country,"Unknown (The specific type of pastry is not identifiable from the image alone, and the country of origin cannot be determined without additional context.)",Austria,
granite4v,E6_img_0254_mixed_N5_k2_P4,open,item,dessert,Vanillekipferl,
granite4v,E1_img_0359_mixed_N1_k1_P1,open,item,Latte,Teh Tarik,
granite4v,E1_img_0359_mixed_N2_k2_P1,open,item,Latte,Teh Tarik,
granite4v,E1_img_0359_mixed_N3_k2_P1,open,item,Latte,Teh Tarik,
granite4v,E1_img_0359_mixed_N4_k4_P1,open,item,Latte,Teh Tarik,
granite4v,E2_img_0359_mixed_N5_k1_P1,open,item,Latte,Teh Tarik,
granite4v,E2_img_0359_mixed_N5_k1_P1,open,country,"Unknown (Latte is a popular drink in many countries, including Italy, but the specific country of origin for this particular latte cannot be determined from the image alone.)",Malaysia,
granite4v,E2_img_0359_mixed_N5_k2_P1,open,item,Iced coffee,Teh Tarik,
granite4v,E2_img_0359_mixed_N5_k3_P1,open,item,Latte,Teh Tarik,
granite4v,E2_img_0359_mixed_N5_k4_P1,open,item,Latte,Teh Tarik,
granite4v,E2_img_0359_mixed_N5_k5_P1,open,item,Latte,Teh Tarik,
granite4v,E3_img_0359_near_N2_k2_P1,open,item,Latte,Teh Tarik,
granite4v,E3_img_0359_near_N5_k3_P1,open,item,Latte,Teh Tarik,
granite4v,E3_img_0359_far_N2_k2_P1,open,item,Latte,Teh Tarik,
granite4v,E3_img_0359_far_N5_k3_P1,open,item,Latte,Teh Tarik,
granite4v,E1_img_0530_mixed_N3_k3_P1,open,item,Chicken soup,Vori vori,
granite4v,E3_img_0530_near_N5_k4_P1,open,item,Chicken stew,Vori vori,
granite4v,E3_img_0530_far_N5_k4_P1,open,item,Chicken soup,Vori vori,
granite4v,E1_img_0515_mixed_N2_k2_P1,open,country,"Unknown (Spaghetti is a staple in Italian cuisine, but the image does not provide enough information to determine the specific country of origin for this particular type of spaghetti.)",Italy,
granite4v,E2_img_0515_mixed_N5_k1_P1,open,country,"Unknown (Spaghetti is a staple in Italian cuisine, but the image does not provide enough information to determine the specific country of origin for this particular type of spaghetti.)",Italy,
granite4v,E6_img_0515_mixed_N2_k2_P4,open,country,"Unknown (Spaghetti is a staple in Italian cuisine, but the image does not provide enough information to determine the specific country of origin for this particular type of spaghetti.)",Italy,
granite4v,E6_img_0515_mixed_N5_k5_P4,open,item,tortillas,Spaghetti,
granite4v,E1_img_0260_mixed_N1_k1_P1,open,item,Orange marmalade,Zerde,
granite4v,E1_img_0260_mixed_N2_k1_P1,open,item,Orange marmalade,Zerde,
granite4v,E1_img_0260_mixed_N3_k2_P1,open,item,Orange marmalade,Zerde,
granite4v,E1_img_0260_mixed_N4_k3_P1,open,item,Orange marmalade,Zerde,
granite4v,E2_img_0260_mixed_N5_k1_P1,open,item,Orange marmalade,Zerde,
granite4v,E2_img_0260_mixed_N5_k2_P1,open,item,Orange marmalade,Zerde,
granite4v,E2_img_0260_mixed_N5_k3_P1,open,item,Orange marmalade,Zerde,
granite4v,E2_img_0260_mixed_N5_k4_P1,open,item,Orange marmalade,Zerde,
granite4v,E2_img_0260_mixed_N5_k5_P1,open,item,Orange marmalade,Zerde,
granite4v,E3_img_0260_near_N2_k1_P1,open,item,Orange marmalade,Zerde,
granite4v,E3_img_0260_near_N5_k1_P1,open,item,Orange marmalade,Zerde,
granite4v,E3_img_0260_far_N2_k1_P1,open,item,Orange marmalade,Zerde,
granite4v,E3_img_0260_far_N5_k1_P1,open,item,Orange marmalade,Zerde,
granite4v,E1_img_0173_mixed_N1_k1_P1,open,item,jelly,Khanom chan,
granite4v,E1_img_0173_mixed_N2_k2_P1,open,item,jelly,Khanom chan,
granite4v,E1_img_0173_mixed_N3_k3_P1,open,item,jelly,Khanom chan,
granite4v,E1_img_0173_mixed_N4_k4_P1,open,item,Jelly,Khanom chan,
granite4v,E2_img_0173_mixed_N5_k1_P1,open,item,jelly,Khanom chan,
granite4v,E2_img_0173_mixed_N5_k2_P1,open,item,Jelly,Khanom chan,
granite4v,E2_img_0173_mixed_N5_k3_P1,open,item,Tiramisu,Khanom chan,
granite4v,E2_img_0173_mixed_N5_k3_P1,open,country,Italy,Thailand,
granite4v,E2_img_0173_mixed_N5_k4_P1,open,item,Jelly,Khanom chan,
granite4v,E2_img_0173_mixed_N5_k5_P1,open,item,Jelly,Khanom chan,
granite4v,E3_img_0173_near_N2_k2_P1,open,item,jelly,Khanom chan,
granite4v,E3_img_0173_near_N5_k2_P1,open,item,Tiramisu,Khanom chan,
granite4v,E3_img_0173_near_N5_k2_P1,open,country,Italy,Thailand,
granite4v,E3_img_0173_far_N2_k2_P1,open,item,jelly,Khanom chan,
granite4v,E3_img_0173_far_N5_k2_P1,open,item,Jelly,Khanom chan,
granite4v,E1_img_0131_mixed_N1_k1_P1,open,item,Crème Brûlée,Crema catalana,
granite4v,E1_img_0131_mixed_N1_k1_P1,open,country,"Unknown (Crème Brûlée is a French dessert, but the image does not provide enough information to determine the country of origin for this specific dish)",Spain,
granite4v,E1_img_0131_mixed_N2_k1_P1,open,item,Crème Brûlée,Crema catalana,
granite4v,E1_img_0131_mixed_N2_k1_P1,open,country,"Unknown (Crème Brûlée is a French dessert, but the image does not provide enough information to determine the specific country of origin for this particular preparation)",Spain,
granite4v,E1_img_0131_mixed_N3_k1_P1,open,item,Crème Brûlée,Crema catalana,
granite4v,E1_img_0131_mixed_N3_k1_P1,open,country,Unknown (Crème Brûlée is a French dessert),Spain,
granite4v,E1_img_0131_mixed_N4_k1_P1,open,item,Crème Brûlée,Crema catalana,
granite4v,E1_img_0131_mixed_N4_k1_P1,open,country,"Unknown (Crème Brûlée is a French dessert, but the image does not provide enough information to determine the specific country of origin for this particular preparation.)",Spain,
granite4v,E2_img_0131_mixed_N5_k1_P1,open,item,Crème Brûlée,Crema catalana,
granite4v,E2_img_0131_mixed_N5_k1_P1,open,country,"Unknown (Crème Brûlée is a French dessert, but the image does not provide enough information to determine the specific country of origin for this particular dish.)",Spain,
granite4v,E2_img_0131_mixed_N5_k2_P1,open,item,Crème Brûlée,Crema catalana,
granite4v,E2_img_0131_mixed_N5_k3_P1,open,item,Crème Brûlée,Crema catalana,
granite4v,E2_img_0131_mixed_N5_k4_P1,open,item,Crème Brûlée,Crema catalana,
granite4v,E2_img_0131_mixed_N5_k5_P1,open,item,Crème Brûlée,Crema catalana,
granite4v,E2_img_0131_mixed_N5_k5_P1,open,country,"Unknown (Crème Brûlée is a French dessert, but the image does not provide enough information to determine the specific country of origin for this particular dish.)",Spain,
granite4v,E3_img_0131_near_N2_k1_P1,open,item,Crème Brûlée,Crema catalana,
granite4v,E3_img_0131_near_N2_k1_P1,open,country,"Unknown (Crème Brûlée is a French dessert, but the image does not provide enough information to determine the specific country of origin for this particular dish)",Spain,
granite4v,E3_img_0131_near_N5_k3_P1,open,item,Crème Brûlée,Crema catalana,
granite4v,E3_img_0131_near_N5_k3_P1,open,country,"Unknown (Crème Brûlée is a French dessert, but the image does not provide enough information to determine the specific country of origin for this particular dish.)",Spain,
granite4v,E3_img_0131_far_N2_k1_P1,open,item,Crème Brûlée,Crema catalana,
granite4v,E3_img_0131_far_N2_k1_P1,open,country,"Unknown (Crème Brûlée is a French dessert, but the image does not provide enough information to determine the specific country of origin for this particular dish)",Spain,
granite4v,E3_img_0131_far_N5_k3_P1,open,item,Crème Brûlée,Crema catalana,
granite4v,E3_img_0131_far_N5_k3_P1,open,country,Unknown (Crème Brûlée is a French dessert and can be found in many countries),Spain,
granite4v,E5_img_0131_mixed_N1_k1_P2,open,item,Crème Brûlée,Crema catalana,
granite4v,E5_img_0131_mixed_N1_k1_P2,open,country,France,Spain,
granite4v,E5_img_0131_mixed_N2_k1_P2,open,item,Crème Brûlée,Crema catalana,
granite4v,E5_img_0131_mixed_N2_k1_P2,open,country,France,Spain,
granite4v,E5_img_0131_mixed_N3_k1_P2,open,item,Crème Brûlée,Crema catalana,
granite4v,E5_img_0131_mixed_N3_k1_P2,open,country,France,Spain,
granite4v,E5_img_0131_mixed_N4_k1_P2,open,item,Crème Brûlée,Crema catalana,
granite4v,E5_img_0131_mixed_N4_k1_P2,open,country,France,Spain,
granite4v,E5_img_0131_mixed_N5_k3_P2,open,item,Crème Brûlée,Crema catalana,
granite4v,E5_img_0131_mixed_N5_k3_P2,open,country,France,Spain,
granite4v,E5_img_0131_mixed_N1_k1_P3,open,item,Crème Brûlée,Crema catalana,
granite4v,E5_img_0131_mixed_N2_k1_P3,open,item,Crème Brûlée,Crema catalana,
granite4v,E5_img_0131_mixed_N3_k1_P3,open,item,Crème Brûlée,Crema catalana,
granite4v,E5_img_0131_mixed_N4_k1_P3,open,item,Crème Brûlée,Crema catalana,
granite4v,E5_img_0131_mixed_N5_k3_P3,open,item,Crème Brûlée,Crema catalana,
granite4v,E6_img_0131_mixed_N1_k1_P4,open,item,Crème brûlée,Crema catalana,
granite4v,E6_img_0131_mixed_N1_k1_P4,open,country,France,Spain,
granite4v,E6_img_0131_mixed_N2_k1_P4,open,item,Crème brûlée,Crema catalana,
granite4v,E6_img_0131_mixed_N2_k1_P4,open,country,"Unknown (crème brûlée is a French dessert, but the specific dish in the image could be from any country that serves this dessert)",Spain,
granite4v,E6_img_0131_mixed_N3_k1_P4,open,item,Crème brûlée,Crema catalana,
granite4v,E6_img_0131_mixed_N3_k1_P4,open,country,"Unknown (crème brûlée is a French dessert, but the image does not provide enough context to determine the country of origin)",Spain,
granite4v,E6_img_0131_mixed_N4_k1_P4,open,item,crème brûlée,Crema catalana,
granite4v,E6_img_0131_mixed_N5_k3_P4,open,item,creme brulee,Crema catalana,
granite4v,E6_img_0131_mixed_N5_k3_P4,open,country,France,Spain,
granite4v,E1_img_0139_mixed_N1_k1_P1,open,item,Green tea boba,Douhua,
granite4v,E1_img_0139_mixed_N2_k2_P1,open,item,Green tea dessert,Douhua,
granite4v,E1_img_0139_mixed_N3_k2_P1,open,item,Matcha pudding,Douhua,
granite4v,E1_img_0139_mixed_N3_k2_P1,open,country,Japan,China,
granite4v,E1_img_0139_mixed_N4_k2_P1,open,item,Matcha pudding,Douhua,
granite4v,E1_img_0139_mixed_N4_k2_P1,open,country,Japan,China,
granite4v,E2_img_0139_mixed_N5_k1_P1,open,item,Green tea boba,Douhua,
granite4v,E2_img_0139_mixed_N5_k2_P1,open,item,Matcha pudding,Douhua,
granite4v,E2_img_0139_mixed_N5_k2_P1,open,country,Japan,China,
granite4v,E2_img_0139_mixed_N5_k3_P1,open,item,Green tea dessert,Douhua,
granite4v,E2_img_0139_mixed_N5_k4_P1,open,item,Green tea dessert,Douhua,
granite4v,E2_img_0139_mixed_N5_k5_P1,open,item,Green tea dessert,Douhua,
granite4v,E3_img_0139_near_N2_k2_P1,open,item,Matcha pudding,Douhua,
granite4v,E3_img_0139_near_N2_k2_P1,open,country,Japan,China,
granite4v,E3_img_0139_near_N5_k4_P1,open,item,Green tea dessert,Douhua,
granite4v,E3_img_0139_far_N2_k2_P1,open,item,Green tea dessert,Douhua,
granite4v,E3_img_0139_far_N5_k4_P1,open,item,Mochi,Douhua,
granite4v,E1_img_0193_mixed_N1_k1_P1,open,item,Chocolate mousse cake,Merveilleux,
granite4v,E1_img_0193_mixed_N2_k1_P1,open,item,Chocolate mousse cake,Merveilleux,
granite4v,E1_img_0193_mixed_N3_k3_P1,open,item,Chocolate mousse cake,Merveilleux,
granite4v,E1_img_0193_mixed_N4_k3_P1,open,item,Chocolate mousse cake,Merveilleux,
granite4v,E2_img_0193_mixed_N5_k1_P1,open,item,Chocolate mousse cake,Merveilleux,
granite4v,E2_img_0193_mixed_N5_k2_P1,open,item,Chocolate cake,Merveilleux,
granite4v,E2_img_0193_mixed_N5_k3_P1,open,item,Chocolate mousse cake,Merveilleux,
granite4v,E2_img_0193_mixed_N5_k4_P1,open,item,Chocolate mousse cake,Merveilleux,
granite4v,E2_img_0193_mixed_N5_k5_P1,open,item,Chocolate mousse cake,Merveilleux,
granite4v,E3_img_0193_near_N2_k1_P1,open,item,Chocolate mousse cake,Merveilleux,
granite4v,E3_img_0193_near_N5_k5_P1,open,item,Chocolate mousse cake,Merveilleux,
granite4v,E3_img_0193_far_N2_k1_P1,open,item,Chocolate mousse cake,Merveilleux,
granite4v,E3_img_0193_far_N5_k5_P1,open,item,Chocolate mousse cake,Merveilleux,
granite4v,E1_img_0430_mixed_N3_k1_P1,open,country,"Unknown (Eclairs are a French pastry, but the specific type shown could be from any country that serves them)",France,
granite4v,E6_img_0430_mixed_N2_k2_P4,open,item,Cream puff,Éclair,
granite4v,E6_img_0430_mixed_N3_k1_P4,open,item,Chocolate-covered pastry with cream filling,Éclair,
granite4v,E6_img_0430_mixed_N3_k1_P4,open,country,"Unknown (common in many countries, but the specific country cannot be determined from the image alone)",France,
granite4v,E6_img_0430_mixed_N4_k4_P4,open,item,coconut donut,Éclair,
granite4v,E1_img_0404_mixed_N1_k1_P1,open,item,Mussels,Century egg,
granite4v,E1_img_0404_mixed_N2_k1_P1,open,item,Mussels,Century egg,
granite4v,E1_img_0404_mixed_N2_k1_P1,open,country,"Unknown (The dish is characteristic of East Asian cuisine, but the specific country cannot be determined from the image alone.)",China,
granite4v,E1_img_0404_mixed_N3_k2_P1,open,item,Mussels,Century egg,
granite4v,E1_img_0404_mixed_N4_k1_P1,open,item,Mussels,Century egg,
granite4v,E1_img_0404_mixed_N4_k1_P1,open,country,"Unknown (The dish resembles a type of seafood that is commonly found in various cuisines around the world, but without specific cultural indicators, the exact country cannot be determined from the image alone.)",China,
granite4v,E2_img_0404_mixed_N5_k1_P1,open,item,Mussels,Century egg,
granite4v,E2_img_0404_mixed_N5_k1_P1,open,country,"Unknown (The dish is characteristic of East Asian cuisine, particularly Chinese, but the specific country cannot be determined from the image alone.)",China,
granite4v,E2_img_0404_mixed_N5_k2_P1,open,item,Mussels,Century egg,
granite4v,E2_img_0404_mixed_N5_k3_P1,open,item,Mussels,Century egg,
granite4v,E2_img_0404_mixed_N5_k4_P1,open,item,Mussels,Century egg,
granite4v,E2_img_0404_mixed_N5_k5_P1,open,item,Mussels,Century egg,
granite4v,E3_img_0404_near_N2_k1_P1,open,item,Mussels,Century egg,
granite4v,E3_img_0404_near_N2_k1_P1,open,country,"Unknown (The dish is characteristic of East Asian cuisine, particularly Chinese, but the specific country cannot be determined from the image alone.)",China,
granite4v,E3_img_0404_near_N5_k2_P1,open,item,Mussels,Century egg,
granite4v,E3_img_0404_far_N2_k1_P1,open,item,Mussels,Century egg,
granite4v,E3_img_0404_far_N5_k2_P1,open,item,Mussels,Century egg,
granite4v,E1_img_0119_mixed_N1_k1_P1,open,item,jalebi,Chandrakala,
granite4v,E1_img_0119_mixed_N2_k2_P1,open,item,Pastry,Chandrakala,
granite4v,E1_img_0119_mixed_N3_k3_P1,open,item,Kheer,Chandrakala,
granite4v,E1_img_0119_mixed_N3_k3_P1,open,country,"Unknown (Kheer is a traditional Indian dessert and can be found in various countries with Indian influence, but it is not exclusive to any one country)",India,
granite4v,E1_img_0119_mixed_N4_k2_P1,open,item,Paella,Chandrakala,
granite4v,E1_img_0119_mixed_N4_k2_P1,open,country,Spain,India,
granite4v,E2_img_0119_mixed_N5_k1_P1,open,item,Paella,Chandrakala,
granite4v,E2_img_0119_mixed_N5_k1_P1,open,country,Spain,India,
granite4v,E2_img_0119_mixed_N5_k2_P1,open,item,Halva,Chandrakala,
granite4v,E2_img_0119_mixed_N5_k2_P1,open,country,"Unknown (Halva is a dessert found in many countries with Middle Eastern, Mediterranean, and Central Asian origins)",India,
granite4v,E2_img_0119_mixed_N5_k3_P1,open,item,Halva,Chandrakala,
granite4v,E2_img_0119_mixed_N5_k4_P1,open,item,Paella,Chandrakala,
granite4v,E2_img_0119_mixed_N5_k4_P1,open,country,Spain,India,
granite4v,E2_img_0119_mixed_N5_k5_P1,open,item,Paella,Chandrakala,
granite4v,E2_img_0119_mixed_N5_k5_P1,open,country,Spain,India,
granite4v,E3_img_0119_near_N2_k2_P1,open,item,Pastry,Chandrakala,
granite4v,E3_img_0119_near_N5_k3_P1,open,item,Paella,Chandrakala,
granite4v,E3_img_0119_near_N5_k3_P1,open,country,Spain,India,
granite4v,E3_img_0119_far_N2_k2_P1,open,item,jalebi,Chandrakala,
granite4v,E3_img_0119_far_N5_k3_P1,open,item,Falooda,Chandrakala,
granite4v,E1_img_0409_mixed_N1_k1_P1,open,item,Dal,Chapati,
granite4v,E1_img_0409_mixed_N2_k1_P1,open,item,Dal,Chapati,
granite4v,E1_img_0409_mixed_N3_k1_P1,open,item,Dal,Chapati,
granite4v,E1_img_0409_mixed_N4_k3_P1,open,item,Naan bread with vegetable curry,Chapati,
granite4v,E2_img_0409_mixed_N5_k1_P1,open,item,Dal,Chapati,
granite4v,E2_img_0409_mixed_N5_k2_P1,open,item,Indian-style dal with roti,Chapati,
granite4v,E2_img_0409_mixed_N5_k3_P1,open,item,Indian-style vegetable curry with naan bread,Chapati,
granite4v,E2_img_0409_mixed_N5_k4_P1,open,item,Tandoori chicken,Chapati,
granite4v,E2_img_0409_mixed_N5_k5_P1,open,item,Naan bread with vegetable curry,Chapati,
granite4v,E3_img_0409_near_N2_k1_P1,open,item,Dal and Naan,Chapati,
granite4v,E3_img_0409_near_N2_k1_P1,open,country,"Unknown (Dal and Naan are traditional dishes from the Indian subcontinent, but the specific country cannot be determined from the image alone.)",India,
granite4v,E3_img_0409_near_N5_k4_P1,open,item,Naan bread with vegetable curry,Chapati,
granite4v,E3_img_0409_far_N2_k1_P1,open,item,Dal Makhani,Chapati,
granite4v,E3_img_0409_far_N5_k4_P1,open,item,Tostada,Chapati,
granite4v,E5_img_0409_mixed_N1_k1_P2,open,item,Dal,Chapati,
granite4v,E5_img_0409_mixed_N2_k1_P2,open,item,Dal,Chapati,
granite4v,E5_img_0409_mixed_N3_k1_P2,open,item,Dal,Chapati,
granite4v,E5_img_0409_mixed_N4_k3_P2,open,item,Naan bread with vegetable curry,Chapati,
granite4v,E5_img_0409_mixed_N5_k4_P2,open,item,Naan bread with vegetable curry,Chapati,
granite4v,E5_img_0409_mixed_N1_k1_P3,open,item,Dal,Chapati,
granite4v,E5_img_0409_mixed_N2_k1_P3,open,item,Dal,Chapati,
granite4v,E5_img_0409_mixed_N3_k1_P3,open,item,Dal,Chapati,
granite4v,E5_img_0409_mixed_N4_k3_P3,open,item,Naan,Chapati,
granite4v,E6_img_0409_mixed_N1_k1_P4,open,item,Dal Makhani,Chapati,
granite4v,E6_img_0409_mixed_N2_k1_P4,open,item,Flatbread with vegetable curry,Chapati,
granite4v,E6_img_0409_mixed_N2_k1_P4,open,country,"Unknown (based on the image alone, the specific country cannot be determined with certainty)",India,
granite4v,E6_img_0409_mixed_N3_k1_P4,open,item,Flatbread with vegetable curry,Chapati,
granite4v,E6_img_0409_mixed_N3_k1_P4,open,country,"Unknown (based on the image alone, the specific country cannot be determined with certainty)",India,
granite4v,E6_img_0409_mixed_N4_k3_P4,open,item,Yellow lentil curry with flatbread,Chapati,
granite4v,E6_img_0409_mixed_N4_k3_P4,open,country,"Unknown (based on the image alone, the specific country cannot be determined with certainty)",India,
granite4v,E6_img_0409_mixed_N5_k4_P4,open,item,Pupusas,Chapati,
granite4v,E1_img_0238_mixed_N1_k1_P1,open,item,Mashed potatoes,Syllabub,
granite4v,E1_img_0238_mixed_N2_k2_P1,open,item,Cream cheese,Syllabub,
granite4v,E1_img_0238_mixed_N3_k2_P1,open,item,Cream,Syllabub,
granite4v,E1_img_0238_mixed_N4_k4_P1,open,item,Cream,Syllabub,
granite4v,E2_img_0238_mixed_N5_k1_P1,open,item,Cream cheese,Syllabub,
granite4v,E2_img_0238_mixed_N5_k2_P1,open,item,Cream cheese,Syllabub,
granite4v,E2_img_0238_mixed_N5_k3_P1,open,item,Cream cheese,Syllabub,
granite4v,E2_img_0238_mixed_N5_k4_P1,open,item,Cream cheese,Syllabub,
granite4v,E2_img_0238_mixed_N5_k5_P1,open,item,Cream cheese,Syllabub,
granite4v,E3_img_0238_near_N2_k2_P1,open,item,Mousse,Syllabub,
granite4v,E3_img_0238_near_N5_k5_P1,open,item,Baked Alaska,Syllabub,
granite4v,E3_img_0238_far_N2_k2_P1,open,item,Mousse,Syllabub,
granite4v,E3_img_0238_far_N5_k5_P1,open,item,Cream cheese,Syllabub,
granite4v,E1_img_0524_mixed_N1_k1_P1,open,item,Shrimp Tacos,Tostada,
granite4v,E1_img_0524_mixed_N2_k1_P1,open,item,Shrimp Tacos,Tostada,
granite4v,E1_img_0524_mixed_N3_k3_P1,open,item,Shrimp tacos,Tostada,
granite4v,E1_img_0524_mixed_N4_k1_P1,open,item,Shrimp tacos,Tostada,
granite4v,E2_img_0524_mixed_N5_k1_P1,open,item,Shrimp tacos,Tostada,
granite4v,E2_img_0524_mixed_N5_k2_P1,open,item,Shrimp tacos,Tostada,
granite4v,E2_img_0524_mixed_N5_k3_P1,open,item,Shrimp Tacos,Tostada,
granite4v,E2_img_0524_mixed_N5_k4_P1,open,item,Shrimp tacos,Tostada,
granite4v,E2_img_0524_mixed_N5_k5_P1,open,item,Shrimp tacos,Tostada,
granite4v,E3_img_0524_near_N5_k1_P1,open,country,"Unknown (The dish is a fusion of Mexican and American cuisines, but the specific country of origin for this particular dish is not definitively identifiable from the image alone.)",Mexico,
granite4v,E3_img_0524_far_N2_k1_P1,open,item,Shrimp Tacos,Tostada,
granite4v,E3_img_0524_far_N5_k1_P1,open,item,Shrimp tacos,Tostada,
granite4v,E1_img_0235_mixed_N1_k1_P1,open,item,Ice cream,Stracciatella,
granite4v,E1_img_0235_mixed_N2_k2_P1,open,item,Ice cream,Stracciatella,
granite4v,E1_img_0235_mixed_N3_k1_P1,open,item,Ice cream,Stracciatella,
granite4v,E1_img_0235_mixed_N4_k2_P1,open,item,Ice cream,Stracciatella,
granite4v,E2_img_0235_mixed_N5_k1_P1,open,item,Ice cream,Stracciatella,
granite4v,E2_img_0235_mixed_N5_k2_P1,open,item,Ice cream,Stracciatella,
granite4v,E2_img_0235_mixed_N5_k3_P1,open,item,Ice cream,Stracciatella,
granite4v,E2_img_0235_mixed_N5_k4_P1,open,item,Ice cream,Stracciatella,
granite4v,E2_img_0235_mixed_N5_k5_P1,open,item,Ice cream,Stracciatella,
granite4v,E3_img_0235_near_N2_k2_P1,open,item,Ice cream,Stracciatella,
granite4v,E3_img_0235_near_N5_k2_P1,open,item,Ice cream,Stracciatella,
granite4v,E3_img_0235_far_N2_k2_P1,open,item,Ice cream,Stracciatella,
granite4v,E3_img_0235_far_N5_k2_P1,open,item,Ice cream,Stracciatella,
granite4v,E5_img_0235_mixed_N1_k1_P2,open,item,Ice cream,Stracciatella,
granite4v,E5_img_0235_mixed_N2_k2_P2,open,item,Ice cream,Stracciatella,
granite4v,E5_img_0235_mixed_N3_k1_P2,open,item,Ice cream,Stracciatella,
granite4v,E5_img_0235_mixed_N4_k2_P2,open,item,Ice cream,Stracciatella,
granite4v,E5_img_0235_mixed_N5_k2_P2,open,item,Ice cream,Stracciatella,
granite4v,E5_img_0235_mixed_N1_k1_P3,open,item,Ice cream,Stracciatella,
granite4v,E5_img_0235_mixed_N2_k2_P3,open,item,Ice cream,Stracciatella,
granite4v,E5_img_0235_mixed_N3_k1_P3,open,item,Ice cream,Stracciatella,
granite4v,E5_img_0235_mixed_N4_k2_P3,open,item,Ice cream,Stracciatella,
granite4v,E5_img_0235_mixed_N5_k2_P3,open,item,Ice cream,Stracciatella,
granite4v,E6_img_0235_mixed_N1_k1_P4,open,item,Ice cream cone,Stracciatella,
granite4v,E6_img_0235_mixed_N2_k2_P4,open,item,Ice cream,Stracciatella,
granite4v,E6_img_0235_mixed_N3_k1_P4,open,item,Ice cream with chocolate drizzle,Stracciatella,
granite4v,E6_img_0235_mixed_N3_k1_P4,open,country,Unknown (The image does not provide enough information to determine the country of origin for the ice cream.),Italy,
granite4v,E6_img_0235_mixed_N4_k2_P4,open,item,ice cream,Stracciatella,
granite4v,E6_img_0235_mixed_N5_k2_P4,open,item,ice cream,Stracciatella,
granite4v,E1_img_0170_mixed_N1_k1_P1,open,item,Baklava,Kalburabastı,
granite4v,E1_img_0170_mixed_N1_k1_P1,open,country,"Unknown (Baklava is a traditional Middle Eastern dessert, but it is not specific to one country)",Turkey,
granite4v,E1_img_0170_mixed_N2_k1_P1,open,item,Baklava,Kalburabastı,
granite4v,E1_img_0170_mixed_N2_k1_P1,open,country,"Unknown (Baklava is a traditional Middle Eastern dessert, but it is not specific to one country)",Turkey,
granite4v,E1_img_0170_mixed_N3_k2_P1,open,item,Baklava,Kalburabastı,
granite4v,E1_img_0170_mixed_N4_k3_P1,open,item,Baklava,Kalburabastı,
granite4v,E2_img_0170_mixed_N5_k1_P1,open,item,Baklava,Kalburabastı,
granite4v,E2_img_0170_mixed_N5_k1_P1,open,country,Unknown (Baklava is a traditional Middle Eastern dessert),Turkey,
granite4v,E2_img_0170_mixed_N5_k2_P1,open,item,Baklava,Kalburabastı,
granite4v,E2_img_0170_mixed_N5_k3_P1,open,item,Baklava,Kalburabastı,
granite4v,E2_img_0170_mixed_N5_k4_P1,open,item,Baklava,Kalburabastı,
granite4v,E2_img_0170_mixed_N5_k5_P1,open,item,Baklava,Kalburabastı,
granite4v,E3_img_0170_near_N2_k1_P1,open,item,Baklava,Kalburabastı,
granite4v,E3_img_0170_near_N2_k1_P1,open,country,"Unknown (Baklava is a traditional Middle Eastern dessert, but it is not specific to one country)",Turkey,
granite4v,E3_img_0170_near_N5_k3_P1,open,item,Baklava,Kalburabastı,
granite4v,E3_img_0170_near_N5_k3_P1,open,country,Unknown (Baklava is a Middle Eastern dessert),Turkey,
granite4v,E3_img_0170_far_N2_k1_P1,open,item,Baklava,Kalburabastı,
granite4v,E3_img_0170_far_N2_k1_P1,open,country,"Unknown (Baklava is a traditional Middle Eastern dessert, but it is not specific to one country)",Turkey,
granite4v,E3_img_0170_far_N5_k3_P1,open,item,Baklava,Kalburabastı,
granite4v,E3_img_0170_far_N5_k3_P1,open,country,Unknown (Baklava is a traditional Middle Eastern dessert),Turkey,
granite4v,E1_img_0099_mixed_N1_k1_P1,open,item,Fried rice,Bánh chuối,
granite4v,E1_img_0099_mixed_N2_k2_P1,open,item,Fried bread,Bánh chuối,
granite4v,E1_img_0099_mixed_N3_k3_P1,open,item,Fried bread,Bánh chuối,
granite4v,E1_img_0099_mixed_N4_k4_P1,open,item,Fried flatbread,Bánh chuối,
granite4v,E2_img_0099_mixed_N5_k1_P1,open,item,Apple crumble,Bánh chuối,
granite4v,E2_img_0099_mixed_N5_k2_P1,open,item,Fried flatbread,Bánh chuối,
granite4v,E2_img_0099_mixed_N5_k3_P1,open,item,Fried bread,Bánh chuối,
granite4v,E2_img_0099_mixed_N5_k4_P1,open,item,Fried pastry,Bánh chuối,
granite4v,E2_img_0099_mixed_N5_k5_P1,open,item,Fried flatbread,Bánh chuối,
granite4v,E3_img_0099_near_N2_k2_P1,open,item,Pancakes,Bánh chuối,
granite4v,E3_img_0099_near_N5_k4_P1,open,item,Fried rice,Bánh chuối,
granite4v,E3_img_0099_far_N2_k2_P1,open,item,Pancakes,Bánh chuối,
granite4v,E3_img_0099_far_N5_k4_P1,open,item,Pancakes,Bánh chuối,
granite4v,E1_img_0349_mixed_N1_k1_P1,open,item,Lemonade,Screwdriver,
granite4v,E1_img_0349_mixed_N2_k1_P1,open,item,Lemonade,Screwdriver,
granite4v,E1_img_0349_mixed_N3_k1_P1,open,item,Lemonade,Screwdriver,
granite4v,E1_img_0349_mixed_N4_k1_P1,open,item,Lemonade,Screwdriver,
granite4v,E2_img_0349_mixed_N5_k1_P1,open,item,Lemonade,Screwdriver,
granite4v,E2_img_0349_mixed_N5_k2_P1,open,item,Lemonade,Screwdriver,
granite4v,E2_img_0349_mixed_N5_k3_P1,open,item,Lemonade,Screwdriver,
granite4v,E2_img_0349_mixed_N5_k4_P1,open,item,Lemonade,Screwdriver,
granite4v,E2_img_0349_mixed_N5_k5_P1,open,item,Lemonade,Screwdriver,
granite4v,E3_img_0349_far_N2_k1_P1,open,item,Lemonade,Screwdriver,
granite4v,E3_img_0349_far_N5_k5_P1,open,item,Lemonade,Screwdriver,
granite4v,E5_img_0349_mixed_N1_k1_P2,open,item,Margarita,Screwdriver,
granite4v,E5_img_0349_mixed_N2_k1_P2,open,item,Lemonade,Screwdriver,
granite4v,E5_img_0349_mixed_N3_k1_P2,open,item,Lemonade,Screwdriver,
granite4v,E5_img_0349_mixed_N4_k1_P2,open,item,Lemonade,Screwdriver,
granite4v,E5_img_0349_mixed_N5_k5_P2,open,item,Lemonade,Screwdriver,
granite4v,E5_img_0349_mixed_N1_k1_P3,open,item,Margarita,Screwdriver,
granite4v,E5_img_0349_mixed_N2_k1_P3,open,item,Mojito,Screwdriver,
granite4v,E5_img_0349_mixed_N3_k1_P3,open,item,Mojito,Screwdriver,
granite4v,E5_img_0349_mixed_N4_k1_P3,open,item,Mojito,Screwdriver,
granite4v,E5_img_0349_mixed_N5_k5_P3,open,item,cocktail,Screwdriver,
granite4v,E6_img_0349_mixed_N1_k1_P4,open,item,lemonade,Screwdriver,
granite4v,E6_img_0349_mixed_N2_k1_P4,open,item,Citrus-flavored drink,Screwdriver,
granite4v,E6_img_0349_mixed_N3_k1_P4,open,item,Iced tea,Screwdriver,
granite4v,E6_img_0349_mixed_N3_k1_P4,open,country,"Unknown (based on the image alone, the specific country of origin cannot be determined)",United States,
granite4v,E6_img_0349_mixed_N4_k1_P4,open,item,Iced tea,Screwdriver,
granite4v,E6_img_0349_mixed_N4_k1_P4,open,country,"Unknown (based on the image alone, the specific country of origin cannot be determined)",United States,
granite4v,E6_img_0349_mixed_N5_k5_P4,open,item,sandwich,Screwdriver,
granite4v,E1_img_0269_mixed_N1_k1_P1,open,item,soup,Bandrek,
granite4v,E1_img_0269_mixed_N2_k2_P1,open,item,soup,Bandrek,
granite4v,E1_img_0269_mixed_N3_k2_P1,open,item,Hot chocolate,Bandrek,
granite4v,E1_img_0269_mixed_N4_k2_P1,open,item,Hot chocolate,Bandrek,
granite4v,E2_img_0269_mixed_N5_k1_P1,open,item,soup,Bandrek,
granite4v,E2_img_0269_mixed_N5_k2_P1,open,item,Hot chocolate,Bandrek,
granite4v,E2_img_0269_mixed_N5_k3_P1,open,item,soup,Bandrek,
granite4v,E2_img_0269_mixed_N5_k4_P1,open,item,Hot chocolate,Bandrek,
granite4v,E2_img_0269_mixed_N5_k5_P1,open,item,Hot chocolate,Bandrek,
granite4v,E3_img_0269_near_N2_k2_P1,open,item,Hot chocolate,Bandrek,
granite4v,E3_img_0269_near_N5_k1_P1,open,item,Hot chocolate,Bandrek,
granite4v,E3_img_0269_near_N5_k1_P1,open,country,Unknown (The image does not provide enough information to determine the specific country of origin for the hot chocolate.),Indonesia,
granite4v,E3_img_0269_far_N2_k2_P1,open,item,Hot chocolate,Bandrek,
granite4v,E3_img_0269_far_N5_k1_P1,open,item,soup,Bandrek,
granite4v,E1_img_0256_mixed_N1_k1_P1,open,item,Croissant,Xuixo,
granite4v,E1_img_0256_mixed_N2_k1_P1,open,item,Croissant,Xuixo,
granite4v,E1_img_0256_mixed_N3_k3_P1,open,item,Croissant,Xuixo,
granite4v,E1_img_0256_mixed_N4_k3_P1,open,item,Croissant,Xuixo,
granite4v,E2_img_0256_mixed_N5_k1_P1,open,item,Croissant,Xuixo,
granite4v,E2_img_0256_mixed_N5_k1_P1,open,country,"Unknown (Croissants are a popular pastry in many countries, including France, but the specific origin of the croissant in the image cannot be determined from the image alone.)",Spain,
granite4v,E2_img_0256_mixed_N5_k2_P1,open,item,Croissant,Xuixo,
granite4v,E2_img_0256_mixed_N5_k3_P1,open,item,Croissant,Xuixo,
granite4v,E2_img_0256_mixed_N5_k4_P1,open,item,Croissant,Xuixo,
granite4v,E2_img_0256_mixed_N5_k5_P1,open,item,Croissant,Xuixo,
granite4v,E3_img_0256_near_N2_k1_P1,open,item,Croissant,Xuixo,
granite4v,E3_img_0256_near_N2_k1_P1,open,country,"Unknown (Croissants are a popular pastry in many countries, including France, but the specific origin of the image cannot be determined from the image alone.)",Spain,
granite4v,E3_img_0256_near_N5_k2_P1,open,item,Croissant,Xuixo,
granite4v,E3_img_0256_near_N5_k2_P1,open,country,France,Spain,
granite4v,E3_img_0256_far_N2_k1_P1,open,item,Croissant,Xuixo,
granite4v,E3_img_0256_far_N2_k1_P1,open,country,"Unknown (Croissants are a popular pastry in many countries, including France, but the specific origin cannot be determined from the image alone.)",Spain,
granite4v,E3_img_0256_far_N5_k2_P1,open,item,Croissant,Xuixo,
granite4v,E1_img_0263_mixed_N1_k1_P1,open,item,Matcha latte,Amazake,
granite4v,E1_img_0263_mixed_N2_k2_P1,open,item,Matcha latte,Amazake,
granite4v,E1_img_0263_mixed_N3_k1_P1,open,item,Matcha latte,Amazake,
granite4v,E1_img_0263_mixed_N4_k4_P1,open,item,Matcha latte,Amazake,
granite4v,E2_img_0263_mixed_N5_k1_P1,open,item,Matcha latte,Amazake,
granite4v,E2_img_0263_mixed_N5_k2_P1,open,item,Matcha latte,Amazake,
granite4v,E2_img_0263_mixed_N5_k3_P1,open,item,Matcha latte,Amazake,
granite4v,E2_img_0263_mixed_N5_k4_P1,open,item,Matcha latte,Amazake,
granite4v,E2_img_0263_mixed_N5_k5_P1,open,item,Matcha latte,Amazake,
granite4v,E3_img_0263_near_N2_k2_P1,open,item,Matcha latte,Amazake,
granite4v,E3_img_0263_near_N5_k3_P1,open,item,Matcha latte,Amazake,
granite4v,E3_img_0263_far_N2_k2_P1,open,item,Matcha latte,Amazake,
granite4v,E3_img_0263_far_N5_k3_P1,open,item,Matcha latte,Amazake,
granite4v,E5_img_0263_mixed_N1_k1_P2,open,item,Matcha latte,Amazake,
granite4v,E5_img_0263_mixed_N2_k2_P2,open,item,Matcha latte,Amazake,
granite4v,E5_img_0263_mixed_N3_k1_P2,open,item,Matcha latte,Amazake,
granite4v,E5_img_0263_mixed_N4_k4_P2,open,item,Matcha latte,Amazake,
granite4v,E5_img_0263_mixed_N5_k3_P2,open,item,Matcha latte,Amazake,
granite4v,E5_img_0263_mixed_N1_k1_P3,open,item,Matcha latte,Amazake,
granite4v,E5_img_0263_mixed_N2_k2_P3,open,item,Matcha latte,Amazake,
granite4v,E5_img_0263_mixed_N3_k1_P3,open,item,Matcha latte,Amazake,
granite4v,E5_img_0263_mixed_N4_k4_P3,open,item,Matcha latte,Amazake,
granite4v,E5_img_0263_mixed_N5_k3_P3,open,item,Matcha latte,Amazake,
granite4v,E6_img_0263_mixed_N1_k1_P4,open,item,Latte,Amazake,
granite4v,E6_img_0263_mixed_N2_k2_P4,open,item,Tea,Amazake,
granite4v,E6_img_0263_mixed_N3_k1_P4,open,item,Latte,Amazake,
granite4v,E6_img_0263_mixed_N3_k1_P4,open,country,Unknown (The image does not provide enough information to determine the country of origin for the latte.),Japan,
granite4v,E6_img_0263_mixed_N4_k4_P4,open,item,cheesecake,Amazake,
granite4v,E6_img_0263_mixed_N5_k3_P4,open,item,cheesecake,Amazake,
granite4v,E1_img_0421_mixed_N1_k1_P1,open,item,Pastel de Nata,Coxinha,
granite4v,E1_img_0421_mixed_N1_k1_P1,open,country,Portugal,Brazil,
granite4v,E1_img_0421_mixed_N2_k1_P1,open,item,Pastel de Nata,Coxinha,
granite4v,E1_img_0421_mixed_N2_k1_P1,open,country,Portugal,Brazil,
granite4v,E1_img_0421_mixed_N3_k2_P1,open,item,Pastel de Churros,Coxinha,
granite4v,E1_img_0421_mixed_N3_k2_P1,open,country,Unknown (but similar pastries are common in Latin American countries),Brazil,
granite4v,E1_img_0421_mixed_N4_k1_P1,open,item,Pastel de Chorizo,Coxinha,
granite4v,E2_img_0421_mixed_N5_k1_P1,open,item,Pastel de Chorizo,Coxinha,
granite4v,E2_img_0421_mixed_N5_k2_P1,open,item,Pastel de Choclo,Coxinha,
granite4v,E2_img_0421_mixed_N5_k2_P1,open,country,"Unknown (However, Pastel de Choclo is a traditional food from Argentina and Uruguay)",Brazil,
granite4v,E2_img_0421_mixed_N5_k3_P1,open,item,Pastel de Choclo,Coxinha,
granite4v,E2_img_0421_mixed_N5_k4_P1,open,item,Pastel de Nata,Coxinha,
granite4v,E2_img_0421_mixed_N5_k4_P1,open,country,Portugal,Brazil,
granite4v,E2_img_0421_mixed_N5_k5_P1,open,item,Pastel de Choclo,Coxinha,
granite4v,E3_img_0421_near_N2_k1_P1,open,item,Pastel de Nata,Coxinha,
granite4v,E3_img_0421_near_N2_k1_P1,open,country,Portugal,Brazil,
granite4v,E3_img_0421_near_N5_k4_P1,open,item,Pastel de Nata,Coxinha,
granite4v,E3_img_0421_near_N5_k4_P1,open,country,Portugal,Brazil,
granite4v,E3_img_0421_far_N2_k1_P1,open,item,Pastel de Nata,Coxinha,
granite4v,E3_img_0421_far_N2_k1_P1,open,country,Portugal,Brazil,
granite4v,E3_img_0421_far_N5_k4_P1,open,item,Pastel de Nata,Coxinha,
granite4v,E3_img_0421_far_N5_k4_P1,open,country,Portugal,Brazil,
granite4v,E1_img_0270_mixed_N1_k1_P1,open,item,Juice,Batida,
granite4v,E1_img_0270_mixed_N2_k2_P1,open,item,Juice,Batida,
granite4v,E1_img_0270_mixed_N3_k3_P1,open,item,Juice,Batida,
granite4v,E1_img_0270_mixed_N4_k2_P1,open,item,Juice,Batida,
granite4v,E2_img_0270_mixed_N5_k1_P1,open,item,Juice,Batida,
granite4v,E2_img_0270_mixed_N5_k2_P1,open,item,Juice,Batida,
granite4v,E2_img_0270_mixed_N5_k3_P1,open,item,Juice,Batida,
granite4v,E2_img_0270_mixed_N5_k4_P1,open,item,Juice,Batida,
granite4v,E2_img_0270_mixed_N5_k5_P1,open,item,Juice,Batida,
granite4v,E3_img_0270_near_N5_k5_P1,open,item,Juice,Batida,
granite4v,E3_img_0270_far_N2_k2_P1,open,item,Juice,Batida,
granite4v,E3_img_0270_far_N5_k5_P1,open,item,Juice,Batida,
granite4v,E1_img_0513_mixed_N1_k1_P1,open,item,Mocha,Soufflé,
granite4v,E1_img_0513_mixed_N2_k1_P1,open,item,Mocha,Soufflé,
granite4v,E1_img_0513_mixed_N3_k1_P1,open,item,Mocha,Soufflé,
granite4v,E1_img_0513_mixed_N4_k3_P1,open,item,Mocha,Soufflé,
granite4v,E2_img_0513_mixed_N5_k1_P1,open,item,Mocha,Soufflé,
granite4v,E2_img_0513_mixed_N5_k2_P1,open,item,Mochi,Soufflé,
granite4v,E2_img_0513_mixed_N5_k3_P1,open,item,Mocha,Soufflé,
granite4v,E2_img_0513_mixed_N5_k4_P1,open,item,Mocha,Soufflé,
granite4v,E2_img_0513_mixed_N5_k5_P1,open,item,Mocha,Soufflé,
granite4v,E3_img_0513_near_N2_k1_P1,open,item,Mocha,Soufflé,
granite4v,E3_img_0513_near_N5_k1_P1,open,item,Mocha,Soufflé,
granite4v,E3_img_0513_far_N2_k1_P1,open,item,Mocha,Soufflé,
granite4v,E3_img_0513_far_N5_k1_P1,open,item,Mocha,Soufflé,
granite4v,E5_img_0513_mixed_N1_k1_P2,open,item,Mocha,Soufflé,
granite4v,E5_img_0513_mixed_N2_k1_P2,open,item,Mocha,Soufflé,
granite4v,E5_img_0513_mixed_N3_k1_P2,open,item,Mocha,Soufflé,
granite4v,E5_img_0513_mixed_N4_k3_P2,open,item,Mocha,Soufflé,
granite4v,E5_img_0513_mixed_N5_k1_P2,open,item,Mocha,Soufflé,
granite4v,E5_img_0513_mixed_N1_k1_P3,open,item,Mocha,Soufflé,
granite4v,E5_img_0513_mixed_N2_k1_P3,open,item,Mocha,Soufflé,
granite4v,E5_img_0513_mixed_N3_k1_P3,open,item,Mocha,Soufflé,
granite4v,E5_img_0513_mixed_N4_k3_P3,open,item,Mocha,Soufflé,
granite4v,E5_img_0513_mixed_N5_k1_P3,open,item,Mocha,Soufflé,
granite4v,E6_img_0513_mixed_N1_k1_P4,open,item,Coffee with a cookie,Soufflé,
granite4v,E6_img_0513_mixed_N2_k1_P4,open,item,Coffee with dessert topping,Soufflé,
granite4v,E6_img_0513_mixed_N3_k1_P4,open,item,Coffee with cookie,Soufflé,
granite4v,E6_img_0513_mixed_N4_k3_P4,open,item,Coffee with cookie,Soufflé,
granite4v,E6_img_0513_mixed_N5_k1_P4,open,item,Mocha,Soufflé,
granite4v,E1_img_0335_mixed_N1_k1_P1,open,item,Martini,Paradise,
granite4v,E1_img_0335_mixed_N2_k2_P1,open,item,Martini,Paradise,
granite4v,E1_img_0335_mixed_N3_k2_P1,open,item,Martini,Paradise,
granite4v,E1_img_0335_mixed_N4_k4_P1,open,item,Martini,Paradise,
granite4v,E2_img_0335_mixed_N5_k1_P1,open,item,Martini,Paradise,
granite4v,E2_img_0335_mixed_N5_k2_P1,open,item,Martini,Paradise,
granite4v,E2_img_0335_mixed_N5_k3_P1,open,item,Martini,Paradise,
granite4v,E2_img_0335_mixed_N5_k4_P1,open,item,Martini,Paradise,
granite4v,E2_img_0335_mixed_N5_k5_P1,open,item,Martini,Paradise,
granite4v,E3_img_0335_near_N2_k2_P1,open,item,Martini,Paradise,
granite4v,E3_img_0335_near_N5_k2_P1,open,item,Martini,Paradise,
granite4v,E3_img_0335_far_N2_k2_P1,open,item,Martini,Paradise,
granite4v,E3_img_0335_far_N5_k2_P1,open,item,Martini,Paradise,
granite4v,E1_img_0174_mixed_N1_k1_P1,open,item,Fritters,Khapse,
granite4v,E1_img_0174_mixed_N2_k1_P1,open,item,Fritters,Khapse,
granite4v,E1_img_0174_mixed_N3_k3_P1,open,item,fried pastry,Khapse,
granite4v,E1_img_0174_mixed_N4_k1_P1,open,item,fried pastry,Khapse,
granite4v,E2_img_0174_mixed_N5_k1_P1,open,item,fried pastry,Khapse,
granite4v,E2_img_0174_mixed_N5_k2_P1,open,item,fried pastry,Khapse,
granite4v,E2_img_0174_mixed_N5_k3_P1,open,item,fried pastry,Khapse,
granite4v,E2_img_0174_mixed_N5_k4_P1,open,item,fried pastry,Khapse,
granite4v,E2_img_0174_mixed_N5_k5_P1,open,item,fried dough,Khapse,
granite4v,E3_img_0174_near_N2_k1_P1,open,item,Fritters,Khapse,
granite4v,E3_img_0174_near_N5_k3_P1,open,item,Fritters,Khapse,
granite4v,E3_img_0174_far_N2_k1_P1,open,item,Fritters,Khapse,
granite4v,E3_img_0174_far_N5_k3_P1,open,item,Fritters,Khapse,
granite4v,E1_img_0304_mixed_N1_k1_P1,open,item,Iced coffee,Fernet and Coke,
granite4v,E1_img_0304_mixed_N2_k1_P1,open,item,Iced coffee,Fernet and Coke,
granite4v,E1_img_0304_mixed_N3_k2_P1,open,item,Beer,Fernet and Coke,
granite4v,E1_img_0304_mixed_N4_k3_P1,open,item,Beer,Fernet and Coke,
granite4v,E2_img_0304_mixed_N5_k1_P1,open,item,Beer,Fernet and Coke,
granite4v,E2_img_0304_mixed_N5_k1_P1,open,country,"Unknown (Beer is a widely consumed beverage and can be found in many countries, so the specific country cannot be determined from the image alone.)",Argentina,
granite4v,E2_img_0304_mixed_N5_k2_P1,open,item,Iced coffee,Fernet and Coke,
granite4v,E2_img_0304_mixed_N5_k3_P1,open,item,Beer,Fernet and Coke,
granite4v,E2_img_0304_mixed_N5_k4_P1,open,item,Beer,Fernet and Coke,
granite4v,E2_img_0304_mixed_N5_k5_P1,open,item,Beer,Fernet and Coke,
granite4v,E3_img_0304_near_N2_k1_P1,open,item,Iced coffee,Fernet and Coke,
granite4v,E3_img_0304_near_N5_k5_P1,open,item,Soda,Fernet and Coke,
granite4v,E3_img_0304_far_N2_k1_P1,open,item,Iced coffee,Fernet and Coke,
granite4v,E3_img_0304_far_N5_k5_P1,open,item,Iced coffee,Fernet and Coke,
granite4v,E1_img_0288_mixed_N1_k1_P1,open,item,Coconut milk,Champurrado,
granite4v,E1_img_0288_mixed_N2_k2_P1,open,item,Coconut milk,Champurrado,
granite4v,E1_img_0288_mixed_N3_k3_P1,open,item,Coconut milk,Champurrado,
granite4v,E1_img_0288_mixed_N4_k4_P1,open,item,Coconut milk,Champurrado,
granite4v,E2_img_0288_mixed_N5_k1_P1,open,item,Coconut milk,Champurrado,
granite4v,E2_img_0288_mixed_N5_k2_P1,open,item,Coconut milk,Champurrado,
granite4v,E2_img_0288_mixed_N5_k3_P1,open,item,Coconut milk,Champurrado,
granite4v,E2_img_0288_mixed_N5_k4_P1,open,item,Coconut milk,Champurrado,
granite4v,E2_img_0288_mixed_N5_k5_P1,open,item,Coconut milk,Champurrado,
granite4v,E3_img_0288_near_N2_k2_P1,open,item,Coconut milk,Champurrado,
granite4v,E3_img_0288_near_N5_k1_P1,open,item,Coconut milk,Champurrado,
granite4v,E3_img_0288_far_N2_k2_P1,open,item,Coconut milk,Champurrado,
granite4v,E3_img_0288_far_N5_k1_P1,open,item,Coconut milk,Champurrado,
granite4v,E1_img_0116_mixed_N1_k1_P1,open,item,Green velvet cake,Carac,
granite4v,E1_img_0116_mixed_N2_k1_P1,open,item,Green velvet cake,Carac,
granite4v,E1_img_0116_mixed_N3_k1_P1,open,item,Green velvet cake,Carac,
granite4v,E1_img_0116_mixed_N4_k1_P1,open,item,Tarts,Carac,
granite4v,E2_img_0116_mixed_N5_k1_P1,open,item,Green velvet cake,Carac,
granite4v,E2_img_0116_mixed_N5_k2_P1,open,item,Green tea cake,Carac,
granite4v,E2_img_0116_mixed_N5_k3_P1,open,item,Tiramisu,Carac,
granite4v,E2_img_0116_mixed_N5_k3_P1,open,country,Italy,Switzerland,
granite4v,E2_img_0116_mixed_N5_k4_P1,open,item,Tiramisu,Carac,
granite4v,E2_img_0116_mixed_N5_k4_P1,open,country,Italy,Switzerland,
granite4v,E2_img_0116_mixed_N5_k5_P1,open,item,Tiramisu,Carac,
granite4v,E2_img_0116_mixed_N5_k5_P1,open,country,Italy,Switzerland,
granite4v,E3_img_0116_near_N2_k1_P1,open,item,Green velvet cake,Carac,
granite4v,E3_img_0116_near_N5_k2_P1,open,item,Pastry,Carac,
granite4v,E3_img_0116_far_N2_k1_P1,open,item,Green velvet cake,Carac,
granite4v,E3_img_0116_far_N5_k2_P1,open,item,Tiramisu,Carac,
granite4v,E3_img_0116_far_N5_k2_P1,open,country,Italy,Switzerland,
granite4v,E5_img_0116_mixed_N1_k1_P2,open,item,Tarte aux fraises (Strawberry Tart),Carac,
granite4v,E5_img_0116_mixed_N1_k1_P2,open,country,France,Switzerland,
granite4v,E5_img_0116_mixed_N2_k1_P2,open,item,Green velvet cake,Carac,
granite4v,E5_img_0116_mixed_N3_k1_P2,open,item,Green velvet cake,Carac,
granite4v,E5_img_0116_mixed_N4_k1_P2,open,item,Green velvet cake,Carac,
granite4v,E5_img_0116_mixed_N5_k2_P2,open,item,Green tea cake,Carac,
granite4v,E5_img_0116_mixed_N1_k1_P3,open,item,Tarte aux fraises (Strawberry Tart),Carac,
granite4v,E5_img_0116_mixed_N2_k1_P3,open,item,Tarte aux pommes (Apple Tart),Carac,
granite4v,E5_img_0116_mixed_N3_k1_P3,open,item,Tarte aux noix,Carac,
granite4v,E5_img_0116_mixed_N4_k1_P3,open,item,Tarte aux framboises,Carac,
granite4v,E5_img_0116_mixed_N5_k2_P3,open,item,Tarte Tatin,Carac,
granite4v,E5_img_0116_mixed_N5_k2_P3,open,country,France,Switzerland,
granite4v,E6_img_0116_mixed_N1_k1_P4,open,item,Pastry with green icing and chocolate center,Carac,
granite4v,E6_img_0116_mixed_N2_k1_P4,open,item,Green glazed pastry with chocolate center,Carac,
granite4v,E6_img_0116_mixed_N3_k1_P4,open,item,Pastry with green glaze and chocolate center,Carac,
granite4v,E6_img_0116_mixed_N4_k1_P4,open,item,Pastry with green icing and chocolate center,Carac,
granite4v,E6_img_0116_mixed_N4_k1_P4,open,country,"Unknown (based on the image alone, the specific country of origin cannot be determined)",Switzerland,
granite4v,E6_img_0116_mixed_N5_k2_P4,open,item,Pastry with green glaze and chocolate topping,Carac,
granite4v,E1_img_0478_mixed_N1_k1_P1,open,item,Taco salad,Nachos,
granite4v,E2_img_0478_mixed_N5_k1_P1,open,item,Tacos al pastor,Nachos,
granite4v,E2_img_0478_mixed_N5_k2_P1,open,item,Tostada,Nachos,
granite4v,E3_img_0478_near_N5_k3_P1,open,item,Tacos,Nachos,
granite4v,E3_img_0478_far_N5_k3_P1,open,item,Tacos,Nachos,
granite4v,E1_img_0209_mixed_N1_k1_P1,open,item,Cotton candy,Pişmaniye,
granite4v,E1_img_0209_mixed_N2_k1_P1,open,item,Cotton candy,Pişmaniye,
granite4v,E1_img_0209_mixed_N3_k3_P1,open,item,Cotton candy,Pişmaniye,
granite4v,E1_img_0209_mixed_N4_k3_P1,open,item,Cotton candy,Pişmaniye,
granite4v,E2_img_0209_mixed_N5_k1_P1,open,item,Cotton candy,Pişmaniye,
granite4v,E2_img_0209_mixed_N5_k2_P1,open,item,Cotton candy,Pişmaniye,
granite4v,E2_img_0209_mixed_N5_k3_P1,open,item,Cotton candy,Pişmaniye,
granite4v,E2_img_0209_mixed_N5_k4_P1,open,item,Cotton candy,Pişmaniye,
granite4v,E2_img_0209_mixed_N5_k5_P1,open,item,Cotton candy,Pişmaniye,
granite4v,E3_img_0209_near_N2_k1_P1,open,item,Cotton candy,Pişmaniye,
granite4v,E3_img_0209_near_N5_k4_P1,open,item,Cotton candy,Pişmaniye,
granite4v,E3_img_0209_far_N2_k1_P1,open,item,Cotton candy,Pişmaniye,
granite4v,E3_img_0209_far_N5_k4_P1,open,item,Cotton candy,Pişmaniye,
granite4v,E1_img_0161_mixed_N1_k1_P1,open,item,Ice cream sundae,Hokey pokey,
granite4v,E5_img_0161_mixed_N1_k1_P2,open,item,Ice cream sundae,Hokey pokey,
granite4v,E5_img_0161_mixed_N1_k1_P3,open,item,Ice cream sundae,Hokey pokey,
granite4v,E5_img_0161_mixed_N4_k4_P3,open,item,Ice cream,Hokey pokey,
granite4v,E5_img_0161_mixed_N5_k5_P3,open,item,Ice cream,Hokey pokey,
granite4v,E6_img_0161_mixed_N1_k1_P4,open,item,Ice cream dessert with caramel sauce,Hokey pokey,
granite4v,E6_img_0161_mixed_N2_k2_P4,open,item,Vanilla ice cream with caramel sauce and cake,Hokey pokey,
granite4v,E6_img_0161_mixed_N3_k1_P4,open,country,"Unknown (based on the image alone, the specific country cannot be determined)",New Zealand,
granite4v,E6_img_0161_mixed_N5_k5_P4,open,item,ice cream,Hokey pokey,
granite4v,E1_img_0577_mixed_N1_k1_P1,open,item,Lute,Hurdy-gurdy,
granite4v,E1_img_0577_mixed_N2_k1_P1,open,item,Lute,Hurdy-gurdy,
granite4v,E1_img_0577_mixed_N2_k1_P1,open,country,"Unknown (The specific country of origin cannot be determined from the image alone, as the instrument is a type that has been used in various cultures around the world.)",France,
granite4v,E1_img_0577_mixed_N3_k1_P1,open,item,Lute,Hurdy-gurdy,
granite4v,E1_img_0577_mixed_N3_k1_P1,open,country,"Unknown (The specific country of origin cannot be determined from the image alone, as the instrument is a type that has been used in various forms across many cultures, including European, Middle Eastern, and South Asian.)",France,
granite4v,E1_img_0577_mixed_N4_k1_P1,open,item,Lute,Hurdy-gurdy,
granite4v,E1_img_0577_mixed_N4_k1_P1,open,country,"Unknown (The specific country of origin for this particular lute cannot be determined from the image alone, as lutes have been produced in various countries throughout history.)",France,
granite4v,E2_img_0577_mixed_N5_k1_P1,open,item,Lute,Hurdy-gurdy,
granite4v,E2_img_0577_mixed_N5_k1_P1,open,country,"Unknown (The specific country of origin cannot be determined from the image alone, as the lute is a widely used instrument across many cultures and regions.)",France,
granite4v,E2_img_0577_mixed_N5_k2_P1,open,item,Lute,Hurdy-gurdy,
granite4v,E2_img_0577_mixed_N5_k3_P1,open,item,Lute,Hurdy-gurdy,
granite4v,E2_img_0577_mixed_N5_k4_P1,open,item,Lute,Hurdy-gurdy,
granite4v,E2_img_0577_mixed_N5_k5_P1,open,item,Lute,Hurdy-gurdy,
granite4v,E3_img_0577_near_N2_k1_P1,open,item,Lute,Hurdy-gurdy,
granite4v,E3_img_0577_near_N2_k1_P1,open,country,"Unknown (The specific country of origin cannot be determined from the image alone, as the lute is a widely used instrument across many cultures and regions.)",France,
granite4v,E3_img_0577_near_N5_k1_P1,open,item,Lute,Hurdy-gurdy,
granite4v,E3_img_0577_near_N5_k1_P1,open,country,"Unknown (The instrument in Image 1 is a lute, which is a stringed musical instrument with a pear-shaped body and a fretted neck. It is not specific to a single country but has been used in various forms across many cultures, including Europe, the Middle",France,
granite4v,E3_img_0577_far_N2_k1_P1,open,item,Lute,Hurdy-gurdy,
granite4v,E3_img_0577_far_N2_k1_P1,open,country,"Unknown (The instrument in Image 1 is a lute, which is a stringed musical instrument with a pear-shaped body and a long neck. It is not specific to a single country and has been used in various forms across many cultures, including Europe, the Middle East",France,
granite4v,E3_img_0577_far_N5_k1_P1,open,item,Lute,Hurdy-gurdy,
granite4v,E3_img_0577_far_N5_k1_P1,open,country,"Unknown (The specific country of origin cannot be determined from the image alone, as the instrument is a type that has been used in various cultures around the world, including Europe, the Middle East, and North Africa.)",France,
granite4v,E5_img_0577_mixed_N1_k1_P2,open,item,Lute,Hurdy-gurdy,
granite4v,E5_img_0577_mixed_N2_k1_P2,open,item,Lute,Hurdy-gurdy,
granite4v,E5_img_0577_mixed_N3_k1_P2,open,item,Lute,Hurdy-gurdy,
granite4v,E5_img_0577_mixed_N4_k1_P2,open,item,Lute,Hurdy-gurdy,
granite4v,E5_img_0577_mixed_N5_k1_P2,open,item,Lute,Hurdy-gurdy,
granite4v,E5_img_0577_mixed_N1_k1_P3,open,item,Lute,Hurdy-gurdy,
granite4v,E5_img_0577_mixed_N2_k1_P3,open,item,Lute,Hurdy-gurdy,
granite4v,E5_img_0577_mixed_N2_k1_P3,open,country,"Unknown (The specific country of origin cannot be determined from the image alone, as the lute is a widely used instrument across many cultures, including European, Middle Eastern, and South Asian.)",France,
granite4v,E5_img_0577_mixed_N3_k1_P3,open,item,Lute,Hurdy-gurdy,
granite4v,E5_img_0577_mixed_N4_k1_P3,open,item,Lute,Hurdy-gurdy,
granite4v,E5_img_0577_mixed_N5_k1_P3,open,item,Lute,Hurdy-gurdy,
granite4v,E6_img_0577_mixed_N1_k1_P4,open,item,Lute,Hurdy-gurdy,
granite4v,E6_img_0577_mixed_N1_k1_P4,open,country,Unknown (The image does not provide enough information to determine the country of origin.),France,
granite4v,E6_img_0577_mixed_N2_k1_P4,open,item,Lute,Hurdy-gurdy,
granite4v,E6_img_0577_mixed_N3_k1_P4,open,item,Lute,Hurdy-gurdy,
granite4v,E6_img_0577_mixed_N3_k1_P4,open,country,"Unknown (The lute is a versatile instrument with historical roots in many cultures, so it is not specific to one country.)",France,
granite4v,E6_img_0577_mixed_N4_k1_P4,open,item,Lute,Hurdy-gurdy,
granite4v,E6_img_0577_mixed_N4_k1_P4,open,country,"Unknown (The lute is a versatile instrument with historical roots in many cultures, so it is not specific to one country.)",France,
granite4v,E6_img_0577_mixed_N5_k1_P4,open,item,Lute,Hurdy-gurdy,
granite4v,E6_img_0577_mixed_N5_k1_P4,open,country,Unknown (The specific country of origin cannot be determined from the image alone without additional context or expertise in musical instruments.),France,
granite4v,E1_img_0549_mixed_N1_k1_P1,open,item,oud,Chuniri,
granite4v,E1_img_0549_mixed_N2_k2_P1,open,item,Lute,Chuniri,
granite4v,E1_img_0549_mixed_N3_k2_P1,open,item,Lute,Chuniri,
granite4v,E1_img_0549_mixed_N4_k2_P1,open,item,Lute,Chuniri,
granite4v,E2_img_0549_mixed_N5_k1_P1,open,item,Lute,Chuniri,
granite4v,E2_img_0549_mixed_N5_k1_P1,open,country,"Unknown (The specific country of origin cannot be determined from the image alone, as the instrument is a type that has been used in various cultures around the world.)",Georgia,
granite4v,E2_img_0549_mixed_N5_k2_P1,open,item,Lute,Chuniri,
granite4v,E2_img_0549_mixed_N5_k3_P1,open,item,Lute,Chuniri,
granite4v,E2_img_0549_mixed_N5_k4_P1,open,item,Lute,Chuniri,
granite4v,E2_img_0549_mixed_N5_k5_P1,open,item,Lute,Chuniri,
granite4v,E3_img_0549_near_N2_k2_P1,open,item,Lute,Chuniri,
granite4v,E3_img_0549_near_N5_k2_P1,open,item,Bagpipe,Chuniri,
granite4v,E3_img_0549_near_N5_k2_P1,open,country,Unknown (The image does not provide enough information to determine the specific country of origin for this bagpipe.),Georgia,
granite4v,E3_img_0549_far_N2_k2_P1,open,item,Lute,Chuniri,
granite4v,E3_img_0549_far_N5_k2_P1,open,item,Lute,Chuniri,
granite4v,E1_img_0535_mixed_N3_k3_P1,open,item,Maracas,Afoxé,
granite4v,E1_img_0535_mixed_N4_k3_P1,open,item,gong,Afoxé,
granite4v,E2_img_0535_mixed_N5_k1_P1,open,country,"Unknown (The specific country of origin cannot be determined from the image alone, as gourd drums are used in various cultures around the world.)",Brazil,
granite4v,E2_img_0535_mixed_N5_k3_P1,open,item,gong,Afoxé,
granite4v,E2_img_0535_mixed_N5_k5_P1,open,item,Maracas,Afoxé,
granite4v,E3_img_0535_near_N2_k1_P1,open,country,"Unknown (The specific country cannot be determined from the image alone, as gourd drums are used in various cultures around the world.)",Brazil,
granite4v,E3_img_0535_far_N2_k1_P1,open,country,"Unknown (The specific country of origin cannot be determined from the image alone, as gourd drums are used in various cultures around the world.)",Brazil,
granite4v,E1_img_0584_mixed_N1_k1_P1,open,item,Lute,Komuz,
granite4v,E1_img_0584_mixed_N2_k2_P1,open,item,Lute,Komuz,
granite4v,E1_img_0584_mixed_N3_k1_P1,open,item,Lute,Komuz,
granite4v,E1_img_0584_mixed_N4_k4_P1,open,item,Lute,Komuz,
granite4v,E2_img_0584_mixed_N5_k1_P1,open,item,Lute,Komuz,
granite4v,E2_img_0584_mixed_N5_k2_P1,open,item,Lute,Komuz,
granite4v,E2_img_0584_mixed_N5_k3_P1,open,item,Lute,Komuz,
granite4v,E2_img_0584_mixed_N5_k4_P1,open,item,Lute,Komuz,
granite4v,E2_img_0584_mixed_N5_k5_P1,open,item,Lute,Komuz,
granite4v,E3_img_0584_near_N2_k2_P1,open,item,Lute,Komuz,
granite4v,E3_img_0584_near_N5_k4_P1,open,item,Lute,Komuz,
granite4v,E3_img_0584_far_N2_k2_P1,open,item,Lute,Komuz,
granite4v,E3_img_0584_far_N5_k4_P1,open,item,Lute,Komuz,
granite4v,E5_img_0584_mixed_N1_k1_P2,open,item,Lute,Komuz,
granite4v,E5_img_0584_mixed_N2_k2_P2,open,item,Lute,Komuz,
granite4v,E5_img_0584_mixed_N3_k1_P2,open,item,Lute,Komuz,
granite4v,E5_img_0584_mixed_N4_k4_P2,open,item,Lute,Komuz,
granite4v,E5_img_0584_mixed_N5_k4_P2,open,item,Lute,Komuz,
granite4v,E5_img_0584_mixed_N1_k1_P3,open,item,Lute,Komuz,
granite4v,E5_img_0584_mixed_N2_k2_P3,open,item,Lute,Komuz,
granite4v,E5_img_0584_mixed_N3_k1_P3,open,item,Lute,Komuz,
granite4v,E5_img_0584_mixed_N4_k4_P3,open,item,Lute,Komuz,
granite4v,E5_img_0584_mixed_N5_k4_P3,open,item,Lute,Komuz,
granite4v,E6_img_0584_mixed_N1_k1_P4,open,item,Lute,Komuz,
granite4v,E6_img_0584_mixed_N1_k1_P4,open,country,Europe,Kyrgyzstan,
granite4v,E6_img_0584_mixed_N2_k2_P4,open,item,Lute,Komuz,
granite4v,E6_img_0584_mixed_N3_k1_P4,open,item,Lute,Komuz,
granite4v,E6_img_0584_mixed_N3_k1_P4,open,country,"Unknown (The lute is a versatile instrument with historical roots in many cultures, so it is not specific to one country.)",Kyrgyzstan,
granite4v,E6_img_0584_mixed_N4_k4_P4,open,item,drum,Komuz,
granite4v,E6_img_0584_mixed_N5_k4_P4,open,item,drum,Komuz,
granite4v,E1_img_0632_mixed_N2_k1_P1,open,country,"Unknown (The accordion is a widely used instrument in many countries, so it's not possible to determine the specific country of origin from the image alone.)",Spain,
granite4v,E1_img_0632_mixed_N3_k2_P1,open,country,"Unknown (The accordion is a widely used instrument in many countries, so it cannot be determined from the image alone.)",Spain,
granite4v,E1_img_0632_mixed_N4_k1_P1,open,country,"Unknown (The accordion is a widely used instrument in many countries, so it cannot be determined from the image alone.)",Spain,
granite4v,E2_img_0632_mixed_N5_k1_P1,open,country,"Unknown (The accordion is a widely used instrument in many countries, so it cannot be determined from the image alone.)",Spain,
granite4v,E3_img_0632_far_N2_k1_P1,open,country,"Unknown (The accordion is a widely used instrument in many countries, so it's not possible to determine the specific country of origin from the image alone.)",Spain,
granite4v,E1_img_0547_mixed_N1_k1_P1,open,item,flutilla,Caña de millo,
granite4v,E1_img_0547_mixed_N2_k2_P1,open,item,flut,Caña de millo,
granite4v,E1_img_0547_mixed_N3_k3_P1,open,item,flutophone,Caña de millo,
granite4v,E1_img_0547_mixed_N4_k2_P1,open,item,flutophone,Caña de millo,
granite4v,E2_img_0547_mixed_N5_k1_P1,open,item,flutilla,Caña de millo,
granite4v,E2_img_0547_mixed_N5_k1_P1,open,country,"Unknown (The image does not provide enough information to definitively determine the country of origin for the flutilla, as it is a traditional instrument used in various Latin American countries.)",Colombia,
granite4v,E2_img_0547_mixed_N5_k2_P1,open,item,Flute,Caña de millo,
granite4v,E2_img_0547_mixed_N5_k2_P1,open,country,Unknown (The image does not provide enough information to determine the specific country of origin for the flute.),Colombia,
granite4v,E2_img_0547_mixed_N5_k3_P1,open,item,flutophone,Caña de millo,
granite4v,E2_img_0547_mixed_N5_k4_P1,open,item,Flute,Caña de millo,
granite4v,E2_img_0547_mixed_N5_k5_P1,open,item,flutophone,Caña de millo,
granite4v,E3_img_0547_near_N2_k2_P1,open,item,flutilla,Caña de millo,
granite4v,E3_img_0547_near_N5_k1_P1,open,item,flute,Caña de millo,
granite4v,E3_img_0547_near_N5_k1_P1,open,country,"Unknown (The image does not provide enough information to definitively determine the country of origin for the flute. Flutes are used in many cultures around the world, and without specific markings or context, it is not possible to accurately identify the country.)",Colombia,
granite4v,E3_img_0547_far_N2_k2_P1,open,item,flutophone,Caña de millo,
granite4v,E3_img_0547_far_N5_k1_P1,open,item,flutophone,Caña de millo,
granite4v,E3_img_0547_far_N5_k1_P1,open,country,"Unknown (The image does not provide enough information to definitively determine the country of origin for the flutophone. It is a traditional instrument that can be found in various cultures around the world, particularly in Latin America.)",Colombia,
granite4v,E1_img_0610_mixed_N1_k1_P1,open,item,koto,Sanshin,
granite4v,E1_img_0610_mixed_N2_k1_P1,open,item,Guzh,Sanshin,
granite4v,E1_img_0610_mixed_N2_k1_P1,open,country,China,Japan,
granite4v,E1_img_0610_mixed_N3_k1_P1,open,item,Erhu,Sanshin,
granite4v,E1_img_0610_mixed_N3_k1_P1,open,country,China,Japan,
granite4v,E1_img_0610_mixed_N4_k3_P1,open,item,Koto,Sanshin,
granite4v,E2_img_0610_mixed_N5_k1_P1,open,item,Erhu,Sanshin,
granite4v,E2_img_0610_mixed_N5_k1_P1,open,country,China,Japan,
granite4v,E2_img_0610_mixed_N5_k2_P1,open,item,Koto,Sanshin,
granite4v,E2_img_0610_mixed_N5_k3_P1,open,item,Koto,Sanshin,
granite4v,E2_img_0610_mixed_N5_k4_P1,open,item,Koto,Sanshin,
granite4v,E2_img_0610_mixed_N5_k5_P1,open,item,Erhu,Sanshin,
granite4v,E2_img_0610_mixed_N5_k5_P1,open,country,China,Japan,
granite4v,E3_img_0610_near_N2_k1_P1,open,item,Erhu,Sanshin,
granite4v,E3_img_0610_near_N2_k1_P1,open,country,China,Japan,
granite4v,E3_img_0610_near_N5_k2_P1,open,item,Erhu,Sanshin,
granite4v,E3_img_0610_near_N5_k2_P1,open,country,China,Japan,
granite4v,E3_img_0610_far_N2_k1_P1,open,item,Erhu,Sanshin,
granite4v,E3_img_0610_far_N2_k1_P1,open,country,China,Japan,
granite4v,E3_img_0610_far_N5_k2_P1,open,item,Koto,Sanshin,
granite4v,E5_img_0610_mixed_N1_k1_P2,open,item,koto,Sanshin,
granite4v,E5_img_0610_mixed_N2_k1_P2,open,item,Guzh,Sanshin,
granite4v,E5_img_0610_mixed_N2_k1_P2,open,country,China,Japan,
granite4v,E5_img_0610_mixed_N3_k1_P2,open,item,Erhu,Sanshin,
granite4v,E5_img_0610_mixed_N3_k1_P2,open,country,China,Japan,
granite4v,E5_img_0610_mixed_N4_k3_P2,open,item,Koto,Sanshin,
granite4v,E5_img_0610_mixed_N5_k2_P2,open,item,Koto,Sanshin,
granite4v,E5_img_0610_mixed_N1_k1_P3,open,item,Koto,Sanshin,
granite4v,E5_img_0610_mixed_N2_k1_P3,open,item,Guzh,Sanshin,
granite4v,E5_img_0610_mixed_N2_k1_P3,open,country,China,Japan,
granite4v,E5_img_0610_mixed_N3_k1_P3,open,item,Koto,Sanshin,
granite4v,E5_img_0610_mixed_N4_k3_P3,open,item,Koto,Sanshin,
granite4v,E5_img_0610_mixed_N5_k2_P3,open,item,Koto,Sanshin,
granite4v,E6_img_0610_mixed_N1_k1_P4,open,item,Erhu,Sanshin,
granite4v,E6_img_0610_mixed_N1_k1_P4,open,country,China,Japan,
granite4v,E6_img_0610_mixed_N2_k1_P4,open,item,guzheng,Sanshin,
granite4v,E6_img_0610_mixed_N2_k1_P4,open,country,China,Japan,
granite4v,E6_img_0610_mixed_N3_k1_P4,open,item,Guzheng,Sanshin,
granite4v,E6_img_0610_mixed_N3_k1_P4,open,country,China,Japan,
granite4v,E6_img_0610_mixed_N4_k3_P4,open,item,Lute,Sanshin,
granite4v,E6_img_0610_mixed_N4_k3_P4,open,country,Unknown (the instrument is not specific to a single country),Japan,
granite4v,E6_img_0610_mixed_N5_k2_P4,open,item,Serpent-mouthed stringed instrument,Sanshin,
granite4v,E6_img_0610_mixed_N5_k2_P4,open,country,Unknown (without additional context),Japan,
granite4v,E1_img_0571_mixed_N1_k1_P1,open,item,Castanets,Güira,
granite4v,E1_img_0571_mixed_N1_k1_P1,open,country,Spain,Dominican Republic,
granite4v,E1_img_0571_mixed_N2_k2_P1,open,item,Maracas,Güira,
granite4v,E1_img_0571_mixed_N3_k2_P1,open,item,Maraca,Güira,
granite4v,E1_img_0571_mixed_N4_k4_P1,open,item,Maracas,Güira,
granite4v,E2_img_0571_mixed_N5_k1_P1,open,item,Grater,Güira,
granite4v,E2_img_0571_mixed_N5_k2_P1,open,item,Grater,Güira,
granite4v,E2_img_0571_mixed_N5_k3_P1,open,item,Grater,Güira,
granite4v,E2_img_0571_mixed_N5_k4_P1,open,item,Maracas,Güira,
granite4v,E2_img_0571_mixed_N5_k5_P1,open,item,Grater,Güira,
granite4v,E3_img_0571_near_N2_k2_P1,open,item,Maracas,Güira,
granite4v,E3_img_0571_near_N5_k3_P1,open,item,Maracas,Güira,
granite4v,E3_img_0571_far_N5_k3_P1,open,item,Grater,Güira,
granite4v,E1_img_0566_mixed_N1_k1_P1,open,item,Drums,Gendang beleq,
granite4v,E1_img_0566_mixed_N2_k1_P1,open,item,Drums,Gendang beleq,
granite4v,E1_img_0566_mixed_N3_k3_P1,open,item,Drums,Gendang beleq,
granite4v,E1_img_0566_mixed_N4_k1_P1,open,item,Drums,Gendang beleq,
granite4v,E2_img_0566_mixed_N5_k1_P1,open,item,Drums,Gendang beleq,
granite4v,E2_img_0566_mixed_N5_k2_P1,open,item,Drum,Gendang beleq,
granite4v,E2_img_0566_mixed_N5_k3_P1,open,item,Drum,Gendang beleq,
granite4v,E2_img_0566_mixed_N5_k4_P1,open,item,Gamelan,Gendang beleq,
granite4v,E2_img_0566_mixed_N5_k5_P1,open,item,Drum,Gendang beleq,
granite4v,E3_img_0566_near_N2_k1_P1,open,item,Drums,Gendang beleq,
granite4v,E3_img_0566_near_N5_k4_P1,open,item,Drum,Gendang beleq,
granite4v,E3_img_0566_far_N2_k1_P1,open,item,Drums,Gendang beleq,
granite4v,E3_img_0566_far_N5_k4_P1,open,item,Drums,Gendang beleq,
granite4v,E1_img_0582_mixed_N1_k1_P1,open,item,Lute,Kokle,
granite4v,E1_img_0582_mixed_N2_k2_P1,open,item,Lute,Kokle,
granite4v,E1_img_0582_mixed_N3_k1_P1,open,item,Lute,Kokle,
granite4v,E1_img_0582_mixed_N4_k2_P1,open,item,Lute,Kokle,
granite4v,E2_img_0582_mixed_N5_k1_P1,open,item,Lute,Kokle,
granite4v,E2_img_0582_mixed_N5_k2_P1,open,item,Lute,Kokle,
granite4v,E2_img_0582_mixed_N5_k3_P1,open,item,Lute,Kokle,
granite4v,E2_img_0582_mixed_N5_k4_P1,open,item,Lute,Kokle,
granite4v,E2_img_0582_mixed_N5_k5_P1,open,item,Lute,Kokle,
granite4v,E3_img_0582_near_N2_k2_P1,open,item,Lute,Kokle,
granite4v,E3_img_0582_near_N5_k5_P1,open,item,Lute,Kokle,
granite4v,E3_img_0582_far_N2_k2_P1,open,item,Lute,Kokle,
granite4v,E3_img_0582_far_N5_k5_P1,open,item,Lute,Kokle,
granite4v,E5_img_0582_mixed_N1_k1_P2,open,item,Lute,Kokle,
granite4v,E5_img_0582_mixed_N2_k2_P2,open,item,Lute,Kokle,
granite4v,E5_img_0582_mixed_N3_k1_P2,open,item,Lute,Kokle,
granite4v,E5_img_0582_mixed_N4_k2_P2,open,item,Lute,Kokle,
granite4v,E5_img_0582_mixed_N5_k5_P2,open,item,Lute,Kokle,
granite4v,E5_img_0582_mixed_N1_k1_P3,open,item,Lute,Kokle,
granite4v,E5_img_0582_mixed_N2_k2_P3,open,item,Lute,Kokle,
granite4v,E5_img_0582_mixed_N3_k1_P3,open,item,Lute,Kokle,
granite4v,E5_img_0582_mixed_N4_k2_P3,open,item,Lute,Kokle,
granite4v,E5_img_0582_mixed_N5_k5_P3,open,item,Lute,Kokle,
granite4v,E6_img_0582_mixed_N1_k1_P4,open,item,Traditional stringed instruments,Kokle,
granite4v,E6_img_0582_mixed_N2_k2_P4,open,item,Lute,Kokle,
granite4v,E6_img_0582_mixed_N2_k2_P4,open,country,Unknown (The instruments in Image 2 are not distinctly identifiable as belonging to a specific country without additional context.),Latvia,
granite4v,E6_img_0582_mixed_N3_k1_P4,open,item,Lute,Kokle,
granite4v,E6_img_0582_mixed_N3_k1_P4,open,country,"Unknown (The instruments in Image 1 are from various countries, but the specific country of origin for each is not provided in the image.)",Latvia,
granite4v,E6_img_0582_mixed_N4_k2_P4,open,item,Traditional stringed musical instruments,Kokle,
granite4v,E6_img_0582_mixed_N4_k2_P4,open,country,Unknown (without specific cultural context),Latvia,
granite4v,E6_img_0582_mixed_N5_k5_P4,open,item,zither,Kokle,
granite4v,E1_img_0581_mixed_N1_k1_P1,open,item,Gamelan,Kendang,
granite4v,E1_img_0581_mixed_N2_k1_P1,open,item,Gamelan,Kendang,
granite4v,E1_img_0581_mixed_N3_k2_P1,open,item,Gamelan,Kendang,
granite4v,E1_img_0581_mixed_N4_k3_P1,open,item,Gamelan,Kendang,
granite4v,E2_img_0581_mixed_N5_k1_P1,open,item,Gamelan,Kendang,
granite4v,E2_img_0581_mixed_N5_k2_P1,open,item,Gamelan,Kendang,
granite4v,E2_img_0581_mixed_N5_k3_P1,open,item,Gamelan,Kendang,
granite4v,E2_img_0581_mixed_N5_k4_P1,open,item,Gamelan,Kendang,
granite4v,E2_img_0581_mixed_N5_k5_P1,open,item,Gamelan,Kendang,
granite4v,E3_img_0581_near_N2_k1_P1,open,item,Gamelan,Kendang,
granite4v,E3_img_0581_near_N5_k1_P1,open,item,Gamelan,Kendang,
granite4v,E3_img_0581_far_N2_k1_P1,open,item,Gamelan,Kendang,
granite4v,E3_img_0581_far_N5_k1_P1,open,item,Gamelan,Kendang,
granite4v,E1_img_0624_mixed_N1_k1_P1,open,item,Djembe,Taarija,
granite4v,E1_img_0624_mixed_N2_k2_P1,open,item,Djembe,Taarija,
granite4v,E1_img_0624_mixed_N2_k2_P1,open,country,"Unknown (The Djembe is a versatile instrument used in many West African countries, including Mali, Guinea, Senegal, and Burkina Faso, among others.)",Morocco,
granite4v,E1_img_0624_mixed_N3_k3_P1,open,item,Djembe,Taarija,
granite4v,E1_img_0624_mixed_N3_k3_P1,open,country,"Unknown (Djembe is a traditional West African drum, and it is not specific to one country)",Morocco,
granite4v,E1_img_0624_mixed_N4_k4_P1,open,item,Djembe,Taarija,
granite4v,E1_img_0624_mixed_N4_k4_P1,open,country,Unknown (Djembe is a traditional West African drum used in many West African countries),Morocco,
granite4v,E2_img_0624_mixed_N5_k1_P1,open,item,Djembe,Taarija,
granite4v,E2_img_0624_mixed_N5_k1_P1,open,country,"Unknown (The Djembe is a versatile instrument used in many West African countries, including Mali, Guinea, Senegal, and Burkina Faso, among others.)",Morocco,
granite4v,E2_img_0624_mixed_N5_k2_P1,open,item,Djembe,Taarija,
granite4v,E2_img_0624_mixed_N5_k2_P1,open,country,"Unknown (The Djembe is a versatile instrument used in many West African countries, including Mali, Guinea, Senegal, and Burkina Faso, among others.)",Morocco,
granite4v,E2_img_0624_mixed_N5_k3_P1,open,item,barrel drum,Taarija,
granite4v,E2_img_0624_mixed_N5_k4_P1,open,item,Djembe,Taarija,
granite4v,E2_img_0624_mixed_N5_k4_P1,open,country,"Unknown (The Djembe is a versatile instrument used in many West African countries, including Mali, Guinea, Senegal, and Burkina Faso, among others.)",Morocco,
granite4v,E2_img_0624_mixed_N5_k5_P1,open,item,Djembe,Taarija,
granite4v,E2_img_0624_mixed_N5_k5_P1,open,country,"Unknown (The Djembe is a versatile instrument used in many West African countries, including Mali, Guinea, Senegal, and Burkina Faso, among others.)",Morocco,
granite4v,E3_img_0624_near_N2_k2_P1,open,item,Djembe,Taarija,
granite4v,E3_img_0624_near_N2_k2_P1,open,country,"Unknown (The Djembe is a versatile instrument used in many West African countries, including Mali, Guinea, Senegal, and others.)",Morocco,
granite4v,E3_img_0624_near_N5_k2_P1,open,item,Djembe,Taarija,
granite4v,E3_img_0624_near_N5_k2_P1,open,country,"Unknown (The Djembe is a versatile instrument used across West Africa, so it is not specific to one country.)",Morocco,
granite4v,E3_img_0624_far_N2_k2_P1,open,item,Djembe,Taarija,
granite4v,E3_img_0624_far_N2_k2_P1,open,country,"Unknown (The Djembe is a versatile instrument used in many West African countries, including Mali, Guinea, Senegal, and Burkina Faso, among others.)",Morocco,
granite4v,E3_img_0624_far_N5_k2_P1,open,item,Djembe,Taarija,
granite4v,E3_img_0624_far_N5_k2_P1,open,country,"Unknown (The image does not provide enough information to determine the exact country of origin for this particular djembe. However, the djembe is a drum from the West African nation of Mali.)",Morocco,
granite4v,E1_img_0561_mixed_N1_k1_P1,open,item,Native American flute,Fujara,
granite4v,E1_img_0561_mixed_N2_k1_P1,open,item,Pan flute,Fujara,
granite4v,E1_img_0561_mixed_N3_k1_P1,open,item,Pan flute,Fujara,
granite4v,E1_img_0561_mixed_N4_k1_P1,open,item,Pan flute,Fujara,
granite4v,E2_img_0561_mixed_N5_k1_P1,open,item,Pan flute,Fujara,
granite4v,E2_img_0561_mixed_N5_k2_P1,open,item,Pan flute,Fujara,
granite4v,E2_img_0561_mixed_N5_k3_P1,open,item,Pan flute,Fujara,
granite4v,E2_img_0561_mixed_N5_k4_P1,open,item,Pan flute,Fujara,
granite4v,E2_img_0561_mixed_N5_k5_P1,open,item,Flute,Fujara,
granite4v,E3_img_0561_near_N2_k1_P1,open,item,Pan flute,Fujara,
granite4v,E3_img_0561_near_N5_k3_P1,open,item,flutophone,Fujara,
granite4v,E3_img_0561_far_N2_k1_P1,open,item,Pan flute,Fujara,
granite4v,E3_img_0561_far_N5_k3_P1,open,item,Pan flute,Fujara,
granite4v,E5_img_0561_mixed_N1_k1_P2,open,item,Native American flute,Fujara,
granite4v,E5_img_0561_mixed_N2_k1_P2,open,item,Pan flute,Fujara,
granite4v,E5_img_0561_mixed_N3_k1_P2,open,item,Pan flute,Fujara,
granite4v,E5_img_0561_mixed_N4_k1_P2,open,item,Pan flute,Fujara,
granite4v,E5_img_0561_mixed_N5_k3_P2,open,item,Pan flute,Fujara,
granite4v,E5_img_0561_mixed_N1_k1_P3,open,item,Native American flute,Fujara,
granite4v,E5_img_0561_mixed_N2_k1_P3,open,item,Pan flute,Fujara,
granite4v,E5_img_0561_mixed_N3_k1_P3,open,item,Pan flute,Fujara,
granite4v,E5_img_0561_mixed_N4_k1_P3,open,item,Pan flute,Fujara,
granite4v,E5_img_0561_mixed_N5_k3_P3,open,item,Pan flute,Fujara,
granite4v,E6_img_0561_mixed_N1_k1_P4,open,item,Drum staff,Fujara,
granite4v,E6_img_0561_mixed_N2_k1_P4,open,item,Long wooden staff with carved patterns,Fujara,
granite4v,E6_img_0561_mixed_N3_k1_P4,open,item,Long wooden staff with carved patterns,Fujara,
granite4v,E6_img_0561_mixed_N4_k1_P4,open,item,Long wooden staff,Fujara,
granite4v,E6_img_0561_mixed_N5_k3_P4,open,item,Flute,Fujara,
granite4v,E6_img_0561_mixed_N5_k3_P4,open,country,Unknown (The specific country of origin cannot be determined from the image alone without additional context or information.),Slovakia,
granite4v,E1_img_0564_mixed_N1_k1_P1,open,item,Gamelan,Gangsa,
granite4v,E1_img_0564_mixed_N2_k2_P1,open,item,Gamelan,Gangsa,
granite4v,E1_img_0564_mixed_N3_k2_P1,open,item,Gamelan,Gangsa,
granite4v,E1_img_0564_mixed_N4_k2_P1,open,item,Gamelan,Gangsa,
granite4v,E2_img_0564_mixed_N5_k1_P1,open,item,gamelan,Gangsa,
granite4v,E2_img_0564_mixed_N5_k2_P1,open,item,Gamelan,Gangsa,
granite4v,E2_img_0564_mixed_N5_k3_P1,open,item,gong,Gangsa,
granite4v,E2_img_0564_mixed_N5_k4_P1,open,item,gong,Gangsa,
granite4v,E2_img_0564_mixed_N5_k5_P1,open,item,gong,Gangsa,
granite4v,E3_img_0564_near_N2_k2_P1,open,item,Gamelan,Gangsa,
granite4v,E3_img_0564_near_N5_k4_P1,open,item,Gamelan,Gangsa,
granite4v,E3_img_0564_far_N2_k2_P1,open,item,Gamelan,Gangsa,
granite4v,E3_img_0564_far_N5_k4_P1,open,item,Gamelan,Gangsa,
granite4v,E1_img_0604_mixed_N2_k1_P1,open,item,gong,Poeng mang,
granite4v,E1_img_0604_mixed_N3_k3_P1,open,item,Gamelan,Poeng mang,
granite4v,E1_img_0604_mixed_N4_k3_P1,open,item,Gamelan,Poeng mang,
granite4v,E2_img_0604_mixed_N5_k1_P1,open,item,Gamelan,Poeng mang,
granite4v,E2_img_0604_mixed_N5_k2_P1,open,item,Gamelan,Poeng mang,
granite4v,E2_img_0604_mixed_N5_k3_P1,open,item,Gamelan,Poeng mang,
granite4v,E2_img_0604_mixed_N5_k4_P1,open,item,gong,Poeng mang,
granite4v,E2_img_0604_mixed_N5_k5_P1,open,item,gong,Poeng mang,
granite4v,E3_img_0604_near_N2_k1_P1,open,item,Gamelan,Poeng mang,
granite4v,E3_img_0604_near_N2_k1_P1,open,country,Indonesia,Thailand,
granite4v,E3_img_0604_near_N5_k5_P1,open,item,gong,Poeng mang,
granite4v,E3_img_0604_far_N5_k5_P1,open,item,Gamelan,Poeng mang,
granite4v,E3_img_0604_far_N5_k5_P1,open,country,Indonesia,Thailand,
granite4v,E1_img_0628_mixed_N1_k1_P1,open,item,Lute,Tambura,
granite4v,E1_img_0628_mixed_N2_k2_P1,open,item,Lute,Tambura,
granite4v,E1_img_0628_mixed_N2_k2_P1,open,country,"Unknown (The lute is a versatile instrument with a long history and is found in many cultures around the world, so it is not specific to one country.)",Bulgaria,
granite4v,E1_img_0628_mixed_N3_k1_P1,open,item,Lute,Tambura,
granite4v,E1_img_0628_mixed_N3_k1_P1,open,country,"Unknown (The lute is a versatile instrument with a history in many cultures, so it is not specific to one country.)",Bulgaria,
granite4v,E1_img_0628_mixed_N4_k4_P1,open,item,Lute,Tambura,
granite4v,E1_img_0628_mixed_N4_k4_P1,open,country,"Unknown (The lute is a versatile instrument with a history in many cultures, so it is not specific to one country.)",Bulgaria,
granite4v,E2_img_0628_mixed_N5_k1_P1,open,item,Lute,Tambura,
granite4v,E2_img_0628_mixed_N5_k1_P1,open,country,"Unknown (The lute is a versatile instrument with a history in many cultures, so it is not specific to one country.)",Bulgaria,
granite4v,E2_img_0628_mixed_N5_k2_P1,open,item,Lute,Tambura,
granite4v,E2_img_0628_mixed_N5_k2_P1,open,country,"Unknown (The lute is a versatile instrument with a long history and is found in many cultures around the world, so it is not specific to a single country.)",Bulgaria,
granite4v,E2_img_0628_mixed_N5_k3_P1,open,item,Lute,Tambura,
granite4v,E2_img_0628_mixed_N5_k3_P1,open,country,"Unknown (The lute is a versatile instrument with a long history and is found in many cultures around the world, so it is not specific to one country.)",Bulgaria,
granite4v,E2_img_0628_mixed_N5_k4_P1,open,item,Lute,Tambura,
granite4v,E2_img_0628_mixed_N5_k4_P1,open,country,"Unknown (The lute is a versatile instrument with a history in many cultures, so it is not specific to one country.)",Bulgaria,
granite4v,E2_img_0628_mixed_N5_k5_P1,open,item,Lute,Tambura,
granite4v,E2_img_0628_mixed_N5_k5_P1,open,country,"Unknown (The lute is a versatile instrument with a history in many cultures, so it is not specific to one country.)",Bulgaria,
granite4v,E3_img_0628_near_N2_k2_P1,open,item,Lute,Tambura,
granite4v,E3_img_0628_near_N5_k1_P1,open,item,Lute,Tambura,
granite4v,E3_img_0628_near_N5_k1_P1,open,country,"Unknown (The lute is a versatile instrument with a long history and is found in many cultures around the world, so it is not specific to a single country.)",Bulgaria,
granite4v,E3_img_0628_far_N2_k2_P1,open,item,Lute,Tambura,
granite4v,E3_img_0628_far_N2_k2_P1,open,country,"Unknown (The lute is a versatile instrument with a history across many cultures, so it is not specific to one country.)",Bulgaria,
granite4v,E3_img_0628_far_N5_k1_P1,open,item,Lute,Tambura,
granite4v,E3_img_0628_far_N5_k1_P1,open,country,"Unknown (The lute is a versatile instrument with a history in many cultures, so it is not specific to one country.)",Bulgaria,
granite4v,E5_img_0628_mixed_N1_k1_P2,open,item,Lute,Tambura,
granite4v,E5_img_0628_mixed_N2_k2_P2,open,item,Lute,Tambura,
granite4v,E5_img_0628_mixed_N3_k1_P2,open,item,Lute,Tambura,
granite4v,E5_img_0628_mixed_N3_k1_P2,open,country,"Unknown (The lute is a versatile instrument with a long history and is found in many cultures around the world, so it is not specific to a single country.)",Bulgaria,
granite4v,E5_img_0628_mixed_N4_k4_P2,open,item,Lute,Tambura,
granite4v,E5_img_0628_mixed_N5_k1_P2,open,item,Lute,Tambura,
granite4v,E5_img_0628_mixed_N1_k1_P3,open,item,Lute,Tambura,
granite4v,E5_img_0628_mixed_N2_k2_P3,open,item,Lute,Tambura,
granite4v,E5_img_0628_mixed_N3_k1_P3,open,item,Lute,Tambura,
granite4v,E5_img_0628_mixed_N3_k1_P3,open,country,"Unknown (The lute is a versatile instrument with a long history and is found in many cultures around the world, so it is not specific to one country.)",Bulgaria,
granite4v,E5_img_0628_mixed_N4_k4_P3,open,item,Lute,Tambura,
granite4v,E5_img_0628_mixed_N4_k4_P3,open,country,Unknown (The lute is a versatile instrument with a long history and is found in many cultures around the world. It is not specific to a single country.),Bulgaria,
granite4v,E5_img_0628_mixed_N5_k1_P3,open,item,Lute,Tambura,
granite4v,E6_img_0628_mixed_N1_k1_P4,open,item,Lute,Tambura,
granite4v,E6_img_0628_mixed_N1_k1_P4,open,country,Middle East and Europe,Bulgaria,
granite4v,E6_img_0628_mixed_N2_k2_P4,open,item,Lute,Tambura,
granite4v,E6_img_0628_mixed_N3_k1_P4,open,item,Lute,Tambura,
granite4v,E6_img_0628_mixed_N3_k1_P4,open,country,"Unknown (The lute is a versatile instrument with a history in many cultures, so the country of origin is not specified in the image.)",Bulgaria,
granite4v,E6_img_0628_mixed_N4_k4_P4,open,item,Lute,Tambura,
granite4v,E6_img_0628_mixed_N4_k4_P4,open,country,Unknown (The specific country of origin cannot be determined from the image alone without additional context or information.),Bulgaria,
granite4v,E6_img_0628_mixed_N5_k1_P4,open,item,Lute,Tambura,
granite4v,E6_img_0628_mixed_N5_k1_P4,open,country,"Unknown (The lute is a versatile instrument with a history in many cultures, so it is not specific to one country.)",Bulgaria,
granite4v,E1_img_0608_mixed_N1_k1_P1,open,item,ukulele,Requinto jarocho,
granite4v,E1_img_0608_mixed_N2_k1_P1,open,item,ukulele,Requinto jarocho,
granite4v,E1_img_0608_mixed_N2_k1_P1,open,country,"Unknown (The ukulele is a versatile instrument with roots in Hawaii, but it is now played and made in many countries around the world, so the specific country of origin cannot be determined from the image alone.)",Mexico,
granite4v,E1_img_0608_mixed_N3_k2_P1,open,item,ukulele,Requinto jarocho,
granite4v,E1_img_0608_mixed_N4_k1_P1,open,item,ukulele,Requinto jarocho,
granite4v,E1_img_0608_mixed_N4_k1_P1,open,country,"Unknown (The ukulele is a versatile instrument with roots in Hawaii, but it is now played worldwide and is not specific to any one country.)",Mexico,
granite4v,E2_img_0608_mixed_N5_k1_P1,open,item,ukulele,Requinto jarocho,
granite4v,E2_img_0608_mixed_N5_k1_P1,open,country,"Unknown (The ukulele is a versatile instrument with roots in several countries, including Portugal, Hawaii, and the United States. It is not specific to one country.)",Mexico,
granite4v,E2_img_0608_mixed_N5_k2_P1,open,item,ukulele,Requinto jarocho,
granite4v,E2_img_0608_mixed_N5_k2_P1,open,country,Unknown (The image does not provide enough information to determine the country of origin for the ukulele.),Mexico,
granite4v,E2_img_0608_mixed_N5_k3_P1,open,item,ukulele,Requinto jarocho,
granite4v,E2_img_0608_mixed_N5_k4_P1,open,item,ukulele,Requinto jarocho,
granite4v,E2_img_0608_mixed_N5_k5_P1,open,item,ukulele,Requinto jarocho,
granite4v,E3_img_0608_near_N2_k1_P1,open,item,ukulele,Requinto jarocho,
granite4v,E3_img_0608_near_N5_k2_P1,open,item,Ukulele,Requinto jarocho,
granite4v,E3_img_0608_far_N2_k1_P1,open,item,ukulele,Requinto jarocho,
granite4v,E3_img_0608_far_N2_k1_P1,open,country,"Unknown (The ukulele is a versatile instrument with roots in several countries, including Portugal, Hawaii, and the United States, and it is not specific to one country.)",Mexico,
granite4v,E3_img_0608_far_N5_k2_P1,open,item,ukulele,Requinto jarocho,
granite4v,E1_img_0641_mixed_N1_k1_P1,open,item,Trumpet,Vuvuzela,
granite4v,E1_img_0641_mixed_N2_k2_P1,open,item,Trumpet,Vuvuzela,
granite4v,E1_img_0641_mixed_N3_k3_P1,open,item,Trumpet,Vuvuzela,
granite4v,E1_img_0641_mixed_N4_k2_P1,open,item,Trumpet,Vuvuzela,
granite4v,E2_img_0641_mixed_N5_k1_P1,open,item,Trumpet,Vuvuzela,
granite4v,E2_img_0641_mixed_N5_k2_P1,open,item,Trumpet,Vuvuzela,
granite4v,E2_img_0641_mixed_N5_k3_P1,open,item,Trumpet,Vuvuzela,
granite4v,E2_img_0641_mixed_N5_k4_P1,open,item,Trumpet,Vuvuzela,
granite4v,E2_img_0641_mixed_N5_k5_P1,open,item,Flutophone,Vuvuzela,
granite4v,E3_img_0641_near_N2_k2_P1,open,item,Flut,Vuvuzela,
granite4v,E3_img_0641_near_N5_k3_P1,open,item,Trumpet,Vuvuzela,
granite4v,E3_img_0641_far_N2_k2_P1,open,item,Trumpet,Vuvuzela,
granite4v,E3_img_0641_far_N5_k3_P1,open,item,Flutophone,Vuvuzela,
granite4v,E1_img_0629_mixed_N1_k1_P1,open,item,Sumerian lyre,Teponaztli,
granite4v,E1_img_0629_mixed_N2_k1_P1,open,item,Sumerian lyre,Teponaztli,
granite4v,E1_img_0629_mixed_N3_k1_P1,open,item,Sumerian cylinder seal,Teponaztli,
granite4v,E1_img_0629_mixed_N4_k3_P1,open,item,Ancient writing tablet,Teponaztli,
granite4v,E2_img_0629_mixed_N5_k1_P1,open,item,Sumerian lyre,Teponaztli,
granite4v,E2_img_0629_mixed_N5_k2_P1,open,item,Sumerian cylinder seal,Teponaztli,
granite4v,E2_img_0629_mixed_N5_k3_P1,open,item,Cuneiform tablet,Teponaztli,
granite4v,E2_img_0629_mixed_N5_k4_P1,open,item,Oud,Teponaztli,
granite4v,E2_img_0629_mixed_N5_k5_P1,open,item,Cuneiform tablet,Teponaztli,
granite4v,E3_img_0629_near_N2_k1_P1,open,item,Sumerian cuneiform tablet,Teponaztli,
granite4v,E3_img_0629_near_N5_k4_P1,open,item,Ancient musical instrument,Teponaztli,
granite4v,E3_img_0629_far_N2_k1_P1,open,item,Ocarina,Teponaztli,
granite4v,E3_img_0629_far_N5_k4_P1,open,item,Cuneiform tablet,Teponaztli,
granite4v,E5_img_0629_mixed_N1_k1_P2,open,item,Sumerian lyre,Teponaztli,
granite4v,E5_img_0629_mixed_N1_k1_P2,open,country,Ancient Sumer (modern-day Iraq),Mexico,
granite4v,E5_img_0629_mixed_N2_k1_P2,open,item,Sumerian lyre,Teponaztli,
granite4v,E5_img_0629_mixed_N3_k1_P2,open,item,Sumerian cylinder seal,Teponaztli,
granite4v,E5_img_0629_mixed_N4_k3_P2,open,item,Ancient musical instrument,Teponaztli,
granite4v,E5_img_0629_mixed_N5_k4_P2,open,item,Ancient musical instrument,Teponaztli,
granite4v,E5_img_0629_mixed_N1_k1_P3,open,item,Sumerian cuneiform tablet,Teponaztli,
granite4v,E5_img_0629_mixed_N2_k1_P3,open,item,Megalithic Tablet,Teponaztli,
granite4v,E5_img_0629_mixed_N3_k1_P3,open,item,Sumerian cylinder seal,Teponaztli,
granite4v,E5_img_0629_mixed_N4_k3_P3,open,item,Oud,Teponaztli,
granite4v,E5_img_0629_mixed_N5_k4_P3,open,item,Ancient musical instrument,Teponaztli,
granite4v,E6_img_0629_mixed_N4_k3_P4,open,item,lute,Teponaztli,
granite4v,E6_img_0629_mixed_N5_k4_P4,open,item,lute,Teponaztli,
granite4v,E1_img_0602_mixed_N1_k1_P1,open,item,Bagpipes,Pibgorn,
granite4v,E1_img_0602_mixed_N2_k2_P1,open,item,Bagpipes,Pibgorn,
granite4v,E1_img_0602_mixed_N3_k2_P1,open,item,Bagpipes,Pibgorn,
granite4v,E1_img_0602_mixed_N3_k2_P1,open,country,"Unknown (The bagpipes are a traditional instrument found in many countries, including Scotland, Ireland, and parts of Europe, but the specific country of origin cannot be determined from the image alone.)",United Kingdom,
granite4v,E1_img_0602_mixed_N4_k4_P1,open,item,Bagpipes,Pibgorn,
granite4v,E2_img_0602_mixed_N5_k1_P1,open,item,Bagpipes,Pibgorn,
granite4v,E2_img_0602_mixed_N5_k1_P1,open,country,Unknown (The image does not provide enough information to determine the specific country of origin for the bagpipes.),United Kingdom,
granite4v,E2_img_0602_mixed_N5_k2_P1,open,item,Bagpipes,Pibgorn,
granite4v,E2_img_0602_mixed_N5_k3_P1,open,item,bagpipe,Pibgorn,
granite4v,E2_img_0602_mixed_N5_k4_P1,open,item,Bagpipes,Pibgorn,
granite4v,E2_img_0602_mixed_N5_k4_P1,open,country,Unknown (The image does not provide enough information to determine the specific country of origin for the bagpipes.),United Kingdom,
granite4v,E2_img_0602_mixed_N5_k5_P1,open,item,Bagpipes,Pibgorn,
granite4v,E2_img_0602_mixed_N5_k5_P1,open,country,Unknown (The image does not provide enough information to determine the specific country of origin for the bagpipes.),United Kingdom,
granite4v,E3_img_0602_near_N2_k2_P1,open,item,Bagpipes,Pibgorn,
granite4v,E3_img_0602_near_N5_k5_P1,open,item,Bagpipes,Pibgorn,
granite4v,E3_img_0602_far_N2_k2_P1,open,item,Bagpipes,Pibgorn,
granite4v,E3_img_0602_far_N2_k2_P1,open,country,"Unknown (The bagpipes shown in the image are a traditional instrument found in various countries, including Scotland, Ireland, and other parts of Europe. Without more specific details, it is not possible to determine the exact country of origin from the image alone.)",United Kingdom,
granite4v,E3_img_0602_far_N5_k5_P1,open,item,bagpipe,Pibgorn,
granite4v,E1_img_0618_mixed_N1_k1_P1,open,item,Lute,Shamisen,
granite4v,E1_img_0618_mixed_N2_k1_P1,open,item,Lute,Shamisen,
granite4v,E1_img_0618_mixed_N3_k3_P1,open,item,Lute,Shamisen,
granite4v,E1_img_0618_mixed_N4_k1_P1,open,item,Lute,Shamisen,
granite4v,E1_img_0618_mixed_N4_k1_P1,open,country,"Unknown (The specific country of origin cannot be determined from the image alone, as the instrument resembles those found in various cultures around the world.)",Japan,
granite4v,E2_img_0618_mixed_N5_k1_P1,open,item,Lute,Shamisen,
granite4v,E2_img_0618_mixed_N5_k1_P1,open,country,"Unknown (The specific country of origin cannot be determined from the image alone, as the instrument is not distinctly identifiable as belonging to a particular country.)",Japan,
granite4v,E2_img_0618_mixed_N5_k2_P1,open,item,Lute,Shamisen,
granite4v,E2_img_0618_mixed_N5_k2_P1,open,country,Unknown (The image does not provide enough information to determine the exact country of origin for the lute.),Japan,
granite4v,E2_img_0618_mixed_N5_k3_P1,open,item,Lute,Shamisen,
granite4v,E2_img_0618_mixed_N5_k5_P1,open,item,Lute,Shamisen,
granite4v,E3_img_0618_near_N2_k1_P1,open,item,Lute,Shamisen,
granite4v,E3_img_0618_near_N2_k1_P1,open,country,"Unknown (The specific country cannot be determined from the image alone, as the instrument is not unique to a single country and is used in various cultures around the world.)",Japan,
granite4v,E3_img_0618_near_N5_k1_P1,open,item,Lute,Shamisen,
granite4v,E3_img_0618_near_N5_k1_P1,open,country,"Unknown (The specific country of origin for this type of lute cannot be determined from the image alone, as it is a traditional instrument found in various cultures around the world.)",Japan,
granite4v,E3_img_0618_far_N2_k1_P1,open,item,Lute,Shamisen,
granite4v,E3_img_0618_far_N2_k1_P1,open,country,"Unknown (The specific country of origin cannot be determined from the image alone, as the instrument is not distinctly identifiable as belonging to a single country.)",Japan,
granite4v,E3_img_0618_far_N5_k1_P1,open,item,Lute,Shamisen,
granite4v,E3_img_0618_far_N5_k1_P1,open,country,"Unknown (The specific country of origin cannot be determined from the image alone, as the instrument is not unique to a single country and has been used in various cultures around the world.)",Japan,
granite4v,E1_img_0575_mixed_N1_k1_P1,open,item,mridangam,Hne,
granite4v,E1_img_0575_mixed_N2_k2_P1,open,item,shakuhachi,Hne,
granite4v,E1_img_0575_mixed_N2_k2_P1,open,country,Japan,Myanmar,
granite4v,E1_img_0575_mixed_N3_k1_P1,open,item,mridangam,Hne,
granite4v,E1_img_0575_mixed_N3_k1_P1,open,country,India,Myanmar,
granite4v,E2_img_0575_mixed_N5_k1_P1,open,country,"Unknown (The shehnai is a wind instrument commonly used in Indian classical music, but it is not exclusive to any one country and is used in various parts of South Asia, including India, Pakistan, and Bangladesh.)",Myanmar,
granite4v,E2_img_0575_mixed_N5_k3_P1,open,item,mridangam,Hne,
granite4v,E2_img_0575_mixed_N5_k4_P1,open,item,Drum,Hne,
granite4v,E2_img_0575_mixed_N5_k5_P1,open,item,shakuhachi,Hne,
granite4v,E2_img_0575_mixed_N5_k5_P1,open,country,Japan,Myanmar,
granite4v,E5_img_0575_mixed_N1_k1_P2,open,item,mridangam,Hne,
granite4v,E5_img_0575_mixed_N1_k1_P2,open,country,India,Myanmar,
granite4v,E5_img_0575_mixed_N3_k1_P2,open,item,Paiko,Hne,
granite4v,E5_img_0575_mixed_N4_k2_P2,open,item,Drum,Hne,
granite4v,E5_img_0575_mixed_N5_k2_P2,open,item,Drum,Hne,
granite4v,E5_img_0575_mixed_N1_k1_P3,open,item,mridangam,Hne,
granite4v,E5_img_0575_mixed_N3_k1_P3,open,item,Xylophone,Hne,
granite4v,E5_img_0575_mixed_N4_k2_P3,open,item,Xylophone,Hne,
granite4v,E5_img_0575_mixed_N5_k2_P3,open,item,Drum,Hne,
granite4v,E6_img_0575_mixed_N2_k2_P4,open,item,Shakuhachi,Hne,
granite4v,E6_img_0575_mixed_N2_k2_P4,open,country,Japan,Myanmar,
granite4v,E6_img_0575_mixed_N3_k1_P4,open,item,Dholak,Hne,
granite4v,E1_img_0594_mixed_N1_k1_P1,open,item,Xylophone,Mi gyaung,
granite4v,E1_img_0594_mixed_N2_k1_P1,open,item,Klong Surin,Mi gyaung,
granite4v,E1_img_0594_mixed_N2_k1_P1,open,country,Thailand,Myanmar,
granite4v,E1_img_0594_mixed_N3_k2_P1,open,item,Xylophone,Mi gyaung,
granite4v,E2_img_0594_mixed_N5_k1_P1,open,item,Klong Surin,Mi gyaung,
granite4v,E2_img_0594_mixed_N5_k1_P1,open,country,Thailand,Myanmar,
granite4v,E2_img_0594_mixed_N5_k2_P1,open,item,Zither,Mi gyaung,
granite4v,E2_img_0594_mixed_N5_k3_P1,open,item,Kora,Mi gyaung,
granite4v,E2_img_0594_mixed_N5_k3_P1,open,country,"Unknown (The Kora is a stringed instrument commonly found in West Africa, particularly in Senegal, Mali, and Guinea, but it is not exclusive to any one country.)",Myanmar,
granite4v,E2_img_0594_mixed_N5_k5_P1,open,item,Kora,Mi gyaung,
granite4v,E2_img_0594_mixed_N5_k5_P1,open,country,"Unknown (The Kora is a traditional string instrument from West Africa, commonly used in countries such as Mali, Senegal, and Guinea, but the specific country of origin cannot be determined from the image alone.)",Myanmar,
granite4v,E3_img_0594_near_N2_k1_P1,open,item,Xylophone,Mi gyaung,
granite4v,E3_img_0594_near_N5_k3_P1,open,item,gamelan,Mi gyaung,
granite4v,E3_img_0594_far_N2_k1_P1,open,item,Klong Surin,Mi gyaung,
granite4v,E3_img_0594_far_N2_k1_P1,open,country,Thailand,Myanmar,
granite4v,E1_img_0550_mixed_N1_k1_P1,open,country,Unknown (The image does not provide enough information to determine the country of origin for this specific model of conga drum.),Cuba,
granite4v,E2_img_0550_mixed_N5_k3_P1,open,item,Cajón,Conga,
granite4v,E2_img_0550_mixed_N5_k3_P1,open,country,"Unknown (Cajón is a versatile instrument used in various countries, including Peru, Brazil, and the United States)",Cuba,
granite4v,E3_img_0550_near_N2_k2_P1,open,country,Unknown (The image does not provide enough information to determine the country of origin for the congas.),Cuba,
granite4v,E3_img_0550_far_N5_k4_P1,open,item,Cajón,Conga,
granite4v,E3_img_0550_far_N5_k4_P1,open,country,"Unknown (Cajón is a versatile instrument used in various countries, including Peru, Spain, and the United States)",Cuba,
granite4v,E1_img_0606_mixed_N1_k1_P1,open,item,oud,Qanbūs,
granite4v,E1_img_0606_mixed_N2_k1_P1,open,item,oud,Qanbūs,
granite4v,E1_img_0606_mixed_N2_k1_P1,open,country,"Unknown (The oud is a versatile instrument with a history across many cultures, including Middle Eastern, North African, and Mediterranean regions, so it is not specific to one country.)",Yemen,
granite4v,E1_img_0606_mixed_N3_k1_P1,open,item,oud,Qanbūs,
granite4v,E1_img_0606_mixed_N3_k1_P1,open,country,"Unknown (The oud is a versatile instrument with a history that spans across many cultures, including Middle Eastern, North African, and Mediterranean regions, so it is not specific to one country.)",Yemen,
granite4v,E1_img_0606_mixed_N4_k1_P1,open,item,oud,Qanbūs,
granite4v,E1_img_0606_mixed_N4_k1_P1,open,country,"Unknown (The oud is a versatile instrument with a history across many cultures, including Middle Eastern, North African, and Mediterranean regions, so it is not specific to one country.)",Yemen,
granite4v,E2_img_0606_mixed_N5_k1_P1,open,item,oud,Qanbūs,
granite4v,E2_img_0606_mixed_N5_k2_P1,open,item,Lute,Qanbūs,
granite4v,E2_img_0606_mixed_N5_k3_P1,open,item,Lute,Qanbūs,
granite4v,E2_img_0606_mixed_N5_k4_P1,open,item,Lute,Qanbūs,
granite4v,E2_img_0606_mixed_N5_k5_P1,open,item,Lute,Qanbūs,
granite4v,E3_img_0606_near_N2_k1_P1,open,item,oud,Qanbūs,
granite4v,E3_img_0606_near_N2_k1_P1,open,country,"Unknown (The oud is a versatile instrument with a history that spans across many cultures, including Middle Eastern, North African, and Mediterranean regions, so it is not specific to one country.)",Yemen,
granite4v,E3_img_0606_near_N5_k5_P1,open,item,oud,Qanbūs,
granite4v,E3_img_0606_far_N2_k1_P1,open,item,oud,Qanbūs,
granite4v,E3_img_0606_far_N2_k1_P1,open,country,"Unknown (The oud is a Middle Eastern instrument and is not specific to one country, but is widely used in the Middle East, North Africa, and the Mediterranean region.)",Yemen,
granite4v,E3_img_0606_far_N5_k5_P1,open,item,oud,Qanbūs,
granite4v,E5_img_0606_mixed_N1_k1_P2,open,item,Lute,Qanbūs,
granite4v,E5_img_0606_mixed_N2_k1_P2,open,item,Lute,Qanbūs,
granite4v,E5_img_0606_mixed_N2_k1_P2,open,country,"Unknown (The specific country of origin for this particular lute cannot be determined from the image alone, as lutes are a widespread instrument with a history in many cultures around the world.)",Yemen,
granite4v,E5_img_0606_mixed_N3_k1_P2,open,item,Lute,Qanbūs,
granite4v,E5_img_0606_mixed_N4_k1_P2,open,item,Lute,Qanbūs,
granite4v,E5_img_0606_mixed_N5_k5_P2,open,item,Lute,Qanbūs,
granite4v,E5_img_0606_mixed_N1_k1_P3,open,item,Lute,Qanbūs,
granite4v,E5_img_0606_mixed_N2_k1_P3,open,item,Lute,Qanbūs,
granite4v,E5_img_0606_mixed_N2_k1_P3,open,country,"Unknown (The specific type of lute in the image resembles a traditional instrument from the Middle East or North Africa, but without more context, the exact country of origin cannot be determined.)",Yemen,
granite4v,E5_img_0606_mixed_N3_k1_P3,open,item,oud,Qanbūs,
granite4v,E5_img_0606_mixed_N3_k1_P3,open,country,"Unknown (The oud is a versatile instrument with a history that spans across many cultures, including Middle Eastern, North African, and Mediterranean regions. It is not specific to a single country.)",Yemen,
granite4v,E5_img_0606_mixed_N4_k1_P3,open,item,Lute,Qanbūs,
granite4v,E5_img_0606_mixed_N5_k5_P3,open,item,Lute,Qanbūs,
granite4v,E6_img_0606_mixed_N1_k1_P4,open,item,Lute,Qanbūs,
granite4v,E6_img_0606_mixed_N2_k1_P4,open,item,Lute,Qanbūs,
granite4v,E6_img_0606_mixed_N2_k1_P4,open,country,"Unknown (The specific country of origin for the lute is not discernible from the image alone, as lutes are found in many cultures around the world.)",Yemen,
granite4v,E6_img_0606_mixed_N3_k1_P4,open,item,Lute,Qanbūs,
granite4v,E6_img_0606_mixed_N3_k1_P4,open,country,"Unknown (The lute is a versatile instrument with historical roots in many cultures, so the specific country of origin is not definitively identifiable from the image alone.)",Yemen,
granite4v,E6_img_0606_mixed_N4_k1_P4,open,item,oud,Qanbūs,
granite4v,E6_img_0606_mixed_N4_k1_P4,open,country,"Unknown (The oud is a Middle Eastern instrument and is not specific to one country, but is commonly associated with countries like Egypt, Syria, and Lebanon.)",Yemen,
granite4v,E6_img_0606_mixed_N5_k5_P4,open,item,drum,Qanbūs,
granite4v,E1_img_0592_mixed_N1_k1_P1,open,item,Xylophone,Marovany,
granite4v,E1_img_0592_mixed_N2_k2_P1,open,item,Laut,Marovany,
granite4v,E1_img_0592_mixed_N3_k2_P1,open,item,Lauten,Marovany,
granite4v,E1_img_0592_mixed_N4_k2_P1,open,item,Lute,Marovany,
granite4v,E2_img_0592_mixed_N5_k1_P1,open,country,"Unknown (The specific country of origin cannot be determined from the image alone, as barrel drums are used in various cultures around the world.)",Madagascar,
granite4v,E2_img_0592_mixed_N5_k2_P1,open,item,Lute,Marovany,
granite4v,E2_img_0592_mixed_N5_k3_P1,open,item,Lute,Marovany,
granite4v,E2_img_0592_mixed_N5_k5_P1,open,item,Sitar,Marovany,
granite4v,E3_img_0592_near_N2_k2_P1,open,item,Xylophone,Marovany,
granite4v,E3_img_0592_near_N5_k1_P1,open,item,Xylophone,Marovany,
granite4v,E3_img_0592_far_N5_k1_P1,open,country,"Unknown (The specific country cannot be determined from the image alone, as barrel-drums are used in various cultures around the world.)",Madagascar,
granite4v,E1_img_0562_mixed_N1_k1_P1,open,item,Lute,Gadulka,
granite4v,E1_img_0562_mixed_N2_k1_P1,open,item,Lute,Gadulka,
granite4v,E1_img_0562_mixed_N2_k1_P1,open,country,"Unknown (The lute is a versatile instrument with a history in many cultures, so it is not specific to one country.)",Bulgaria,
granite4v,E1_img_0562_mixed_N3_k3_P1,open,item,Lute,Gadulka,
granite4v,E1_img_0562_mixed_N3_k3_P1,open,country,"Unknown (The lute is a versatile instrument with a history in many cultures, so it is not specific to one country.)",Bulgaria,
granite4v,E1_img_0562_mixed_N4_k3_P1,open,item,Lute,Gadulka,
granite4v,E1_img_0562_mixed_N4_k3_P1,open,country,"Unknown (The lute is a versatile instrument with a history in many cultures, so it is not specific to one country.)",Bulgaria,
granite4v,E2_img_0562_mixed_N5_k1_P1,open,item,Lute,Gadulka,
granite4v,E2_img_0562_mixed_N5_k1_P1,open,country,"Unknown (The lute is a versatile instrument with a history in many cultures, so it is not specific to one country.)",Bulgaria,
granite4v,E2_img_0562_mixed_N5_k2_P1,open,item,Lute,Gadulka,
granite4v,E2_img_0562_mixed_N5_k3_P1,open,item,Lute,Gadulka,
granite4v,E2_img_0562_mixed_N5_k3_P1,open,country,"Unknown (The lute is a versatile instrument with a history in many cultures, so it is not specific to one country.)",Bulgaria,
granite4v,E2_img_0562_mixed_N5_k4_P1,open,item,Lute,Gadulka,
granite4v,E2_img_0562_mixed_N5_k5_P1,open,item,Lute,Gadulka,
granite4v,E3_img_0562_near_N2_k1_P1,open,item,Lute,Gadulka,
granite4v,E3_img_0562_near_N2_k1_P1,open,country,"Unknown (The instrument in Image 1 is a lute, which is a stringed musical instrument with a pear-shaped body and a long neck. It is not specific to a single country but has been used in various forms across many cultures, including Europe, the Middle East",Bulgaria,
granite4v,E3_img_0562_near_N5_k2_P1,open,item,Lute,Gadulka,
granite4v,E3_img_0562_near_N5_k2_P1,open,country,"Unknown (The instrument in Image 2 is a lute, which is a stringed musical instrument with a pear-shaped body and a long neck. It is not specific to a single country but has been used in various forms across many cultures, including Europe, the Middle East",Bulgaria,
granite4v,E3_img_0562_far_N2_k1_P1,open,item,Lute,Gadulka,
granite4v,E3_img_0562_far_N2_k1_P1,open,country,"Unknown (The instrument in Image 1 is a lute, which is a stringed musical instrument with a pear-shaped body and a long neck. It is not specific to a single country and has been used in various forms across many cultures, including Europe, the Middle East",Bulgaria,
granite4v,E3_img_0562_far_N5_k2_P1,open,item,Lute,Gadulka,
granite4v,E3_img_0562_far_N5_k2_P1,open,country,"Unknown (The lute is a versatile instrument with a history in many cultures, so it is not specific to one country.)",Bulgaria,
granite4v,E1_img_0558_mixed_N1_k1_P1,open,item,Flute,Dvoyanka,
granite4v,E1_img_0558_mixed_N2_k2_P1,open,item,Flute,Dvoyanka,
granite4v,E1_img_0558_mixed_N3_k1_P1,open,item,flute,Dvoyanka,
granite4v,E1_img_0558_mixed_N4_k4_P1,open,item,Flute,Dvoyanka,
granite4v,E2_img_0558_mixed_N5_k1_P1,open,item,Flute,Dvoyanka,
granite4v,E2_img_0558_mixed_N5_k2_P1,open,item,Flute,Dvoyanka,
granite4v,E2_img_0558_mixed_N5_k3_P1,open,item,Flute,Dvoyanka,
granite4v,E2_img_0558_mixed_N5_k4_P1,open,item,Flute,Dvoyanka,
granite4v,E2_img_0558_mixed_N5_k5_P1,open,item,Flute,Dvoyanka,
granite4v,E3_img_0558_near_N2_k2_P1,open,item,Flute,Dvoyanka,
granite4v,E3_img_0558_near_N5_k3_P1,open,item,Flute,Dvoyanka,
granite4v,E3_img_0558_far_N2_k2_P1,open,item,Flute,Dvoyanka,
granite4v,E3_img_0558_far_N5_k3_P1,open,item,Flute,Dvoyanka,
granite4v,E5_img_0558_mixed_N1_k1_P2,open,item,Flute,Dvoyanka,
granite4v,E5_img_0558_mixed_N2_k2_P2,open,item,Flute,Dvoyanka,
granite4v,E5_img_0558_mixed_N3_k1_P2,open,item,Flute,Dvoyanka,
granite4v,E5_img_0558_mixed_N4_k4_P2,open,item,Flute,Dvoyanka,
granite4v,E5_img_0558_mixed_N5_k3_P2,open,item,Flute,Dvoyanka,
granite4v,E5_img_0558_mixed_N1_k1_P3,open,item,Flute,Dvoyanka,
granite4v,E5_img_0558_mixed_N2_k2_P3,open,item,Pan flute,Dvoyanka,
granite4v,E5_img_0558_mixed_N3_k1_P3,open,item,flute,Dvoyanka,
granite4v,E5_img_0558_mixed_N4_k4_P3,open,item,flageolet,Dvoyanka,
granite4v,E5_img_0558_mixed_N5_k3_P3,open,item,Flute,Dvoyanka,
granite4v,E6_img_0558_mixed_N1_k1_P4,open,item,Flute,Dvoyanka,
granite4v,E6_img_0558_mixed_N2_k2_P4,open,item,Flute,Dvoyanka,
granite4v,E6_img_0558_mixed_N3_k1_P4,open,item,Flute,Dvoyanka,
granite4v,E6_img_0558_mixed_N4_k4_P4,open,item,Flute,Dvoyanka,
granite4v,E6_img_0558_mixed_N5_k3_P4,open,item,Flute,Dvoyanka,
granite4v,E6_img_0558_mixed_N5_k3_P4,open,country,Unknown (Image 3),Bulgaria,
granite4v,E1_img_0605_mixed_N1_k1_P1,open,item,Bansuri,Pungi,
granite4v,E1_img_0605_mixed_N2_k1_P1,open,item,Shehnai,Pungi,
granite4v,E1_img_0605_mixed_N3_k2_P1,open,item,Shehnai,Pungi,
granite4v,E1_img_0605_mixed_N3_k2_P1,open,country,"Unknown (The shehnai is a traditional Indian musical instrument, but the specific country of origin for this particular instrument cannot be determined from the image alone.)",India,
granite4v,E1_img_0605_mixed_N4_k1_P1,open,item,Bansuri,Pungi,
granite4v,E1_img_0605_mixed_N4_k1_P1,open,country,"Unknown (The Bansuri is a traditional Indian musical instrument, but the specific country of origin for this particular instrument cannot be determined from the image alone.)",India,
granite4v,E2_img_0605_mixed_N5_k1_P1,open,item,Bansuri,Pungi,
granite4v,E2_img_0605_mixed_N5_k1_P1,open,country,"Unknown (The Bansuri is a traditional Indian reed flute, but the specific country of origin for this particular instrument cannot be determined from the image alone.)",India,
granite4v,E2_img_0605_mixed_N5_k2_P1,open,item,Bagpipes,Pungi,
granite4v,E2_img_0605_mixed_N5_k3_P1,open,item,Bagpipes,Pungi,
granite4v,E2_img_0605_mixed_N5_k4_P1,open,item,Bagpipes,Pungi,
granite4v,E2_img_0605_mixed_N5_k5_P1,open,item,Bagpipes,Pungi,
granite4v,E3_img_0605_near_N2_k1_P1,open,item,Bansuri,Pungi,
granite4v,E3_img_0605_near_N2_k1_P1,open,country,"Unknown (The Bansuri is a traditional Indian reed flute, but the specific country of origin for this particular instrument cannot be determined from the image alone.)",India,
granite4v,E3_img_0605_near_N5_k4_P1,open,item,Bagpipes,Pungi,
granite4v,E3_img_0605_far_N2_k1_P1,open,item,Shehnai,Pungi,
granite4v,E3_img_0605_far_N2_k1_P1,open,country,"Unknown (The Shehnai is a traditional Indian musical instrument, but the specific country of origin for this particular instrument cannot be determined from the image alone.)",India,
granite4v,E3_img_0605_far_N5_k4_P1,open,item,Bagpipes,Pungi,
granite4v,E1_img_0623_mixed_N1_k1_P1,open,item,Lute,Swedish lute,
granite4v,E1_img_0623_mixed_N2_k2_P1,open,item,Lute,Swedish lute,
granite4v,E1_img_0623_mixed_N2_k2_P1,open,country,"Unknown (The lute is a family of string instruments with origins in Europe, but the specific type in the image is not identifiable as a national instrument from a single country.)",Sweden,
granite4v,E1_img_0623_mixed_N3_k3_P1,open,item,Lute,Swedish lute,
granite4v,E1_img_0623_mixed_N3_k3_P1,open,country,"Unknown (The lute is a versatile instrument with a history in many cultures, so it is not specific to one country.)",Sweden,
granite4v,E1_img_0623_mixed_N4_k2_P1,open,item,Lute,Swedish lute,
granite4v,E1_img_0623_mixed_N4_k2_P1,open,country,"Unknown (The lute is a versatile instrument with a history in many cultures, so it is not specific to one country.)",Sweden,
granite4v,E2_img_0623_mixed_N5_k1_P1,open,item,Lute,Swedish lute,
granite4v,E2_img_0623_mixed_N5_k1_P1,open,country,"Unknown (The lute is a versatile instrument with a history in many cultures, so it is not specific to one country.)",Sweden,
granite4v,E2_img_0623_mixed_N5_k2_P1,open,item,Lute,Swedish lute,
granite4v,E2_img_0623_mixed_N5_k2_P1,open,country,"Unknown (The lute is a versatile instrument with a history in many cultures, so it is not specific to one country.)",Sweden,
granite4v,E2_img_0623_mixed_N5_k3_P1,open,item,Lute,Swedish lute,
granite4v,E2_img_0623_mixed_N5_k4_P1,open,item,Lute,Swedish lute,
granite4v,E2_img_0623_mixed_N5_k5_P1,open,item,Lute,Swedish lute,
granite4v,E2_img_0623_mixed_N5_k5_P1,open,country,"Unknown (The lute is a versatile instrument with a history in many cultures, so it is not specific to one country.)",Sweden,
granite4v,E3_img_0623_near_N2_k2_P1,open,item,Lute,Swedish lute,
granite4v,E3_img_0623_near_N2_k2_P1,open,country,"Unknown (The lute is a family of string instruments, and the specific type in the image is not clearly identifiable as belonging to a particular country without more context.)",Sweden,
granite4v,E3_img_0623_near_N5_k5_P1,open,item,Lute,Swedish lute,
granite4v,E3_img_0623_far_N2_k2_P1,open,item,Lute,Swedish lute,
granite4v,E3_img_0623_far_N2_k2_P1,open,country,"Unknown (The lute is a family of string instruments, and the specific type shown here is not distinctly identifiable as originating from a single country. It is used in various forms across Europe and the Middle East.)",Sweden,
granite4v,E3_img_0623_far_N5_k5_P1,open,item,Lute,Swedish lute,
granite4v,E3_img_0623_far_N5_k5_P1,open,country,"Unknown (The lute is a versatile instrument with a history in many cultures, so it is not specific to one country.)",Sweden,
granite4v,E1_img_0625_mixed_N1_k1_P1,open,item,Dholak,Tabla,
granite4v,E1_img_0625_mixed_N2_k1_P1,open,item,Dholak,Tabla,
granite4v,E1_img_0625_mixed_N3_k1_P1,open,item,Dholak,Tabla,
granite4v,E1_img_0625_mixed_N4_k3_P1,open,item,Dholak,Tabla,
granite4v,E2_img_0625_mixed_N5_k1_P1,open,item,Dholak,Tabla,
granite4v,E2_img_0625_mixed_N5_k2_P1,open,item,Dholak,Tabla,
granite4v,E2_img_0625_mixed_N5_k3_P1,open,item,Dholak,Tabla,
granite4v,E2_img_0625_mixed_N5_k4_P1,open,item,Dholak,Tabla,
granite4v,E2_img_0625_mixed_N5_k5_P1,open,item,Dholak,Tabla,
granite4v,E3_img_0625_near_N2_k1_P1,open,item,Dholak,Tabla,
granite4v,E3_img_0625_near_N5_k1_P1,open,item,Dholak,Tabla,
granite4v,E3_img_0625_far_N2_k1_P1,open,item,Dholak,Tabla,
granite4v,E3_img_0625_far_N5_k1_P1,open,item,Dholak,Tabla,
granite4v,E5_img_0625_mixed_N1_k1_P2,open,item,Dholak,Tabla,
granite4v,E5_img_0625_mixed_N2_k1_P2,open,item,Dholak,Tabla,
granite4v,E5_img_0625_mixed_N3_k1_P2,open,item,Dholak,Tabla,
granite4v,E5_img_0625_mixed_N4_k3_P2,open,item,Dholak,Tabla,
granite4v,E5_img_0625_mixed_N5_k1_P2,open,item,Dholak,Tabla,
granite4v,E5_img_0625_mixed_N1_k1_P3,open,item,Dholak,Tabla,
granite4v,E5_img_0625_mixed_N2_k1_P3,open,item,Dholak,Tabla,
granite4v,E5_img_0625_mixed_N3_k1_P3,open,item,Dholak,Tabla,
granite4v,E5_img_0625_mixed_N4_k3_P3,open,item,Dholak,Tabla,
granite4v,E5_img_0625_mixed_N5_k1_P3,open,item,Dholak,Tabla,
granite4v,E6_img_0625_mixed_N1_k1_P4,open,item,Dholak,Tabla,
granite4v,E6_img_0625_mixed_N2_k1_P4,open,item,Dholak,Tabla,
granite4v,E1_img_0631_mixed_N1_k1_P1,open,item,Lute,Tonkori,
granite4v,E1_img_0631_mixed_N2_k2_P1,open,item,Lute,Tonkori,
granite4v,E1_img_0631_mixed_N3_k2_P1,open,item,Lute,Tonkori,
granite4v,E1_img_0631_mixed_N4_k4_P1,open,item,Lute,Tonkori,
granite4v,E2_img_0631_mixed_N5_k1_P1,open,item,Lute,Tonkori,
granite4v,E2_img_0631_mixed_N5_k1_P1,open,country,"Unknown (The specific country of origin for this type of lute is not definitively identifiable from the image alone, as similar instruments are found in various cultures around the world.)",Japan,
granite4v,E2_img_0631_mixed_N5_k2_P1,open,item,Lute,Tonkori,
granite4v,E2_img_0631_mixed_N5_k3_P1,open,item,Lute,Tonkori,
granite4v,E2_img_0631_mixed_N5_k4_P1,open,item,Lute,Tonkori,
granite4v,E2_img_0631_mixed_N5_k5_P1,open,item,Lute,Tonkori,
granite4v,E3_img_0631_near_N2_k2_P1,open,item,Lute,Tonkori,
granite4v,E3_img_0631_near_N5_k2_P1,open,item,Lute,Tonkori,
granite4v,E3_img_0631_far_N2_k2_P1,open,item,Lute,Tonkori,
granite4v,E3_img_0631_far_N5_k2_P1,open,item,Xylophone,Tonkori,
granite4v,E1_img_0607_mixed_N1_k1_P1,open,item,Gamelan,Ranat,
granite4v,E1_img_0607_mixed_N1_k1_P1,open,country,Indonesia,Thailand,
granite4v,E1_img_0607_mixed_N2_k1_P1,open,item,Gamelan,Ranat,
granite4v,E1_img_0607_mixed_N2_k1_P1,open,country,Indonesia,Thailand,
granite4v,E1_img_0607_mixed_N3_k3_P1,open,item,gamelan,Ranat,
granite4v,E1_img_0607_mixed_N3_k3_P1,open,country,Indonesia,Thailand,
granite4v,E1_img_0607_mixed_N4_k1_P1,open,item,Xylophone,Ranat,
granite4v,E2_img_0607_mixed_N5_k1_P1,open,item,Xylophone,Ranat,
granite4v,E2_img_0607_mixed_N5_k2_P1,open,item,Gamelan,Ranat,
granite4v,E2_img_0607_mixed_N5_k2_P1,open,country,Indonesia,Thailand,
granite4v,E2_img_0607_mixed_N5_k3_P1,open,item,Gamelan,Ranat,
granite4v,E2_img_0607_mixed_N5_k3_P1,open,country,Indonesia,Thailand,
granite4v,E2_img_0607_mixed_N5_k4_P1,open,item,Gamelan,Ranat,
granite4v,E2_img_0607_mixed_N5_k4_P1,open,country,Indonesia,Thailand,
granite4v,E2_img_0607_mixed_N5_k5_P1,open,item,gamelan,Ranat,
granite4v,E2_img_0607_mixed_N5_k5_P1,open,country,Indonesia,Thailand,
granite4v,E3_img_0607_near_N2_k1_P1,open,item,Xylophone,Ranat,
granite4v,E3_img_0607_near_N2_k1_P1,open,country,"Unknown (The instrument resembles a traditional xylophone, which is found in various cultures around the world, but the specific design in the image does not clearly indicate a particular country.)",Thailand,
granite4v,E3_img_0607_near_N5_k3_P1,open,item,gamelan,Ranat,
granite4v,E3_img_0607_near_N5_k3_P1,open,country,Indonesia,Thailand,
granite4v,E3_img_0607_far_N2_k1_P1,open,item,Gamelan,Ranat,
granite4v,E3_img_0607_far_N2_k1_P1,open,country,Indonesia,Thailand,
granite4v,E3_img_0607_far_N5_k3_P1,open,item,Gamelan,Ranat,
granite4v,E3_img_0607_far_N5_k3_P1,open,country,Indonesia,Thailand,
granite4v,E1_img_0572_mixed_N1_k1_P1,open,item,guqin,Guzheng,
granite4v,E2_img_0572_mixed_N5_k1_P1,open,item,Erhu,Guzheng,
granite4v,E2_img_0572_mixed_N5_k2_P1,open,item,Erhu,Guzheng,
granite4v,E2_img_0572_mixed_N5_k4_P1,open,item,Erhu,Guzheng,
granite4v,E2_img_0572_mixed_N5_k5_P1,open,item,Erhu,Guzheng,
granite4v,E3_img_0572_near_N2_k2_P1,open,item,erhu,Guzheng,
granite4v,E3_img_0572_near_N5_k4_P1,open,item,Erhu,Guzheng,
granite4v,E3_img_0572_far_N2_k2_P1,open,item,erhu,Guzheng,
granite4v,E3_img_0572_far_N5_k4_P1,open,item,Erhu,Guzheng,
granite4v,E5_img_0572_mixed_N1_k1_P2,open,item,guqin,Guzheng,
granite4v,E5_img_0572_mixed_N2_k2_P2,open,item,Erhu,Guzheng,
granite4v,E5_img_0572_mixed_N3_k1_P2,open,item,Erhu,Guzheng,
granite4v,E5_img_0572_mixed_N4_k2_P2,open,item,Erhu,Guzheng,
granite4v,E5_img_0572_mixed_N5_k4_P2,open,item,Erhu,Guzheng,
granite4v,E5_img_0572_mixed_N1_k1_P3,open,item,guqin,Guzheng,
granite4v,E5_img_0572_mixed_N2_k2_P3,open,item,Erhu,Guzheng,
granite4v,E5_img_0572_mixed_N3_k1_P3,open,item,Erhu,Guzheng,
granite4v,E5_img_0572_mixed_N4_k2_P3,open,item,Erhu,Guzheng,
granite4v,E5_img_0572_mixed_N5_k4_P3,open,item,Erhu,Guzheng,
granite4v,E6_img_0572_mixed_N1_k1_P4,open,item,Erhu,Guzheng,
granite4v,E6_img_0572_mixed_N2_k2_P4,open,item,Erhu,Guzheng,
granite4v,E6_img_0572_mixed_N4_k2_P4,open,item,zither,Guzheng,
granite4v,E6_img_0572_mixed_N5_k4_P4,open,item,zither,Guzheng,
granite4v,E1_img_0548_mixed_N1_k1_P1,open,item,Lute,Çeng,
granite4v,E1_img_0548_mixed_N2_k1_P1,open,item,Lute,Çeng,
granite4v,E1_img_0548_mixed_N3_k2_P1,open,item,Lute,Çeng,
granite4v,E1_img_0548_mixed_N4_k3_P1,open,item,Lute,Çeng,
granite4v,E2_img_0548_mixed_N5_k1_P1,open,item,Hurdy-gurdy,Çeng,
granite4v,E2_img_0548_mixed_N5_k2_P1,open,item,Lute,Çeng,
granite4v,E2_img_0548_mixed_N5_k3_P1,open,item,Lute,Çeng,
granite4v,E2_img_0548_mixed_N5_k4_P1,open,item,Lute,Çeng,
granite4v,E2_img_0548_mixed_N5_k5_P1,open,item,Lute,Çeng,
granite4v,E3_img_0548_near_N2_k1_P1,open,item,Lute,Çeng,
granite4v,E3_img_0548_near_N2_k1_P1,open,country,"Unknown (The specific country of origin cannot be determined from the image alone, as the lute is a widely used instrument across many cultures.)",Turkey,
granite4v,E3_img_0548_near_N5_k5_P1,open,item,Lute,Çeng,
granite4v,E3_img_0548_far_N2_k1_P1,open,item,Lute,Çeng,
granite4v,E3_img_0548_far_N5_k5_P1,open,item,Lute,Çeng,
granite4v,E1_img_0591_mixed_N1_k1_P1,open,item,Dholak,Madal,
granite4v,E1_img_0591_mixed_N1_k1_P1,open,country,India,Nepal,
granite4v,E1_img_0591_mixed_N2_k2_P1,open,item,Dholak,Madal,
granite4v,E1_img_0591_mixed_N2_k2_P1,open,country,India,Nepal,
granite4v,E1_img_0591_mixed_N3_k3_P1,open,item,Tabla,Madal,
granite4v,E1_img_0591_mixed_N3_k3_P1,open,country,India,Nepal,
granite4v,E1_img_0591_mixed_N4_k4_P1,open,item,Tabla,Madal,
granite4v,E1_img_0591_mixed_N4_k4_P1,open,country,India,Nepal,
granite4v,E2_img_0591_mixed_N5_k1_P1,open,item,Dholak,Madal,
granite4v,E2_img_0591_mixed_N5_k1_P1,open,country,India,Nepal,
granite4v,E2_img_0591_mixed_N5_k2_P1,open,item,Tabla,Madal,
granite4v,E2_img_0591_mixed_N5_k2_P1,open,country,India,Nepal,
granite4v,E2_img_0591_mixed_N5_k3_P1,open,item,Dholak,Madal,
granite4v,E2_img_0591_mixed_N5_k3_P1,open,country,India,Nepal,
granite4v,E2_img_0591_mixed_N5_k4_P1,open,item,Dholak,Madal,
granite4v,E2_img_0591_mixed_N5_k4_P1,open,country,India,Nepal,
granite4v,E2_img_0591_mixed_N5_k5_P1,open,item,Tabla,Madal,
granite4v,E2_img_0591_mixed_N5_k5_P1,open,country,"Unknown (The Tabla is a traditional Indian musical instrument, but the specific country of origin for this particular instrument cannot be determined from the image alone.)",Nepal,
granite4v,E3_img_0591_near_N5_k1_P1,open,item,Dholak,Madal,
granite4v,E3_img_0591_far_N2_k2_P1,open,item,Tabla,Madal,
granite4v,E3_img_0591_far_N2_k2_P1,open,country,India,Nepal,
granite4v,E3_img_0591_far_N5_k1_P1,open,item,Dholak,Madal,
granite4v,E3_img_0591_far_N5_k1_P1,open,country,India,Nepal,
granite4v,E1_img_0543_mixed_N1_k1_P1,open,item,Lute,Bandura,
granite4v,E1_img_0543_mixed_N2_k1_P1,open,item,Lute,Bandura,
granite4v,E1_img_0543_mixed_N2_k1_P1,open,country,"Unknown (The instrument in Image 1 is a lute, which is a stringed musical instrument with a pear-shaped body and a long neck. It is not specific to one country but has been used in various forms across many cultures, including Europe, the Middle East,",Ukraine,
granite4v,E1_img_0543_mixed_N3_k1_P1,open,item,Lute,Bandura,
granite4v,E1_img_0543_mixed_N3_k1_P1,open,country,"Unknown (The lute is a versatile instrument with a history in many cultures, so it is not specific to one country.)",Ukraine,
granite4v,E1_img_0543_mixed_N4_k1_P1,open,item,Lute,Bandura,
granite4v,E1_img_0543_mixed_N4_k1_P1,open,country,"Unknown (The lute is a versatile instrument with a long history and is found in many countries, so it is not possible to determine the specific country of origin from the image alone.)",Ukraine,
granite4v,E2_img_0543_mixed_N5_k1_P1,open,item,Lute,Bandura,
granite4v,E2_img_0543_mixed_N5_k1_P1,open,country,"Unknown (The lute is a versatile instrument with a history in many cultures, so it is not specific to one country.)",Ukraine,
granite4v,E2_img_0543_mixed_N5_k2_P1,open,item,Lute,Bandura,
granite4v,E2_img_0543_mixed_N5_k3_P1,open,item,Lute,Bandura,
granite4v,E2_img_0543_mixed_N5_k4_P1,open,item,Lute,Bandura,
granite4v,E2_img_0543_mixed_N5_k5_P1,open,item,Lute,Bandura,
granite4v,E3_img_0543_near_N2_k1_P1,open,item,Lute,Bandura,
granite4v,E3_img_0543_near_N2_k1_P1,open,country,"Unknown (The lute is a versatile instrument with a history in many cultures, so it is not specific to one country.)",Ukraine,
granite4v,E3_img_0543_near_N5_k2_P1,open,item,Lute,Bandura,
granite4v,E3_img_0543_near_N5_k2_P1,open,country,"Unknown (The lute is a versatile instrument with a long history and is found in many cultures around the world, so it is not specific to a single country.)",Ukraine,
granite4v,E3_img_0543_far_N2_k1_P1,open,item,Lute,Bandura,
granite4v,E3_img_0543_far_N2_k1_P1,open,country,"Unknown (The instrument in Image 1 is a lute, which is a stringed musical instrument with a pear-shaped body and a long neck. It is not specific to a single country and has been used in various forms across many cultures, including Europe, the Middle East",Ukraine,
granite4v,E3_img_0543_far_N5_k2_P1,open,item,Lute,Bandura,
granite4v,E5_img_0543_mixed_N1_k1_P2,open,item,Lute,Bandura,
granite4v,E5_img_0543_mixed_N2_k1_P2,open,item,Lute,Bandura,
granite4v,E5_img_0543_mixed_N3_k1_P2,open,item,Lute,Bandura,
granite4v,E5_img_0543_mixed_N4_k1_P2,open,item,Lute,Bandura,
granite4v,E5_img_0543_mixed_N5_k2_P2,open,item,Lute,Bandura,
granite4v,E5_img_0543_mixed_N1_k1_P3,open,item,Lute,Bandura,
granite4v,E5_img_0543_mixed_N2_k1_P3,open,item,Lute,Bandura,
granite4v,E5_img_0543_mixed_N2_k1_P3,open,country,Unknown (The lute is a versatile instrument with a long history and has been used in many cultures around the world. It is not specific to a single country.),Ukraine,
granite4v,E5_img_0543_mixed_N3_k1_P3,open,item,Lute,Bandura,
granite4v,E5_img_0543_mixed_N3_k1_P3,open,country,Unknown (The lute is a versatile instrument with a long history and is found in many cultures around the world. It is not specific to a single country.),Ukraine,
granite4v,E5_img_0543_mixed_N4_k1_P3,open,item,Lute,Bandura,
granite4v,E5_img_0543_mixed_N5_k2_P3,open,item,Lute,Bandura,
granite4v,E6_img_0543_mixed_N1_k1_P4,open,item,Lute,Bandura,
granite4v,E6_img_0543_mixed_N1_k1_P4,open,country,"Unknown (The lute is a versatile instrument with a history in many countries, so it is not possible to determine the specific country of origin from the image alone.)",Ukraine,
granite4v,E6_img_0543_mixed_N2_k1_P4,open,item,Lute,Bandura,
granite4v,E6_img_0543_mixed_N2_k1_P4,open,country,"Unknown (The lute is a versatile instrument with historical roots in many cultures, so it is not specific to one country.)",Ukraine,
granite4v,E6_img_0543_mixed_N3_k1_P4,open,item,Lute,Bandura,
granite4v,E6_img_0543_mixed_N3_k1_P4,open,country,"Unknown (The lute is a versatile instrument with historical roots in many cultures, so it is not specific to one country.)",Ukraine,
granite4v,E6_img_0543_mixed_N4_k1_P4,open,item,Lute,Bandura,
granite4v,E6_img_0543_mixed_N4_k1_P4,open,country,"Unknown (The lute is a versatile instrument with historical roots in many cultures, so it is not specific to one country.)",Ukraine,
granite4v,E6_img_0543_mixed_N5_k2_P4,open,item,Lute,Bandura,
granite4v,E6_img_0543_mixed_N5_k2_P4,open,country,"Unknown (The lute is a versatile instrument with historical roots in many cultures, so it is not specific to one country.)",Ukraine,
granite4v,E1_img_0568_mixed_N1_k1_P1,open,item,Lute,Ghijak,
granite4v,E1_img_0568_mixed_N2_k2_P1,open,item,lute,Ghijak,
granite4v,E1_img_0568_mixed_N3_k2_P1,open,item,Lute,Ghijak,
granite4v,E1_img_0568_mixed_N4_k2_P1,open,item,Lute,Ghijak,
granite4v,E2_img_0568_mixed_N5_k1_P1,open,item,Bagpipe,Ghijak,
granite4v,E2_img_0568_mixed_N5_k1_P1,open,country,"Unknown (The specific country of origin cannot be determined from the image alone, as bagpipes are used in various countries including Scotland, Ireland, and other parts of Europe and the Middle East.)",China,
granite4v,E2_img_0568_mixed_N5_k2_P1,open,item,Lute,Ghijak,
granite4v,E2_img_0568_mixed_N5_k3_P1,open,item,Bagpipe,Ghijak,
granite4v,E2_img_0568_mixed_N5_k4_P1,open,item,Bagpipe,Ghijak,
granite4v,E2_img_0568_mixed_N5_k5_P1,open,item,Banjo,Ghijak,
granite4v,E3_img_0568_near_N2_k2_P1,open,item,Lute,Ghijak,
granite4v,E3_img_0568_near_N5_k3_P1,open,item,Lute,Ghijak,
granite4v,E3_img_0568_far_N2_k2_P1,open,item,Lute,Ghijak,
granite4v,E3_img_0568_far_N5_k3_P1,open,item,Lute,Ghijak,
granite4v,E1_img_0565_mixed_N1_k1_P1,open,item,Taiko drum,Garamut,
granite4v,E1_img_0565_mixed_N2_k1_P1,open,item,Taiko,Garamut,
granite4v,E1_img_0565_mixed_N3_k3_P1,open,item,Taiko drum,Garamut,
granite4v,E1_img_0565_mixed_N4_k3_P1,open,item,Taiko drum,Garamut,
granite4v,E2_img_0565_mixed_N5_k1_P1,open,item,Tanoa,Garamut,
granite4v,E2_img_0565_mixed_N5_k2_P1,open,item,Taiko drum,Garamut,
granite4v,E2_img_0565_mixed_N5_k3_P1,open,item,Tui,Garamut,
granite4v,E2_img_0565_mixed_N5_k3_P1,open,country,New Zealand,Papua New Guinea,
granite4v,E2_img_0565_mixed_N5_k4_P1,open,item,Taiko drum,Garamut,
granite4v,E2_img_0565_mixed_N5_k5_P1,open,item,Taiko drum,Garamut,
granite4v,E1_img_0621_mixed_N1_k1_P1,open,item,Bongo drums,Steelpan,
granite4v,E1_img_0621_mixed_N2_k2_P1,open,item,Conga drum,Steelpan,
granite4v,E1_img_0621_mixed_N2_k2_P1,open,country,Unknown (The image does not provide enough information to determine the country of origin for the conga drum.),Trinidad and Tobago,
granite4v,E1_img_0621_mixed_N3_k1_P1,open,item,Bongo drums,Steelpan,
granite4v,E1_img_0621_mixed_N3_k1_P1,open,country,"Unknown (Bongo drums are commonly found in Latin American countries, but the specific country cannot be determined from the image alone.)",Trinidad and Tobago,
granite4v,E1_img_0621_mixed_N4_k4_P1,open,item,Conga drum,Steelpan,
granite4v,E2_img_0621_mixed_N5_k1_P1,open,item,Conga drum,Steelpan,
granite4v,E2_img_0621_mixed_N5_k1_P1,open,country,Unknown (The image does not provide enough information to determine the country of origin for the Conga drum.),Trinidad and Tobago,
granite4v,E2_img_0621_mixed_N5_k2_P1,open,item,Conga drum,Steelpan,
granite4v,E2_img_0621_mixed_N5_k2_P1,open,country,Unknown (The image does not provide enough information to determine the country of origin for the conga drum.),Trinidad and Tobago,
granite4v,E2_img_0621_mixed_N5_k3_P1,open,item,Conga drum,Steelpan,
granite4v,E2_img_0621_mixed_N5_k4_P1,open,item,Conga drum,Steelpan,
granite4v,E2_img_0621_mixed_N5_k5_P1,open,item,Conga drum,Steelpan,
granite4v,E3_img_0621_near_N2_k2_P1,open,item,Bongo drums,Steelpan,
granite4v,E3_img_0621_near_N5_k5_P1,open,item,Bongo drums,Steelpan,
granite4v,E3_img_0621_far_N2_k2_P1,open,item,Conga drum,Steelpan,
granite4v,E3_img_0621_far_N2_k2_P1,open,country,Unknown (The image does not provide enough information to determine the country of origin for the conga drum.),Trinidad and Tobago,
granite4v,E3_img_0621_far_N5_k5_P1,open,item,Bongo drums,Steelpan,
granite4v,E5_img_0621_mixed_N1_k1_P2,open,item,Bongo drums,Steelpan,
granite4v,E5_img_0621_mixed_N2_k2_P2,open,item,Conga drum,Steelpan,
granite4v,E5_img_0621_mixed_N3_k1_P2,open,item,Conga drum,Steelpan,
granite4v,E5_img_0621_mixed_N3_k1_P2,open,country,"Unknown (Conga drums are widely used in various countries, including Cuba, Puerto Rico, and the Dominican Republic, but the specific country of origin cannot be determined from the image alone.)",Trinidad and Tobago,
granite4v,E5_img_0621_mixed_N4_k4_P2,open,item,Conga drum,Steelpan,
granite4v,E5_img_0621_mixed_N5_k5_P2,open,item,Conga drum,Steelpan,
granite4v,E5_img_0621_mixed_N1_k1_P3,open,item,Bongo drums,Steelpan,
granite4v,E5_img_0621_mixed_N2_k2_P3,open,item,Conga drum,Steelpan,
granite4v,E5_img_0621_mixed_N3_k1_P3,open,item,Conga drum,Steelpan,
granite4v,E5_img_0621_mixed_N4_k4_P3,open,item,Conga drum,Steelpan,
granite4v,E5_img_0621_mixed_N5_k5_P3,open,item,Conga drum,Steelpan,
granite4v,E6_img_0621_mixed_N1_k1_P4,open,item,Djembe,Steelpan,
granite4v,E6_img_0621_mixed_N1_k1_P4,open,country,West Africa,Trinidad and Tobago,
granite4v,E6_img_0621_mixed_N2_k2_P4,open,item,Tubular snare drums,Steelpan,
granite4v,E6_img_0621_mixed_N3_k1_P4,open,item,Bongos,Steelpan,
granite4v,E6_img_0621_mixed_N3_k1_P4,open,country,"Unknown (Bongos are used in various countries, including Cuba and Puerto Rico)",Trinidad and Tobago,
granite4v,E6_img_0621_mixed_N4_k4_P4,open,item,gong,Steelpan,
granite4v,E6_img_0621_mixed_N5_k5_P4,open,item,gong,Steelpan,
granite4v,E2_img_0724_mixed_N5_k1_P1,open,item,Temple of the Sun,Göbekli Tepe,
granite4v,E3_img_0724_far_N5_k1_P1,open,item,Temple of Artemis at Ephesus,Göbekli Tepe,
granite4v,E5_img_0724_mixed_N5_k1_P2,open,item,Temple of the Sun,Göbekli Tepe,
granite4v,E5_img_0724_mixed_N5_k1_P2,open,country,Peru,Turkey,
granite4v,E5_img_0724_mixed_N2_k1_P3,open,item,Roman ruins,Göbekli Tepe,
granite4v,E5_img_0724_mixed_N3_k1_P3,open,item,Roman ruins,Göbekli Tepe,
granite4v,E5_img_0724_mixed_N4_k1_P3,open,item,Temple of Artemis at Ephesus,Göbekli Tepe,
granite4v,E5_img_0724_mixed_N5_k1_P3,open,item,Temple of the Sun,Göbekli Tepe,
granite4v,E6_img_0724_mixed_N1_k1_P4,open,item,Petra,Göbekli Tepe,
granite4v,E6_img_0724_mixed_N1_k1_P4,open,country,Jordan,Turkey,
granite4v,E6_img_0724_mixed_N2_k1_P4,open,item,Petra,Göbekli Tepe,
granite4v,E6_img_0724_mixed_N2_k1_P4,open,country,Jordan,Turkey,
granite4v,E6_img_0724_mixed_N3_k1_P4,open,item,Petra,Göbekli Tepe,
granite4v,E6_img_0724_mixed_N3_k1_P4,open,country,Jordan,Turkey,
granite4v,E1_img_0666_mixed_N1_k1_P1,open,item,Burgos Cathedral,Batalha Monastery,
granite4v,E1_img_0666_mixed_N1_k1_P1,open,country,Spain,Portugal,
granite4v,E1_img_0666_mixed_N2_k2_P1,open,item,Sainte-Chapelle,Batalha Monastery,
granite4v,E1_img_0666_mixed_N2_k2_P1,open,country,France,Portugal,
granite4v,E1_img_0666_mixed_N3_k2_P1,open,item,Saint-Denis Basilica,Batalha Monastery,
granite4v,E1_img_0666_mixed_N3_k2_P1,open,country,France,Portugal,
granite4v,E1_img_0666_mixed_N4_k2_P1,open,item,Saint-Denis Basilica,Batalha Monastery,
granite4v,E1_img_0666_mixed_N4_k2_P1,open,country,France,Portugal,
granite4v,E2_img_0666_mixed_N5_k1_P1,open,item,Santiago de Compostela Cathedral,Batalha Monastery,
granite4v,E2_img_0666_mixed_N5_k1_P1,open,country,Spain,Portugal,
granite4v,E2_img_0666_mixed_N5_k2_P1,open,item,Santiago de Compostela Cathedral,Batalha Monastery,
granite4v,E2_img_0666_mixed_N5_k2_P1,open,country,Spain,Portugal,
granite4v,E2_img_0666_mixed_N5_k3_P1,open,item,Santiago de Compostela Cathedral,Batalha Monastery,
granite4v,E2_img_0666_mixed_N5_k3_P1,open,country,Spain,Portugal,
granite4v,E2_img_0666_mixed_N5_k4_P1,open,item,Santiago de Compostela Cathedral,Batalha Monastery,
granite4v,E2_img_0666_mixed_N5_k4_P1,open,country,Spain,Portugal,
granite4v,E2_img_0666_mixed_N5_k5_P1,open,item,Santiago de Compostela Cathedral,Batalha Monastery,
granite4v,E2_img_0666_mixed_N5_k5_P1,open,country,Spain,Portugal,
granite4v,E1_img_0880_mixed_N1_k1_P1,open,item,Meteora,Varlaam monastery,
granite4v,E1_img_0880_mixed_N2_k1_P1,open,item,Meteora,Varlaam monastery,
granite4v,E1_img_0880_mixed_N3_k3_P1,open,item,Meteora,Varlaam monastery,
granite4v,E1_img_0880_mixed_N4_k3_P1,open,item,Meteora,Varlaam monastery,
granite4v,E2_img_0880_mixed_N5_k1_P1,open,item,Meteora,Varlaam monastery,
granite4v,E2_img_0880_mixed_N5_k2_P1,open,item,Meteora,Varlaam monastery,
granite4v,E2_img_0880_mixed_N5_k3_P1,open,item,Monastery of the Holy Savior in Mount Athos,Varlaam monastery,
granite4v,E2_img_0880_mixed_N5_k4_P1,open,item,Meteora,Varlaam monastery,
granite4v,E2_img_0880_mixed_N5_k5_P1,open,item,Meteora,Varlaam monastery,
granite4v,E3_img_0880_near_N2_k1_P1,open,item,Meteora,Varlaam monastery,
granite4v,E3_img_0880_near_N5_k3_P1,open,item,Meteora,Varlaam monastery,
granite4v,E3_img_0880_far_N2_k1_P1,open,item,Meteora,Varlaam monastery,
granite4v,E3_img_0880_far_N5_k3_P1,open,item,Meteora,Varlaam monastery,
granite4v,E1_img_0780_mixed_N1_k1_P1,open,item,Alhambra,Mosque-Cathedral of Cordoba,
granite4v,E1_img_0780_mixed_N2_k2_P1,open,item,Alhambra,Mosque-Cathedral of Cordoba,
granite4v,E1_img_0780_mixed_N3_k1_P1,open,item,Alhambra,Mosque-Cathedral of Cordoba,
granite4v,E1_img_0780_mixed_N4_k4_P1,open,item,Alhambra,Mosque-Cathedral of Cordoba,
granite4v,E2_img_0780_mixed_N5_k1_P1,open,item,Alhambra,Mosque-Cathedral of Cordoba,
granite4v,E2_img_0780_mixed_N5_k2_P1,open,item,Alhambra,Mosque-Cathedral of Cordoba,
granite4v,E2_img_0780_mixed_N5_k3_P1,open,item,Alhambra,Mosque-Cathedral of Cordoba,
granite4v,E2_img_0780_mixed_N5_k4_P1,open,item,Alhambra,Mosque-Cathedral of Cordoba,
granite4v,E2_img_0780_mixed_N5_k5_P1,open,item,Alhambra,Mosque-Cathedral of Cordoba,
granite4v,E3_img_0780_near_N2_k2_P1,open,item,Alhambra,Mosque-Cathedral of Cordoba,
granite4v,E3_img_0780_near_N5_k4_P1,open,item,Alhambra,Mosque-Cathedral of Cordoba,
granite4v,E3_img_0780_far_N2_k2_P1,open,item,Alhambra,Mosque-Cathedral of Cordoba,
granite4v,E3_img_0780_far_N5_k4_P1,open,item,Alhambra,Mosque-Cathedral of Cordoba,
granite4v,E5_img_0780_mixed_N1_k1_P2,open,item,Alhambra,Mosque-Cathedral of Cordoba,
granite4v,E5_img_0780_mixed_N2_k2_P2,open,item,Alhambra,Mosque-Cathedral of Cordoba,
granite4v,E5_img_0780_mixed_N3_k1_P2,open,item,Alhambra,Mosque-Cathedral of Cordoba,
granite4v,E5_img_0780_mixed_N4_k4_P2,open,item,Alhambra,Mosque-Cathedral of Cordoba,
granite4v,E5_img_0780_mixed_N5_k4_P2,open,item,Alhambra,Mosque-Cathedral of Cordoba,
granite4v,E5_img_0780_mixed_N1_k1_P3,open,item,Alhambra,Mosque-Cathedral of Cordoba,
granite4v,E5_img_0780_mixed_N2_k2_P3,open,item,Alhambra,Mosque-Cathedral of Cordoba,
granite4v,E5_img_0780_mixed_N3_k1_P3,open,item,Alhambra,Mosque-Cathedral of Cordoba,
granite4v,E5_img_0780_mixed_N4_k4_P3,open,item,Alhambra,Mosque-Cathedral of Cordoba,
granite4v,E5_img_0780_mixed_N5_k4_P3,open,item,Alhambra,Mosque-Cathedral of Cordoba,
granite4v,E6_img_0780_mixed_N1_k1_P4,open,item,Alhambra,Mosque-Cathedral of Cordoba,
granite4v,E6_img_0780_mixed_N2_k2_P4,open,item,Cathedral of Seville,Mosque-Cathedral of Cordoba,
granite4v,E6_img_0780_mixed_N3_k1_P4,open,item,Alhambra,Mosque-Cathedral of Cordoba,
granite4v,E6_img_0780_mixed_N4_k4_P4,open,item,Grand Bazaar,Mosque-Cathedral of Cordoba,
granite4v,E6_img_0780_mixed_N4_k4_P4,open,country,Turkey,Spain,
granite4v,E6_img_0780_mixed_N5_k4_P4,open,item,bazaar,Mosque-Cathedral of Cordoba,
granite4v,E1_img_0818_mixed_N1_k1_P1,open,item,University of Oxford,Residence of Bukovinian and Dalmatian Metropolitans,
granite4v,E1_img_0818_mixed_N1_k1_P1,open,country,United Kingdom,Ukraine,
granite4v,E1_img_0818_mixed_N4_k1_P1,open,item,Castle of the Dukes of Burgundy,Residence of Bukovinian and Dalmatian Metropolitans,
granite4v,E2_img_0818_mixed_N5_k1_P1,open,item,Neuschwanstein Castle,Residence of Bukovinian and Dalmatian Metropolitans,
granite4v,E2_img_0818_mixed_N5_k1_P1,open,country,Germany,Ukraine,
granite4v,E2_img_0818_mixed_N5_k4_P1,open,item,Neuschwanstein Castle,Residence of Bukovinian and Dalmatian Metropolitans,
granite4v,E2_img_0818_mixed_N5_k4_P1,open,country,Germany,Ukraine,
granite4v,E3_img_0818_near_N5_k5_P1,open,item,Seminary of the Jesuits,Residence of Bukovinian and Dalmatian Metropolitans,
granite4v,E1_img_0698_mixed_N1_k1_P1,open,item,Château de Chambord,Citadelle Laferrière,
granite4v,E1_img_0698_mixed_N2_k2_P1,open,item,Château de Chambord,Citadelle Laferrière,
granite4v,E1_img_0698_mixed_N3_k3_P1,open,item,Château de Chambord,Citadelle Laferrière,
granite4v,E1_img_0698_mixed_N4_k2_P1,open,item,Château de Chambord,Citadelle Laferrière,
granite4v,E2_img_0698_mixed_N5_k1_P1,open,item,Château de Chambord,Citadelle Laferrière,
granite4v,E2_img_0698_mixed_N5_k2_P1,open,item,Château de Chambord,Citadelle Laferrière,
granite4v,E2_img_0698_mixed_N5_k3_P1,open,item,Château de Chambord,Citadelle Laferrière,
granite4v,E2_img_0698_mixed_N5_k4_P1,open,item,Castle,Citadelle Laferrière,
granite4v,E3_img_0698_near_N5_k1_P1,open,item,Château de Chambord,Citadelle Laferrière,
granite4v,E3_img_0698_near_N5_k1_P1,open,country,France,Haiti,
granite4v,E3_img_0698_far_N2_k2_P1,open,item,Château de Chambord,Citadelle Laferrière,
granite4v,E3_img_0698_far_N5_k1_P1,open,item,Château de Chambord,Citadelle Laferrière,
granite4v,E2_img_0858_mixed_N5_k2_P1,open,item,Alhambra,Takht-e Soleyman,
granite4v,E5_img_0858_mixed_N5_k2_P2,open,item,Alhambra,Takht-e Soleyman,
granite4v,E5_img_0858_mixed_N2_k1_P3,open,item,Alhambra,Takht-e Soleyman,
granite4v,E5_img_0858_mixed_N3_k1_P3,open,item,Bamiyan Buddhas,Takht-e Soleyman,
granite4v,E5_img_0858_mixed_N3_k1_P3,open,country,Afghanistan,Iran,
granite4v,E5_img_0858_mixed_N4_k3_P3,open,item,Bagan Archaeological Zone,Takht-e Soleyman,
granite4v,E5_img_0858_mixed_N4_k3_P3,open,country,Myanmar (Burma),Iran,
granite4v,E5_img_0858_mixed_N5_k2_P3,open,item,Alhambra,Takht-e Soleyman,
granite4v,E6_img_0858_mixed_N1_k1_P4,open,item,Persepolis,Takht-e Soleyman,
granite4v,E6_img_0858_mixed_N2_k1_P4,open,item,Persepolis,Takht-e Soleyman,
granite4v,E6_img_0858_mixed_N3_k1_P4,open,item,Derbent,Takht-e Soleyman,
granite4v,E6_img_0858_mixed_N3_k1_P4,open,country,Tajikistan,Iran,
granite4v,E6_img_0858_mixed_N5_k2_P4,open,item,Belém Tower,Takht-e Soleyman,
granite4v,E1_img_0810_mixed_N1_k1_P1,open,item,Het Binnenhof,Princely Abbey of Corvey,
granite4v,E1_img_0810_mixed_N1_k1_P1,open,country,Netherlands,Germany,
granite4v,E2_img_0810_mixed_N5_k1_P1,open,item,Huis ten Bosch,Princely Abbey of Corvey,
granite4v,E2_img_0810_mixed_N5_k1_P1,open,country,Netherlands,Germany,
granite4v,E3_img_0810_near_N2_k2_P1,open,item,Castle,Princely Abbey of Corvey,
granite4v,E1_img_0801_mixed_N1_k1_P1,open,item,Estadio Nacional de México,Plaza de toros de Acho,
granite4v,E1_img_0801_mixed_N1_k1_P1,open,country,Mexico,Peru,
granite4v,E1_img_0801_mixed_N2_k1_P1,open,item,Coliseum,Plaza de toros de Acho,
granite4v,E1_img_0801_mixed_N2_k1_P1,open,country,"Unknown (The Colosseum is located in Rome, Italy, but the image does not provide enough context to confirm the country.)",Peru,
granite4v,E1_img_0801_mixed_N3_k3_P1,open,item,Estadio Nacional de México,Plaza de toros de Acho,
granite4v,E1_img_0801_mixed_N3_k3_P1,open,country,Mexico,Peru,
granite4v,E1_img_0801_mixed_N4_k1_P1,open,item,Colosseum,Plaza de toros de Acho,
granite4v,E1_img_0801_mixed_N4_k1_P1,open,country,Italy,Peru,
granite4v,E2_img_0801_mixed_N5_k1_P1,open,item,Coliseo de la Ciudad,Plaza de toros de Acho,
granite4v,E2_img_0801_mixed_N5_k1_P1,open,country,Mexico,Peru,
granite4v,E2_img_0801_mixed_N5_k2_P1,open,item,Estádio do Dragão,Plaza de toros de Acho,
granite4v,E2_img_0801_mixed_N5_k3_P1,open,item,Colosseum,Plaza de toros de Acho,
granite4v,E2_img_0801_mixed_N5_k3_P1,open,country,Italy,Peru,
granite4v,E2_img_0801_mixed_N5_k4_P1,open,item,Estadio Nacional do Rio de Janeiro,Plaza de toros de Acho,
granite4v,E2_img_0801_mixed_N5_k4_P1,open,country,Brazil,Peru,
granite4v,E1_img_0792_mixed_N1_k1_P1,open,item,Château de Chambord,Palace of Fontainebleau,
granite4v,E1_img_0792_mixed_N2_k2_P1,open,item,Château de Chambord,Palace of Fontainebleau,
granite4v,E1_img_0792_mixed_N3_k1_P1,open,item,Château de Chambord,Palace of Fontainebleau,
granite4v,E1_img_0792_mixed_N4_k2_P1,open,item,Château de Chambord,Palace of Fontainebleau,
granite4v,E2_img_0792_mixed_N5_k1_P1,open,item,Château de Chambord,Palace of Fontainebleau,
granite4v,E2_img_0792_mixed_N5_k2_P1,open,item,Château de Chambord,Palace of Fontainebleau,
granite4v,E2_img_0792_mixed_N5_k3_P1,open,item,Château de Chambord,Palace of Fontainebleau,
granite4v,E2_img_0792_mixed_N5_k4_P1,open,item,Château de Chambord,Palace of Fontainebleau,
granite4v,E2_img_0792_mixed_N5_k5_P1,open,item,Château de Chambord,Palace of Fontainebleau,
granite4v,E3_img_0792_near_N2_k2_P1,open,item,Château de Chambord,Palace of Fontainebleau,
granite4v,E3_img_0792_near_N5_k5_P1,open,item,Château de Chambord,Palace of Fontainebleau,
granite4v,E3_img_0792_far_N2_k2_P1,open,item,Château de Chambord,Palace of Fontainebleau,
granite4v,E3_img_0792_far_N5_k5_P1,open,item,Château de Chambord,Palace of Fontainebleau,
granite4v,E5_img_0792_mixed_N1_k1_P2,open,item,Château de Chambord,Palace of Fontainebleau,
granite4v,E5_img_0792_mixed_N2_k2_P2,open,item,Château de Chambord,Palace of Fontainebleau,
granite4v,E5_img_0792_mixed_N3_k1_P2,open,item,Château de Chambord,Palace of Fontainebleau,
granite4v,E5_img_0792_mixed_N4_k2_P2,open,item,Château de Chambord,Palace of Fontainebleau,
granite4v,E5_img_0792_mixed_N5_k5_P2,open,item,Château de Chambord,Palace of Fontainebleau,
granite4v,E5_img_0792_mixed_N1_k1_P3,open,item,Château de Chambord,Palace of Fontainebleau,
granite4v,E5_img_0792_mixed_N2_k2_P3,open,item,Catherine Palace,Palace of Fontainebleau,
granite4v,E5_img_0792_mixed_N3_k1_P3,open,item,Château de Chambord,Palace of Fontainebleau,
granite4v,E5_img_0792_mixed_N4_k2_P3,open,item,Château de Chambord,Palace of Fontainebleau,
granite4v,E5_img_0792_mixed_N5_k5_P3,open,item,Château de Chambord,Palace of Fontainebleau,
granite4v,E6_img_0792_mixed_N1_k1_P4,open,item,Chateau de Chambord,Palace of Fontainebleau,
granite4v,E6_img_0792_mixed_N2_k2_P4,open,item,Château de Chambord,Palace of Fontainebleau,
granite4v,E6_img_0792_mixed_N3_k1_P4,open,item,Château de Chambord,Palace of Fontainebleau,
granite4v,E6_img_0792_mixed_N4_k2_P4,open,item,Catherine Palace,Palace of Fontainebleau,
granite4v,E6_img_0792_mixed_N5_k5_P4,open,item,Kremlin,Palace of Fontainebleau,
granite4v,E2_img_0805_mixed_N5_k1_P1,open,item,Canal boat on a bridge,Pontcysyllte Aqueduct,
granite4v,E2_img_0805_mixed_N5_k1_P1,open,country,Unknown (The image does not provide enough information to definitively determine the country.),United Kingdom,
granite4v,E2_img_0805_mixed_N5_k2_P1,open,item,"The landmark shown in Image 2 is the Connaught Bridge, also known as the Connaught Canal Bridge.",Pontcysyllte Aqueduct,
granite4v,E2_img_0805_mixed_N5_k3_P1,open,item,Connaught Bridge,Pontcysyllte Aqueduct,
granite4v,E2_img_0805_mixed_N5_k4_P1,open,item,The name of the landmark shown in Image 4 is the Aqueduct of Segovia.,Pontcysyllte Aqueduct,
granite4v,E2_img_0805_mixed_N5_k4_P1,open,country,It is from Spain.,United Kingdom,
granite4v,E3_img_0805_near_N5_k1_P1,open,item,Canal boat on a bridge,Pontcysyllte Aqueduct,
granite4v,E3_img_0805_near_N5_k1_P1,open,country,Unknown (The image does not provide enough information to definitively determine the country of the landmark.),United Kingdom,
granite4v,E3_img_0805_far_N5_k1_P1,open,item,Canal boat on a bridge,Pontcysyllte Aqueduct,
granite4v,E3_img_0805_far_N5_k1_P1,open,country,Unknown (The image does not provide enough information to determine the specific country of the landmark.),United Kingdom,
granite4v,E3_img_0879_far_N5_k3_P1,open,item,Church of the Holy Cross,Urnes Stave Church,
granite4v,E5_img_0879_mixed_N2_k1_P2,open,item,Church of the Holy Cross,Urnes Stave Church,
granite4v,E5_img_0879_mixed_N3_k1_P2,open,item,Church of the Holy Cross,Urnes Stave Church,
granite4v,E5_img_0879_mixed_N4_k1_P2,open,item,Church of the Holy Cross,Urnes Stave Church,
granite4v,E5_img_0879_mixed_N2_k1_P3,open,item,Church,Urnes Stave Church,
granite4v,E5_img_0879_mixed_N3_k1_P3,open,item,Church of the Holy Cross,Urnes Stave Church,
granite4v,E5_img_0879_mixed_N4_k1_P3,open,item,Church of the Holy Cross,Urnes Stave Church,
granite4v,E5_img_0879_mixed_N5_k3_P3,open,item,Church,Urnes Stave Church,
granite4v,E6_img_0879_mixed_N5_k3_P4,open,item,Golden Temple,Urnes Stave Church,
granite4v,E1_img_0737_mixed_N1_k1_P1,open,item,Cueva de las Manos,Hypogeum of Ħal Saflieni,
granite4v,E1_img_0737_mixed_N1_k1_P1,open,country,Argentina,Malta,
granite4v,E2_img_0737_mixed_N5_k1_P1,open,item,Temple of the Sun,Hypogeum of Ħal Saflieni,
granite4v,E2_img_0737_mixed_N5_k2_P1,open,item,Lascaux Cave,Hypogeum of Ħal Saflieni,
granite4v,E2_img_0737_mixed_N5_k2_P1,open,country,France,Malta,
granite4v,E2_img_0737_mixed_N5_k3_P1,open,item,Temple of the Sun,Hypogeum of Ħal Saflieni,
granite4v,E2_img_0737_mixed_N5_k4_P1,open,item,Temple of the Sun,Hypogeum of Ħal Saflieni,
granite4v,E3_img_0737_near_N5_k4_P1,open,item,Lascaux Cave,Hypogeum of Ħal Saflieni,
granite4v,E3_img_0737_far_N5_k4_P1,open,item,Cave of the Thousand Buddhas,Hypogeum of Ħal Saflieni,
granite4v,E1_img_0793_mixed_N1_k1_P1,open,item,Royal Palace of Madrid,Palace of Mafra,
granite4v,E1_img_0793_mixed_N1_k1_P1,open,country,Spain,Portugal,
granite4v,E1_img_0793_mixed_N2_k1_P1,open,item,Pátzcuaro Cathedral,Palace of Mafra,
granite4v,E1_img_0793_mixed_N2_k1_P1,open,country,Mexico,Portugal,
granite4v,E2_img_0793_mixed_N5_k1_P1,open,item,Palace of the Jesuits,Palace of Mafra,
granite4v,E2_img_0793_mixed_N5_k2_P1,open,item,Palace of the Holy Spirit,Palace of Mafra,
granite4v,E3_img_0793_near_N2_k1_P1,open,item,Royal Palace of Madrid,Palace of Mafra,
granite4v,E3_img_0793_near_N5_k5_P1,open,item,Palace of Versailles,Palace of Mafra,
granite4v,E3_img_0793_near_N5_k5_P1,open,country,France,Portugal,
granite4v,E3_img_0793_far_N2_k1_P1,open,item,Royal Palace of Madrid,Palace of Mafra,
granite4v,E3_img_0793_far_N2_k1_P1,open,country,Spain,Portugal,
granite4v,E3_img_0793_far_N5_k5_P1,open,item,Potala Palace,Palace of Mafra,
granite4v,E3_img_0793_far_N5_k5_P1,open,country,Nepal,Portugal,
granite4v,E2_img_0708_mixed_N5_k4_P1,open,item,Topkapi Palace,Divriği Great Mosque and Hospital,
granite4v,E3_img_0708_far_N5_k2_P1,open,item,Unspecified,Divriği Great Mosque and Hospital,
granite4v,E1_img_0866_mixed_N1_k1_P1,open,item,Chichen Itza,Teotihuacan,
granite4v,E1_img_0866_mixed_N2_k1_P1,open,item,Temple of the Inscriptions,Teotihuacan,
granite4v,E1_img_0866_mixed_N3_k1_P1,open,item,Chichen Itza,Teotihuacan,
granite4v,E1_img_0866_mixed_N4_k3_P1,open,item,Chichen Itza,Teotihuacan,
granite4v,E2_img_0866_mixed_N5_k1_P1,open,item,Chichen Itza,Teotihuacan,
granite4v,E2_img_0866_mixed_N5_k2_P1,open,item,Chichen Itza,Teotihuacan,
granite4v,E2_img_0866_mixed_N5_k3_P1,open,item,Chichen Itza,Teotihuacan,
granite4v,E2_img_0866_mixed_N5_k4_P1,open,item,Chichen Itza,Teotihuacan,
granite4v,E2_img_0866_mixed_N5_k5_P1,open,item,Chichen Itza,Teotihuacan,
granite4v,E3_img_0866_near_N2_k1_P1,open,item,Chichen Itza,Teotihuacan,
granite4v,E3_img_0866_near_N5_k4_P1,open,item,Chichen Itza,Teotihuacan,
granite4v,E3_img_0866_far_N2_k1_P1,open,item,Chichen Itza,Teotihuacan,
granite4v,E3_img_0866_far_N5_k4_P1,open,item,Chichen Itza,Teotihuacan,
granite4v,E5_img_0866_mixed_N1_k1_P2,open,item,Chichen Itza,Teotihuacan,
granite4v,E5_img_0866_mixed_N2_k1_P2,open,item,Temple of the Inscriptions,Teotihuacan,
granite4v,E5_img_0866_mixed_N3_k1_P2,open,item,Chichen Itza,Teotihuacan,
granite4v,E5_img_0866_mixed_N4_k3_P2,open,item,Chichen Itza,Teotihuacan,
granite4v,E5_img_0866_mixed_N5_k4_P2,open,item,Chichen Itza,Teotihuacan,
granite4v,E5_img_0866_mixed_N1_k1_P3,open,item,Chichen Itza,Teotihuacan,
granite4v,E5_img_0866_mixed_N2_k1_P3,open,item,Chichen Itza,Teotihuacan,
granite4v,E5_img_0866_mixed_N3_k1_P3,open,item,Chichen Itza,Teotihuacan,
granite4v,E5_img_0866_mixed_N4_k3_P3,open,item,Chichen Itza,Teotihuacan,
granite4v,E5_img_0866_mixed_N5_k4_P3,open,item,Chichen Itza,Teotihuacan,
granite4v,E6_img_0866_mixed_N1_k1_P4,open,item,Chichen Itza,Teotihuacan,
granite4v,E6_img_0866_mixed_N2_k1_P4,open,item,Pyramid of the Sun,Teotihuacan,
granite4v,E6_img_0866_mixed_N3_k1_P4,open,item,El Castillo,Teotihuacan,
granite4v,E6_img_0866_mixed_N4_k3_P4,open,item,Villa Savoye,Teotihuacan,
granite4v,E6_img_0866_mixed_N4_k3_P4,open,country,France,Mexico,
granite4v,E6_img_0866_mixed_N5_k4_P4,open,item,Casa Batlló,Teotihuacan,
granite4v,E6_img_0866_mixed_N5_k4_P4,open,country,Spain,Mexico,
granite4v,E1_img_0663_mixed_N1_k1_P1,open,item,Al Aqaba,Bahla Fort,
granite4v,E1_img_0663_mixed_N1_k1_P1,open,country,United Arab Emirates,Oman,
granite4v,E1_img_0663_mixed_N2_k2_P1,open,item,Alhambra,Bahla Fort,
granite4v,E1_img_0663_mixed_N2_k2_P1,open,country,Spain,Oman,
granite4v,E1_img_0663_mixed_N3_k2_P1,open,item,Al Aqaba,Bahla Fort,
granite4v,E1_img_0663_mixed_N3_k2_P1,open,country,Jordan,Oman,
granite4v,E1_img_0663_mixed_N4_k4_P1,open,item,Al-Aqsa Mosque,Bahla Fort,
granite4v,E1_img_0663_mixed_N4_k4_P1,open,country,Palestine,Oman,
granite4v,E2_img_0663_mixed_N5_k1_P1,open,item,Al-Aqsa Mosque,Bahla Fort,
granite4v,E2_img_0663_mixed_N5_k1_P1,open,country,Palestine,Oman,
granite4v,E2_img_0663_mixed_N5_k2_P1,open,item,Alhambra,Bahla Fort,
granite4v,E2_img_0663_mixed_N5_k2_P1,open,country,Spain,Oman,
granite4v,E2_img_0663_mixed_N5_k3_P1,open,item,Al-Aqsa Mosque,Bahla Fort,
granite4v,E2_img_0663_mixed_N5_k3_P1,open,country,Palestine,Oman,
granite4v,E2_img_0663_mixed_N5_k4_P1,open,item,Al Ain Fort,Bahla Fort,
granite4v,E2_img_0663_mixed_N5_k4_P1,open,country,United Arab Emirates,Oman,
granite4v,E2_img_0663_mixed_N5_k5_P1,open,item,Al-Aqsa Mosque,Bahla Fort,
granite4v,E2_img_0663_mixed_N5_k5_P1,open,country,Palestine,Oman,
granite4v,E3_img_0663_near_N2_k2_P1,open,item,Al-Aqsa Mosque,Bahla Fort,
granite4v,E3_img_0663_near_N2_k2_P1,open,country,Palestine,Oman,
granite4v,E3_img_0663_near_N5_k5_P1,open,item,Al-Aqsa Mosque,Bahla Fort,
granite4v,E3_img_0663_near_N5_k5_P1,open,country,Palestine,Oman,
granite4v,E3_img_0663_far_N2_k2_P1,open,item,Al Aqaba Fort,Bahla Fort,
granite4v,E3_img_0663_far_N2_k2_P1,open,country,Jordan,Oman,
granite4v,E3_img_0663_far_N5_k5_P1,open,item,Al-Aqsa Mosque,Bahla Fort,
granite4v,E3_img_0663_far_N5_k5_P1,open,country,Palestine,Oman,
granite4v,E1_img_0824_mixed_N1_k1_P1,open,item,Château de Chillon,Royal Abbey of Hautecombe,
granite4v,E1_img_0824_mixed_N1_k1_P1,open,country,Switzerland,France,
granite4v,E1_img_0824_mixed_N2_k1_P1,open,item,Chillon Castle,Royal Abbey of Hautecombe,
granite4v,E1_img_0824_mixed_N2_k1_P1,open,country,Switzerland,France,
granite4v,E1_img_0824_mixed_N3_k3_P1,open,item,Chillon Castle,Royal Abbey of Hautecombe,
granite4v,E1_img_0824_mixed_N3_k3_P1,open,country,Switzerland,France,
granite4v,E1_img_0824_mixed_N4_k1_P1,open,item,Chillon Castle,Royal Abbey of Hautecombe,
granite4v,E1_img_0824_mixed_N4_k1_P1,open,country,Switzerland,France,
granite4v,E2_img_0824_mixed_N5_k1_P1,open,item,Chillon Castle,Royal Abbey of Hautecombe,
granite4v,E2_img_0824_mixed_N5_k1_P1,open,country,Switzerland,France,
granite4v,E2_img_0824_mixed_N5_k2_P1,open,item,Chillon Castle,Royal Abbey of Hautecombe,
granite4v,E2_img_0824_mixed_N5_k2_P1,open,country,Switzerland,France,
granite4v,E2_img_0824_mixed_N5_k3_P1,open,item,Castle,Royal Abbey of Hautecombe,
granite4v,E2_img_0824_mixed_N5_k4_P1,open,item,Castle of the Dukes of Burgundy,Royal Abbey of Hautecombe,
granite4v,E2_img_0824_mixed_N5_k5_P1,open,item,Castle,Royal Abbey of Hautecombe,
granite4v,E3_img_0824_near_N2_k1_P1,open,item,Château de Chillon,Royal Abbey of Hautecombe,
granite4v,E3_img_0824_near_N5_k1_P1,open,item,Chillon Castle,Royal Abbey of Hautecombe,
granite4v,E3_img_0824_far_N2_k1_P1,open,item,Château de Chillon,Royal Abbey of Hautecombe,
granite4v,E3_img_0824_far_N2_k1_P1,open,country,Switzerland,France,
granite4v,E3_img_0824_far_N5_k1_P1,open,item,Chillon Castle,Royal Abbey of Hautecombe,
granite4v,E3_img_0824_far_N5_k1_P1,open,country,Switzerland,France,
granite4v,E1_img_0770_mixed_N1_k1_P1,open,item,Dead Sea Scrolls,Masada,
granite4v,E1_img_0770_mixed_N3_k1_P1,open,item,Dead Sea,Masada,
granite4v,E1_img_0770_mixed_N4_k2_P1,open,item,Temple Mount,Masada,
granite4v,E2_img_0770_mixed_N5_k1_P1,open,item,Dead Sea,Masada,
granite4v,E2_img_0770_mixed_N5_k2_P1,open,item,Wadi Rum,Masada,
granite4v,E2_img_0770_mixed_N5_k2_P1,open,country,Jordan,Israel,
granite4v,E2_img_0770_mixed_N5_k3_P1,open,item,Temple of the Dead,Masada,
granite4v,E2_img_0770_mixed_N5_k4_P1,open,item,Wadi Rum,Masada,
granite4v,E2_img_0770_mixed_N5_k4_P1,open,country,Jordan,Israel,
granite4v,E2_img_0770_mixed_N5_k5_P1,open,item,Dead Sea,Masada,
granite4v,E3_img_0770_near_N5_k2_P1,open,item,Wadi Rum,Masada,
granite4v,E3_img_0770_near_N5_k2_P1,open,country,Jordan,Israel,
granite4v,E3_img_0770_far_N2_k2_P1,open,item,Temple of Artemis at Ephesus,Masada,
granite4v,E3_img_0770_far_N2_k2_P1,open,country,Turkey,Israel,
granite4v,E3_img_0770_far_N5_k2_P1,open,item,Petra,Masada,
granite4v,E3_img_0770_far_N5_k2_P1,open,country,Jordan,Israel,
granite4v,E5_img_0770_mixed_N1_k1_P2,open,item,Dead Sea Scrolls,Masada,
granite4v,E5_img_0770_mixed_N2_k2_P2,open,item,Dead Sea Scrolls,Masada,
granite4v,E5_img_0770_mixed_N3_k1_P2,open,item,Dead Sea,Masada,
granite4v,E5_img_0770_mixed_N4_k2_P2,open,item,Wadi Rum,Masada,
granite4v,E5_img_0770_mixed_N4_k2_P2,open,country,Jordan,Israel,
granite4v,E5_img_0770_mixed_N5_k2_P2,open,item,Petra,Masada,
granite4v,E5_img_0770_mixed_N5_k2_P2,open,country,Jordan,Israel,
granite4v,E5_img_0770_mixed_N1_k1_P3,open,item,Dead Sea Scrolls,Masada,
granite4v,E5_img_0770_mixed_N2_k2_P3,open,item,Dead Sea Scrolls,Masada,
granite4v,E5_img_0770_mixed_N3_k1_P3,open,item,Dead Sea Scrolls,Masada,
granite4v,E5_img_0770_mixed_N4_k2_P3,open,item,Temple Mount,Masada,
granite4v,E5_img_0770_mixed_N5_k2_P3,open,item,Wadi Rum,Masada,
granite4v,E5_img_0770_mixed_N5_k2_P3,open,country,Jordan,Israel,
granite4v,E6_img_0770_mixed_N1_k1_P4,open,item,Petra,Masada,
granite4v,E6_img_0770_mixed_N1_k1_P4,open,country,Jordan,Israel,
granite4v,E6_img_0770_mixed_N2_k2_P4,open,item,Dead Sea Scrolls,Masada,
granite4v,E6_img_0770_mixed_N3_k1_P4,open,item,Dead Sea Scrolls site,Masada,
granite4v,E6_img_0770_mixed_N5_k2_P4,open,item,Temple,Masada,
granite4v,E2_img_0842_mixed_N5_k2_P1,open,item,San Pedro de la Ribera Church,Šibenik Cathedral,
granite4v,E2_img_0842_mixed_N5_k4_P1,open,item,St. Mark's Basilica,Šibenik Cathedral,
granite4v,E2_img_0842_mixed_N5_k4_P1,open,country,"Unknown (The image does not provide enough information to definitively determine the country, as St. Mark's Basilica is located in Venice, Italy, but the image itself does not specify the location.)",Croatia,
granite4v,E1_img_0645_mixed_N1_k1_P1,open,item,龍祖廟 (Dragon God Temple),A-Ma Temple,
granite4v,E1_img_0645_mixed_N2_k2_P1,open,item,Temple,A-Ma Temple,
granite4v,E1_img_0645_mixed_N3_k3_P1,open,item,Temple,A-Ma Temple,
granite4v,E1_img_0645_mixed_N4_k4_P1,open,item,Temple,A-Ma Temple,
granite4v,E2_img_0645_mixed_N5_k1_P1,open,item,Temple of the Jade Buddha,A-Ma Temple,
granite4v,E2_img_0645_mixed_N5_k1_P1,open,country,Thailand,China,
granite4v,E2_img_0645_mixed_N5_k2_P1,open,item,Temple of the Monkey,A-Ma Temple,
granite4v,E2_img_0645_mixed_N5_k3_P1,open,item,Temple of the Jade Buddha,A-Ma Temple,
granite4v,E2_img_0645_mixed_N5_k3_P1,open,country,Thailand,China,
granite4v,E2_img_0645_mixed_N5_k4_P1,open,item,Temple of the Jade Buddha,A-Ma Temple,
granite4v,E2_img_0645_mixed_N5_k4_P1,open,country,Thailand,China,
granite4v,E2_img_0645_mixed_N5_k5_P1,open,item,Temple,A-Ma Temple,
granite4v,E3_img_0645_near_N2_k2_P1,open,item,Temple,A-Ma Temple,
granite4v,E3_img_0645_near_N5_k4_P1,open,item,Temple of the Dragon,A-Ma Temple,
granite4v,E3_img_0645_far_N2_k2_P1,open,item,Temple,A-Ma Temple,
granite4v,E3_img_0645_far_N2_k2_P1,open,country,"Unknown (The specific name of the temple is not clearly visible in the image, and the country cannot be definitively determined from the visible elements alone.)",China,
granite4v,E3_img_0645_far_N5_k4_P1,open,item,Temple of the Dragon King,A-Ma Temple,
granite4v,E6_img_0690_mixed_N5_k5_P4,open,item,Colosseum,Chhatrapati Shivaji Maharaj Terminus,
granite4v,E6_img_0690_mixed_N5_k5_P4,open,country,Italy,India,
granite4v,E2_img_0878_mixed_N5_k1_P1,open,item,Temple of the Pharaohs,Umm ar-Rasas,
granite4v,E2_img_0878_mixed_N5_k1_P1,open,country,Egypt,Jordan,
granite4v,E3_img_0878_near_N5_k1_P1,open,item,Temple of Artemis at Ephesus,Umm ar-Rasas,
granite4v,E3_img_0878_near_N5_k1_P1,open,country,Turkey,Jordan,
granite4v,E1_img_0704_mixed_N1_k1_P1,open,item,Santo Domingo de Puebla,Cusco Cathedral,
granite4v,E1_img_0704_mixed_N3_k3_P1,open,item,Catedral Metropolitana de Lima,Cusco Cathedral,
granite4v,E1_img_0704_mixed_N4_k3_P1,open,item,Catedral Metropolitana de Lima,Cusco Cathedral,
granite4v,E2_img_0704_mixed_N5_k1_P1,open,item,Catedral Metropolitana de Lima,Cusco Cathedral,
granite4v,E2_img_0704_mixed_N5_k3_P1,open,item,Catedral de Puebla,Cusco Cathedral,
granite4v,E2_img_0704_mixed_N5_k4_P1,open,item,Catedral de Puebla,Cusco Cathedral,
granite4v,E2_img_0704_mixed_N5_k5_P1,open,item,Catedral de Puebla,Cusco Cathedral,
granite4v,E1_img_0653_mixed_N1_k1_P1,open,item,Parthenon,Acropolis of Athens,
granite4v,E1_img_0653_mixed_N2_k2_P1,open,item,Parthenon,Acropolis of Athens,
granite4v,E3_img_0653_near_N2_k2_P1,open,item,Parthenon,Acropolis of Athens,
granite4v,E3_img_0653_far_N2_k2_P1,open,item,Parthenon,Acropolis of Athens,
granite4v,E5_img_0653_mixed_N2_k2_P2,open,item,Parthenon,Acropolis of Athens,
granite4v,E5_img_0653_mixed_N1_k1_P3,open,item,Parthenon,Acropolis of Athens,
granite4v,E5_img_0653_mixed_N2_k2_P3,open,item,Parthenon,Acropolis of Athens,
granite4v,E6_img_0653_mixed_N1_k1_P4,open,item,Parthenon,Acropolis of Athens,
granite4v,E6_img_0653_mixed_N2_k2_P4,open,item,Parthenon,Acropolis of Athens,
granite4v,E6_img_0653_mixed_N3_k1_P4,open,item,Parthenon,Acropolis of Athens,
granite4v,E6_img_0653_mixed_N4_k4_P4,open,item,Florence Cathedral,Acropolis of Athens,
granite4v,E6_img_0653_mixed_N4_k4_P4,open,country,Italy,Greece,
granite4v,E1_img_0651_mixed_N1_k1_P1,open,item,Hofgärtnerhaus,Abbey of Saint Gall,
granite4v,E1_img_0651_mixed_N1_k1_P1,open,country,Austria,Switzerland,
granite4v,E1_img_0651_mixed_N2_k1_P1,open,item,Hofburg Palace,Abbey of Saint Gall,
granite4v,E1_img_0651_mixed_N2_k1_P1,open,country,Austria,Switzerland,
granite4v,E1_img_0651_mixed_N3_k2_P1,open,item,Town Hall,Abbey of Saint Gall,
granite4v,E1_img_0651_mixed_N4_k1_P1,open,item,Hofburg Palace,Abbey of Saint Gall,
granite4v,E1_img_0651_mixed_N4_k1_P1,open,country,Austria,Switzerland,
granite4v,E2_img_0651_mixed_N5_k1_P1,open,item,Hofburg Palace,Abbey of Saint Gall,
granite4v,E2_img_0651_mixed_N5_k1_P1,open,country,Austria,Switzerland,
granite4v,E2_img_0651_mixed_N5_k2_P1,open,item,Town Hall,Abbey of Saint Gall,
granite4v,E2_img_0651_mixed_N5_k3_P1,open,item,Schönbrunn Palace,Abbey of Saint Gall,
granite4v,E2_img_0651_mixed_N5_k3_P1,open,country,Austria,Switzerland,
granite4v,E2_img_0651_mixed_N5_k4_P1,open,item,Hofburg Palace,Abbey of Saint Gall,
granite4v,E2_img_0651_mixed_N5_k4_P1,open,country,Austria,Switzerland,
granite4v,E3_img_0651_far_N5_k4_P1,open,item,Schlossberg,Abbey of Saint Gall,
granite4v,E3_img_0651_far_N5_k4_P1,open,country,Germany,Switzerland,
granite4v,E1_img_0668_mixed_N1_k1_P1,open,item,Pátio dos Bons Gostos,Bom Jesus do Monte,
granite4v,E1_img_0668_mixed_N2_k2_P1,open,item,Staircase to the Heavens,Bom Jesus do Monte,
granite4v,E1_img_0668_mixed_N3_k3_P1,open,item,Staircase to the Heaven,Bom Jesus do Monte,
granite4v,E1_img_0668_mixed_N4_k2_P1,open,item,Panteão Nacional,Bom Jesus do Monte,
granite4v,E2_img_0668_mixed_N5_k1_P1,open,item,Pátio dos Belas,Bom Jesus do Monte,
granite4v,E2_img_0668_mixed_N5_k2_P1,open,item,Vittorio Emanuele II Monument,Bom Jesus do Monte,
granite4v,E2_img_0668_mixed_N5_k2_P1,open,country,Italy,Portugal,
granite4v,E2_img_0668_mixed_N5_k4_P1,open,item,Panteão Nacional,Bom Jesus do Monte,
granite4v,E2_img_0668_mixed_N5_k5_P1,open,item,Vila Balestrera,Bom Jesus do Monte,
granite4v,E3_img_0668_near_N2_k2_P1,open,item,Panteão Nacional,Bom Jesus do Monte,
granite4v,E3_img_0668_near_N5_k5_P1,open,item,Vila Viçosa,Bom Jesus do Monte,
granite4v,E3_img_0668_far_N2_k2_P1,open,item,Vila Baleira,Bom Jesus do Monte,
granite4v,E3_img_0668_far_N5_k5_P1,open,item,Vila Balestrera,Bom Jesus do Monte,
granite4v,E1_img_0809_mixed_N1_k1_P1,open,item,Bayon Temple,Preah Vihear Temple,
granite4v,E1_img_0809_mixed_N2_k1_P1,open,item,Angkor Wat,Preah Vihear Temple,
granite4v,E1_img_0809_mixed_N3_k1_P1,open,item,Angkor Wat,Preah Vihear Temple,
granite4v,E1_img_0809_mixed_N4_k3_P1,open,item,Bagan Archaeological Zone,Preah Vihear Temple,
granite4v,E1_img_0809_mixed_N4_k3_P1,open,country,Myanmar,Cambodia,
granite4v,E2_img_0809_mixed_N5_k1_P1,open,item,Angkor Wat,Preah Vihear Temple,
granite4v,E2_img_0809_mixed_N5_k2_P1,open,item,Sacsuyuay,Preah Vihear Temple,
granite4v,E2_img_0809_mixed_N5_k3_P1,open,item,Bagan Archaeological Zone,Preah Vihear Temple,
granite4v,E2_img_0809_mixed_N5_k3_P1,open,country,Myanmar (Burma),Cambodia,
granite4v,E2_img_0809_mixed_N5_k4_P1,open,item,Bagan Archaeological Zone,Preah Vihear Temple,
granite4v,E2_img_0809_mixed_N5_k4_P1,open,country,Myanmar,Cambodia,
granite4v,E2_img_0809_mixed_N5_k5_P1,open,item,Bagan Archaeological Zone,Preah Vihear Temple,
granite4v,E2_img_0809_mixed_N5_k5_P1,open,country,Myanmar,Cambodia,
granite4v,E3_img_0809_near_N2_k1_P1,open,item,Angkor Wat,Preah Vihear Temple,
granite4v,E3_img_0809_near_N5_k1_P1,open,item,Angkor Wat,Preah Vihear Temple,
granite4v,E3_img_0809_far_N2_k1_P1,open,item,Angkor Wat,Preah Vihear Temple,
granite4v,E3_img_0809_far_N5_k1_P1,open,item,Angkor Wat,Preah Vihear Temple,
granite4v,E5_img_0809_mixed_N1_k1_P2,open,item,Bayon Temple,Preah Vihear Temple,
granite4v,E5_img_0809_mixed_N2_k1_P2,open,item,Angkor Wat,Preah Vihear Temple,
granite4v,E5_img_0809_mixed_N3_k1_P2,open,item,Angkor Wat,Preah Vihear Temple,
granite4v,E5_img_0809_mixed_N4_k3_P2,open,item,Bagan Archaeological Zone,Preah Vihear Temple,
granite4v,E5_img_0809_mixed_N4_k3_P2,open,country,Myanmar (Burma),Cambodia,
granite4v,E5_img_0809_mixed_N5_k1_P2,open,item,Angkor Wat,Preah Vihear Temple,
granite4v,E5_img_0809_mixed_N1_k1_P3,open,item,Angkor Wat,Preah Vihear Temple,
granite4v,E5_img_0809_mixed_N2_k1_P3,open,item,Angkor Wat,Preah Vihear Temple,
granite4v,E5_img_0809_mixed_N3_k1_P3,open,item,Angkor Wat,Preah Vihear Temple,
granite4v,E5_img_0809_mixed_N4_k3_P3,open,item,Bagan Archaeological Zone,Preah Vihear Temple,
granite4v,E5_img_0809_mixed_N4_k3_P3,open,country,Myanmar (Burma),Cambodia,
granite4v,E5_img_0809_mixed_N5_k1_P3,open,item,Angkor Wat,Preah Vihear Temple,
granite4v,E6_img_0809_mixed_N1_k1_P4,open,item,Bayon Temple,Preah Vihear Temple,
granite4v,E6_img_0809_mixed_N2_k1_P4,open,item,Bayon Temple,Preah Vihear Temple,
granite4v,E6_img_0809_mixed_N3_k1_P4,open,item,Bayon Temple,Preah Vihear Temple,
granite4v,E6_img_0809_mixed_N4_k3_P4,open,item,Temple,Preah Vihear Temple,
granite4v,E6_img_0809_mixed_N5_k1_P4,open,item,Borobudur Temple,Preah Vihear Temple,
granite4v,E6_img_0809_mixed_N5_k1_P4,open,country,Indonesia,Cambodia,
granite4v,E1_img_0723_mixed_N1_k1_P1,open,item,Palacio de la Alcázar,General Archive of the Indies,
granite4v,E1_img_0723_mixed_N3_k2_P1,open,item,Palacio de Bellas Artes,General Archive of the Indies,
granite4v,E2_img_0723_mixed_N5_k1_P1,open,item,Palacio de Bellas Artes,General Archive of the Indies,
granite4v,E2_img_0723_mixed_N5_k2_P1,open,item,Palacio de Bellas Artes,General Archive of the Indies,
granite4v,E2_img_0723_mixed_N5_k3_P1,open,item,Palacio de Bellas Artes,General Archive of the Indies,
granite4v,E3_img_0723_near_N5_k2_P1,open,item,Palacio de Bellas Artes,General Archive of the Indies,
granite4v,E3_img_0723_near_N5_k2_P1,open,country,Mexico,Spain,
granite4v,E3_img_0811_far_N2_k1_P1,open,item,Roman ruins,Qal’at al Bahrain,
granite4v,E1_img_0676_mixed_N1_k1_P1,open,item,Santiago de Compostela Cathedral,Burgos Cathedral,
granite4v,E1_img_0676_mixed_N2_k1_P1,open,item,Santiago de Compostela Cathedral,Burgos Cathedral,
granite4v,E1_img_0676_mixed_N3_k1_P1,open,item,Santiago de Compostela Cathedral,Burgos Cathedral,
granite4v,E1_img_0676_mixed_N4_k1_P1,open,item,Santiago de Compostela Cathedral,Burgos Cathedral,
granite4v,E2_img_0676_mixed_N5_k1_P1,open,item,Santiago de Compostela Cathedral,Burgos Cathedral,
granite4v,E2_img_0676_mixed_N5_k4_P1,open,item,Santiago de Compostela Cathedral,Burgos Cathedral,
granite4v,E3_img_0676_near_N2_k1_P1,open,item,Santiago de Compostela Cathedral,Burgos Cathedral,
granite4v,E3_img_0676_far_N2_k1_P1,open,item,Santiago de Compostela Cathedral,Burgos Cathedral,
granite4v,E3_img_0676_far_N5_k2_P1,open,item,Santiago de Compostela Cathedral,Burgos Cathedral,
granite4v,E5_img_0676_mixed_N1_k1_P2,open,item,Santiago de Compostela Cathedral,Burgos Cathedral,
granite4v,E5_img_0676_mixed_N2_k1_P2,open,item,Santiago de Compostela Cathedral,Burgos Cathedral,
granite4v,E5_img_0676_mixed_N3_k1_P2,open,item,Cathedral of Santiago de Compostela,Burgos Cathedral,
granite4v,E5_img_0676_mixed_N4_k1_P2,open,item,Santiago de Compostela Cathedral,Burgos Cathedral,
granite4v,E5_img_0676_mixed_N1_k1_P3,open,item,Santiago de Compostela Cathedral,Burgos Cathedral,
granite4v,E5_img_0676_mixed_N2_k1_P3,open,item,Santiago de Compostela Cathedral,Burgos Cathedral,
granite4v,E5_img_0676_mixed_N3_k1_P3,open,item,Cathedral of Santiago de Compostela,Burgos Cathedral,
granite4v,E5_img_0676_mixed_N4_k1_P3,open,item,Santiago de Compostela Cathedral,Burgos Cathedral,
granite4v,E5_img_0676_mixed_N5_k2_P3,open,item,Cathedral of Santiago de Compostela,Burgos Cathedral,
granite4v,E6_img_0676_mixed_N1_k1_P4,open,item,Cathedral of Santiago de Compostela,Burgos Cathedral,
granite4v,E6_img_0676_mixed_N2_k1_P4,open,item,Cathedral of Santiago de Compostela,Burgos Cathedral,
granite4v,E6_img_0676_mixed_N3_k1_P4,open,item,Cathedral of Santiago de Compostela,Burgos Cathedral,
granite4v,E6_img_0676_mixed_N4_k1_P4,open,item,Cologne Cathedral,Burgos Cathedral,
granite4v,E6_img_0676_mixed_N4_k1_P4,open,country,Germany,Spain,
granite4v,E6_img_0676_mixed_N5_k2_P4,open,item,Sun temple,Burgos Cathedral,
granite4v,E1_img_0772_mixed_N1_k1_P1,open,item,Samarkand Madrasa,Mausoleum of Khoja Ahmed Yasawi,
granite4v,E1_img_0772_mixed_N1_k1_P1,open,country,Uzbekistan,Kazakhstan,
granite4v,E2_img_0772_mixed_N5_k1_P1,open,item,Samanid Dome,Mausoleum of Khoja Ahmed Yasawi,
granite4v,E2_img_0772_mixed_N5_k1_P1,open,country,Uzbekistan,Kazakhstan,
granite4v,E3_img_0772_near_N5_k3_P1,open,item,Samanid Samanid Palace,Mausoleum of Khoja Ahmed Yasawi,
granite4v,E3_img_0772_near_N5_k3_P1,open,country,Uzbekistan,Kazakhstan,
granite4v,E2_img_0667_mixed_N5_k1_P1,open,item,Alcazar of Seville,Beaufort Castle,
granite4v,E2_img_0667_mixed_N5_k1_P1,open,country,Spain,Lebanon,
granite4v,E2_img_0667_mixed_N5_k2_P1,open,item,Old Fortress,Beaufort Castle,
granite4v,E1_img_0655_mixed_N1_k1_P1,open,item,Mellah,Aït Benhaddou,
granite4v,E1_img_0655_mixed_N4_k4_P1,open,item,Medina of Fez,Aït Benhaddou,
granite4v,E2_img_0655_mixed_N5_k1_P1,open,item,Medina of Fez,Aït Benhaddou,
granite4v,E2_img_0655_mixed_N5_k2_P1,open,item,Fes-Meknes Historic City,Aït Benhaddou,
granite4v,E2_img_0655_mixed_N5_k3_P1,open,item,Fes-Meknes World Heritage Site,Aït Benhaddou,
granite4v,E2_img_0655_mixed_N5_k4_P1,open,item,Medina of Fez,Aït Benhaddou,
granite4v,E2_img_0655_mixed_N5_k5_P1,open,item,Tinghir,Aït Benhaddou,
granite4v,E3_img_0655_near_N2_k2_P1,open,item,Mellah,Aït Benhaddou,
granite4v,E5_img_0655_mixed_N2_k2_P2,open,item,Medina of Fez,Aït Benhaddou,
granite4v,E5_img_0655_mixed_N4_k4_P2,open,item,Medina of Fez,Aït Benhaddou,
granite4v,E5_img_0655_mixed_N5_k5_P2,open,item,Marrakech Medina,Aït Benhaddou,
granite4v,E5_img_0655_mixed_N2_k2_P3,open,item,Medina of Fez,Aït Benhaddou,
granite4v,E5_img_0655_mixed_N3_k1_P3,open,item,Medina of Fez,Aït Benhaddou,
granite4v,E5_img_0655_mixed_N4_k4_P3,open,item,Medina of Fez,Aït Benhaddou,
granite4v,E5_img_0655_mixed_N5_k5_P3,open,item,Medina of Fez,Aït Benhaddou,
granite4v,E6_img_0655_mixed_N1_k1_P4,open,item,Tinghir,Aït Benhaddou,
granite4v,E6_img_0655_mixed_N2_k2_P4,open,item,Medina of Fez,Aït Benhaddou,
granite4v,E1_img_0024_mixed_N1_k1_P1,open,item,Fez,Doppa,
granite4v,E1_img_0024_mixed_N2_k1_P1,open,item,Kufi,Doppa,
granite4v,E1_img_0024_mixed_N3_k1_P1,open,item,Kufi,Doppa,
granite4v,E1_img_0024_mixed_N3_k1_P1,open,country,"Unknown (The Kufi is worn in various countries, including Turkey, Iran, and among some Muslim communities in the Middle East and North Africa, but it is not exclusive to any one country.)",Uzbekistan,
granite4v,E1_img_0024_mixed_N4_k1_P1,open,item,Fez,Doppa,
granite4v,E2_img_0024_mixed_N5_k1_P1,open,item,Kufi,Doppa,
granite4v,E2_img_0024_mixed_N5_k1_P1,open,country,"Unknown (The Kufi is a type of headgear worn by men in various cultures, including Islamic, African, and Middle Eastern, so it is not specific to one country.)",Uzbekistan,
granite4v,E2_img_0024_mixed_N5_k2_P1,open,item,Kufi,Doppa,
granite4v,E2_img_0024_mixed_N5_k3_P1,open,item,Fez,Doppa,
granite4v,E2_img_0024_mixed_N5_k4_P1,open,item,Kufi,Doppa,
granite4v,E2_img_0024_mixed_N5_k5_P1,open,item,Fez,Doppa,
granite4v,E3_img_0024_near_N2_k1_P1,open,item,Kufi,Doppa,
granite4v,E3_img_0024_near_N2_k1_P1,open,country,"Unknown (The Kufi is worn in various countries, including Turkey, Iran, and among some Muslim communities in the Middle East and North Africa, but it is not specific to one country.)",Uzbekistan,
granite4v,E3_img_0024_near_N5_k1_P1,open,item,Fez,Doppa,
granite4v,E3_img_0024_near_N5_k1_P1,open,country,"Unknown (The Fez is a traditional hat worn in many countries, including Morocco, Algeria, Tunisia, and Turkey, so it is not specific to one country.)",Uzbekistan,
granite4v,E3_img_0024_far_N2_k1_P1,open,item,Fez,Doppa,
granite4v,E3_img_0024_far_N5_k1_P1,open,item,Fez,Doppa,
granite4v,E3_img_0024_far_N5_k1_P1,open,country,"Unknown (The Fez is a traditional hat worn in many countries across the Middle East, North Africa, and Turkey, so it is not specific to one country.)",Uzbekistan,
granite4v,E5_img_0024_mixed_N1_k1_P2,open,item,Kufi,Doppa,
granite4v,E5_img_0024_mixed_N2_k1_P2,open,item,Kufi,Doppa,
granite4v,E5_img_0024_mixed_N3_k1_P2,open,item,Kufi,Doppa,
granite4v,E5_img_0024_mixed_N4_k1_P2,open,item,Fez,Doppa,
granite4v,E5_img_0024_mixed_N5_k1_P2,open,item,Kufi,Doppa,
granite4v,E5_img_0024_mixed_N1_k1_P3,open,item,Fez,Doppa,
granite4v,E5_img_0024_mixed_N2_k1_P3,open,item,Kufi,Doppa,
granite4v,E5_img_0024_mixed_N2_k1_P3,open,country,"Unknown (The Kufi is a type of cap worn by men in various cultures, including Islamic, African, and Middle Eastern, so it is not specific to one country.)",Uzbekistan,
granite4v,E5_img_0024_mixed_N3_k1_P3,open,item,Kufi,Doppa,
granite4v,E5_img_0024_mixed_N4_k1_P3,open,item,Kufi,Doppa,
granite4v,E5_img_0024_mixed_N5_k1_P3,open,item,Kufi,Doppa,
granite4v,E6_img_0024_mixed_N1_k1_P4,open,item,Fez,Doppa,
granite4v,E6_img_0024_mixed_N2_k1_P4,open,item,Kufi,Doppa,
granite4v,E6_img_0024_mixed_N2_k1_P4,open,country,Middle East,Uzbekistan,
granite4v,E6_img_0024_mixed_N3_k1_P4,open,item,Traditional hat,Doppa,
granite4v,E6_img_0024_mixed_N4_k1_P4,open,item,Kufi,Doppa,
granite4v,E6_img_0024_mixed_N4_k1_P4,open,country,"Unknown (The Kufi is worn in various countries, including Turkey, Iran, and among some Muslim communities in the Middle East and North Africa.)",Uzbekistan,
granite4v,E6_img_0024_mixed_N5_k1_P4,open,item,Kufi,Doppa,
granite4v,E6_img_0024_mixed_N5_k1_P4,open,country,"Unknown (The Kufi hat is worn in various countries, including Turkey, Iran, and among some Muslim communities in Africa and Asia.)",Uzbekistan,
granite4v,E1_img_0004_mixed_N1_k1_P1,open,item,Irish tweed cardigan,Aran jumper,
granite4v,E1_img_0004_mixed_N2_k2_P1,open,item,Irish tweed cardigan,Aran jumper,
granite4v,E1_img_0004_mixed_N3_k2_P1,open,item,Irish tweed cardigan,Aran jumper,
granite4v,E1_img_0004_mixed_N4_k2_P1,open,item,Irish tweed cardigan,Aran jumper,
granite4v,E2_img_0004_mixed_N5_k1_P1,open,item,Irish tweed cardigan,Aran jumper,
granite4v,E2_img_0004_mixed_N5_k2_P1,open,item,Irish tweed cardigan,Aran jumper,
granite4v,E2_img_0004_mixed_N5_k3_P1,open,item,Irish tweed cardigan,Aran jumper,
granite4v,E2_img_0004_mixed_N5_k4_P1,open,item,Cardigan,Aran jumper,
granite4v,E2_img_0004_mixed_N5_k5_P1,open,item,Irish tweed cardigan,Aran jumper,
granite4v,E3_img_0004_near_N2_k2_P1,open,item,Cardigan,Aran jumper,
granite4v,E3_img_0004_near_N5_k2_P1,open,item,Cardigan,Aran jumper,
granite4v,E3_img_0004_far_N2_k2_P1,open,item,Cardigan,Aran jumper,
granite4v,E3_img_0004_far_N5_k2_P1,open,item,Irish tweed cardigan,Aran jumper,
granite4v,E1_img_0020_mixed_N1_k1_P1,open,item,Fjällräven hat,Chilote cap,
granite4v,E1_img_0020_mixed_N1_k1_P1,open,country,Sweden,Chile,
granite4v,E1_img_0020_mixed_N2_k1_P1,open,item,Traditional knitted hat,Chilote cap,
granite4v,E1_img_0020_mixed_N3_k3_P1,open,item,Traditional knitted hat,Chilote cap,
granite4v,E1_img_0020_mixed_N4_k3_P1,open,item,Traditional knitted hat,Chilote cap,
granite4v,E2_img_0020_mixed_N5_k1_P1,open,item,Traditional knitted hat,Chilote cap,
granite4v,E2_img_0020_mixed_N5_k2_P1,open,item,Shawl,Chilote cap,
granite4v,E2_img_0020_mixed_N5_k3_P1,open,item,Traditional knitted hat,Chilote cap,
granite4v,E2_img_0020_mixed_N5_k4_P1,open,item,Traditional hat,Chilote cap,
granite4v,E2_img_0020_mixed_N5_k5_P1,open,item,Traditional knitted hat,Chilote cap,
granite4v,E3_img_0020_near_N2_k1_P1,open,item,Knitted hat,Chilote cap,
granite4v,E3_img_0020_near_N5_k3_P1,open,item,Knitted hat,Chilote cap,
granite4v,E3_img_0020_far_N2_k1_P1,open,item,Knitted hat,Chilote cap,
granite4v,E3_img_0020_far_N5_k3_P1,open,item,Traditional knitted hat,Chilote cap,
granite4v,E1_img_0086_mixed_N1_k1_P1,open,item,Hijab,Yashmak,
granite4v,E1_img_0086_mixed_N2_k2_P1,open,item,nurse's cap,Yashmak,
granite4v,E1_img_0086_mixed_N3_k1_P1,open,item,Hijab,Yashmak,
granite4v,E1_img_0086_mixed_N4_k4_P1,open,item,Nurse's cap,Yashmak,
granite4v,E2_img_0086_mixed_N5_k1_P1,open,item,Hijab,Yashmak,
granite4v,E2_img_0086_mixed_N5_k2_P1,open,item,Nurse's cap,Yashmak,
granite4v,E2_img_0086_mixed_N5_k3_P1,open,item,Nurse's cap,Yashmak,
granite4v,E2_img_0086_mixed_N5_k4_P1,open,item,Nurse's cap,Yashmak,
granite4v,E2_img_0086_mixed_N5_k5_P1,open,item,Nurse's cap,Yashmak,
granite4v,E3_img_0086_near_N2_k2_P1,open,item,Hijab,Yashmak,
granite4v,E3_img_0086_near_N5_k4_P1,open,item,Hijab,Yashmak,
granite4v,E3_img_0086_far_N2_k2_P1,open,item,Hijab,Yashmak,
granite4v,E3_img_0086_far_N5_k4_P1,open,item,Bandanna,Yashmak,
granite4v,E5_img_0086_mixed_N1_k1_P2,open,item,Hijab,Yashmak,
granite4v,E5_img_0086_mixed_N2_k2_P2,open,item,Nurse's cap,Yashmak,
granite4v,E5_img_0086_mixed_N3_k1_P2,open,item,Hijab,Yashmak,
granite4v,E5_img_0086_mixed_N4_k4_P2,open,item,Nurse's cap,Yashmak,
granite4v,E5_img_0086_mixed_N5_k4_P2,open,item,Nurse's cap,Yashmak,
granite4v,E5_img_0086_mixed_N1_k1_P3,open,item,Bandanna,Yashmak,
granite4v,E5_img_0086_mixed_N2_k2_P3,open,item,nurse's cap,Yashmak,
granite4v,E5_img_0086_mixed_N3_k1_P3,open,item,Hijab,Yashmak,
granite4v,E5_img_0086_mixed_N4_k4_P3,open,item,Nurse's cap,Yashmak,
granite4v,E5_img_0086_mixed_N5_k4_P3,open,item,Nurse's cap,Yashmak,
granite4v,E6_img_0086_mixed_N1_k1_P4,open,item,Bandana,Yashmak,
granite4v,E6_img_0086_mixed_N2_k2_P4,open,item,Traditional headscarf,Yashmak,
granite4v,E6_img_0086_mixed_N3_k1_P4,open,item,Nurse's cap,Yashmak,
granite4v,E6_img_0086_mixed_N4_k4_P4,open,item,Nurse's cap,Yashmak,
granite4v,E6_img_0086_mixed_N5_k4_P4,open,item,Nurse's cap,Yashmak,
granite4v,E6_img_0086_mixed_N5_k4_P4,open,country,"Unknown (The nurse's cap is a traditional garment worn by nurses in many countries, but the specific country cannot be determined from the image alone.)",Turkey,
granite4v,E1_img_0029_mixed_N1_k1_P1,open,item,Traditional woven textile,Geringsing,
granite4v,E1_img_0029_mixed_N2_k1_P1,open,item,Traditional textile,Geringsing,
granite4v,E1_img_0029_mixed_N3_k2_P1,open,item,Traditional textile,Geringsing,
granite4v,E1_img_0029_mixed_N4_k1_P1,open,item,Traditional woven textile,Geringsing,
granite4v,E2_img_0029_mixed_N5_k1_P1,open,item,Traditional woven textile,Geringsing,
granite4v,E2_img_0029_mixed_N5_k1_P1,open,country,Unknown (without specific cultural context),Indonesia,
granite4v,E2_img_0029_mixed_N5_k2_P1,open,item,Traditional woven textile,Geringsing,
granite4v,E2_img_0029_mixed_N5_k3_P1,open,item,Traditional textile,Geringsing,
granite4v,E2_img_0029_mixed_N5_k4_P1,open,item,Traditional textile,Geringsing,
granite4v,E2_img_0029_mixed_N5_k5_P1,open,item,Traditional textile,Geringsing,
granite4v,E3_img_0029_near_N2_k1_P1,open,item,Traditional textile,Geringsing,
granite4v,E3_img_0029_near_N5_k5_P1,open,item,Traditional textile,Geringsing,
granite4v,E3_img_0029_far_N2_k1_P1,open,item,Traditional textile or rug,Geringsing,
granite4v,E3_img_0029_far_N5_k5_P1,open,item,Traditional robe,Geringsing,
granite4v,E1_img_0025_mixed_N1_k1_P1,open,item,Traditional Middle Eastern or North African dress,Frimla,
granite4v,E1_img_0025_mixed_N2_k2_P1,open,item,Traditional Middle Eastern or North African dress,Frimla,
granite4v,E1_img_0025_mixed_N3_k3_P1,open,item,Traditional Middle Eastern or North African dress,Frimla,
granite4v,E1_img_0025_mixed_N4_k2_P1,open,item,Traditional Middle Eastern or North African garment,Frimla,
granite4v,E2_img_0025_mixed_N5_k1_P1,open,item,Traditional Middle Eastern or North African dress,Frimla,
granite4v,E2_img_0025_mixed_N5_k1_P1,open,country,"Unknown (The specific country cannot be determined from the image alone, as the style of the dress is common in several regions of the Middle East and North Africa.)",Algeria,
granite4v,E2_img_0025_mixed_N5_k2_P1,open,item,Traditional Middle Eastern or North African dress,Frimla,
granite4v,E2_img_0025_mixed_N5_k2_P1,open,country,"Unknown (The specific country cannot be determined from the image alone, as the style of the dress is common in several regions of the Middle East and North Africa.)",Algeria,
granite4v,E2_img_0025_mixed_N5_k3_P1,open,item,Traditional Middle Eastern or North African garment,Frimla,
granite4v,E2_img_0025_mixed_N5_k3_P1,open,country,"Unknown (The specific country cannot be determined from the image alone, as the garment is characteristic of a region rather than a single country.)",Algeria,
granite4v,E2_img_0025_mixed_N5_k4_P1,open,item,Traditional costume,Frimla,
granite4v,E2_img_0025_mixed_N5_k5_P1,open,item,Traditional Middle Eastern or North African dress,Frimla,
granite4v,E3_img_0025_near_N2_k2_P1,open,item,Traditional dress,Frimla,
granite4v,E3_img_0025_near_N5_k1_P1,open,item,Traditional Middle Eastern or North African dress,Frimla,
granite4v,E3_img_0025_far_N2_k2_P1,open,item,Traditional Middle Eastern dress,Frimla,
granite4v,E3_img_0025_far_N2_k2_P1,open,country,"Unknown (The specific country is not identifiable from the image alone, as the style of the dress is characteristic of many Middle Eastern cultures.)",Algeria,
granite4v,E3_img_0025_far_N5_k1_P1,open,item,Traditional Middle Eastern or North African dress,Frimla,
granite4v,E3_img_0025_far_N5_k1_P1,open,country,"Unknown (The specific country cannot be determined from the image alone, as the style of the dress is characteristic of many cultures in the Middle East and North Africa.)",Algeria,
granite4v,E1_img_0026_mixed_N1_k1_P1,open,item,Speedo,Fundoshi,
granite4v,E1_img_0026_mixed_N2_k1_P1,open,item,Red swim trunks,Fundoshi,
granite4v,E1_img_0026_mixed_N3_k1_P1,open,item,Red swim trunks,Fundoshi,
granite4v,E1_img_0026_mixed_N4_k3_P1,open,item,Traditional swimwear,Fundoshi,
granite4v,E2_img_0026_mixed_N5_k1_P1,open,item,Red swim trunks,Fundoshi,
granite4v,E2_img_0026_mixed_N5_k2_P1,open,item,Red swim trunks,Fundoshi,
granite4v,E2_img_0026_mixed_N5_k3_P1,open,item,Baju Kurung,Fundoshi,
granite4v,E2_img_0026_mixed_N5_k4_P1,open,item,Red swim trunks,Fundoshi,
granite4v,E2_img_0026_mixed_N5_k5_P1,open,item,Traditional swimwear,Fundoshi,
granite4v,E3_img_0026_near_N2_k1_P1,open,item,Speedo,Fundoshi,
granite4v,E3_img_0026_near_N5_k2_P1,open,item,Speedo,Fundoshi,
granite4v,E3_img_0026_far_N2_k1_P1,open,item,Red swim trunks,Fundoshi,
granite4v,E3_img_0026_far_N5_k2_P1,open,item,Baju,Fundoshi,
granite4v,E5_img_0026_mixed_N1_k1_P2,open,item,Traditional swimwear,Fundoshi,
granite4v,E5_img_0026_mixed_N2_k1_P2,open,item,Red swim trunks,Fundoshi,
granite4v,E5_img_0026_mixed_N3_k1_P2,open,item,Red swim trunks,Fundoshi,
granite4v,E5_img_0026_mixed_N4_k3_P2,open,item,Traditional swim trunks,Fundoshi,
granite4v,E5_img_0026_mixed_N5_k2_P2,open,item,Red swim trunks,Fundoshi,
granite4v,E5_img_0026_mixed_N1_k1_P3,open,item,Red swim trunks,Fundoshi,
granite4v,E5_img_0026_mixed_N2_k1_P3,open,item,Red swim trunks,Fundoshi,
granite4v,E5_img_0026_mixed_N3_k1_P3,open,item,Red swim trunks,Fundoshi,
granite4v,E5_img_0026_mixed_N4_k3_P3,open,item,Red swim trunks,Fundoshi,
granite4v,E5_img_0026_mixed_N5_k2_P3,open,item,Red swim trunks,Fundoshi,
granite4v,E6_img_0026_mixed_N1_k1_P4,open,item,swim trunks,Fundoshi,
granite4v,E6_img_0026_mixed_N2_k1_P4,open,item,Swim trunks,Fundoshi,
granite4v,E6_img_0026_mixed_N3_k1_P4,open,item,Traditional swimwear,Fundoshi,
granite4v,E6_img_0026_mixed_N3_k1_P4,open,country,Unknown (The image does not provide enough information to determine the country of origin for the traditional swimwear.),Japan,
granite4v,E6_img_0026_mixed_N4_k3_P4,open,item,Hanfu,Fundoshi,
granite4v,E6_img_0026_mixed_N5_k2_P4,open,item,Traditional Chinese wedding dress,Fundoshi,
granite4v,E1_img_0030_mixed_N1_k1_P1,open,item,Adit,Ghanaian smock,
granite4v,E1_img_0030_mixed_N2_k2_P1,open,item,Traditional striped garment,Ghanaian smock,
granite4v,E1_img_0030_mixed_N3_k2_P1,open,item,Traditional striped garment,Ghanaian smock,
granite4v,E1_img_0030_mixed_N4_k4_P1,open,item,Traditional striped garment,Ghanaian smock,
granite4v,E2_img_0030_mixed_N5_k1_P1,open,item,Traditional striped garment,Ghanaian smock,
granite4v,E2_img_0030_mixed_N5_k2_P1,open,item,Traditional striped garment,Ghanaian smock,
granite4v,E2_img_0030_mixed_N5_k3_P1,open,item,Traditional striped garment,Ghanaian smock,
granite4v,E2_img_0030_mixed_N5_k4_P1,open,item,Traditional striped garment,Ghanaian smock,
granite4v,E2_img_0030_mixed_N5_k5_P1,open,item,Traditional striped garment,Ghanaian smock,
granite4v,E3_img_0030_near_N2_k2_P1,open,item,Traditional striped garment,Ghanaian smock,
granite4v,E3_img_0030_near_N5_k3_P1,open,item,Traditional striped garment,Ghanaian smock,
granite4v,E3_img_0030_far_N2_k2_P1,open,item,Traditional striped garment,Ghanaian smock,
granite4v,E3_img_0030_far_N5_k3_P1,open,item,Traditional striped garment,Ghanaian smock,
granite4v,E1_img_0008_mixed_N1_k1_P1,open,item,Highland dress,Belted plaid,
granite4v,E1_img_0008_mixed_N3_k3_P1,open,item,Highland dress,Belted plaid,
granite4v,E1_img_0085_mixed_N1_k1_P1,open,item,fur hat,Ushanka,
granite4v,E1_img_0085_mixed_N1_k1_P1,open,country,Soviet Union,Russia,
granite4v,E1_img_0085_mixed_N2_k2_P1,open,item,fur hat,Ushanka,
granite4v,E1_img_0085_mixed_N3_k1_P1,open,item,fur hat,Ushanka,
granite4v,E1_img_0085_mixed_N4_k2_P1,open,item,fur hat,Ushanka,
granite4v,E2_img_0085_mixed_N5_k1_P1,open,item,fur hat,Ushanka,
granite4v,E2_img_0085_mixed_N5_k2_P1,open,item,fur hat,Ushanka,
granite4v,E2_img_0085_mixed_N5_k3_P1,open,item,fur hat,Ushanka,
granite4v,E2_img_0085_mixed_N5_k4_P1,open,item,fur hat,Ushanka,
granite4v,E2_img_0085_mixed_N5_k5_P1,open,item,fur hat,Ushanka,
granite4v,E3_img_0085_near_N2_k2_P1,open,item,fur hat,Ushanka,
granite4v,E3_img_0085_near_N5_k5_P1,open,item,fur hat,Ushanka,
granite4v,E3_img_0085_far_N2_k2_P1,open,item,fur hat,Ushanka,
granite4v,E3_img_0085_far_N5_k5_P1,open,item,fur hat,Ushanka,
granite4v,E5_img_0085_mixed_N1_k1_P2,open,item,fur hat,Ushanka,
granite4v,E5_img_0085_mixed_N2_k2_P2,open,item,fur hat,Ushanka,
granite4v,E5_img_0085_mixed_N3_k1_P2,open,item,fur hat,Ushanka,
granite4v,E5_img_0085_mixed_N4_k2_P2,open,item,fur hat,Ushanka,
granite4v,E5_img_0085_mixed_N5_k5_P2,open,item,fur hat,Ushanka,
granite4v,E5_img_0085_mixed_N1_k1_P3,open,item,fur hat,Ushanka,
granite4v,E5_img_0085_mixed_N2_k2_P3,open,item,Beret,Ushanka,
granite4v,E5_img_0085_mixed_N3_k1_P3,open,item,fur hat,Ushanka,
granite4v,E5_img_0085_mixed_N4_k2_P3,open,item,fur hat,Ushanka,
granite4v,E5_img_0085_mixed_N5_k5_P3,open,item,fur hat,Ushanka,
granite4v,E6_img_0085_mixed_N1_k1_P4,open,item,Fur hat,Ushanka,
granite4v,E6_img_0085_mixed_N2_k2_P4,open,item,Kulturna Kosa,Ushanka,
granite4v,E6_img_0085_mixed_N2_k2_P4,open,country,Kosovo,Russia,
granite4v,E6_img_0085_mixed_N3_k1_P4,open,item,fur hat,Ushanka,
granite4v,E1_img_0063_mixed_N1_k1_P1,open,item,Robe,Perizoma,
granite4v,E1_img_0063_mixed_N2_k1_P1,open,item,Robe,Perizoma,
granite4v,E1_img_0063_mixed_N3_k2_P1,open,item,Robe,Perizoma,
granite4v,E1_img_0063_mixed_N4_k3_P1,open,item,Traditional skirt,Perizoma,
granite4v,E2_img_0063_mixed_N5_k1_P1,open,item,Robe,Perizoma,
granite4v,E2_img_0063_mixed_N5_k2_P1,open,item,Traditional skirt,Perizoma,
granite4v,E2_img_0063_mixed_N5_k3_P1,open,item,Traditional skirt,Perizoma,
granite4v,E2_img_0063_mixed_N5_k4_P1,open,item,Traditional garment,Perizoma,
granite4v,E2_img_0063_mixed_N5_k5_P1,open,item,Robe,Perizoma,
granite4v,E3_img_0063_near_N2_k1_P1,open,item,Robe,Perizoma,
granite4v,E3_img_0063_near_N5_k1_P1,open,item,Robe,Perizoma,
granite4v,E3_img_0063_far_N2_k1_P1,open,item,Robe,Perizoma,
granite4v,E3_img_0063_far_N5_k1_P1,open,item,Robe,Perizoma,
granite4v,E1_img_0009_mixed_N1_k1_P1,open,item,Sherwani,Birke topi,
granite4v,E1_img_0009_mixed_N2_k2_P1,open,item,Saree,Birke topi,
granite4v,E1_img_0009_mixed_N2_k2_P1,open,country,India,Nepal,
granite4v,E1_img_0009_mixed_N3_k3_P1,open,item,Sari,Birke topi,
granite4v,E1_img_0009_mixed_N3_k3_P1,open,country,India,Nepal,
granite4v,E1_img_0009_mixed_N4_k4_P1,open,item,Sari,Birke topi,
granite4v,E1_img_0009_mixed_N4_k4_P1,open,country,India,Nepal,
granite4v,E2_img_0009_mixed_N5_k1_P1,open,item,Sherwani,Birke topi,
granite4v,E2_img_0009_mixed_N5_k1_P1,open,country,India,Nepal,
granite4v,E2_img_0009_mixed_N5_k2_P1,open,item,Sari,Birke topi,
granite4v,E2_img_0009_mixed_N5_k2_P1,open,country,India,Nepal,
granite4v,E2_img_0009_mixed_N5_k3_P1,open,item,Sari,Birke topi,
granite4v,E2_img_0009_mixed_N5_k3_P1,open,country,India,Nepal,
granite4v,E2_img_0009_mixed_N5_k4_P1,open,item,Sari,Birke topi,
granite4v,E2_img_0009_mixed_N5_k4_P1,open,country,India,Nepal,
granite4v,E2_img_0009_mixed_N5_k5_P1,open,item,Sari,Birke topi,
granite4v,E2_img_0009_mixed_N5_k5_P1,open,country,India,Nepal,
granite4v,E3_img_0009_near_N2_k2_P1,open,item,Saree,Birke topi,
granite4v,E3_img_0009_near_N5_k2_P1,open,item,Saree,Birke topi,
granite4v,E3_img_0009_near_N5_k2_P1,open,country,India,Nepal,
granite4v,E3_img_0009_far_N2_k2_P1,open,item,Sherwani,Birke topi,
granite4v,E3_img_0009_far_N2_k2_P1,open,country,"Unknown (The image does not provide enough information to definitively determine the country of origin for the sherwani. It is a garment that has been worn in various parts of South Asia, including India, Pakistan, and Afghanistan.)",Nepal,
granite4v,E3_img_0009_far_N5_k2_P1,open,item,Saree,Birke topi,
granite4v,E3_img_0009_far_N5_k2_P1,open,country,India,Nepal,
granite4v,E1_img_0027_mixed_N1_k1_P1,open,item,Homburg,Gakuran,
granite4v,E1_img_0027_mixed_N2_k1_P1,open,item,Homburg,Gakuran,
granite4v,E1_img_0027_mixed_N3_k1_P1,open,item,Hombrodo,Gakuran,
granite4v,E1_img_0027_mixed_N4_k1_P1,open,item,Hombrodo,Gakuran,
granite4v,E2_img_0027_mixed_N5_k1_P1,open,item,kimono,Gakuran,
granite4v,E2_img_0027_mixed_N5_k2_P1,open,item,kimono,Gakuran,
granite4v,E2_img_0027_mixed_N5_k3_P1,open,item,kimono,Gakuran,
granite4v,E2_img_0027_mixed_N5_k4_P1,open,item,kimono,Gakuran,
granite4v,E2_img_0027_mixed_N5_k5_P1,open,item,kimono,Gakuran,
granite4v,E3_img_0027_near_N2_k1_P1,open,item,Homburg,Gakuran,
granite4v,E3_img_0027_near_N5_k3_P1,open,item,kimono,Gakuran,
granite4v,E3_img_0027_far_N2_k1_P1,open,item,Homburg,Gakuran,
granite4v,E3_img_0027_far_N5_k3_P1,open,item,kimono,Gakuran,
granite4v,E5_img_0027_mixed_N1_k1_P2,open,item,Kimono,Gakuran,
granite4v,E5_img_0027_mixed_N2_k1_P2,open,item,Kimono,Gakuran,
granite4v,E5_img_0027_mixed_N3_k1_P2,open,item,Kimono,Gakuran,
granite4v,E5_img_0027_mixed_N4_k1_P2,open,item,Kimono,Gakuran,
granite4v,E5_img_0027_mixed_N5_k3_P2,open,item,kimono,Gakuran,
granite4v,E5_img_0027_mixed_N1_k1_P3,open,item,Homburg,Gakuran,
granite4v,E5_img_0027_mixed_N2_k1_P3,open,item,Homburg,Gakuran,
granite4v,E5_img_0027_mixed_N3_k1_P3,open,item,Hombro,Gakuran,
granite4v,E5_img_0027_mixed_N4_k1_P3,open,item,Hombro,Gakuran,
granite4v,E5_img_0027_mixed_N5_k3_P3,open,item,kimono,Gakuran,
granite4v,E6_img_0027_mixed_N1_k1_P4,open,item,Hakama,Gakuran,
granite4v,E6_img_0027_mixed_N2_k1_P4,open,item,Homburg,Gakuran,
granite4v,E6_img_0027_mixed_N3_k1_P4,open,item,Kimono,Gakuran,
granite4v,E6_img_0027_mixed_N4_k1_P4,open,item,Hombrocha,Gakuran,
granite4v,E6_img_0027_mixed_N5_k3_P4,open,item,checkered cloth,Gakuran,
granite4v,E1_img_0035_mixed_N1_k1_P1,open,item,Traditional garment,Haramaki,
granite4v,E1_img_0035_mixed_N2_k2_P1,open,item,Traditional garment,Haramaki,
granite4v,E1_img_0035_mixed_N3_k2_P1,open,item,Traditional skirt,Haramaki,
granite4v,E1_img_0035_mixed_N4_k2_P1,open,item,Traditional skirt,Haramaki,
granite4v,E2_img_0035_mixed_N5_k1_P1,open,item,Traditional skirt,Haramaki,
granite4v,E2_img_0035_mixed_N5_k2_P1,open,item,Traditional skirt,Haramaki,
granite4v,E2_img_0035_mixed_N5_k3_P1,open,item,Skirt,Haramaki,
granite4v,E2_img_0035_mixed_N5_k4_P1,open,item,Traditional skirt,Haramaki,
granite4v,E2_img_0035_mixed_N5_k5_P1,open,item,Traditional skirt,Haramaki,
granite4v,E3_img_0035_near_N2_k2_P1,open,item,Traditional skirt,Haramaki,
granite4v,E3_img_0035_near_N5_k4_P1,open,item,Sari,Haramaki,
granite4v,E3_img_0035_far_N2_k2_P1,open,item,Traditional skirt,Haramaki,
granite4v,E3_img_0035_far_N5_k4_P1,open,item,Traditional skirt,Haramaki,
granite4v,E1_img_0023_mixed_N1_k1_P1,open,item,Traditional African attire,Dirac,
granite4v,E1_img_0023_mixed_N2_k1_P1,open,item,Traditional African attire,Dirac,
granite4v,E1_img_0023_mixed_N2_k1_P1,open,country,"Unknown (The specific country cannot be determined from the image alone, as the attire is characteristic of many African cultures.)",Somalia,
granite4v,E1_img_0023_mixed_N3_k3_P1,open,item,Traditional African attire,Dirac,
granite4v,E1_img_0023_mixed_N4_k3_P1,open,item,Traditional African attire,Dirac,
granite4v,E2_img_0023_mixed_N5_k1_P1,open,item,Traditional African attire,Dirac,
granite4v,E2_img_0023_mixed_N5_k2_P1,open,item,Traditional African attire,Dirac,
granite4v,E2_img_0023_mixed_N5_k3_P1,open,item,Traditional African attire,Dirac,
granite4v,E2_img_0023_mixed_N5_k4_P1,open,item,Traditional African attire,Dirac,
granite4v,E2_img_0023_mixed_N5_k5_P1,open,item,Traditional Indian attire,Dirac,
granite4v,E3_img_0023_near_N2_k1_P1,open,item,Traditional African attire,Dirac,
granite4v,E3_img_0023_near_N2_k1_P1,open,country,"Unknown (The specific country is not identifiable from the image alone, as the attire is characteristic of many African cultures.)",Somalia,
granite4v,E3_img_0023_near_N5_k5_P1,open,item,Traditional African attire,Dirac,
granite4v,E3_img_0023_far_N2_k1_P1,open,item,Traditional African attire,Dirac,
granite4v,E3_img_0023_far_N2_k1_P1,open,country,"Unknown (The specific country cannot be determined from the image alone, as the attire is characteristic of many African cultures.)",Somalia,
granite4v,E3_img_0023_far_N5_k5_P1,open,item,Traditional African garment,Dirac,
granite4v,E1_img_0002_mixed_N1_k1_P1,open,item,Hanbok,Áo bà ba,
granite4v,E1_img_0002_mixed_N1_k1_P1,open,country,Korea,Vietnam,
granite4v,E1_img_0002_mixed_N2_k2_P1,open,item,Hanbok,Áo bà ba,
granite4v,E1_img_0002_mixed_N2_k2_P1,open,country,South Korea,Vietnam,
granite4v,E1_img_0002_mixed_N3_k1_P1,open,item,Vietnamese ao dai,Áo bà ba,
granite4v,E1_img_0002_mixed_N4_k4_P1,open,item,Traditional garment,Áo bà ba,
granite4v,E2_img_0002_mixed_N5_k1_P1,open,item,Vietnamese ao dai,Áo bà ba,
granite4v,E2_img_0002_mixed_N5_k2_P1,open,item,Traditional dress,Áo bà ba,
granite4v,E2_img_0002_mixed_N5_k3_P1,open,item,Traditional Vietnamese garment,Áo bà ba,
granite4v,E2_img_0002_mixed_N5_k4_P1,open,item,Hanbok,Áo bà ba,
granite4v,E2_img_0002_mixed_N5_k4_P1,open,country,South Korea,Vietnam,
granite4v,E2_img_0002_mixed_N5_k5_P1,open,item,Traditional garment,Áo bà ba,
granite4v,E3_img_0002_near_N2_k2_P1,open,item,Traditional garment,Áo bà ba,
granite4v,E3_img_0002_near_N5_k1_P1,open,item,Vietnamese ao dai,Áo bà ba,
granite4v,E3_img_0002_far_N2_k2_P1,open,item,Hanbok,Áo bà ba,
granite4v,E3_img_0002_far_N2_k2_P1,open,country,Korea,Vietnam,
granite4v,E3_img_0002_far_N5_k1_P1,open,item,Vietnamese ao dai,Áo bà ba,
granite4v,E5_img_0002_mixed_N1_k1_P2,open,item,Hanbok,Áo bà ba,
granite4v,E5_img_0002_mixed_N1_k1_P2,open,country,Korea,Vietnam,
granite4v,E5_img_0002_mixed_N2_k2_P2,open,item,Traditional Vietnamese clothing,Áo bà ba,
granite4v,E5_img_0002_mixed_N3_k1_P2,open,item,Vietnamese ao dai,Áo bà ba,
granite4v,E5_img_0002_mixed_N4_k4_P2,open,item,Traditional Vietnamese garment,Áo bà ba,
granite4v,E5_img_0002_mixed_N5_k1_P2,open,item,Vietnamese ao dai,Áo bà ba,
granite4v,E5_img_0002_mixed_N1_k1_P3,open,item,Hanbok,Áo bà ba,
granite4v,E5_img_0002_mixed_N1_k1_P3,open,country,Korea,Vietnam,
granite4v,E5_img_0002_mixed_N2_k2_P3,open,item,Traditional dress,Áo bà ba,
granite4v,E5_img_0002_mixed_N3_k1_P3,open,item,Vietnamese ao dai,Áo bà ba,
granite4v,E5_img_0002_mixed_N4_k4_P3,open,item,Traditional garment,Áo bà ba,
granite4v,E5_img_0002_mixed_N5_k1_P3,open,item,Traditional Vietnamese garment,Áo bà ba,
granite4v,E6_img_0002_mixed_N1_k1_P4,open,item,Bánh Mì,Áo bà ba,
granite4v,E6_img_0002_mixed_N2_k2_P4,open,item,Bun,Áo bà ba,
granite4v,E6_img_0002_mixed_N3_k1_P4,open,item,Bogi,Áo bà ba,
granite4v,E6_img_0002_mixed_N3_k1_P4,open,country,"Manipur, India",Vietnam,
granite4v,E6_img_0002_mixed_N5_k1_P4,open,country,"Unknown (based on the image alone, the specific country cannot be determined with certainty)",Vietnam,
granite4v,E1_img_0055_mixed_N1_k1_P1,open,item,Adumu,Mushanana,
granite4v,E1_img_0055_mixed_N1_k1_P1,open,country,"Unknown (The specific country is not identifiable from the image alone, as the Adumu is a traditional dance practiced in various East African countries, including Kenya, Tanzania, and Uganda.)",Rwanda,
granite4v,E1_img_0055_mixed_N2_k1_P1,open,item,Adumu,Mushanana,
granite4v,E1_img_0055_mixed_N2_k1_P1,open,country,"Unknown (The specific country is not identifiable from the image alone, as the Adumu is a traditional dance from various East African cultures, including the Maasai of Kenya and Tanzania, and the Somali of Somalia.)",Rwanda,
granite4v,E1_img_0055_mixed_N3_k2_P1,open,item,Adire,Mushanana,
granite4v,E1_img_0055_mixed_N3_k2_P1,open,country,"Unknown (The garment in Image 2 is Adire, which is a traditional fabric and dyeing technique from West Africa, but the specific country cannot be determined from the image alone.)",Rwanda,
granite4v,E1_img_0055_mixed_N4_k1_P1,open,item,Adumu,Mushanana,
granite4v,E1_img_0055_mixed_N4_k1_P1,open,country,Kenya,Rwanda,
granite4v,E2_img_0055_mixed_N5_k1_P1,open,item,Adumu,Mushanana,
granite4v,E2_img_0055_mixed_N5_k1_P1,open,country,"Unknown (The specific country is not identifiable from the image alone, as the Adumu is a traditional Maasai dance and garment from East Africa, which includes parts of Kenya, Tanzania, and Ethiopia.)",Rwanda,
granite4v,E2_img_0055_mixed_N5_k2_P1,open,item,Adire,Mushanana,
granite4v,E2_img_0055_mixed_N5_k2_P1,open,country,"Unknown (The image does not provide enough information to definitively determine the country of origin for the Adire fabric. Adire is a traditional fabric from West Africa, particularly from Nigeria, but without more context, it is not possible to specify the exact country.)",Rwanda,
granite4v,E2_img_0055_mixed_N5_k3_P1,open,item,Adire,Mushanana,
granite4v,E2_img_0055_mixed_N5_k4_P1,open,item,Adit,Mushanana,
granite4v,E2_img_0055_mixed_N5_k5_P1,open,item,Adire,Mushanana,
granite4v,E3_img_0055_near_N2_k1_P1,open,item,Adumu,Mushanana,
granite4v,E3_img_0055_near_N2_k1_P1,open,country,"Unknown (The specific country is not identifiable from the image alone, but the style of the garment and dance is characteristic of East African cultures, particularly from countries like Kenya, Tanzania, or Uganda.)",Rwanda,
granite4v,E3_img_0055_near_N5_k2_P1,open,item,Adit,Mushanana,
granite4v,E3_img_0055_far_N2_k1_P1,open,item,Adumu,Mushanana,
granite4v,E3_img_0055_far_N2_k1_P1,open,country,"Unknown (The specific country is not identifiable from the image alone, as the Adumu is a traditional Maasai dance and garment that is practiced by the Maasai people across several East African countries, including Kenya, Tanzania, and parts of Ethiopia and South Sudan.)",Rwanda,
granite4v,E3_img_0055_far_N5_k2_P1,open,item,Adire,Mushanana,
granite4v,E1_img_0076_mixed_N1_k1_P1,open,item,Kepayaan,Songkok,
granite4v,E1_img_0076_mixed_N2_k2_P1,open,item,Baju Kurung,Songkok,
granite4v,E1_img_0076_mixed_N3_k3_P1,open,item,Baju Kurung,Songkok,
granite4v,E1_img_0076_mixed_N4_k2_P1,open,item,Baju Kurung,Songkok,
granite4v,E2_img_0076_mixed_N5_k1_P1,open,item,Kemban,Songkok,
granite4v,E2_img_0076_mixed_N5_k2_P1,open,item,Baju Kurung,Songkok,
granite4v,E2_img_0076_mixed_N5_k3_P1,open,item,Baju Kurung,Songkok,
granite4v,E2_img_0076_mixed_N5_k4_P1,open,item,Baju Kurung,Songkok,
granite4v,E2_img_0076_mixed_N5_k5_P1,open,item,Baju Kurung,Songkok,
granite4v,E3_img_0076_near_N2_k2_P1,open,item,Kecik,Songkok,
granite4v,E3_img_0076_near_N5_k3_P1,open,item,Jelani,Songkok,
granite4v,E3_img_0076_far_N2_k2_P1,open,item,Kecik,Songkok,
granite4v,E3_img_0076_far_N5_k3_P1,open,item,Baju Kurung,Songkok,
granite4v,E1_img_0001_mixed_N1_k1_P1,open,item,Traditional footwear,Abarka,
granite4v,E1_img_0001_mixed_N2_k1_P1,open,item,Traditional footwear,Abarka,
granite4v,E1_img_0001_mixed_N3_k1_P1,open,item,Traditional footwear,Abarka,
granite4v,E1_img_0001_mixed_N4_k3_P1,open,item,Traditional footwear,Abarka,
granite4v,E2_img_0001_mixed_N5_k1_P1,open,item,Traditional footwear,Abarka,
granite4v,E2_img_0001_mixed_N5_k2_P1,open,item,Traditional footwear,Abarka,
granite4v,E2_img_0001_mixed_N5_k3_P1,open,item,Traditional footwear,Abarka,
granite4v,E2_img_0001_mixed_N5_k4_P1,open,item,Traditional footwear,Abarka,
granite4v,E2_img_0001_mixed_N5_k5_P1,open,item,Traditional footwear,Abarka,
granite4v,E3_img_0001_near_N2_k1_P1,open,item,Traditional footwear,Abarka,
granite4v,E3_img_0001_near_N5_k4_P1,open,item,Traditional footwear,Abarka,
granite4v,E3_img_0001_far_N2_k1_P1,open,item,Traditional footwear,Abarka,
granite4v,E5_img_0001_mixed_N1_k1_P2,open,item,Traditional footwear,Abarka,
granite4v,E5_img_0001_mixed_N2_k1_P2,open,item,Traditional footwear,Abarka,
granite4v,E5_img_0001_mixed_N3_k1_P2,open,item,Traditional footwear,Abarka,
granite4v,E5_img_0001_mixed_N4_k3_P2,open,item,Traditional footwear,Abarka,
granite4v,E5_img_0001_mixed_N5_k4_P2,open,item,Traditional footwear,Abarka,
granite4v,E5_img_0001_mixed_N1_k1_P3,open,item,Traditional footwear,Abarka,
granite4v,E5_img_0001_mixed_N2_k1_P3,open,item,Traditional footwear,Abarka,
granite4v,E5_img_0001_mixed_N3_k1_P3,open,item,Traditional footwear,Abarka,
granite4v,E5_img_0001_mixed_N4_k3_P3,open,item,Traditional footwear,Abarka,
granite4v,E5_img_0001_mixed_N5_k4_P3,open,item,Traditional footwear,Abarka,
granite4v,E6_img_0001_mixed_N2_k1_P4,open,item,Borobudur Sandal,Abarka,
granite4v,E6_img_0001_mixed_N2_k1_P4,open,country,Indonesia,Spain,
granite4v,E6_img_0001_mixed_N3_k1_P4,open,item,Borobudur Sandal,Abarka,
granite4v,E6_img_0001_mixed_N3_k1_P4,open,country,Indonesia,Spain,
granite4v,E6_img_0001_mixed_N4_k3_P4,open,item,Traditional footwear,Abarka,
granite4v,E6_img_0001_mixed_N5_k4_P4,open,item,Traditional Chinese footwear,Abarka,
granite4v,E6_img_0001_mixed_N5_k4_P4,open,country,China,Spain,
granite4v,E1_img_0069_mixed_N1_k1_P1,open,item,Hanbok,Saekdongot,
granite4v,E1_img_0069_mixed_N2_k2_P1,open,item,Hanbok,Saekdongot,
granite4v,E1_img_0069_mixed_N3_k2_P1,open,item,Hanbok,Saekdongot,
granite4v,E1_img_0069_mixed_N4_k4_P1,open,item,Hanbok,Saekdongot,
granite4v,E2_img_0069_mixed_N5_k1_P1,open,item,Joseon Dynasty Hanbok,Saekdongot,
granite4v,E2_img_0069_mixed_N5_k2_P1,open,item,Joseon Dynasty Hanbok,Saekdongot,
granite4v,E2_img_0069_mixed_N5_k3_P1,open,item,Hanbok,Saekdongot,
granite4v,E2_img_0069_mixed_N5_k4_P1,open,item,Hanbok,Saekdongot,
granite4v,E2_img_0069_mixed_N5_k5_P1,open,item,Hanbok,Saekdongot,
granite4v,E3_img_0069_near_N2_k2_P1,open,item,Hanbok,Saekdongot,
granite4v,E3_img_0069_near_N5_k5_P1,open,item,Hanbok,Saekdongot,
granite4v,E3_img_0069_far_N2_k2_P1,open,item,Hanbok,Saekdongot,
granite4v,E3_img_0069_far_N5_k5_P1,open,item,Hanbok,Saekdongot,
granite4v,E1_img_0011_mixed_N1_k1_P1,open,item,Traditional blouse,Bolero,
granite4v,E1_img_0011_mixed_N2_k1_P1,open,item,Blazer,Bolero,
granite4v,E1_img_0011_mixed_N3_k3_P1,open,item,Traditional coat,Bolero,
granite4v,E1_img_0011_mixed_N4_k1_P1,open,item,blazer,Bolero,
granite4v,E2_img_0011_mixed_N5_k1_P1,open,item,blazer,Bolero,
granite4v,E2_img_0011_mixed_N5_k2_P1,open,item,kimono,Bolero,
granite4v,E2_img_0011_mixed_N5_k3_P1,open,item,kimono,Bolero,
granite4v,E2_img_0011_mixed_N5_k5_P1,open,item,kimono,Bolero,
granite4v,E3_img_0011_near_N2_k1_P1,open,item,Blazer,Bolero,
granite4v,E3_img_0011_near_N5_k1_P1,open,item,Blazer,Bolero,
granite4v,E3_img_0011_far_N2_k1_P1,open,item,Blazer,Bolero,
granite4v,E3_img_0011_far_N5_k1_P1,open,item,Blazer and skirt,Bolero,
granite4v,E1_img_0028_mixed_N1_k1_P1,open,item,Wedding dress,Gandoura,
granite4v,E1_img_0028_mixed_N2_k2_P1,open,item,Traditional wedding attire,Gandoura,
granite4v,E1_img_0028_mixed_N3_k1_P1,open,item,Traditional wedding attire,Gandoura,
granite4v,E1_img_0028_mixed_N3_k1_P1,open,country,"Unknown (The specific country cannot be determined from the image alone, as the attire is quite generic and could be from various cultures that practice traditional wedding customs.)",Algeria,
granite4v,E1_img_0028_mixed_N4_k2_P1,open,item,Traditional wedding attire,Gandoura,
granite4v,E2_img_0028_mixed_N5_k1_P1,open,item,Traditional wedding attire,Gandoura,
granite4v,E2_img_0028_mixed_N5_k2_P1,open,item,Traditional wedding attire,Gandoura,
granite4v,E2_img_0028_mixed_N5_k3_P1,open,item,Traditional wedding attire,Gandoura,
granite4v,E2_img_0028_mixed_N5_k4_P1,open,item,Traditional wedding attire,Gandoura,
granite4v,E2_img_0028_mixed_N5_k5_P1,open,item,Traditional wedding dress,Gandoura,
granite4v,E3_img_0028_near_N2_k2_P1,open,item,Wedding dress,Gandoura,
granite4v,E3_img_0028_near_N5_k2_P1,open,item,Wedding dress,Gandoura,
granite4v,E3_img_0028_far_N2_k2_P1,open,item,Wedding dress,Gandoura,
granite4v,E3_img_0028_far_N5_k2_P1,open,item,Traditional wedding attire,Gandoura,
granite4v,E5_img_0028_mixed_N1_k1_P2,open,item,Wedding dress,Gandoura,
granite4v,E5_img_0028_mixed_N2_k2_P2,open,item,Wedding dress,Gandoura,
granite4v,E5_img_0028_mixed_N3_k1_P2,open,item,Traditional wedding attire,Gandoura,
granite4v,E5_img_0028_mixed_N3_k1_P2,open,country,"Unknown (The attire in Image 1 is reminiscent of traditional wedding garments from various cultures, particularly those from the Middle East, North Africa, or South Asia, but without specific cultural indicators, the exact country cannot be determined from the image alone.)",Algeria,
granite4v,E5_img_0028_mixed_N4_k2_P2,open,item,Wedding dress,Gandoura,
granite4v,E5_img_0028_mixed_N5_k2_P2,open,item,Wedding dress,Gandoura,
granite4v,E5_img_0028_mixed_N1_k1_P3,open,item,Traditional wedding attire,Gandoura,
granite4v,E5_img_0028_mixed_N2_k2_P3,open,item,Traditional wedding attire,Gandoura,
granite4v,E5_img_0028_mixed_N3_k1_P3,open,item,Traditional wedding attire,Gandoura,
granite4v,E5_img_0028_mixed_N3_k1_P3,open,country,"Unknown (The attire in Image 1 is reminiscent of traditional wedding clothing from various cultures, particularly from the Balkans or Eastern Europe, but without specific symbols or more context, it is not possible to determine the exact country.)",Algeria,
granite4v,E5_img_0028_mixed_N4_k2_P3,open,item,Traditional wedding attire,Gandoura,
granite4v,E5_img_0028_mixed_N5_k2_P3,open,item,Traditional wedding attire,Gandoura,
granite4v,E6_img_0028_mixed_N1_k1_P4,open,item,Beshmurtz,Gandoura,
granite4v,E6_img_0028_mixed_N1_k1_P4,open,country,Azerbaijan,Algeria,
granite4v,E6_img_0028_mixed_N2_k2_P4,open,item,Bridal gown,Gandoura,
granite4v,E6_img_0028_mixed_N3_k1_P4,open,item,Wedding dress,Gandoura,
granite4v,E6_img_0028_mixed_N4_k2_P4,open,item,Traditional wedding attire,Gandoura,
granite4v,E6_img_0028_mixed_N5_k2_P4,open,item,Traditional wedding dress,Gandoura,
granite4v,E6_img_0028_mixed_N5_k2_P4,open,country,Unknown (The image does not provide enough information to determine the country of origin for the traditional wedding dress.),Algeria,
granite4v,E1_img_0052_mixed_N1_k1_P1,open,item,Mauresque,M’laya,
granite4v,E1_img_0052_mixed_N2_k1_P1,open,item,Mauresque,M’laya,
granite4v,E1_img_0052_mixed_N3_k2_P1,open,item,Habesha costume,M’laya,
granite4v,E1_img_0052_mixed_N4_k3_P1,open,item,Niqab,M’laya,
granite4v,E2_img_0052_mixed_N5_k1_P1,open,item,Mauresque,M’laya,
granite4v,E2_img_0052_mixed_N5_k2_P1,open,item,Burqa,M’laya,
granite4v,E2_img_0052_mixed_N5_k2_P1,open,country,"Unknown (The image does not provide enough information to definitively determine the country of origin for this specific garment. The burqa is worn in several countries, including Afghanistan, Pakistan, and some parts of the Middle East and Central Asia.)",Algeria,
granite4v,E2_img_0052_mixed_N5_k3_P1,open,item,Niqab,M’laya,
granite4v,E2_img_0052_mixed_N5_k4_P1,open,item,Burqa,M’laya,
granite4v,E2_img_0052_mixed_N5_k4_P1,open,country,"Unknown (The image does not provide enough information to definitively determine the country of origin for the burqa. Burqas are worn in various countries, including but not limited to Afghanistan, Pakistan, and some parts of the Middle East and North Africa.)",Algeria,
granite4v,E2_img_0052_mixed_N5_k5_P1,open,item,Burqa,M’laya,
granite4v,E2_img_0052_mixed_N5_k5_P1,open,country,"Unknown (The image does not provide enough information to definitively determine the country of origin for the burqa. Burqas are worn in various countries, including but not limited to Afghanistan, Pakistan, and some parts of the Middle East and North Africa.)",Algeria,
granite4v,E3_img_0052_near_N2_k1_P1,open,item,Mauresque,M’laya,
granite4v,E3_img_0052_near_N5_k3_P1,open,item,Mauretanian dress,M’laya,
granite4v,E3_img_0052_far_N2_k1_P1,open,item,Mauresque,M’laya,
granite4v,E3_img_0052_far_N5_k3_P1,open,item,Mauresque,M’laya,
granite4v,E1_img_0060_mixed_N1_k1_P1,open,item,Hanfu,Panling Lanshan,
granite4v,E1_img_0060_mixed_N2_k2_P1,open,item,Hanbok,Panling Lanshan,
granite4v,E1_img_0060_mixed_N3_k3_P1,open,item,Hanbok,Panling Lanshan,
granite4v,E1_img_0060_mixed_N4_k4_P1,open,item,Hanbok,Panling Lanshan,
granite4v,E2_img_0060_mixed_N5_k1_P1,open,item,Hanfu,Panling Lanshan,
granite4v,E2_img_0060_mixed_N5_k2_P1,open,item,Hanbok,Panling Lanshan,
granite4v,E2_img_0060_mixed_N5_k3_P1,open,item,Hanbok,Panling Lanshan,
granite4v,E2_img_0060_mixed_N5_k4_P1,open,item,Hanbok,Panling Lanshan,
granite4v,E2_img_0060_mixed_N5_k5_P1,open,item,Hanbok,Panling Lanshan,
granite4v,E3_img_0060_near_N2_k2_P1,open,item,Hanbok,Panling Lanshan,
granite4v,E3_img_0060_near_N2_k2_P1,open,country,Korea,China,
granite4v,E3_img_0060_near_N5_k4_P1,open,item,Hanfu,Panling Lanshan,
granite4v,E3_img_0060_far_N2_k2_P1,open,item,Hanbok,Panling Lanshan,
granite4v,E3_img_0060_far_N2_k2_P1,open,country,Korea,China,
granite4v,E3_img_0060_far_N5_k4_P1,open,item,Hanbok,Panling Lanshan,
granite4v,E3_img_0060_far_N5_k4_P1,open,country,Korea,China,
granite4v,E1_img_0022_mixed_N3_k1_P1,open,item,Nepalese Phulkari hat,Dhaka topi,
granite4v,E1_img_0022_mixed_N4_k1_P1,open,item,Nepali Cholo,Dhaka topi,
granite4v,E2_img_0022_mixed_N5_k1_P1,open,item,Nepalese Phulkari hat,Dhaka topi,
granite4v,E5_img_0022_mixed_N2_k1_P2,open,item,Nepalese Phulkari hat,Dhaka topi,
granite4v,E5_img_0022_mixed_N3_k1_P2,open,item,Nepalese Phulkari hat,Dhaka topi,
granite4v,E5_img_0022_mixed_N4_k1_P2,open,item,Nepalese Phulkari hat,Dhaka topi,
granite4v,E5_img_0022_mixed_N1_k1_P3,open,item,Nepalese Phulera,Dhaka topi,
granite4v,E5_img_0022_mixed_N2_k1_P3,open,item,Nepalese Phulkari hat,Dhaka topi,
granite4v,E5_img_0022_mixed_N3_k1_P3,open,item,Nepalese Phulkari hat,Dhaka topi,
granite4v,E5_img_0022_mixed_N4_k1_P3,open,item,Nepalese Phulkari hat,Dhaka topi,
granite4v,E6_img_0022_mixed_N2_k1_P4,open,item,Phaksa,Dhaka topi,
granite4v,E6_img_0022_mixed_N4_k1_P4,open,item,Nepalese Phulkari hat,Dhaka topi,
granite4v,E6_img_0022_mixed_N5_k5_P4,open,item,kimono,Dhaka topi,
granite4v,E1_img_0010_mixed_N1_k1_P1,open,item,turban,Blangkon,
granite4v,E1_img_0010_mixed_N2_k2_P1,open,item,Turban,Blangkon,
granite4v,E1_img_0010_mixed_N3_k2_P1,open,item,Turban,Blangkon,
granite4v,E1_img_0010_mixed_N4_k2_P1,open,item,Turban,Blangkon,
granite4v,E2_img_0010_mixed_N5_k1_P1,open,item,turban,Blangkon,
granite4v,E2_img_0010_mixed_N5_k2_P1,open,item,Hanbok,Blangkon,
granite4v,E2_img_0010_mixed_N5_k3_P1,open,item,Turban,Blangkon,
granite4v,E2_img_0010_mixed_N5_k4_P1,open,item,turban,Blangkon,
granite4v,E2_img_0010_mixed_N5_k5_P1,open,item,turban,Blangkon,
granite4v,E3_img_0010_near_N2_k2_P1,open,item,turban,Blangkon,
granite4v,E3_img_0010_near_N5_k1_P1,open,item,turban,Blangkon,
granite4v,E3_img_0010_far_N2_k2_P1,open,item,Fez,Blangkon,
granite4v,E3_img_0010_far_N2_k2_P1,open,country,"Unknown (The Fez is a traditional hat worn in many countries across the Middle East, North Africa, and Turkey. It is not specific to a single country.)",Indonesia,
granite4v,E3_img_0010_far_N5_k1_P1,open,item,turban,Blangkon,
granite4v,E1_img_0080_mixed_N1_k1_P1,open,item,Traditional military uniform,Tembel hat,
granite4v,E1_img_0080_mixed_N2_k1_P1,open,item,Military uniform,Tembel hat,
granite4v,E1_img_0080_mixed_N3_k3_P1,open,item,Fedora,Tembel hat,
granite4v,E1_img_0080_mixed_N4_k3_P1,open,item,Fedora,Tembel hat,
granite4v,E2_img_0080_mixed_N5_k1_P1,open,item,Military uniform,Tembel hat,
granite4v,E2_img_0080_mixed_N5_k1_P1,open,country,"Unknown (The specific country is not identifiable from the image alone, as military uniforms can be similar across different nations.)",Israel,
granite4v,E2_img_0080_mixed_N5_k2_P1,open,item,Military uniform,Tembel hat,
granite4v,E2_img_0080_mixed_N5_k3_P1,open,item,Fedora,Tembel hat,
granite4v,E2_img_0080_mixed_N5_k4_P1,open,item,Fedora,Tembel hat,
granite4v,E2_img_0080_mixed_N5_k5_P1,open,item,Fedora,Tembel hat,
granite4v,E3_img_0080_near_N2_k1_P1,open,item,Military uniform,Tembel hat,
granite4v,E3_img_0080_near_N5_k2_P1,open,item,Traditional military uniform,Tembel hat,
granite4v,E3_img_0080_far_N2_k1_P1,open,item,Fedora,Tembel hat,
granite4v,E3_img_0080_far_N5_k2_P1,open,item,Fedora,Tembel hat,
granite4v,E1_img_0005_mixed_N1_k1_P1,open,item,Sandals,Avarca,
granite4v,E1_img_0005_mixed_N2_k2_P1,open,item,Sandals,Avarca,
granite4v,E1_img_0005_mixed_N3_k1_P1,open,item,Sandals,Avarca,
granite4v,E1_img_0005_mixed_N4_k4_P1,open,item,Sandal,Avarca,
granite4v,E2_img_0005_mixed_N5_k1_P1,open,item,Sandal,Avarca,
granite4v,E2_img_0005_mixed_N5_k2_P1,open,item,Sandal,Avarca,
granite4v,E2_img_0005_mixed_N5_k3_P1,open,item,Sandal,Avarca,
granite4v,E2_img_0005_mixed_N5_k4_P1,open,item,Sandals,Avarca,
granite4v,E2_img_0005_mixed_N5_k5_P1,open,item,Sandals,Avarca,
granite4v,E3_img_0005_near_N2_k2_P1,open,item,Sandals,Avarca,
granite4v,E3_img_0005_near_N5_k3_P1,open,item,Sandals,Avarca,
granite4v,E3_img_0005_far_N2_k2_P1,open,item,Sandal,Avarca,
granite4v,E3_img_0005_far_N5_k3_P1,open,item,Sandal,Avarca,
granite4v,E5_img_0005_mixed_N1_k1_P2,open,item,Sandals,Avarca,
granite4v,E5_img_0005_mixed_N2_k2_P2,open,item,Sandals,Avarca,
granite4v,E5_img_0005_mixed_N3_k1_P2,open,item,Sandals,Avarca,
granite4v,E5_img_0005_mixed_N4_k4_P2,open,item,Sandals,Avarca,
granite4v,E5_img_0005_mixed_N5_k3_P2,open,item,Sandals,Avarca,
granite4v,E5_img_0005_mixed_N1_k1_P3,open,item,Sandals,Avarca,
granite4v,E5_img_0005_mixed_N2_k2_P3,open,item,Sandals,Avarca,
granite4v,E5_img_0005_mixed_N3_k1_P3,open,item,Sandals,Avarca,
granite4v,E5_img_0005_mixed_N4_k4_P3,open,item,Sandal,Avarca,
granite4v,E5_img_0005_mixed_N5_k3_P3,open,item,Sandal,Avarca,
granite4v,E6_img_0005_mixed_N1_k1_P4,open,item,Sandals,Avarca,
granite4v,E6_img_0005_mixed_N2_k2_P4,open,item,Sandals,Avarca,
granite4v,E6_img_0005_mixed_N3_k1_P4,open,item,Sandals,Avarca,
granite4v,E6_img_0005_mixed_N4_k4_P4,open,item,Sandals,Avarca,
granite4v,E6_img_0005_mixed_N5_k3_P4,open,item,Sandal,Avarca,
granite4v,E1_img_0032_mixed_N1_k1_P1,open,item,Shawl,Haapsalu shawl,
granite4v,E1_img_0032_mixed_N2_k1_P1,open,item,Lace shawl or scarf,Haapsalu shawl,
granite4v,E1_img_0032_mixed_N3_k2_P1,open,item,Lace shawl,Haapsalu shawl,
granite4v,E1_img_0032_mixed_N4_k1_P1,open,item,Lace shawl,Haapsalu shawl,
granite4v,E2_img_0032_mixed_N5_k1_P1,open,item,Lace shawl,Haapsalu shawl,
granite4v,E2_img_0032_mixed_N5_k2_P1,open,item,Lace shawl,Haapsalu shawl,
granite4v,E2_img_0032_mixed_N5_k3_P1,open,item,Lace shawl,Haapsalu shawl,
granite4v,E2_img_0032_mixed_N5_k4_P1,open,item,Lace shawl,Haapsalu shawl,
granite4v,E2_img_0032_mixed_N5_k5_P1,open,item,Lace shawl,Haapsalu shawl,
granite4v,E3_img_0032_near_N2_k1_P1,open,item,Lace shawl,Haapsalu shawl,
granite4v,E3_img_0032_near_N5_k4_P1,open,item,Lace shawl,Haapsalu shawl,
granite4v,E3_img_0032_far_N2_k1_P1,open,item,Lace shawl,Haapsalu shawl,
granite4v,E3_img_0032_far_N5_k4_P1,open,item,Lace shawl,Haapsalu shawl,
granite4v,E1_img_0056_mixed_N1_k1_P1,open,item,Hoa Lan,Nón lá,
granite4v,E1_img_0056_mixed_N3_k3_P1,open,item,Hoa Lan,Nón lá,
granite4v,E2_img_0056_mixed_N5_k1_P1,open,item,Hoang Long,Nón lá,
granite4v,E1_img_0051_mixed_N1_k1_P1,open,item,Traditional footwear,Mexican pointy boot,
granite4v,E1_img_0051_mixed_N2_k1_P1,open,item,Traditional footwear,Mexican pointy boot,
granite4v,E1_img_0051_mixed_N3_k1_P1,open,item,Traditional footwear with a long toe,Mexican pointy boot,
granite4v,E1_img_0051_mixed_N3_k1_P1,open,country,"Unknown (The specific name of the traditional garment is not immediately recognizable from the image alone, and the country of origin cannot be determined with certainty without additional context or knowledge about the specific style of footwear.)",Mexico,
granite4v,E1_img_0051_mixed_N4_k3_P1,open,item,Traditional footwear,Mexican pointy boot,
granite4v,E2_img_0051_mixed_N5_k1_P1,open,item,Traditional footwear with a long toe,Mexican pointy boot,
granite4v,E2_img_0051_mixed_N5_k1_P1,open,country,"Unknown (The specific country of origin for this type of footwear is not identifiable from the image alone, as similar styles can be found in various cultures around the world.)",Mexico,
granite4v,E2_img_0051_mixed_N5_k2_P1,open,item,Traditional shoe,Mexican pointy boot,
granite4v,E2_img_0051_mixed_N5_k3_P1,open,item,Traditional footwear with a long toe,Mexican pointy boot,
granite4v,E2_img_0051_mixed_N5_k4_P1,open,item,Traditional footwear,Mexican pointy boot,
granite4v,E2_img_0051_mixed_N5_k5_P1,open,item,Traditional footwear with a long toe,Mexican pointy boot,
granite4v,E5_img_0051_mixed_N1_k1_P2,open,item,Traditional footwear,Mexican pointy boot,
granite4v,E5_img_0051_mixed_N2_k1_P2,open,item,Traditional footwear,Mexican pointy boot,
granite4v,E5_img_0051_mixed_N3_k1_P2,open,item,Traditional footwear,Mexican pointy boot,
granite4v,E5_img_0051_mixed_N4_k3_P2,open,item,Traditional Indonesian shoe,Mexican pointy boot,
granite4v,E5_img_0051_mixed_N5_k1_P2,open,item,Traditional footwear,Mexican pointy boot,
granite4v,E5_img_0051_mixed_N1_k1_P3,open,item,Clogs,Mexican pointy boot,
granite4v,E5_img_0051_mixed_N2_k1_P3,open,item,Traditional footwear,Mexican pointy boot,
granite4v,E5_img_0051_mixed_N3_k1_P3,open,item,Traditional footwear,Mexican pointy boot,
granite4v,E5_img_0051_mixed_N4_k3_P3,open,item,Traditional footwear,Mexican pointy boot,
granite4v,E5_img_0051_mixed_N5_k1_P3,open,item,Traditional footwear,Mexican pointy boot,
granite4v,E6_img_0051_mixed_N1_k1_P4,open,item,Zapata,Mexican pointy boot,
granite4v,E6_img_0051_mixed_N2_k1_P4,open,item,Kabuki shoe,Mexican pointy boot,
granite4v,E6_img_0051_mixed_N3_k1_P4,open,item,Traditional shoe,Mexican pointy boot,
granite4v,E6_img_0051_mixed_N3_k1_P4,open,country,Unknown (The specific country of origin for this traditional shoe cannot be determined from the image alone without additional context or information.),Mexico,
granite4v,E6_img_0051_mixed_N4_k3_P4,open,item,Traditional Indonesian shoe,Mexican pointy boot,
granite4v,E6_img_0051_mixed_N5_k1_P4,open,item,Traditional shoe,Mexican pointy boot,
granite4v,E6_img_0051_mixed_N5_k1_P4,open,country,"Unknown (based on the image alone, the specific country of origin cannot be determined)",Mexico,
granite4v,E1_img_0058_mixed_N1_k1_P1,open,item,Ghutra,Palestinian keffiyeh,
granite4v,E1_img_0058_mixed_N1_k1_P1,open,country,"Unknown (The ghutra is worn in several countries, including Saudi Arabia, Jordan, and other Arab nations, but the specific design can be found in various cultures.)",Palestine,
granite4v,E1_img_0058_mixed_N2_k2_P1,open,item,Ghutra,Palestinian keffiyeh,
granite4v,E1_img_0058_mixed_N2_k2_P1,open,country,"Unknown (The ghutra is a traditional garment worn in many countries across the Middle East, North Africa, and South Asia, so without additional context, the specific country cannot be determined from the image alone.)",Palestine,
granite4v,E1_img_0058_mixed_N3_k2_P1,open,item,Ghutra,Palestinian keffiyeh,
granite4v,E1_img_0058_mixed_N3_k2_P1,open,country,"Unknown (The ghutra is a traditional garment worn in many countries across the Middle East, North Africa, and South Asia, so it is not specific to one country.)",Palestine,
granite4v,E1_img_0058_mixed_N4_k4_P1,open,item,Ghutra,Palestinian keffiyeh,
granite4v,E1_img_0058_mixed_N4_k4_P1,open,country,"Unknown (The ghutra is a traditional garment worn in many countries across the Middle East, North Africa, and South Asia, so the specific country cannot be determined from the image alone.)",Palestine,
granite4v,E2_img_0058_mixed_N5_k1_P1,open,item,Ghutra,Palestinian keffiyeh,
granite4v,E2_img_0058_mixed_N5_k1_P1,open,country,"Unknown (The ghutra is a traditional garment worn in many countries across the Middle East, North Africa, and South Asia, so the specific country cannot be determined from the image alone.)",Palestine,
granite4v,E2_img_0058_mixed_N5_k2_P1,open,item,Ghutra,Palestinian keffiyeh,
granite4v,E2_img_0058_mixed_N5_k3_P1,open,item,Ghutra,Palestinian keffiyeh,
granite4v,E2_img_0058_mixed_N5_k4_P1,open,item,Ghutra,Palestinian keffiyeh,
granite4v,E2_img_0058_mixed_N5_k5_P1,open,item,Ghutra,Palestinian keffiyeh,
granite4v,E3_img_0058_near_N2_k2_P1,open,item,Ghutra,Palestinian keffiyeh,
granite4v,E3_img_0058_near_N2_k2_P1,open,country,"Unknown (The ghutra is a traditional garment worn in many countries across the Middle East, North Africa, and South Asia, so without additional context, the specific country cannot be determined from the image alone.)",Palestine,
granite4v,E3_img_0058_near_N5_k2_P1,open,item,Ghutra,Palestinian keffiyeh,
granite4v,E3_img_0058_near_N5_k2_P1,open,country,"Unknown (The ghutra is a traditional garment worn in many countries across the Middle East, North Africa, and South Asia, so without additional context, the specific country cannot be determined from the image alone.)",Palestine,
granite4v,E3_img_0058_far_N2_k2_P1,open,item,Ghutra,Palestinian keffiyeh,
granite4v,E3_img_0058_far_N2_k2_P1,open,country,"Unknown (The ghutra is a traditional garment worn in many countries in the Middle East and North Africa, including Saudi Arabia, Egypt, and Jordan, among others.)",Palestine,
granite4v,E3_img_0058_far_N5_k2_P1,open,item,Kufi,Palestinian keffiyeh,
granite4v,E1_img_0054_mixed_N1_k1_P1,open,item,Robe,Moroccan kaftan,
granite4v,E1_img_0054_mixed_N2_k1_P1,open,item,Robe,Moroccan kaftan,
granite4v,E1_img_0054_mixed_N3_k3_P1,open,item,Robe,Moroccan kaftan,
granite4v,E1_img_0054_mixed_N4_k1_P1,open,item,Robe,Moroccan kaftan,
granite4v,E2_img_0054_mixed_N5_k1_P1,open,item,Robe,Moroccan kaftan,
granite4v,E2_img_0054_mixed_N5_k2_P1,open,item,Kimono,Moroccan kaftan,
granite4v,E2_img_0054_mixed_N5_k3_P1,open,item,Robe,Moroccan kaftan,
granite4v,E2_img_0054_mixed_N5_k4_P1,open,item,Robe,Moroccan kaftan,
granite4v,E2_img_0054_mixed_N5_k5_P1,open,item,Robe,Moroccan kaftan,
granite4v,E3_img_0054_near_N2_k1_P1,open,item,Robe,Moroccan kaftan,
granite4v,E3_img_0054_near_N5_k3_P1,open,item,Robe,Moroccan kaftan,
granite4v,E3_img_0054_far_N2_k1_P1,open,item,Robe,Moroccan kaftan,
granite4v,E3_img_0054_far_N5_k3_P1,open,item,Traditional robe,Moroccan kaftan,
granite4v,E1_img_0036_mixed_N1_k1_P1,open,item,Agbada,Isiagu attire,
granite4v,E1_img_0036_mixed_N2_k2_P1,open,item,Traditional African garment,Isiagu attire,
granite4v,E1_img_0036_mixed_N3_k1_P1,open,item,Traditional African garment,Isiagu attire,
granite4v,E1_img_0036_mixed_N3_k1_P1,open,country,"Unknown (The specific country cannot be determined solely from the image, as the pattern and style of the garment are common in several African countries.)",Nigeria,
granite4v,E1_img_0036_mixed_N4_k2_P1,open,item,Traditional African print shirt,Isiagu attire,
granite4v,E1_img_0036_mixed_N4_k2_P1,open,country,"Unknown (The specific country of origin for the traditional African print shirt cannot be determined from the image alone, as the pattern is common across several African countries.)",Nigeria,
granite4v,E2_img_0036_mixed_N5_k1_P1,open,item,Kanga,Isiagu attire,
granite4v,E2_img_0036_mixed_N5_k1_P1,open,country,"Unknown (The garment in Image 1 is a Kanga, which is a traditional garment from various countries in Africa, including Kenya, Tanzania, and Uganda. Without more specific cultural context, it is not possible to determine the exact country of origin from the image alone.)",Nigeria,
granite4v,E2_img_0036_mixed_N5_k2_P1,open,item,Traditional African print shirt,Isiagu attire,
granite4v,E2_img_0036_mixed_N5_k2_P1,open,country,"Unknown (The specific country of origin for the traditional African print shirt cannot be determined from the image alone, as the pattern is common across several African countries.)",Nigeria,
granite4v,E2_img_0036_mixed_N5_k3_P1,open,item,Traditional African print shirt,Isiagu attire,
granite4v,E2_img_0036_mixed_N5_k3_P1,open,country,"Unknown (The specific country of origin for the traditional African print shirt cannot be determined from the image alone, as the pattern is common across several African countries.)",Nigeria,
granite4v,E2_img_0036_mixed_N5_k4_P1,open,item,Traditional African garment,Isiagu attire,
granite4v,E2_img_0036_mixed_N5_k5_P1,open,item,Traditional African garment,Isiagu attire,
granite4v,E3_img_0036_near_N2_k2_P1,open,item,Traditional African garment,Isiagu attire,
granite4v,E3_img_0036_near_N5_k4_P1,open,item,Traditional African print shirt,Isiagu attire,
granite4v,E3_img_0036_near_N5_k4_P1,open,country,"Unknown (The specific country of origin for the traditional African print shirt cannot be determined from the image alone, as the pattern is common across several African countries.)",Nigeria,
granite4v,E3_img_0036_far_N2_k2_P1,open,item,Traditional African garment,Isiagu attire,
granite4v,E3_img_0036_far_N5_k4_P1,open,item,Kanga,Isiagu attire,
granite4v,E5_img_0036_mixed_N1_k1_P2,open,item,Kente cloth,Isiagu attire,
granite4v,E5_img_0036_mixed_N1_k1_P2,open,country,Ghana,Nigeria,
granite4v,E5_img_0036_mixed_N2_k2_P2,open,item,Traditional African garment,Isiagu attire,
granite4v,E5_img_0036_mixed_N3_k1_P2,open,item,Traditional African print shirt,Isiagu attire,
granite4v,E5_img_0036_mixed_N3_k1_P2,open,country,"Unknown (The specific country of origin for this type of garment is not definitively identifiable from the image alone, as similar styles are worn in various African countries.)",Nigeria,
granite4v,E5_img_0036_mixed_N4_k2_P2,open,item,Traditional African print shirt,Isiagu attire,
granite4v,E5_img_0036_mixed_N4_k2_P2,open,country,"Unknown (The specific country of origin for the traditional African print shirt cannot be determined from the image alone, as the pattern is common across many African countries.)",Nigeria,
granite4v,E5_img_0036_mixed_N5_k4_P2,open,item,Traditional African print shirt,Isiagu attire,
granite4v,E5_img_0036_mixed_N1_k1_P3,open,item,Traditional African garment,Isiagu attire,
granite4v,E5_img_0036_mixed_N2_k2_P3,open,item,Traditional African attire,Isiagu attire,
granite4v,E5_img_0036_mixed_N3_k1_P3,open,item,Traditional African garment,Isiagu attire,
granite4v,E5_img_0036_mixed_N3_k1_P3,open,country,"Unknown (The specific country cannot be determined from the image alone, as the pattern and style of the garment are common in several African countries.)",Nigeria,
granite4v,E5_img_0036_mixed_N4_k2_P3,open,item,Traditional African attire,Isiagu attire,
granite4v,E5_img_0036_mixed_N4_k2_P3,open,country,"Unknown (The specific country cannot be determined from the image alone, as the attire is characteristic of many African cultures, particularly those in West Africa where such patterns and styles are common.)",Nigeria,
granite4v,E5_img_0036_mixed_N5_k4_P3,open,item,Traditional African attire,Isiagu attire,
granite4v,E6_img_0036_mixed_N1_k1_P4,open,item,Kente cloth,Isiagu attire,
granite4v,E6_img_0036_mixed_N1_k1_P4,open,country,Ghana,Nigeria,
granite4v,E6_img_0036_mixed_N2_k2_P4,open,item,Kanga,Isiagu attire,
granite4v,E6_img_0036_mixed_N2_k2_P4,open,country,Kenya,Nigeria,
granite4v,E6_img_0036_mixed_N3_k1_P4,open,item,Kente cloth,Isiagu attire,
granite4v,E6_img_0036_mixed_N3_k1_P4,open,country,Ghana,Nigeria,
granite4v,E6_img_0036_mixed_N4_k2_P4,open,item,Traditional Indian sari,Isiagu attire,
granite4v,E6_img_0036_mixed_N5_k4_P4,open,item,Traditional Indian sari,Isiagu attire,
granite4v,E1_img_0083_mixed_N1_k1_P1,open,item,Traditional embroidered blouse,Ukrainian wreath,
granite4v,E1_img_0083_mixed_N2_k1_P1,open,item,Traditional floral headpiece and embroidered garment,Ukrainian wreath,
granite4v,E1_img_0083_mixed_N4_k3_P1,open,item,Traditional dress,Ukrainian wreath,
granite4v,E2_img_0083_mixed_N5_k1_P1,open,item,Traditional folk costume,Ukrainian wreath,
granite4v,E2_img_0083_mixed_N5_k1_P1,open,country,"Unknown (based on the image alone, the specific country cannot be determined with certainty)",Ukraine,
granite4v,E2_img_0083_mixed_N5_k3_P1,open,item,Traditional dress,Ukrainian wreath,
granite4v,E2_img_0083_mixed_N5_k4_P1,open,item,Traditional dress,Ukrainian wreath,
granite4v,E2_img_0083_mixed_N5_k5_P1,open,item,Traditional headdress,Ukrainian wreath,
granite4v,E3_img_0083_near_N2_k1_P1,open,item,Traditional folk costume,Ukrainian wreath,
granite4v,E3_img_0083_near_N2_k1_P1,open,country,"Unknown (The specific country cannot be determined with certainty from the image alone, as similar traditional garments are worn in various countries across Europe and beyond.)",Ukraine,
granite4v,E3_img_0083_far_N2_k1_P1,open,item,Traditional floral headpiece and embroidered garment,Ukrainian wreath,
granite4v,E1_img_0067_mixed_N1_k1_P1,open,item,poncho,Quechquemitl,
granite4v,E1_img_0067_mixed_N2_k2_P1,open,item,poncho,Quechquemitl,
granite4v,E1_img_0067_mixed_N3_k3_P1,open,item,poncho,Quechquemitl,
granite4v,E1_img_0067_mixed_N4_k4_P1,open,item,poncho,Quechquemitl,
granite4v,E2_img_0067_mixed_N5_k1_P1,open,item,poncho,Quechquemitl,
granite4v,E2_img_0067_mixed_N5_k2_P1,open,item,poncho,Quechquemitl,
granite4v,E2_img_0067_mixed_N5_k3_P1,open,item,poncho,Quechquemitl,
granite4v,E2_img_0067_mixed_N5_k4_P1,open,item,poncho,Quechquemitl,
granite4v,E2_img_0067_mixed_N5_k5_P1,open,item,poncho,Quechquemitl,
granite4v,E1_img_0070_mixed_N1_k1_P1,open,item,Sambalpur,Sambalpuri saree,
granite4v,E1_img_0070_mixed_N2_k1_P1,open,item,Sambalpur,Sambalpuri saree,
granite4v,E1_img_0070_mixed_N3_k1_P1,open,item,Sambalpur,Sambalpuri saree,
granite4v,E1_img_0070_mixed_N4_k1_P1,open,item,Sambalpur,Sambalpuri saree,
granite4v,E2_img_0070_mixed_N5_k1_P1,open,item,Sambalpur,Sambalpuri saree,
granite4v,E2_img_0070_mixed_N5_k2_P1,open,item,Sambalpur,Sambalpuri saree,
granite4v,E2_img_0070_mixed_N5_k3_P1,open,item,Sambalpur,Sambalpuri saree,
granite4v,E2_img_0070_mixed_N5_k4_P1,open,item,Sambalpur,Sambalpuri saree,
granite4v,E2_img_0070_mixed_N5_k5_P1,open,item,Sambalpur,Sambalpuri saree,
granite4v,E3_img_0070_near_N2_k1_P1,open,item,Sambalpur,Sambalpuri saree,
granite4v,E3_img_0070_near_N5_k2_P1,open,item,Nepalese Ghunghat,Sambalpuri saree,
granite4v,E3_img_0070_far_N2_k1_P1,open,item,Sambalpur,Sambalpuri saree,
granite4v,E3_img_0070_far_N5_k2_P1,open,item,Sambalpur,Sambalpuri saree,
granite4v,E5_img_0070_mixed_N1_k1_P2,open,item,Sambalpur,Sambalpuri saree,
granite4v,E5_img_0070_mixed_N2_k1_P2,open,item,Sambalpur,Sambalpuri saree,
granite4v,E5_img_0070_mixed_N3_k1_P2,open,item,Sambalpur,Sambalpuri saree,
granite4v,E5_img_0070_mixed_N4_k1_P2,open,item,Sambalpur,Sambalpuri saree,
granite4v,E5_img_0070_mixed_N5_k2_P2,open,item,Sambalpur,Sambalpuri saree,
granite4v,E5_img_0070_mixed_N1_k1_P3,open,item,Traditional Garment,Sambalpuri saree,
granite4v,E5_img_0070_mixed_N2_k1_P3,open,item,Sambalpur,Sambalpuri saree,
granite4v,E5_img_0070_mixed_N3_k1_P3,open,item,Sambalpur,Sambalpuri saree,
granite4v,E5_img_0070_mixed_N4_k1_P3,open,item,Sambalpur,Sambalpuri saree,
granite4v,E5_img_0070_mixed_N5_k2_P3,open,item,Sambalpur,Sambalpuri saree,
granite4v,E6_img_0070_mixed_N2_k1_P4,open,item,Traditional garment,Sambalpuri saree,
granite4v,E6_img_0070_mixed_N3_k1_P4,open,item,Sambalpur,Sambalpuri saree,
granite4v,E6_img_0070_mixed_N3_k1_P4,open,country,"Unknown (based on the image alone, the specific country cannot be determined with certainty)",India,
granite4v,E6_img_0070_mixed_N4_k1_P4,open,item,Traditional garment,Sambalpuri saree,
granite4v,E6_img_0070_mixed_N5_k2_P4,open,item,Traditional garment,Sambalpuri saree,
granite4v,E1_img_0048_mixed_N1_k1_P1,open,item,Cheongsam,Magoja,
granite4v,E1_img_0048_mixed_N1_k1_P1,open,country,China,South Korea,
granite4v,E1_img_0048_mixed_N2_k2_P1,open,item,Cheongsam,Magoja,
granite4v,E1_img_0048_mixed_N3_k2_P1,open,item,Cheongsam,Magoja,
granite4v,E1_img_0048_mixed_N4_k2_P1,open,item,Cheongsam,Magoja,
granite4v,E1_img_0048_mixed_N4_k2_P1,open,country,China,South Korea,
granite4v,E2_img_0048_mixed_N5_k1_P1,open,item,Cheongsam,Magoja,
granite4v,E2_img_0048_mixed_N5_k1_P1,open,country,China,South Korea,
granite4v,E2_img_0048_mixed_N5_k2_P1,open,item,Cheongsam,Magoja,
granite4v,E2_img_0048_mixed_N5_k2_P1,open,country,China,South Korea,
granite4v,E2_img_0048_mixed_N5_k3_P1,open,item,Cheongsam,Magoja,
granite4v,E2_img_0048_mixed_N5_k3_P1,open,country,China,South Korea,
granite4v,E2_img_0048_mixed_N5_k4_P1,open,item,Cheongsam,Magoja,
granite4v,E2_img_0048_mixed_N5_k4_P1,open,country,China,South Korea,
granite4v,E2_img_0048_mixed_N5_k5_P1,open,item,Cheongsam,Magoja,
granite4v,E3_img_0048_near_N2_k2_P1,open,item,Cheongsam,Magoja,
granite4v,E3_img_0048_near_N5_k3_P1,open,item,Cheongsam,Magoja,
granite4v,E3_img_0048_far_N2_k2_P1,open,item,Cheongsam,Magoja,
granite4v,E3_img_0048_far_N5_k3_P1,open,item,Cheongsam,Magoja,
granite4v,E3_img_0048_far_N5_k3_P1,open,country,China,South Korea,
granite4v,E1_img_0015_mixed_N1_k1_P1,open,item,Straw hat,Buntal hat,
granite4v,E1_img_0015_mixed_N2_k1_P1,open,item,Straw hat,Buntal hat,
granite4v,E1_img_0015_mixed_N3_k3_P1,open,item,Straw hat,Buntal hat,
granite4v,E1_img_0015_mixed_N4_k3_P1,open,item,Straw hat,Buntal hat,
granite4v,E2_img_0015_mixed_N5_k1_P1,open,item,Straw hat,Buntal hat,
granite4v,E2_img_0015_mixed_N5_k2_P1,open,item,Straw hat,Buntal hat,
granite4v,E2_img_0015_mixed_N5_k3_P1,open,item,Straw hat,Buntal hat,
granite4v,E2_img_0015_mixed_N5_k4_P1,open,item,Straw hat,Buntal hat,
granite4v,E2_img_0015_mixed_N5_k5_P1,open,item,Straw hat,Buntal hat,
granite4v,E3_img_0015_near_N2_k1_P1,open,item,Straw hat,Buntal hat,
granite4v,E3_img_0015_near_N5_k4_P1,open,item,straw hat,Buntal hat,
granite4v,E3_img_0015_far_N2_k1_P1,open,item,Straw hat,Buntal hat,
granite4v,E3_img_0015_far_N5_k4_P1,open,item,Straw hat,Buntal hat,
granite4v,E2_img_0014_mixed_N5_k4_P1,open,country,"Unknown (based on the image alone, the specific country of origin cannot be determined with certainty)",Norway,
granite4v,E5_img_0014_mixed_N2_k2_P2,open,country,Unknown (specific country cannot be determined from the image alone),Norway,
granite4v,E6_img_0014_mixed_N1_k1_P4,open,item,Kvænning,Bunad,
granite4v,E6_img_0014_mixed_N3_k1_P4,open,item,Kvitekledning,Bunad,
granite4v,E6_img_0014_mixed_N4_k4_P4,open,item,Traditional dress,Bunad,
granite4v,E6_img_0014_mixed_N5_k5_P4,open,item,Traditional dress,Bunad,
